OFF
16600 31594 0
0 0 0
12500 0 0
25000 0 0
37500 0 0
50000 0 0
62500 0 0
75000 0 0
87500 0 0
100000 0 0
112500 0 0
125000 0 0
137500 0 0
150000 0 0
162500 0 0
175000 0 0
187500 0 0
200000 0 0
212500 0 0
225000 0 0
237500 0 0
250000 0 0
262500 0 0
275000 0 0
287500 0 0
300000 0 0
312500 0 0
325000 0 0
337500 0 0
350000 0 0
362500 0 0
375000 0 0
387500 0 0
400000 0 0
412500 0 0
425000 0 0
437500 0 0
450000 0 0
462500 0 0
475000 0 0
487500 0 0
500000 0 0
512500 0 0
525000 0 0
537500 0 0
550000 0 0
562500 0 0
575000 0 0
587500 0 0
600000 0 0
612500 0 0
625000 0 0
637500 0 0
650000 0 0
662500 0 0
675000 0 0
687500 0 0
700000 0 0
712500 0 0
725000 0 0
737500 0 0
750000 0 0
762500 0 0
775000 0 0
787500 0 0
800000 0 0
812500 0 0
825000 0 0
837500 0 0
850000 0 0
862500 0 0
875000 0 0
887500 0 0
900000 0 0
912500 0 0
925000 0 0
937500 0 0
950000 0 0
962500 0 0
975000 0 0
987500 0 0
1e+06 0 0
1.0125e+06 0 0
1.025e+06 0 0
1.0375e+06 0 0
1.05e+06 0 0
1.0625e+06 0 0
1.075e+06 0 0
1.0875e+06 0 0
1.1e+06 0 0
1.1125e+06 0 0
1.125e+06 0 0
1.1375e+06 0 0
1.15e+06 0 0
1.1625e+06 0 0
1.175e+06 0 0
1.1875e+06 0 0
1.2e+06 0 0
1.2125e+06 0 0
1.225e+06 0 0
1.2375e+06 0 0
1.25e+06 0 0
1.2625e+06 0 0
1.275e+06 0 0
1.2875e+06 0 0
1.3e+06 0 0
1.3125e+06 0 0
1.325e+06 0 0
1.3375e+06 0 0
1.35e+06 0 0
1.3625e+06 0 0
1.375e+06 0 0
1.3875e+06 0 0
1.4e+06 0 0
1.4125e+06 0 0
1.425e+06 0 0
1.4375e+06 0 0
1.45e+06 0 0
1.4625e+06 0 0
1.475e+06 0 0
1.4875e+06 0 0
1.5e+06 0 0
1.5125e+06 0 0
1.525e+06 0 0
1.5375e+06 0 0
1.55e+06 0 0
1.5625e+06 0 0
1.575e+06 0 0
1.5875e+06 0 0
1.6e+06 0 0
1.6125e+06 0 0
1.625e+06 0 0
1.6375e+06 0 0
1.65e+06 0 0
1.6625e+06 0 0
1.675e+06 0 0
1.6875e+06 0 0
1.7e+06 0 0
1.7125e+06 0 0
1.725e+06 0 0
1.7375e+06 0 0
1.75e+06 0 0
1.7625e+06 0 0
1.775e+06 0 0
1.7875e+06 0 0
1.8e+06 0 0
1.8125e+06 0 0
1.825e+06 0 0
1.8375e+06 0 0
1.85e+06 0 0
1.8625e+06 0 0
1.875e+06 0 0
1.8875e+06 0 0
1.9e+06 0 0
1.9125e+06 0 0
1.925e+06 0 0
1.9375e+06 0 0
1.95e+06 0 0
1.9625e+06 0 0
1.975e+06 0 0
1.9875e+06 0 0
2e+06 0 0
2.0125e+06 0 0
2.025e+06 0 0
2.0375e+06 0 0
2.05e+06 0 0
2.0625e+06 0 0
2.075e+06 0 0
2.0875e+06 0 0
2.1e+06 0 0
2.1125e+06 0 0
2.125e+06 0 0
2.1375e+06 0 0
2.15e+06 0 0
2.1625e+06 0 0
2.175e+06 0 0
2.1875e+06 0 0
2.2e+06 0 0
2.2125e+06 0 0
2.225e+06 0 0
2.2375e+06 0 0
2.25e+06 0 0
2.2625e+06 0 0
2.275e+06 0 0
2.2875e+06 0 0
2.3e+06 0 0
2.3125e+06 0 0
2.325e+06 0 0
2.3375e+06 0 0
2.35e+06 0 0
2.3625e+06 0 0
2.375e+06 0 0
2.3875e+06 0 0
2.4e+06 0 0
2.4125e+06 0 0
2.425e+06 0 0
2.4375e+06 0 0
2.45e+06 0 0
2.4625e+06 0 0
2.475e+06 0 0
2.4875e+06 0 0
2.5e+06 0 0
2.5125e+06 0 0
2.525e+06 0 0
2.5375e+06 0 0
2.55e+06 0 0
2.5625e+06 0 0
2.575e+06 0 0
2.5875e+06 0 0
2.6e+06 0 0
2.6125e+06 0 0
2.625e+06 0 0
2.6375e+06 0 0
2.65e+06 0 0
2.6625e+06 0 0
2.675e+06 0 0
2.6875e+06 0 0
2.7e+06 0 0
2.7125e+06 0 0
2.725e+06 0 0
2.7375e+06 0 0
2.75e+06 0 0
2.7625e+06 0 0
2.775e+06 0 0
2.7875e+06 0 0
2.8e+06 0 0
2.8125e+06 0 0
2.825e+06 0 0
2.8375e+06 0 0
2.85e+06 0 0
2.8625e+06 0 0
2.875e+06 0 0
2.8875e+06 0 0
2.9e+06 0 0
2.9125e+06 0 0
2.925e+06 0 0
2.9375e+06 0 0
2.95e+06 0 0
2.9625e+06 0 0
2.975e+06 0 0
2.9875e+06 0 0
3e+06 0 0
3.0125e+06 0 0
3.025e+06 0 0
3.0375e+06 0 0
3.05e+06 0 0
3.0625e+06 0 0
3.075e+06 0 0
3.0875e+06 0 0
3.1e+06 0 0
3.1125e+06 0 0
3.125e+06 0 0
3.1375e+06 0 0
3.15e+06 0 0
3.1625e+06 0 0
3.175e+06 0 0
3.1875e+06 0 0
3.2e+06 0 0
3.2125e+06 0 0
3.225e+06 0 0
3.2375e+06 0 0
3.25e+06 0 0
3.2625e+06 0 0
3.275e+06 0 0
3.2875e+06 0 0
3.3e+06 0 0
3.3125e+06 0 0
3.325e+06 0 0
3.3375e+06 0 0
3.35e+06 0 0
3.3625e+06 0 0
3.375e+06 0 0
3.3875e+06 0 0
3.4e+06 0 0
3.4125e+06 0 0
3.425e+06 0 0
3.4375e+06 0 0
3.45e+06 0 0
3.4625e+06 0 0
3.475e+06 0 0
3.4875e+06 0 0
3.5e+06 0 0
3.5125e+06 0 0
3.525e+06 0 0
3.5375e+06 0 0
3.55e+06 0 0
3.5625e+06 0 0
3.575e+06 0 0
3.5875e+06 0 0
3.6e+06 0 0
3.6125e+06 0 0
3.625e+06 0 0
3.6375e+06 0 0
3.65e+06 0 0
3.6625e+06 0 0
3.675e+06 0 0
3.6875e+06 0 0
3.7e+06 0 0
3.7125e+06 0 0
3.725e+06 0 0
3.7375e+06 0 0
3.75e+06 0 0
3.7625e+06 0 0
3.775e+06 0 0
3.7875e+06 0 0
3.8e+06 0 0
3.8125e+06 0 0
3.825e+06 0 0
3.8375e+06 0 0
3.85e+06 0 0
3.8625e+06 0 0
3.875e+06 0 0
3.8875e+06 0 0
3.9e+06 0 0
3.9125e+06 0 0
3.925e+06 0 0
3.9375e+06 0 0
3.95e+06 0 0
3.9625e+06 0 0
3.975e+06 0 0
3.9875e+06 0 0
4e+06 0 0
4.0125e+06 0 0
4.025e+06 0 0
4.0375e+06 0 0
4.05e+06 0 0
4.0625e+06 0 0
4.075e+06 0 0
4.0875e+06 0 0
4.1e+06 0 0
4.1125e+06 0 0
4.125e+06 0 0
4.1375e+06 0 0
4.15e+06 0 0
4.1625e+06 0 0
4.175e+06 0 0
4.1875e+06 0 0
4.2e+06 0 0
4.2125e+06 0 0
4.225e+06 0 0
4.2375e+06 0 0
4.25e+06 0 0
4.2625e+06 0 0
4.275e+06 0 0
4.2875e+06 0 0
4.3e+06 0 0
4.3125e+06 0 0
4.325e+06 0 0
4.3375e+06 0 0
4.35e+06 0 0
4.3625e+06 0 0
4.375e+06 0 0
4.3875e+06 0 0
4.4e+06 0 0
4.4125e+06 0 0
4.425e+06 0 0
4.4375e+06 0 0
4.45e+06 0 0
4.4625e+06 0 0
4.475e+06 0 0
4.4875e+06 0 0
4.5e+06 0 0
4.5125e+06 0 0
4.525e+06 0 0
4.5375e+06 0 0
4.55e+06 0 0
4.5625e+06 0 0
4.575e+06 0 0
4.5875e+06 0 0
4.6e+06 0 0
4.6125e+06 0 0
4.625e+06 0 0
4.6375e+06 0 0
4.65e+06 0 0
4.6625e+06 0 0
4.675e+06 0 0
4.6875e+06 0 0
4.7e+06 0 0
4.7125e+06 0 0
4.725e+06 0 0
4.7375e+06 0 0
4.75e+06 0 0
4.7625e+06 0 0
4.775e+06 0 0
4.7875e+06 0 0
4.8e+06 0 0
4.8125e+06 0 0
4.825e+06 0 0
4.8375e+06 0 0
4.85e+06 0 0
4.8625e+06 0 0
4.875e+06 0 0
4.8875e+06 0 0
4.9e+06 0 0
4.9125e+06 0 0
4.925e+06 0 0
4.9375e+06 0 0
4.95e+06 0 0
4.9625e+06 0 0
4.975e+06 0 0
4.9875e+06 0 0
5e+06 0 0
5e+06 12500 0
5e+06 25000 0
5e+06 37500 0
5e+06 50000 0
5e+06 62500 0
5e+06 75000 0
5e+06 87500 0
5e+06 100000 0
5e+06 112500 0
5e+06 125000 0
5e+06 137500 0
5e+06 150000 0
5e+06 162500 0
5e+06 175000 0
5e+06 187500 0
5e+06 200000 0
5e+06 212500 0
5e+06 225000 0
5e+06 237500 0
5e+06 250000 0
5e+06 262500 0
5e+06 275000 0
5e+06 287500 0
5e+06 300000 0
5e+06 312500 0
5e+06 325000 0
5e+06 337500 0
5e+06 350000 0
5e+06 362500 0
5e+06 375000 0
5e+06 387500 0
5e+06 400000 0
5e+06 412500 0
5e+06 425000 0
5e+06 437500 0
5e+06 450000 0
5e+06 462500 0
5e+06 475000 0
5e+06 487500 0
5e+06 500000 0
5e+06 512500 0
5e+06 525000 0
5e+06 537500 0
5e+06 550000 0
5e+06 562500 0
5e+06 575000 0
5e+06 587500 0
5e+06 600000 0
5e+06 612500 0
5e+06 625000 0
5e+06 637500 0
5e+06 650000 0
5e+06 662500 0
5e+06 675000 0
5e+06 687500 0
5e+06 700000 0
5e+06 712500 0
5e+06 725000 0
5e+06 737500 0
5e+06 750000 0
5e+06 762500 0
5e+06 775000 0
5e+06 787500 0
5e+06 800000 0
5e+06 812500 0
5e+06 825000 0
5e+06 837500 0
5e+06 850000 0
5e+06 862500 0
5e+06 875000 0
5e+06 887500 0
5e+06 900000 0
5e+06 912500 0
5e+06 925000 0
5e+06 937500 0
5e+06 950000 0
5e+06 962500 0
5e+06 975000 0
5e+06 987500 0
5e+06 1e+06 0
5e+06 1.0125e+06 0
5e+06 1.025e+06 0
5e+06 1.0375e+06 0
5e+06 1.05e+06 0
5e+06 1.0625e+06 0
5e+06 1.075e+06 0
5e+06 1.0875e+06 0
5e+06 1.1e+06 0
5e+06 1.1125e+06 0
5e+06 1.125e+06 0
5e+06 1.1375e+06 0
5e+06 1.15e+06 0
5e+06 1.1625e+06 0
5e+06 1.175e+06 0
5e+06 1.1875e+06 0
5e+06 1.2e+06 0
5e+06 1.2125e+06 0
5e+06 1.225e+06 0
5e+06 1.2375e+06 0
5e+06 1.25e+06 0
5e+06 1.2625e+06 0
5e+06 1.275e+06 0
5e+06 1.2875e+06 0
5e+06 1.3e+06 0
5e+06 1.3125e+06 0
5e+06 1.325e+06 0
5e+06 1.3375e+06 0
5e+06 1.35e+06 0
5e+06 1.3625e+06 0
5e+06 1.375e+06 0
5e+06 1.3875e+06 0
5e+06 1.4e+06 0
5e+06 1.4125e+06 0
5e+06 1.425e+06 0
5e+06 1.4375e+06 0
5e+06 1.45e+06 0
5e+06 1.4625e+06 0
5e+06 1.475e+06 0
5e+06 1.4875e+06 0
5e+06 1.5e+06 0
5e+06 1.5125e+06 0
5e+06 1.525e+06 0
5e+06 1.5375e+06 0
5e+06 1.55e+06 0
5e+06 1.5625e+06 0
5e+06 1.575e+06 0
5e+06 1.5875e+06 0
5e+06 1.6e+06 0
5e+06 1.6125e+06 0
5e+06 1.625e+06 0
5e+06 1.6375e+06 0
5e+06 1.65e+06 0
5e+06 1.6625e+06 0
5e+06 1.675e+06 0
5e+06 1.6875e+06 0
5e+06 1.7e+06 0
5e+06 1.7125e+06 0
5e+06 1.725e+06 0
5e+06 1.7375e+06 0
5e+06 1.75e+06 0
5e+06 1.7625e+06 0
5e+06 1.775e+06 0
5e+06 1.7875e+06 0
5e+06 1.8e+06 0
5e+06 1.8125e+06 0
5e+06 1.825e+06 0
5e+06 1.8375e+06 0
5e+06 1.85e+06 0
5e+06 1.8625e+06 0
5e+06 1.875e+06 0
5e+06 1.8875e+06 0
5e+06 1.9e+06 0
5e+06 1.9125e+06 0
5e+06 1.925e+06 0
5e+06 1.9375e+06 0
5e+06 1.95e+06 0
5e+06 1.9625e+06 0
5e+06 1.975e+06 0
5e+06 1.9875e+06 0
5e+06 2e+06 0
5e+06 2.0125e+06 0
5e+06 2.025e+06 0
5e+06 2.0375e+06 0
5e+06 2.05e+06 0
5e+06 2.0625e+06 0
5e+06 2.075e+06 0
5e+06 2.0875e+06 0
5e+06 2.1e+06 0
5e+06 2.1125e+06 0
5e+06 2.125e+06 0
5e+06 2.1375e+06 0
5e+06 2.15e+06 0
5e+06 2.1625e+06 0
5e+06 2.175e+06 0
5e+06 2.1875e+06 0
5e+06 2.2e+06 0
5e+06 2.2125e+06 0
5e+06 2.225e+06 0
5e+06 2.2375e+06 0
5e+06 2.25e+06 0
5e+06 2.2625e+06 0
5e+06 2.275e+06 0
5e+06 2.2875e+06 0
5e+06 2.3e+06 0
5e+06 2.3125e+06 0
5e+06 2.325e+06 0
5e+06 2.3375e+06 0
5e+06 2.35e+06 0
5e+06 2.3625e+06 0
5e+06 2.375e+06 0
5e+06 2.3875e+06 0
5e+06 2.4e+06 0
5e+06 2.4125e+06 0
5e+06 2.425e+06 0
5e+06 2.4375e+06 0
5e+06 2.45e+06 0
5e+06 2.4625e+06 0
5e+06 2.475e+06 0
5e+06 2.4875e+06 0
5e+06 2.5e+06 0
4.9875e+06 2.5e+06 0
4.975e+06 2.5e+06 0
4.9625e+06 2.5e+06 0
4.95e+06 2.5e+06 0
4.9375e+06 2.5e+06 0
4.925e+06 2.5e+06 0
4.9125e+06 2.5e+06 0
4.9e+06 2.5e+06 0
4.8875e+06 2.5e+06 0
4.875e+06 2.5e+06 0
4.8625e+06 2.5e+06 0
4.85e+06 2.5e+06 0
4.8375e+06 2.5e+06 0
4.825e+06 2.5e+06 0
4.8125e+06 2.5e+06 0
4.8e+06 2.5e+06 0
4.7875e+06 2.5e+06 0
4.775e+06 2.5e+06 0
4.7625e+06 2.5e+06 0
4.75e+06 2.5e+06 0
4.7375e+06 2.5e+06 0
4.725e+06 2.5e+06 0
4.7125e+06 2.5e+06 0
4.7e+06 2.5e+06 0
4.6875e+06 2.5e+06 0
4.675e+06 2.5e+06 0
4.6625e+06 2.5e+06 0
4.65e+06 2.5e+06 0
4.6375e+06 2.5e+06 0
4.625e+06 2.5e+06 0
4.6125e+06 2.5e+06 0
4.6e+06 2.5e+06 0
4.5875e+06 2.5e+06 0
4.575e+06 2.5e+06 0
4.5625e+06 2.5e+06 0
4.55e+06 2.5e+06 0
4.5375e+06 2.5e+06 0
4.525e+06 2.5e+06 0
4.5125e+06 2.5e+06 0
4.5e+06 2.5e+06 0
4.4875e+06 2.5e+06 0
4.475e+06 2.5e+06 0
4.4625e+06 2.5e+06 0
4.45e+06 2.5e+06 0
4.4375e+06 2.5e+06 0
4.425e+06 2.5e+06 0
4.4125e+06 2.5e+06 0
4.4e+06 2.5e+06 0
4.3875e+06 2.5e+06 0
4.375e+06 2.5e+06 0
4.3625e+06 2.5e+06 0
4.35e+06 2.5e+06 0
4.3375e+06 2.5e+06 0
4.325e+06 2.5e+06 0
4.3125e+06 2.5e+06 0
4.3e+06 2.5e+06 0
4.2875e+06 2.5e+06 0
4.275e+06 2.5e+06 0
4.2625e+06 2.5e+06 0
4.25e+06 2.5e+06 0
4.2375e+06 2.5e+06 0
4.225e+06 2.5e+06 0
4.2125e+06 2.5e+06 0
4.2e+06 2.5e+06 0
4.1875e+06 2.5e+06 0
4.175e+06 2.5e+06 0
4.1625e+06 2.5e+06 0
4.15e+06 2.5e+06 0
4.1375e+06 2.5e+06 0
4.125e+06 2.5e+06 0
4.1125e+06 2.5e+06 0
4.1e+06 2.5e+06 0
4.0875e+06 2.5e+06 0
4.075e+06 2.5e+06 0
4.0625e+06 2.5e+06 0
4.05e+06 2.5e+06 0
4.0375e+06 2.5e+06 0
4.025e+06 2.5e+06 0
4.0125e+06 2.5e+06 0
4e+06 2.5e+06 0
3.9875e+06 2.5e+06 0
3.975e+06 2.5e+06 0
3.9625e+06 2.5e+06 0
3.95e+06 2.5e+06 0
3.9375e+06 2.5e+06 0
3.925e+06 2.5e+06 0
3.9125e+06 2.5e+06 0
3.9e+06 2.5e+06 0
3.8875e+06 2.5e+06 0
3.875e+06 2.5e+06 0
3.8625e+06 2.5e+06 0
3.85e+06 2.5e+06 0
3.8375e+06 2.5e+06 0
3.825e+06 2.5e+06 0
3.8125e+06 2.5e+06 0
3.8e+06 2.5e+06 0
3.7875e+06 2.5e+06 0
3.775e+06 2.5e+06 0
3.7625e+06 2.5e+06 0
3.75e+06 2.5e+06 0
3.7375e+06 2.5e+06 0
3.725e+06 2.5e+06 0
3.7125e+06 2.5e+06 0
3.7e+06 2.5e+06 0
3.6875e+06 2.5e+06 0
3.675e+06 2.5e+06 0
3.6625e+06 2.5e+06 0
3.65e+06 2.5e+06 0
3.6375e+06 2.5e+06 0
3.625e+06 2.5e+06 0
3.6125e+06 2.5e+06 0
3.6e+06 2.5e+06 0
3.5875e+06 2.5e+06 0
3.575e+06 2.5e+06 0
3.5625e+06 2.5e+06 0
3.55e+06 2.5e+06 0
3.5375e+06 2.5e+06 0
3.525e+06 2.5e+06 0
3.5125e+06 2.5e+06 0
3.5e+06 2.5e+06 0
3.4875e+06 2.5e+06 0
3.475e+06 2.5e+06 0
3.4625e+06 2.5e+06 0
3.45e+06 2.5e+06 0
3.4375e+06 2.5e+06 0
3.425e+06 2.5e+06 0
3.4125e+06 2.5e+06 0
3.4e+06 2.5e+06 0
3.3875e+06 2.5e+06 0
3.375e+06 2.5e+06 0
3.3625e+06 2.5e+06 0
3.35e+06 2.5e+06 0
3.3375e+06 2.5e+06 0
3.325e+06 2.5e+06 0
3.3125e+06 2.5e+06 0
3.3e+06 2.5e+06 0
3.2875e+06 2.5e+06 0
3.275e+06 2.5e+06 0
3.2625e+06 2.5e+06 0
3.25e+06 2.5e+06 0
3.2375e+06 2.5e+06 0
3.225e+06 2.5e+06 0
3.2125e+06 2.5e+06 0
3.2e+06 2.5e+06 0
3.1875e+06 2.5e+06 0
3.175e+06 2.5e+06 0
3.1625e+06 2.5e+06 0
3.15e+06 2.5e+06 0
3.1375e+06 2.5e+06 0
3.125e+06 2.5e+06 0
3.1125e+06 2.5e+06 0
3.1e+06 2.5e+06 0
3.0875e+06 2.5e+06 0
3.075e+06 2.5e+06 0
3.0625e+06 2.5e+06 0
3.05e+06 2.5e+06 0
3.0375e+06 2.5e+06 0
3.025e+06 2.5e+06 0
3.0125e+06 2.5e+06 0
3e+06 2.5e+06 0
2.9875e+06 2.5e+06 0
2.975e+06 2.5e+06 0
2.9625e+06 2.5e+06 0
2.95e+06 2.5e+06 0
2.9375e+06 2.5e+06 0
2.925e+06 2.5e+06 0
2.9125e+06 2.5e+06 0
2.9e+06 2.5e+06 0
2.8875e+06 2.5e+06 0
2.875e+06 2.5e+06 0
2.8625e+06 2.5e+06 0
2.85e+06 2.5e+06 0
2.8375e+06 2.5e+06 0
2.825e+06 2.5e+06 0
2.8125e+06 2.5e+06 0
2.8e+06 2.5e+06 0
2.7875e+06 2.5e+06 0
2.775e+06 2.5e+06 0
2.7625e+06 2.5e+06 0
2.75e+06 2.5e+06 0
2.7375e+06 2.5e+06 0
2.725e+06 2.5e+06 0
2.7125e+06 2.5e+06 0
2.7e+06 2.5e+06 0
2.6875e+06 2.5e+06 0
2.675e+06 2.5e+06 0
2.6625e+06 2.5e+06 0
2.65e+06 2.5e+06 0
2.6375e+06 2.5e+06 0
2.625e+06 2.5e+06 0
2.6125e+06 2.5e+06 0
2.6e+06 2.5e+06 0
2.5875e+06 2.5e+06 0
2.575e+06 2.5e+06 0
2.5625e+06 2.5e+06 0
2.55e+06 2.5e+06 0
2.5375e+06 2.5e+06 0
2.525e+06 2.5e+06 0
2.5125e+06 2.5e+06 0
2.5e+06 2.5e+06 0
2.5e+06 2.5125e+06 0
2.5e+06 2.525e+06 0
2.5e+06 2.5375e+06 0
2.5e+06 2.55e+06 0
2.5e+06 2.5625e+06 0
2.5e+06 2.575e+06 0
2.5e+06 2.5875e+06 0
2.5e+06 2.6e+06 0
2.5e+06 2.6125e+06 0
2.5e+06 2.625e+06 0
2.5e+06 2.6375e+06 0
2.5e+06 2.65e+06 0
2.5e+06 2.6625e+06 0
2.5e+06 2.675e+06 0
2.5e+06 2.6875e+06 0
2.5e+06 2.7e+06 0
2.5e+06 2.7125e+06 0
2.5e+06 2.725e+06 0
2.5e+06 2.7375e+06 0
2.5e+06 2.75e+06 0
2.5e+06 2.7625e+06 0
2.5e+06 2.775e+06 0
2.5e+06 2.7875e+06 0
2.5e+06 2.8e+06 0
2.5e+06 2.8125e+06 0
2.5e+06 2.825e+06 0
2.5e+06 2.8375e+06 0
2.5e+06 2.85e+06 0
2.5e+06 2.8625e+06 0
2.5e+06 2.875e+06 0
2.5e+06 2.8875e+06 0
2.5e+06 2.9e+06 0
2.5e+06 2.9125e+06 0
2.5e+06 2.925e+06 0
2.5e+06 2.9375e+06 0
2.5e+06 2.95e+06 0
2.5e+06 2.9625e+06 0
2.5e+06 2.975e+06 0
2.5e+06 2.9875e+06 0
2.5e+06 3e+06 0
2.5e+06 3.0125e+06 0
2.5e+06 3.025e+06 0
2.5e+06 3.0375e+06 0
2.5e+06 3.05e+06 0
2.5e+06 3.0625e+06 0
2.5e+06 3.075e+06 0
2.5e+06 3.0875e+06 0
2.5e+06 3.1e+06 0
2.5e+06 3.1125e+06 0
2.5e+06 3.125e+06 0
2.5e+06 3.1375e+06 0
2.5e+06 3.15e+06 0
2.5e+06 3.1625e+06 0
2.5e+06 3.175e+06 0
2.5e+06 3.1875e+06 0
2.5e+06 3.2e+06 0
2.5e+06 3.2125e+06 0
2.5e+06 3.225e+06 0
2.5e+06 3.2375e+06 0
2.5e+06 3.25e+06 0
2.5e+06 3.2625e+06 0
2.5e+06 3.275e+06 0
2.5e+06 3.2875e+06 0
2.5e+06 3.3e+06 0
2.5e+06 3.3125e+06 0
2.5e+06 3.325e+06 0
2.5e+06 3.3375e+06 0
2.5e+06 3.35e+06 0
2.5e+06 3.3625e+06 0
2.5e+06 3.375e+06 0
2.5e+06 3.3875e+06 0
2.5e+06 3.4e+06 0
2.5e+06 3.4125e+06 0
2.5e+06 3.425e+06 0
2.5e+06 3.4375e+06 0
2.5e+06 3.45e+06 0
2.5e+06 3.4625e+06 0
2.5e+06 3.475e+06 0
2.5e+06 3.4875e+06 0
2.5e+06 3.5e+06 0
2.5e+06 3.5125e+06 0
2.5e+06 3.525e+06 0
2.5e+06 3.5375e+06 0
2.5e+06 3.55e+06 0
2.5e+06 3.5625e+06 0
2.5e+06 3.575e+06 0
2.5e+06 3.5875e+06 0
2.5e+06 3.6e+06 0
2.5e+06 3.6125e+06 0
2.5e+06 3.625e+06 0
2.5e+06 3.6375e+06 0
2.5e+06 3.65e+06 0
2.5e+06 3.6625e+06 0
2.5e+06 3.675e+06 0
2.5e+06 3.6875e+06 0
2.5e+06 3.7e+06 0
2.5e+06 3.7125e+06 0
2.5e+06 3.725e+06 0
2.5e+06 3.7375e+06 0
2.5e+06 3.75e+06 0
2.5e+06 3.7625e+06 0
2.5e+06 3.775e+06 0
2.5e+06 3.7875e+06 0
2.5e+06 3.8e+06 0
2.5e+06 3.8125e+06 0
2.5e+06 3.825e+06 0
2.5e+06 3.8375e+06 0
2.5e+06 3.85e+06 0
2.5e+06 3.8625e+06 0
2.5e+06 3.875e+06 0
2.5e+06 3.8875e+06 0
2.5e+06 3.9e+06 0
2.5e+06 3.9125e+06 0
2.5e+06 3.925e+06 0
2.5e+06 3.9375e+06 0
2.5e+06 3.95e+06 0
2.5e+06 3.9625e+06 0
2.5e+06 3.975e+06 0
2.5e+06 3.9875e+06 0
2.5e+06 4e+06 0
2.5e+06 4.0125e+06 0
2.5e+06 4.025e+06 0
2.5e+06 4.0375e+06 0
2.5e+06 4.05e+06 0
2.5e+06 4.0625e+06 0
2.5e+06 4.075e+06 0
2.5e+06 4.0875e+06 0
2.5e+06 4.1e+06 0
2.5e+06 4.1125e+06 0
2.5e+06 4.125e+06 0
2.5e+06 4.1375e+06 0
2.5e+06 4.15e+06 0
2.5e+06 4.1625e+06 0
2.5e+06 4.175e+06 0
2.5e+06 4.1875e+06 0
2.5e+06 4.2e+06 0
2.5e+06 4.2125e+06 0
2.5e+06 4.225e+06 0
2.5e+06 4.2375e+06 0
2.5e+06 4.25e+06 0
2.5e+06 4.2625e+06 0
2.5e+06 4.275e+06 0
2.5e+06 4.2875e+06 0
2.5e+06 4.3e+06 0
2.5e+06 4.3125e+06 0
2.5e+06 4.325e+06 0
2.5e+06 4.3375e+06 0
2.5e+06 4.35e+06 0
2.5e+06 4.3625e+06 0
2.5e+06 4.375e+06 0
2.5e+06 4.3875e+06 0
2.5e+06 4.4e+06 0
2.5e+06 4.4125e+06 0
2.5e+06 4.425e+06 0
2.5e+06 4.4375e+06 0
2.5e+06 4.45e+06 0
2.5e+06 4.4625e+06 0
2.5e+06 4.475e+06 0
2.5e+06 4.4875e+06 0
2.5e+06 4.5e+06 0
2.5e+06 4.5125e+06 0
2.5e+06 4.525e+06 0
2.5e+06 4.5375e+06 0
2.5e+06 4.55e+06 0
2.5e+06 4.5625e+06 0
2.5e+06 4.575e+06 0
2.5e+06 4.5875e+06 0
2.5e+06 4.6e+06 0
2.5e+06 4.6125e+06 0
2.5e+06 4.625e+06 0
2.5e+06 4.6375e+06 0
2.5e+06 4.65e+06 0
2.5e+06 4.6625e+06 0
2.5e+06 4.675e+06 0
2.5e+06 4.6875e+06 0
2.5e+06 4.7e+06 0
2.5e+06 4.7125e+06 0
2.5e+06 4.725e+06 0
2.5e+06 4.7375e+06 0
2.5e+06 4.75e+06 0
2.5e+06 4.7625e+06 0
2.5e+06 4.775e+06 0
2.5e+06 4.7875e+06 0
2.5e+06 4.8e+06 0
2.5e+06 4.8125e+06 0
2.5e+06 4.825e+06 0
2.5e+06 4.8375e+06 0
2.5e+06 4.85e+06 0
2.5e+06 4.8625e+06 0
2.5e+06 4.875e+06 0
2.5e+06 4.8875e+06 0
2.5e+06 4.9e+06 0
2.5e+06 4.9125e+06 0
2.5e+06 4.925e+06 0
2.5e+06 4.9375e+06 0
2.5e+06 4.95e+06 0
2.5e+06 4.9625e+06 0
2.5e+06 4.975e+06 0
2.5e+06 4.9875e+06 0
2.5e+06 5e+06 0
2.4875e+06 5e+06 0
2.475e+06 5e+06 0
2.4625e+06 5e+06 0
2.45e+06 5e+06 0
2.4375e+06 5e+06 0
2.425e+06 5e+06 0
2.4125e+06 5e+06 0
2.4e+06 5e+06 0
2.3875e+06 5e+06 0
2.375e+06 5e+06 0
2.3625e+06 5e+06 0
2.35e+06 5e+06 0
2.3375e+06 5e+06 0
2.325e+06 5e+06 0
2.3125e+06 5e+06 0
2.3e+06 5e+06 0
2.2875e+06 5e+06 0
2.275e+06 5e+06 0
2.2625e+06 5e+06 0
2.25e+06 5e+06 0
2.2375e+06 5e+06 0
2.225e+06 5e+06 0
2.2125e+06 5e+06 0
2.2e+06 5e+06 0
2.1875e+06 5e+06 0
2.175e+06 5e+06 0
2.1625e+06 5e+06 0
2.15e+06 5e+06 0
2.1375e+06 5e+06 0
2.125e+06 5e+06 0
2.1125e+06 5e+06 0
2.1e+06 5e+06 0
2.0875e+06 5e+06 0
2.075e+06 5e+06 0
2.0625e+06 5e+06 0
2.05e+06 5e+06 0
2.0375e+06 5e+06 0
2.025e+06 5e+06 0
2.0125e+06 5e+06 0
2e+06 5e+06 0
1.9875e+06 5e+06 0
1.975e+06 5e+06 0
1.9625e+06 5e+06 0
1.95e+06 5e+06 0
1.9375e+06 5e+06 0
1.925e+06 5e+06 0
1.9125e+06 5e+06 0
1.9e+06 5e+06 0
1.8875e+06 5e+06 0
1.875e+06 5e+06 0
1.8625e+06 5e+06 0
1.85e+06 5e+06 0
1.8375e+06 5e+06 0
1.825e+06 5e+06 0
1.8125e+06 5e+06 0
1.8e+06 5e+06 0
1.7875e+06 5e+06 0
1.775e+06 5e+06 0
1.7625e+06 5e+06 0
1.75e+06 5e+06 0
1.7375e+06 5e+06 0
1.725e+06 5e+06 0
1.7125e+06 5e+06 0
1.7e+06 5e+06 0
1.6875e+06 5e+06 0
1.675e+06 5e+06 0
1.6625e+06 5e+06 0
1.65e+06 5e+06 0
1.6375e+06 5e+06 0
1.625e+06 5e+06 0
1.6125e+06 5e+06 0
1.6e+06 5e+06 0
1.5875e+06 5e+06 0
1.575e+06 5e+06 0
1.5625e+06 5e+06 0
1.55e+06 5e+06 0
1.5375e+06 5e+06 0
1.525e+06 5e+06 0
1.5125e+06 5e+06 0
1.5e+06 5e+06 0
1.4875e+06 5e+06 0
1.475e+06 5e+06 0
1.4625e+06 5e+06 0
1.45e+06 5e+06 0
1.4375e+06 5e+06 0
1.425e+06 5e+06 0
1.4125e+06 5e+06 0
1.4e+06 5e+06 0
1.3875e+06 5e+06 0
1.375e+06 5e+06 0
1.3625e+06 5e+06 0
1.35e+06 5e+06 0
1.3375e+06 5e+06 0
1.325e+06 5e+06 0
1.3125e+06 5e+06 0
1.3e+06 5e+06 0
1.2875e+06 5e+06 0
1.275e+06 5e+06 0
1.2625e+06 5e+06 0
1.25e+06 5e+06 0
1.2375e+06 5e+06 0
1.225e+06 5e+06 0
1.2125e+06 5e+06 0
1.2e+06 5e+06 0
1.1875e+06 5e+06 0
1.175e+06 5e+06 0
1.1625e+06 5e+06 0
1.15e+06 5e+06 0
1.1375e+06 5e+06 0
1.125e+06 5e+06 0
1.1125e+06 5e+06 0
1.1e+06 5e+06 0
1.0875e+06 5e+06 0
1.075e+06 5e+06 0
1.0625e+06 5e+06 0
1.05e+06 5e+06 0
1.0375e+06 5e+06 0
1.025e+06 5e+06 0
1.0125e+06 5e+06 0
1e+06 5e+06 0
987500 5e+06 0
975000 5e+06 0
962500 5e+06 0
950000 5e+06 0
937500 5e+06 0
925000 5e+06 0
912500 5e+06 0
900000 5e+06 0
887500 5e+06 0
875000 5e+06 0
862500 5e+06 0
850000 5e+06 0
837500 5e+06 0
825000 5e+06 0
812500 5e+06 0
800000 5e+06 0
787500 5e+06 0
775000 5e+06 0
762500 5e+06 0
750000 5e+06 0
737500 5e+06 0
725000 5e+06 0
712500 5e+06 0
700000 5e+06 0
687500 5e+06 0
675000 5e+06 0
662500 5e+06 0
650000 5e+06 0
637500 5e+06 0
625000 5e+06 0
612500 5e+06 0
600000 5e+06 0
587500 5e+06 0
575000 5e+06 0
562500 5e+06 0
550000 5e+06 0
537500 5e+06 0
525000 5e+06 0
512500 5e+06 0
500000 5e+06 0
487500 5e+06 0
475000 5e+06 0
462500 5e+06 0
450000 5e+06 0
437500 5e+06 0
425000 5e+06 0
412500 5e+06 0
400000 5e+06 0
387500 5e+06 0
375000 5e+06 0
362500 5e+06 0
350000 5e+06 0
337500 5e+06 0
325000 5e+06 0
312500 5e+06 0
300000 5e+06 0
287500 5e+06 0
275000 5e+06 0
262500 5e+06 0
250000 5e+06 0
237500 5e+06 0
225000 5e+06 0
212500 5e+06 0
200000 5e+06 0
187500 5e+06 0
175000 5e+06 0
162500 5e+06 0
150000 5e+06 0
137500 5e+06 0
125000 5e+06 0
112500 5e+06 0
100000 5e+06 0
87500 5e+06 0
75000 5e+06 0
62500 5e+06 0
50000 5e+06 0
37500 5e+06 0
25000 5e+06 0
12500 5e+06 0
0 5e+06 0
0 12500 0
0 25000 0
0 37500 0
0 50000 0
0 62500 0
0 75000 0
0 87500 0
0 100000 0
0 112500 0
0 125000 0
0 137500 0
0 150000 0
0 162500 0
0 175000 0
0 187500 0
0 200000 0
0 212500 0
0 225000 0
0 237500 0
0 250000 0
0 262500 0
0 275000 0
0 287500 0
0 300000 0
0 312500 0
0 325000 0
0 337500 0
0 350000 0
0 362500 0
0 375000 0
0 387500 0
0 400000 0
0 412500 0
0 425000 0
0 437500 0
0 450000 0
0 462500 0
0 475000 0
0 487500 0
0 500000 0
0 512500 0
0 525000 0
0 537500 0
0 550000 0
0 562500 0
0 575000 0
0 587500 0
0 600000 0
0 612500 0
0 625000 0
0 637500 0
0 650000 0
0 662500 0
0 675000 0
0 687500 0
0 700000 0
0 712500 0
0 725000 0
0 737500 0
0 750000 0
0 762500 0
0 775000 0
0 787500 0
0 800000 0
0 812500 0
0 825000 0
0 837500 0
0 850000 0
0 862500 0
0 875000 0
0 887500 0
0 900000 0
0 912500 0
0 925000 0
0 937500 0
0 950000 0
0 962500 0
0 975000 0
0 987500 0
0 1e+06 0
0 1.0125e+06 0
0 1.025e+06 0
0 1.0375e+06 0
0 1.05e+06 0
0 1.0625e+06 0
0 1.075e+06 0
0 1.0875e+06 0
0 1.1e+06 0
0 1.1125e+06 0
0 1.125e+06 0
0 1.1375e+06 0
0 1.15e+06 0
0 1.1625e+06 0
0 1.175e+06 0
0 1.1875e+06 0
0 1.2e+06 0
0 1.2125e+06 0
0 1.225e+06 0
0 1.2375e+06 0
0 1.25e+06 0
0 1.2625e+06 0
0 1.275e+06 0
0 1.2875e+06 0
0 1.3e+06 0
0 1.3125e+06 0
0 1.325e+06 0
0 1.3375e+06 0
0 1.35e+06 0
0 1.3625e+06 0
0 1.375e+06 0
0 1.3875e+06 0
0 1.4e+06 0
0 1.4125e+06 0
0 1.425e+06 0
0 1.4375e+06 0
0 1.45e+06 0
0 1.4625e+06 0
0 1.475e+06 0
0 1.4875e+06 0
0 1.5e+06 0
0 1.5125e+06 0
0 1.525e+06 0
0 1.5375e+06 0
0 1.55e+06 0
0 1.5625e+06 0
0 1.575e+06 0
0 1.5875e+06 0
0 1.6e+06 0
0 1.6125e+06 0
0 1.625e+06 0
0 1.6375e+06 0
0 1.65e+06 0
0 1.6625e+06 0
0 1.675e+06 0
0 1.6875e+06 0
0 1.7e+06 0
0 1.7125e+06 0
0 1.725e+06 0
0 1.7375e+06 0
0 1.75e+06 0
0 1.7625e+06 0
0 1.775e+06 0
0 1.7875e+06 0
0 1.8e+06 0
0 1.8125e+06 0
0 1.825e+06 0
0 1.8375e+06 0
0 1.85e+06 0
0 1.8625e+06 0
0 1.875e+06 0
0 1.8875e+06 0
0 1.9e+06 0
0 1.9125e+06 0
0 1.925e+06 0
0 1.9375e+06 0
0 1.95e+06 0
0 1.9625e+06 0
0 1.975e+06 0
0 1.9875e+06 0
0 2e+06 0
0 2.0125e+06 0
0 2.025e+06 0
0 2.0375e+06 0
0 2.05e+06 0
0 2.0625e+06 0
0 2.075e+06 0
0 2.0875e+06 0
0 2.1e+06 0
0 2.1125e+06 0
0 2.125e+06 0
0 2.1375e+06 0
0 2.15e+06 0
0 2.1625e+06 0
0 2.175e+06 0
0 2.1875e+06 0
0 2.2e+06 0
0 2.2125e+06 0
0 2.225e+06 0
0 2.2375e+06 0
0 2.25e+06 0
0 2.2625e+06 0
0 2.275e+06 0
0 2.2875e+06 0
0 2.3e+06 0
0 2.3125e+06 0
0 2.325e+06 0
0 2.3375e+06 0
0 2.35e+06 0
0 2.3625e+06 0
0 2.375e+06 0
0 2.3875e+06 0
0 2.4e+06 0
0 2.4125e+06 0
0 2.425e+06 0
0 2.4375e+06 0
0 2.45e+06 0
0 2.4625e+06 0
0 2.475e+06 0
0 2.4875e+06 0
0 2.5e+06 0
0 2.5125e+06 0
0 2.525e+06 0
0 2.5375e+06 0
0 2.55e+06 0
0 2.5625e+06 0
0 2.575e+06 0
0 2.5875e+06 0
0 2.6e+06 0
0 2.6125e+06 0
0 2.625e+06 0
0 2.6375e+06 0
0 2.65e+06 0
0 2.6625e+06 0
0 2.675e+06 0
0 2.6875e+06 0
0 2.7e+06 0
0 2.7125e+06 0
0 2.725e+06 0
0 2.7375e+06 0
0 2.75e+06 0
0 2.7625e+06 0
0 2.775e+06 0
0 2.7875e+06 0
0 2.8e+06 0
0 2.8125e+06 0
0 2.825e+06 0
0 2.8375e+06 0
0 2.85e+06 0
0 2.8625e+06 0
0 2.875e+06 0
0 2.8875e+06 0
0 2.9e+06 0
0 2.9125e+06 0
0 2.925e+06 0
0 2.9375e+06 0
0 2.95e+06 0
0 2.9625e+06 0
0 2.975e+06 0
0 2.9875e+06 0
0 3e+06 0
0 3.0125e+06 0
0 3.025e+06 0
0 3.0375e+06 0
0 3.05e+06 0
0 3.0625e+06 0
0 3.075e+06 0
0 3.0875e+06 0
0 3.1e+06 0
0 3.1125e+06 0
0 3.125e+06 0
0 3.1375e+06 0
0 3.15e+06 0
0 3.1625e+06 0
0 3.175e+06 0
0 3.1875e+06 0
0 3.2e+06 0
0 3.2125e+06 0
0 3.225e+06 0
0 3.2375e+06 0
0 3.25e+06 0
0 3.2625e+06 0
0 3.275e+06 0
0 3.2875e+06 0
0 3.3e+06 0
0 3.3125e+06 0
0 3.325e+06 0
0 3.3375e+06 0
0 3.35e+06 0
0 3.3625e+06 0
0 3.375e+06 0
0 3.3875e+06 0
0 3.4e+06 0
0 3.4125e+06 0
0 3.425e+06 0
0 3.4375e+06 0
0 3.45e+06 0
0 3.4625e+06 0
0 3.475e+06 0
0 3.4875e+06 0
0 3.5e+06 0
0 3.5125e+06 0
0 3.525e+06 0
0 3.5375e+06 0
0 3.55e+06 0
0 3.5625e+06 0
0 3.575e+06 0
0 3.5875e+06 0
0 3.6e+06 0
0 3.6125e+06 0
0 3.625e+06 0
0 3.6375e+06 0
0 3.65e+06 0
0 3.6625e+06 0
0 3.675e+06 0
0 3.6875e+06 0
0 3.7e+06 0
0 3.7125e+06 0
0 3.725e+06 0
0 3.7375e+06 0
0 3.75e+06 0
0 3.7625e+06 0
0 3.775e+06 0
0 3.7875e+06 0
0 3.8e+06 0
0 3.8125e+06 0
0 3.825e+06 0
0 3.8375e+06 0
0 3.85e+06 0
0 3.8625e+06 0
0 3.875e+06 0
0 3.8875e+06 0
0 3.9e+06 0
0 3.9125e+06 0
0 3.925e+06 0
0 3.9375e+06 0
0 3.95e+06 0
0 3.9625e+06 0
0 3.975e+06 0
0 3.9875e+06 0
0 4e+06 0
0 4.0125e+06 0
0 4.025e+06 0
0 4.0375e+06 0
0 4.05e+06 0
0 4.0625e+06 0
0 4.075e+06 0
0 4.0875e+06 0
0 4.1e+06 0
0 4.1125e+06 0
0 4.125e+06 0
0 4.1375e+06 0
0 4.15e+06 0
0 4.1625e+06 0
0 4.175e+06 0
0 4.1875e+06 0
0 4.2e+06 0
0 4.2125e+06 0
0 4.225e+06 0
0 4.2375e+06 0
0 4.25e+06 0
0 4.2625e+06 0
0 4.275e+06 0
0 4.2875e+06 0
0 4.3e+06 0
0 4.3125e+06 0
0 4.325e+06 0
0 4.3375e+06 0
0 4.35e+06 0
0 4.3625e+06 0
0 4.375e+06 0
0 4.3875e+06 0
0 4.4e+06 0
0 4.4125e+06 0
0 4.425e+06 0
0 4.4375e+06 0
0 4.45e+06 0
0 4.4625e+06 0
0 4.475e+06 0
0 4.4875e+06 0
0 4.5e+06 0
0 4.5125e+06 0
0 4.525e+06 0
0 4.5375e+06 0
0 4.55e+06 0
0 4.5625e+06 0
0 4.575e+06 0
0 4.5875e+06 0
0 4.6e+06 0
0 4.6125e+06 0
0 4.625e+06 0
0 4.6375e+06 0
0 4.65e+06 0
0 4.6625e+06 0
0 4.675e+06 0
0 4.6875e+06 0
0 4.7e+06 0
0 4.7125e+06 0
0 4.725e+06 0
0 4.7375e+06 0
0 4.75e+06 0
0 4.7625e+06 0
0 4.775e+06 0
0 4.7875e+06 0
0 4.8e+06 0
0 4.8125e+06 0
0 4.825e+06 0
0 4.8375e+06 0
0 4.85e+06 0
0 4.8625e+06 0
0 4.875e+06 0
0 4.8875e+06 0
0 4.9e+06 0
0 4.9125e+06 0
0 4.925e+06 0
0 4.9375e+06 0
0 4.95e+06 0
0 4.9625e+06 0
0 4.975e+06 0
0 4.9875e+06 0
3.40739e+06 181051 0
3.1109e+06 2.11386e+06 0
4.68047e+06 1.86834e+06 0
2.35344e+06 560320 0
2.02658e+06 2.08853e+06 0
2.85531e+06 1.09821e+06 0
3.24961e+06 1.67814e+06 0
4.25092e+06 1.19198e+06 0
4.65209e+06 1.49548e+06 0
4.61333e+06 562456 0
1.06403e+06 4.49141e+06 0
1.97348e+06 1.24256e+06 0
767388 261849 0
4.8732e+06 1.17435e+06 0
1.7156e+06 3.57341e+06 0
4.60616e+06 2.3719e+06 0
2.9606e+06 2.4543e+06 0
4.30616e+06 1.38966e+06 0
2.69082e+06 1.73727e+06 0
2.53609e+06 2.35725e+06 0
1.78594e+06 2.16132e+06 0
1.53584e+06 3.59737e+06 0
4.29685e+06 865200 0
2.78451e+06 602359 0
3.75347e+06 1.25553e+06 0
32654.8 4.56755e+06 0
1.71163e+06 4.38887e+06 0
2.4633e+06 2.11692e+06 0
2.44087e+06 3.36726e+06 0
3.13334e+06 1.99026e+06 0
160680 480819 0
357219 3.45958e+06 0
2.73354e+06 672399 0
2.18497e+06 4.21964e+06 0
3.21711e+06 1.05976e+06 0
1.63167e+06 225684 0
3.18628e+06 86520 0
2.81594e+06 1.47595e+06 0
4.22727e+06 111011 0
663167 2.89804e+06 0
1.5125e+06 4.23185e+06 0
4.3289e+06 2.4723e+06 0
862148 857875 0
1.9982e+06 4.5764e+06 0
3.19727e+06 1.35517e+06 0
2.22114e+06 4.50667e+06 0
2.79275e+06 1.11034e+06 0
4.43388e+06 1.86628e+06 0
3.23511e+06 2.19703e+06 0
3.82885e+06 1.77732e+06 0
2.49107e+06 2.22694e+06 0
3.2252e+06 1.29444e+06 0
994140 3.07321e+06 0
2.09708e+06 305185 0
4.15571e+06 868786 0
417798 1.12232e+06 0
3.20414e+06 1.78961e+06 0
2.47353e+06 3.5905e+06 0
762658 3.40648e+06 0
3.30439e+06 846660 0
68819.2 3.44386e+06 0
2.92871e+06 1.39996e+06 0
4.24162e+06 576266 0
1.00681e+06 4.29945e+06 0
4.5056e+06 92547.4 0
2.10013e+06 3.44661e+06 0
3.7756e+06 128864 0
4.18317e+06 1.22715e+06 0
4.50804e+06 2.10868e+06 0
561998 3.35871e+06 0
2.2277e+06 3.08969e+06 0
2.85989e+06 2.34626e+06 0
3.63399e+06 1.19274e+06 0
219886 4.49583e+06 0
692007 448775 0
2.38868e+06 1.69652e+06 0
4.61959e+06 1.06326e+06 0
1.82958e+06 390332 0
1.16855e+06 3.54213e+06 0
2.52861e+06 2.02643e+06 0
1.11652e+06 1.25385e+06 0
642720 4.2143e+06 0
2.36473e+06 1.57949e+06 0
4.65331e+06 314493 0
2.55684e+06 1.68371e+06 0
175176 2.47002e+06 0
3.62056e+06 2.4987e+06 0
2.08228e+06 2.57912e+06 0
2.1392e+06 3.88943e+06 0
4.10245e+06 2.15354e+06 0
1.96005e+06 4.30586e+06 0
3.53938e+06 1.48556e+06 0
2.94412e+06 861766 0
1.27873e+06 1.46352e+06 0
2.26661e+06 4.5616e+06 0
4.73296e+06 1.021e+06 0
2.17078e+06 1.54149e+06 0
3.88165e+06 1.91618e+06 0
583972 465712 0
3.06452e+06 1.53813e+06 0
3.50139e+06 845820 0
3.68175e+06 326472 0
542161 2.08579e+06 0
459609 3.90957e+06 0
2.58843e+06 1.36769e+06 0
1.43681e+06 2.32734e+06 0
2.9075e+06 601901 0
4.32615e+06 2.0291e+06 0
668966 1.60634e+06 0
4.41191e+06 1.43071e+06 0
3.25938e+06 1.64472e+06 0
1.63457e+06 2.47215e+06 0
1.30238e+06 1.39622e+06 0
2.02307e+06 2.93207e+06 0
2.79031e+06 48219.2 0
1.1269e+06 915098 0
233314 1.76473e+06 0
4.6083e+06 1.789e+06 0
2.23228e+06 2.88659e+06 0
3.64742e+06 1.48366e+06 0
3.38115e+06 2.48741e+06 0
319834 515763 0
3.90698e+06 638142 0
599689 3.65535e+06 0
2.9516e+06 1.27613e+06 0
146031 4.08246e+06 0
1.90191e+06 2.7102e+06 0
529801 4.70504e+06 0
1.67638e+06 2.57195e+06 0
1.05472e+06 4.80087e+06 0
371258 2.55791e+06 0
3.83221e+06 210654 0
176092 2.56706e+06 0
2.26249e+06 4.57122e+06 0
4.96155e+06 2.41874e+06 0
581988 4.19218e+06 0
2.4482e+06 3.06452e+06 0
4.62996e+06 1.74398e+06 0
2.36198e+06 3.56227e+06 0
1.49236e+06 616169 0
4.48058e+06 872600 0
3.18033e+06 1.14055e+06 0
2.9809e+06 2.35733e+06 0
1.99606e+06 3.25831e+06 0
989563 3.22932e+06 0
2.74545e+06 190970 0
1.74642e+06 3.84243e+06 0
4.45296e+06 1.51349e+06 0
283822 4.48576e+06 0
1.73391e+06 4.61547e+06 0
2.03192e+06 4.28236e+06 0
3.48186e+06 1.08989e+06 0
2.25196e+06 868404 0
4.02615e+06 1.75787e+06 0
2.70714e+06 503708 0
4.41725e+06 1.97554e+06 0
4.476e+06 1.38768e+06 0
3.99411e+06 1.13407e+06 0
3.3137e+06 49974.1 0
4.89181e+06 1.40301e+06 0
1.46977e+06 2.93466e+06 0
4.64522e+06 1.63778e+06 0
2.36595e+06 3.84869e+06 0
4.54314e+06 159993 0
2.04215e+06 4.3141e+06 0
3.89264e+06 1.17473e+06 0
3.77682e+06 735725 0
2.846e+06 841319 0
4.78576e+06 1.82806e+06 0
3.94955e+06 263375 0
1.40873e+06 463576 0
68819.2 2.82586e+06 0
1.68889e+06 639058 0
3.84823e+06 755333 0
1.74917e+06 3.56975e+06 0
1.35701e+06 3.1785e+06 0
4.87579e+06 1.33061e+06 0
84994.1 4.73785e+06 0
4.7116e+06 690786 0
3.93796e+06 2.02246e+06 0
1.46794e+06 251167 0
390179 4.06873e+06 0
2.56066e+06 280694 0
2.45491e+06 2.60918e+06 0
1.57399e+06 3.10373e+06 0
621662 2.10547e+06 0
1.96402e+06 2.68868e+06 0
2.42348e+06 1.56331e+06 0
4.40199e+06 869396 0
4.78515e+06 65920 0
4.16776e+06 1.86659e+06 0
1.8128e+06 4.36247e+06 0
2.49794e+06 4.78805e+06 0
3.17804e+06 1.84034e+06 0
3.29615e+06 2.07633e+06 0
753807 1.10218e+06 0
4.10932e+06 951643 0
3.65978e+06 1.86224e+06 0
2.77902e+06 2.30758e+06 0
4.37071e+06 11902.2 0
3.67306e+06 1.14673e+06 0
1.04602e+06 3.49239e+06 0
4.90173e+06 1.17359e+06 0
3.73775e+06 2.32116e+06 0
428785 3.88363e+06 0
4.62828e+06 455718 0
3.48048e+06 1.55324e+06 0
4.9617e+06 750298 0
157781 3.10022e+06 0
3.81756e+06 836512 0
4.66414e+06 1.8894e+06 0
1.38844e+06 3.549e+06 0
45320 281838 0
1.91519e+06 2.92428e+06 0
859249 601062 0
3.93597e+06 2.07389e+06 0
1.66967e+06 713828 0
3.00699e+06 1.29208e+06 0
2.7813e+06 1.50479e+06 0
4.55e+06 848720 0
2.11448e+06 1.28819e+06 0
1.98218e+06 4.2851e+06 0
4.63012e+06 1.55583e+06 0
2.78695e+06 2.44614e+06 0
3.20841e+06 1.39492e+06 0
2.67876e+06 1.46992e+06 0
2.39067e+06 783868 0
520798 3.59813e+06 0
3.88714e+06 1.40278e+06 0
4.15204e+06 466094 0
259255 4.39497e+06 0
4.77523e+06 178991 0
682394 4.25977e+06 0
70040 4.93378e+06 0
193945 2.15262e+06 0
3.68007e+06 1.26019e+06 0
1.33503e+06 4.57442e+06 0
1.23325e+06 3.34483e+06 0
4.59044e+06 2.03856e+06 0
553911 4.99222e+06 0
1.5334e+06 454573 0
1.21784e+06 4.36216e+06 0
2.08258e+06 4.59822e+06 0
1.11118e+06 3.61904e+06 0
4.77615e+06 1.64922e+06 0
146489 4.66842e+06 0
1.46886e+06 778069 0
3.79391e+06 2.09418e+06 0
360881 231788 0
1.58238e+06 3.75027e+06 0
3.76217e+06 579699 0
3.22855e+06 1.02916e+06 0
4.49828e+06 384686 0
2.54845e+06 1.91954e+06 0
2.36671e+06 237281 0
1.80853e+06 2.41249e+06 0
4.54833e+06 2.04939e+06 0
1.67272e+06 477004 0
1.37791e+06 3.55739e+06 0
4.40107e+06 568712 0
1.38539e+06 1.99149e+06 0
456862 3.70922e+06 0
2.00858e+06 3.43837e+06 0
1.17878e+06 1.32801e+06 0
4.88632e+06 1.16901e+06 0
2.6719e+06 2.4498e+06 0
2.13935e+06 319224 0
3.57784e+06 207602 0
2.5425e+06 1.65365e+06 0
1.87628e+06 4.17219e+06 0
3.99533e+06 2.36671e+06 0
3.37825e+06 1.46039e+06 0
1.19938e+06 3.13257e+06 0
2.06183e+06 3.47835e+06 0
4.94583e+06 2.45216e+06 0
4.91302e+06 1.91771e+06 0
1.91961e+06 521561 0
1.42216e+06 287179 0
1.4304e+06 4.96948e+06 0
397961 2.62337e+06 0
2.97037e+06 345622 0
4.24818e+06 951415 0
1.01032e+06 3.82794e+06 0
3.39091e+06 1.4256e+06 0
937834 2.02796e+06 0
946532 404981 0
2.54387e+06 2.30613e+06 0
371563 2.44102e+06 0
4.9649e+06 1.68638e+06 0
1.18534e+06 3.21589e+06 0
4.48653e+06 2.39372e+06 0
450758 4.55077e+06 0
4.1142e+06 965987 0
162664 4.29167e+06 0
1.31764e+06 1.87185e+06 0
3.20063e+06 2.03818e+06 0
2.85684e+06 905789 0
3.0018e+06 469298 0
3.09137e+06 2.39341e+06 0
4.61242e+06 2.39113e+06 0
4.68581e+06 1.58887e+06 0
2.27027e+06 1.25462e+06 0
3.11121e+06 413678 0
1.17862e+06 2.0539e+06 0
3.85342e+06 1.02115e+06 0
3.62468e+06 1.0979e+06 0
3.73196e+06 1.63076e+06 0
2.09998e+06 1.27796e+06 0
235755 672018 0
4.58022e+06 1.63373e+06 0
284890 4.55214e+06 0
4.6173e+06 922727 0
2.32017e+06 3.62499e+06 0
1.40477e+06 840785 0
3.12952e+06 102008 0
2.46834e+06 1.78076e+06 0
3.31828e+06 2.20473e+06 0
4.13968e+06 1.54721e+06 0
2.82739e+06 1.61916e+06 0
2.47047e+06 2.99554e+06 0
405438 2.77017e+06 0
4.74227e+06 290155 0
3.44493e+06 2.14408e+06 0
4.22697e+06 1.08386e+06 0
2.08274e+06 2.59758e+06 0
3.35719e+06 1.208e+06 0
3.97809e+06 1.16138e+06 0
2.95968e+06 1.12278e+06 0
3.66634e+06 231788 0
2.71035e+06 1.54996e+06 0
2.90338e+06 497070 0
465560 4.57595e+06 0
899533 4.78179e+06 0
627918 4.95376e+06 0
853755 610828 0
4.19935e+06 829569 0
1.6924e+06 591754 0
681784 1.18824e+06 0
1.41957e+06 734428 0
4.47935e+06 263451 0
984375 4.97055e+06 0
958129 4.59517e+06 0
73549.6 3.40281e+06 0
4.82101e+06 873669 0
3.73241e+06 1.53317e+06 0
952635 1.8627e+06 0
1.22272e+06 1.97775e+06 0
392773 4.05255e+06 0
1.0242e+06 4.75997e+06 0
1.59017e+06 3.51848e+06 0
3.38328e+06 308695 0
4.59899e+06 2.29675e+06 0
4.3173e+06 974532 0
3.36848e+06 2.24715e+06 0
2.48146e+06 4.37437e+06 0
3.78613e+06 2.40944e+06 0
2.80129e+06 729469 0
2.62825e+06 159230 0
3.28028e+06 2.45888e+06 0
75228.1 1.97806e+06 0
3.88699e+06 1.78877e+06 0
947752 3.93231e+06 0
3.92895e+06 940657 0
2.31925e+06 1.25172e+06 0
1.81875e+06 1.21494e+06 0
2.66228e+06 1.56537e+06 0
3.63948e+06 2.41806e+06 0
184179 3.50414e+06 0
4.41404e+06 2.34481e+06 0
508438 3.62957e+06 0
3.48735e+06 443739 0
1.35731e+06 3.66253e+06 0
2.92535e+06 1.06876e+06 0
4.39421e+06 1.37829e+06 0
337230 2.8988e+06 0
1.87811e+06 4.72137e+06 0
29450.4 548265 0
3.29234e+06 1.88383e+06 0
3.89401e+06 1.66913e+06 0
4.59594e+06 1.18564e+06 0
940428 2.4247e+06 0
261391 788598 0
1.8775e+06 3.75164e+06 0
751366 252388 0
2.64763e+06 1.53378e+06 0
589465 4.38139e+06 0
3.32499e+06 2.43019e+06 0
4.6849e+06 416807 0
1.27934e+06 3.48704e+06 0
3.0636e+06 1.36776e+06 0
15564.4 2.28385e+06 0
1.66631e+06 1.91672e+06 0
2.59102e+06 1.96814e+06 0
4.3646e+06 1.74223e+06 0
1.02145e+06 2.88751e+06 0
3.85464e+06 1.88238e+06 0
578021 3.07291e+06 0
1.5862e+06 1.14673e+06 0
383923 1.75466e+06 0
4.37788e+06 928144 0
4.21506e+06 1.37181e+06 0
2.88034e+06 96743.7 0
2.91375e+06 2.39258e+06 0
4.541e+06 132145 0
2.31819e+06 3.39412e+06 0
1.22593e+06 3.73821e+06 0
3.11701e+06 958510 0
4.15815e+06 330058 0
1.53371e+06 104526 0
1.32389e+06 2.85424e+06 0
2.24647e+06 974914 0
9002.96 1.9422e+06 0
2.4517e+06 4.24986e+06 0
4.61623e+06 758080 0
3.47636e+06 1.07135e+06 0
2.42195e+06 489822 0
3.84396e+06 392087 0
2.43095e+06 2.16559e+06 0
203711 3.0607e+06 0
4.97986e+06 521332 0
26856.3 1.15207e+06 0
2.25135e+06 1.90329e+06 0
2.4749e+06 4.54833e+06 0
2.35221e+06 3.20399e+06 0
1.3509e+06 1.82302e+06 0
2.11097e+06 4.30525e+06 0
1.53462e+06 1.95227e+06 0
1.25355e+06 3.57006e+06 0
2.81243e+06 1.72575e+06 0
3.11243e+06 931730 0
2.50343e+06 1.05945e+06 0
4.52406e+06 1.74177e+06 0
793024 662099 0
72481.5 4.05393e+06 0
177160 991699 0
3.33659e+06 1.20647e+06 0
2.92276e+06 1.23035e+06 0
291452 1.02618e+06 0
2.95389e+06 917081 0
2.52968e+06 978271 0
1.06723e+06 3.26792e+06 0
447707 2.92138e+06 0
4.88388e+06 2.03879e+06 0
4.06415e+06 235221 0
2.4427e+06 4.58068e+06 0
1.61718e+06 4.81246e+06 0
845363 2.7929e+06 0
3.60485e+06 1.66181e+06 0
3.85311e+06 1.12842e+06 0
2.41783e+06 2.27073e+06 0
4.84664e+06 1.89482e+06 0
227516 3.7759e+06 0
4.05362e+06 2.21267e+06 0
279244 2.55837e+06 0
1.44948e+06 4.3376e+06 0
4.25214e+06 2.24128e+06 0
4.23872e+06 10605.2 0
837580 1.44337e+06 0
321970 4.51491e+06 0
3.19773e+06 2.31124e+06 0
1.65639e+06 2.94626e+06 0
453963 641957 0
3.91385e+06 2.09029e+06 0
866878 2.65313e+06 0
1.34541e+06 1.85354e+06 0
1.86056e+06 884579 0
3.25632e+06 285806 0
4.55077e+06 2.3442e+06 0
998718 558031 0
2.92886e+06 303583 0
1.88879e+06 1.52745e+06 0
362255 3.50276e+06 0
3.95245e+06 2.03589e+06 0
3.56471e+06 133976 0
2.90948e+06 2.16758e+06 0
1.69271e+06 3.16111e+06 0
298318 263222 0
727561 2.28858e+06 0
4.15113e+06 101856 0
793786 4.27107e+06 0
1.12262e+06 2.14393e+06 0
1.57582e+06 1.62053e+06 0
1.48167e+06 4.36186e+06 0
3.48506e+06 2.43172e+06 0
869015 777001 0
4.73556e+06 968429 0
229957 1.77892e+06 0
1.98477e+06 1.89459e+06 0
2.82693e+06 1.90695e+06 0
4.69466e+06 1.22402e+06 0
4.73708e+06 1.75748e+06 0
868709 3.37733e+06 0
2.74483e+06 2.3265e+06 0
4.32386e+06 171896 0
1.03122e+06 3.69137e+06 0
1.1507e+06 1.13269e+06 0
569018 2.22587e+06 0
519883 3.85952e+06 0
2.62947e+06 1.0448e+06 0
2.49046e+06 4.17035e+06 0
305948 1.4069e+06 0
2.97571e+06 483642 0
4.46287e+06 1.18686e+06 0
3.52504e+06 1.34579e+06 0
3.01157e+06 2.02452e+06 0
1.07456e+06 3.69289e+06 0
4.92721e+06 468688 0
326395 2.71905e+06 0
2.90338e+06 321512 0
3.91018e+06 1.52806e+06 0
1.0593e+06 1.37761e+06 0
2.98349e+06 674841 0
1.59978e+06 2.60353e+06 0
3.43028e+06 2.31948e+06 0
1.83767e+06 4.59166e+06 0
308390 2.63497e+06 0
483108 178228 0
707419 4.77523e+06 0
4.60784e+06 2.24967e+06 0
2.66976e+06 2.04161e+06 0
1.18748e+06 984222 0
332499 2.36778e+06 0
4.63332e+06 2.19596e+06 0
2.94809e+06 1.89482e+06 0
4.21262e+06 2.08373e+06 0
2.93481e+06 665075 0
2.77169e+06 1.95189e+06 0
619526 3.18995e+06 0
661489 187231 0
825831 3.65246e+06 0
1.27537e+06 1.61e+06 0
3.96207e+06 219581 0
2.1044e+06 1.22806e+06 0
1.76992e+06 3.0929e+06 0
2.71691e+06 1.62496e+06 0
386822 4.41557e+06 0
3.56685e+06 1.11667e+06 0
878170 4.49477e+06 0
2.04016e+06 573901 0
4.897e+06 2.17475e+06 0
4.64248e+06 1.283e+06 0
627613 3.72646e+06 0
1.73589e+06 816370 0
1.66768e+06 77364.4 0
3.7318e+06 1.64693e+06 0
4.00662e+06 1.62488e+06 0
142979 1.79342e+06 0
3.75484e+06 1.46054e+06 0
405591 99490.3 0
783410 3.30958e+06 0
2.87347e+06 1.31283e+06 0
925932 2.19062e+06 0
892972 1.8157e+06 0
1.90191e+06 3.75149e+06 0
2.36396e+06 85146.6 0
617542 2.31452e+06 0
1.69424e+06 4.58525e+06 0
1.99973e+06 1.46229e+06 0
551012 569170 0
2.01773e+06 592364 0
1.31977e+06 1.64602e+06 0
53712.6 3.43715e+06 0
4.67238e+06 1.34854e+06 0
3.27235e+06 287484 0
153508 3.74218e+06 0
3.14966e+06 235145 0
1.19205e+06 533006 0
1.81722e+06 1.06708e+06 0
3.4405e+06 78737.8 0
3.3758e+06 736183 0
2.85211e+06 1.21693e+06 0
2.83593e+06 378658 0
2.40028e+06 377514 0
2.8431e+06 1.70537e+06 0
3.84716e+06 260857 0
840785 3.47163e+06 0
3.46599e+06 686514 0
1.83004e+06 1.87674e+06 0
3.12632e+06 390942 0
4.38078e+06 2.02582e+06 0
646382 511490 0
51118.5 2.27653e+06 0
818506 3.78475e+06 0
3.87265e+06 2.42988e+06 0
1.01535e+06 4.09116e+06 0
1.05274e+06 1.64785e+06 0
2.78298e+06 517060 0
2.55882e+06 1.45352e+06 0
3.32469e+06 750984 0
4.73159e+06 550783 0
3.28562e+06 970031 0
589160 2.60765e+06 0
4.74166e+06 5188.15 0
2.97906e+06 1.94372e+06 0
799127 1.41545e+06 0
2.22785e+06 4.15784e+06 0
713370 169683 0
3.45256e+06 2.04299e+06 0
1.92953e+06 3.09992e+06 0
1.18503e+06 2.53914e+06 0
2.95495e+06 927458 0
1.46764e+06 924711 0
3.46644e+06 1.60344e+06 0
4.07498e+06 1.07402e+06 0
561846 923490 0
19379.3 3.72051e+06 0
2.55882e+06 2.49802e+06 0
1.99667e+06 2.04978e+06 0
4.24955e+06 749764 0
2.92611e+06 1.22188e+06 0
16022.2 3.87143e+06 0
242470 1.85659e+06 0
3.71517e+06 1.9425e+06 0
1.09867e+06 3.91232e+06 0
1.7336e+06 3.10373e+06 0
1.12873e+06 3.23267e+06 0
3.12723e+06 1.54698e+06 0
1.93579e+06 3.60607e+06 0
3.24366e+06 89190.3 0
4.95361e+06 1.01108e+06 0
4.73861e+06 1.50678e+06 0
1.84301e+06 3.10938e+06 0
2.39097e+06 3.76812e+06 0
4.07819e+06 501572 0
623646 1.18839e+06 0
1.87719e+06 3.17713e+06 0
133976 1.32954e+06 0
135197 3.26762e+06 0
2.54341e+06 2.11585e+06 0
1.51646e+06 2.42592e+06 0
4.4702e+06 1.16382e+06 0
4.35957e+06 611972 0
4.93225e+06 1.92946e+06 0
554216 1.65075e+06 0
2.4868e+06 2.08228e+06 0
1.04556e+06 1.22639e+06 0
1.01184e+06 3.54961e+06 0
4.11954e+06 1.88337e+06 0
537126 1.24073e+06 0
4.12976e+06 1.91481e+06 0
2.02963e+06 831324 0
820032 4.37468e+06 0
2.54082e+06 438093 0
1.89718e+06 4.66643e+06 0
4.62157e+06 95217.8 0
4.01364e+06 1.47656e+06 0
1.40996e+06 3.20948e+06 0
4.81384e+06 476165 0
1.3007e+06 1.60726e+06 0
1.20121e+06 4.67467e+06 0
3.59951e+06 1.4787e+06 0
1.48305e+06 3.61507e+06 0
4.07071e+06 2.35778e+06 0
1.54714e+06 2.84707e+06 0
1.7835e+06 4.30525e+06 0
2.72881e+06 23346.7 0
1.16367e+06 3.58852e+06 0
1.52348e+06 1.98004e+06 0
655690 3.50383e+06 0
3.80123e+06 1.24233e+06 0
1.90359e+06 2.14866e+06 0
3.67946e+06 738319 0
854824 2.09311e+06 0
4.70977e+06 1.00711e+06 0
4.69482e+06 101169 0
3.53618e+06 2.47459e+06 0
1.01657e+06 749535 0
3.67962e+06 1.59886e+06 0
3.13501e+06 50737 0
4.60616e+06 80492.6 0
2.94794e+06 1.8791e+06 0
3.73394e+06 2.16437e+06 0
253609 4.02676e+06 0
1.53737e+06 4.59334e+06 0
4.92904e+06 2.0555e+06 0
2.4012e+06 3.3108e+06 0
875271 1.89901e+06 0
1.38401e+06 1.63533e+06 0
3.13837e+06 2.11455e+06 0
4.54665e+06 2.08068e+06 0
2.10791e+06 4.9144e+06 0
2.99951e+06 1.20121e+06 0
1.20411e+06 2.31056e+06 0
3.32942e+06 2.07038e+06 0
1.95593e+06 4.70382e+06 0
4.55702e+06 1.58795e+06 0
2.87912e+06 2.15171e+06 0
4.28526e+06 752815 0
1.05869e+06 3.11884e+06 0
4.1934e+06 1.73513e+06 0
2.84249e+06 751289 0
2.53243e+06 1.94449e+06 0
2.55364e+06 1.32061e+06 0
3.77926e+06 2.36229e+06 0
624866 3.77346e+06 0
3.10495e+06 1.15123e+06 0
64851.8 2.4189e+06 0
813471 4.61867e+06 0
2.65938e+06 1.69919e+06 0
4.40855e+06 383312 0
3.81603e+06 2.46254e+06 0
3.44218e+06 1.00734e+06 0
2.45735e+06 4.55031e+06 0
4.80361e+06 782266 0
4.86892e+06 1.62191e+06 0
3.60363e+06 1.26171e+06 0
3.90927e+06 1.69507e+06 0
2.31117e+06 1.11988e+06 0
2.4865e+06 3.98114e+06 0
3.29783e+06 2.34779e+06 0
2.7102e+06 1.89459e+06 0
2.44636e+06 1.50212e+06 0
4.62142e+06 399182 0
3.98114e+06 919141 0
910978 3.67718e+06 0
4.17402e+06 1.2772e+06 0
1.52898e+06 3.57387e+06 0
4.08521e+06 2.22861e+06 0
4.59395e+06 1.00734e+06 0
3.99152e+06 2.32391e+06 0
2.50603e+06 1.59368e+06 0
4.66216e+06 1.66066e+06 0
4.6733e+06 695288 0
3.13547e+06 1.03023e+06 0
753197 1.9303e+06 0
3.15394e+06 1.57796e+06 0
821100 1.24531e+06 0
2.91421e+06 990631 0
1.36464e+06 4.54131e+06 0
286721 1.95822e+06 0
3.51863e+06 858867 0
3.16416e+06 2.06938e+06 0
2.4398e+06 4.86572e+06 0
90487.4 938902 0
4.23139e+06 1.55942e+06 0
3.83267e+06 527360 0
4.32264e+06 1.57048e+06 0
3.04392e+06 44404.4 0
3.70998e+06 513932 0
4.68398e+06 1.96196e+06 0
1.96463e+06 3.90744e+06 0
2.34291e+06 4.36979e+06 0
3.41609e+06 1.00848e+06 0
3.13242e+06 2.05863e+06 0
413068 4.54253e+06 0
3.2963e+06 265587 0
73549.6 4.99695e+06 0
198523 310984 0
3.42463e+06 2.21076e+06 0
844600 4.55229e+06 0
3.34376e+06 1.59551e+06 0
4.59182e+06 620289 0
202796 4.7026e+06 0
205237 4.70718e+06 0
1.62603e+06 1.73208e+06 0
4.91699e+06 2.03978e+06 0
262307 3.73669e+06 0
641194 256966 0
984527 885800 0
6561.48 3.4434e+06 0
1.41652e+06 3.10297e+06 0
2.35633e+06 766625 0
2.19794e+06 4.89761e+06 0
2.378e+06 1.01871e+06 0
890988 4.26923e+06 0
1.51433e+06 1.04526e+06 0
935850 1.4658e+06 0
4.81521e+06 408414 0
4.56206e+06 438093 0
3.38374e+06 856731 0
1.0596e+06 1.83905e+06 0
75838.5 52797 0
4.31959e+06 824381 0
3.60698e+06 197150 0
1.04724e+06 1.53935e+06 0
3.72356e+06 324641 0
3.55571e+06 1.96501e+06 0
2.59545e+06 1.76496e+06 0
3.54549e+06 854518 0
84536.3 1.3657e+06 0
777612 2.84249e+06 0
3.04834e+06 1.9113e+06 0
3.04468e+06 542085 0
1.3303e+06 551470 0
1.34663e+06 1.07242e+06 0
598163 3.30164e+06 0
1.67959e+06 3.59157e+06 0
4.68352e+06 2.26302e+06 0
2.34062e+06 4.28068e+06 0
2.57912e+06 1.00711e+06 0
3.15622e+06 785928 0
2.7514e+06 790582 0
542619 2.13706e+06 0
4.92279e+06 1.17138e+06 0
4.80087e+06 2.31361e+06 0
1.98172e+06 1.61184e+06 0
3.55449e+06 2.49077e+06 0
2.17628e+06 3.94498e+06 0
2.73721e+06 2.04665e+06 0
4.24574e+06 684301 0
4.03455e+06 553911 0
648518 4.32127e+06 0
186773 3.13807e+06 0
1.54378e+06 336772 0
2.06107e+06 4.67574e+06 0
4.67818e+06 2822.96 0
3.89477e+06 1.24172e+06 0
3.83923e+06 1.12049e+06 0
620899 4.24421e+06 0
1.02893e+06 3.38313e+06 0
3.68007e+06 876644 0
13885.9 2.17353e+06 0
4.22285e+06 966216 0
1.40919e+06 129246 0
112613 1.44627e+06 0
1.95105e+06 4.34843e+06 0
634480 3.20536e+06 0
3.11624e+06 1.13918e+06 0
312510 533464 0
1.74184e+06 479904 0
747704 2.28324e+06 0
2.80557e+06 956984 0
1.87704e+06 4.68047e+06 0
2.01773e+06 3.78735e+06 0
1.56529e+06 3.17698e+06 0
3.38618e+06 242622 0
4.93072e+06 47837.8 0
4.40718e+06 1.81166e+06 0
2.31483e+06 1.348e+06 0
4.03943e+06 1.8746e+06 0
2.3011e+06 3.00317e+06 0
1.11789e+06 727256 0
3.68709e+06 497070 0
3.3636e+06 1.16787e+06 0
2.82006e+06 2.36953e+06 0
4.64431e+06 1.55293e+06 0
198676 2.95907e+06 0
644093 2.94031e+06 0
2.74941e+06 1.23791e+06 0
598468 2.53487e+06 0
681478 3.26792e+06 0
247353 139775 0
330973 568712 0
3.66817e+06 844829 0
1.89474e+06 2.28706e+06 0
4.14014e+06 1.91694e+06 0
3.46385e+06 1.26469e+06 0
1.69836e+06 1.89856e+06 0
263680 4.50957e+06 0
2.53471e+06 1.15574e+06 0
503250 3.62224e+06 0
2.89865e+06 760750 0
1.74352e+06 3.96512e+06 0
2.65831e+06 471206 0
4.18836e+06 2.04428e+06 0
1.1745e+06 4.95453e+06 0
4.80682e+06 127720 0
646992 1.49327e+06 0
3.69121e+06 1.49655e+06 0
4.58571e+06 1.12896e+06 0
1.55705e+06 214545 0
1.56621e+06 2.06931e+06 0
4.7937e+06 1.34861e+06 0
1.92633e+06 4.41099e+06 0
1.96722e+06 193030 0
2.5544e+06 1.34045e+06 0
3.18796e+06 1.97836e+06 0
2.434e+06 4.19004e+06 0
1.24256e+06 3.96954e+06 0
4.09314e+06 717109 0
902280 1.64373e+06 0
3.62041e+06 1.33671e+06 0
309458 1.28468e+06 0
4.40092e+06 674306 0
851772 1.09516e+06 0
2.22892e+06 1.36906e+06 0
4.42839e+06 1.00101e+06 0
1.9538e+06 2.79763e+06 0
4.5143e+06 42573.3 0
3.31645e+06 2.48489e+06 0
4.93164e+06 446486 0
1.12918e+06 1.5746e+06 0
2.73049e+06 711158 0
2.4604e+06 4.73083e+06 0
4.08795e+06 1.52348e+06 0
975219 2.58599e+06 0
4.63088e+06 586490 0
1.09119e+06 2.47505e+06 0
3.08939e+06 2.45315e+06 0
2.10578e+06 4.16532e+06 0
4.68566e+06 1.25423e+06 0
4.94888e+06 110401 0
3.16584e+06 463424 0
1.72002e+06 3.01691e+06 0
2.88079e+06 88808.9 0
664693 436567 0
4.82223e+06 431532 0
1.74642e+06 4.78057e+06 0
3.01889e+06 302667 0
469527 1.91946e+06 0
202185 2.67785e+06 0
112461 223853 0
4.14472e+06 1.30703e+06 0
24109.6 1.29902e+06 0
3.57723e+06 538804 0
139927 2.05863e+06 0
95980.7 3.77194e+06 0
4.37773e+06 83391.8 0
4.95834e+06 836589 0
3.06345e+06 1.19083e+06 0
2.17978e+06 2.3658e+06 0
2.04901e+06 2.82937e+06 0
1.83538e+06 764031 0
3.67489e+06 370876 0
4.97238e+06 2.49916e+06 0
2.23396e+06 4.68795e+06 0
4.04035e+06 374615 0
4.09436e+06 1.41545e+06 0
245521 4.81094e+06 0
136876 1.24165e+06 0
1.73528e+06 1.16214e+06 0
662862 4.80041e+06 0
4.01776e+06 165639 0
428632 2.71722e+06 0
1.52577e+06 330668 0
3.96359e+06 1.60146e+06 0
1.72872e+06 4.94659e+06 0
3.82778e+06 2.16109e+06 0
699026 2.66228e+06 0
1.96478e+06 558489 0
1.54134e+06 1.99973e+06 0
1.80761e+06 2.12424e+06 0
4.5877e+06 777306 0
1.29063e+06 1.54561e+06 0
767235 513627 0
4.429e+06 2.27744e+06 0
2.05695e+06 2.92993e+06 0
1.61519e+06 4.81857e+06 0
416883 1.53844e+06 0
1.29627e+06 4.5381e+06 0
4.11954e+06 2.19802e+06 0
3.18155e+06 223777 0
2.87652e+06 61494.8 0
640584 2.24525e+06 0
672323 30823.7 0
2.44743e+06 2.98669e+06 0
2.7076e+06 1.45726e+06 0
1.52562e+06 3.47285e+06 0
360729 793024 0
853298 163427 0
573748 1.37913e+06 0
4.18058e+06 1.82348e+06 0
3.56685e+06 278329 0
1.71865e+06 2.19733e+06 0
290841 651265 0
3.45653e+06 1.226e+06 0
3.52184e+06 1.38585e+06 0
259560 1.7391e+06 0
4.00342e+06 2.0027e+06 0
408948 4.08521e+06 0
545366 2.74895e+06 0
1.73513e+06 4.43861e+06 0
484024 2.95389e+06 0
2.00476e+06 3.1344e+06 0
4.40825e+06 285272 0
2.71523e+06 67903.7 0
1.56117e+06 2.96976e+06 0
3.95383e+06 541398 0
4.82101e+06 2.31246e+06 0
476547 4.67727e+06 0
1.66829e+06 4.83413e+06 0
1.66631e+06 3.43791e+06 0
46540.7 766320 0
521256 2.35664e+06 0
520341 1.60909e+06 0
4.33531e+06 1.24241e+06 0
3.63979e+06 1.0509e+06 0
2.2219e+06 3.98312e+06 0
3.91476e+06 617695 0
2.1424e+06 665609 0
4.30921e+06 2.19947e+06 0
2.59041e+06 285119 0
2.65633e+06 2.37732e+06 0
1.59139e+06 4.58342e+06 0
3.90637e+06 1.06136e+06 0
3.17347e+06 1.3274e+06 0
4.60891e+06 78737.8 0
3.9642e+06 2.31529e+06 0
3.53877e+06 47685.2 0
71260.7 236366 0
4.87075e+06 928220 0
1.90298e+06 243080 0
2.80816e+06 390561 0
2.08274e+06 3.34468e+06 0
4.07529e+06 391247 0
4.11771e+06 389950 0
2.17399e+06 2.19642e+06 0
1.97424e+06 3.23084e+06 0
4.8175e+06 54475.5 0
3.21787e+06 1.01299e+06 0
3.44142e+06 722678 0
874813 4.18332e+06 0
1.2035e+06 1.59841e+06 0
1.66952e+06 3.32133e+06 0
3.37443e+06 1.94006e+06 0
795465 970183 0
1.5276e+06 2.57576e+06 0
876949 315561 0
434736 2.88476e+06 0
273751 1.90481e+06 0
4.07239e+06 1.76267e+06 0
3.39076e+06 1.67333e+06 0
4.64492e+06 143666 0
3.14325e+06 1.26873e+06 0
1.03412e+06 1.31428e+06 0
3.23862e+06 721839 0
575732 2.39372e+06 0
427717 4.97192e+06 0
574664 3.0398e+06 0
4.38322e+06 978805 0
3.46126e+06 823847 0
361339 2.80633e+06 0
1.99667e+06 501572 0
2.30369e+06 813776 0
3.43486e+06 1.95853e+06 0
1.53294e+06 1.70064e+06 0
4.0437e+06 149998 0
3.70312e+06 1.69561e+06 0
2.89483e+06 701392 0
4.1554e+06 283364 0
1.3271e+06 4.55855e+06 0
4.3405e+06 513245 0
1.99057e+06 1.17496e+06 0
4.46028e+06 1.69294e+06 0
3.87616e+06 1.13544e+06 0
4.98734e+06 1.5717e+06 0
2.23777e+06 4.33256e+06 0
2.21717e+06 1.64953e+06 0
4.81414e+06 637455 0
510117 5340.74 0
3.25495e+06 394147 0
1.37867e+06 2.42576e+06 0
1.15864e+06 849025 0
2.0774e+06 1.09546e+06 0
2.62795e+06 2.33978e+06 0
3.84976e+06 1.02565e+06 0
2.74834e+06 2.46773e+06 0
2.49138e+06 4.12046e+06 0
3.89782e+06 201346 0
1.38173e+06 447096 0
4.29243e+06 493713 0
4.64522e+06 2.31933e+06 0
2.67403e+06 2.13721e+06 0
592669 1.06021e+06 0
547502 4.44288e+06 0
3.10526e+06 657216 0
872677 1.81509e+06 0
1.11118e+06 1.4301e+06 0
4.61791e+06 1.91046e+06 0
3.81756e+06 898999 0
4.08017e+06 330287 0
1.84668e+06 4.38017e+06 0
4.38124e+06 722526 0
1.94052e+06 4.22758e+06 0
2.04093e+06 4.09696e+06 0
383007 4.83367e+06 0
2.0397e+06 4.7911e+06 0
2.80145e+06 2.17971e+06 0
2.27119e+06 219581 0
498978 2.25578e+06 0
1.79571e+06 3.45882e+06 0
978576 3.32148e+06 0
1.79724e+06 1.72033e+06 0
2.81182e+06 1.85995e+06 0
652486 1.77068e+06 0
2.50877e+06 496307 0
2.01804e+06 1.29566e+06 0
3.54793e+06 1.29917e+06 0
2.34001e+06 1.99438e+06 0
218513 6103.7 0
1.69454e+06 2.68319e+06 0
1.43605e+06 2.87957e+06 0
4.36537e+06 1.5949e+06 0
2.18192e+06 378124 0
3.06192e+06 1.16047e+06 0
2.7282e+06 2.05474e+06 0
3.18903e+06 341044 0
3.3018e+06 2.38151e+06 0
1.06876e+06 1.6332e+06 0
4.34309e+06 978576 0
2.52602e+06 579775 0
17700.7 4.33058e+06 0
739921 4.94049e+06 0
135960 4.40733e+06 0
4.77065e+06 1.69797e+06 0
3.1373e+06 135502 0
2.66457e+06 1.49701e+06 0
293893 3.57555e+06 0
547655 4.59807e+06 0
3.7936e+06 461974 0
1.6097e+06 2.13706e+06 0
3.85403e+06 1.57537e+06 0
1.38874e+06 2.37892e+06 0
2.52678e+06 2.26585e+06 0
3.25907e+06 2.04459e+06 0
4.34874e+06 730384 0
532243 2.35496e+06 0
1.49174e+06 2.61818e+06 0
4.07514e+06 678350 0
3.57555e+06 82323.7 0
1.84988e+06 1.3686e+06 0
4.78973e+06 1.99667e+06 0
4.28816e+06 1.63396e+06 0
3.49101e+06 1.78404e+06 0
1.89673e+06 1.33641e+06 0
1.9248e+06 4.38185e+06 0
4.00983e+06 1.31657e+06 0
1.23081e+06 3.56532e+06 0
87282.9 3.72143e+06 0
4.38765e+06 838344 0
2.47063e+06 3.02988e+06 0
2.25364e+06 205390 0
1.99698e+06 4.63057e+06 0
360118 1.81875e+06 0
383923 1.71285e+06 0
1.61138e+06 2.88446e+06 0
786309 537736 0
2.54997e+06 149998 0
433668 3.14982e+06 0
3.34315e+06 1.08005e+06 0
1.75359e+06 4.63164e+06 0
4.14533e+06 2.14637e+06 0
888089 3.18049e+06 0
2.99493e+06 1.0976e+06 0
8850.37 3.78765e+06 0
2.8988e+06 201727 0
2.33757e+06 3.80306e+06 0
3.26441e+06 1.91122e+06 0
1.27659e+06 1.16611e+06 0
3.33308e+06 1.52593e+06 0
2.55852e+06 1.79167e+06 0
2.77047e+06 1.6184e+06 0
819269 4.43495e+06 0
2.07358e+06 3.47468e+06 0
4.50102e+06 1.84523e+06 0
2.94702e+06 655614 0
490432 4.61684e+06 0
1.30573e+06 4.35438e+06 0
2.40226e+06 4.55672e+06 0
3.06345e+06 1.76946e+06 0
3.90866e+06 281228 0
356609 73244.4 0
1.02527e+06 3.16309e+06 0
3.36848e+06 299463 0
4.75921e+06 2.02406e+06 0
401624 2.59301e+06 0
3.02194e+06 474410 0
1.36036e+06 4.54802e+06 0
3.2197e+06 248802 0
2.29743e+06 2.95694e+06 0
4.42076e+06 1.17367e+06 0
1.18091e+06 636464 0
510880 330973 0
2.53838e+06 1.71018e+06 0
3.24091e+06 1.97287e+06 0
1.13468e+06 4.75097e+06 0
1.57247e+06 936613 0
2.33848e+06 204321 0
1.2302e+06 4.27015e+06 0
4.3347e+06 739311 0
863674 4.26878e+06 0
4.83902e+06 936995 0
3.72845e+06 2.09815e+06 0
2.47063e+06 2.80084e+06 0
1.28925e+06 70040 0
439467 3.34269e+06 0
2.65526e+06 1.4919e+06 0
2.70425e+06 1.20403e+06 0
1.24989e+06 4.7203e+06 0
256355 500809 0
2.62413e+06 2.46872e+06 0
2.68883e+06 320902 0
4.81857e+06 353710 0
2.70318e+06 235221 0
180059 1.69103e+06 0
3.71303e+06 30594.8 0
40894.8 1.72674e+06 0
3.1988e+06 1.24157e+06 0
1.16352e+06 118717 0
1.97119e+06 1.63411e+06 0
361339 3.40251e+06 0
1.99912e+06 4.38429e+06 0
1.19785e+06 869778 0
2.95785e+06 776772 0
4.17325e+06 2.31803e+06 0
154271 4.76226e+06 0
4.30311e+06 1.26415e+06 0
3.98648e+06 1.8395e+06 0
2.4955e+06 4.57823e+06 0
3.59035e+06 351039 0
4.63424e+06 699332 0
4.83474e+06 1.30154e+06 0
4.77248e+06 113529 0
316324 1.16459e+06 0
1.34434e+06 1.9161e+06 0
1.51387e+06 2.34321e+06 0
2.80053e+06 2.32566e+06 0
756706 989868 0
1.57323e+06 2.68136e+06 0
3.1634e+06 328608 0
2.77856e+06 418180 0
1.20808e+06 526597 0
1.56011e+06 3.12082e+06 0
2.06992e+06 3.98541e+06 0
483261 1.15833e+06 0
421155 885647 0
882443 771966 0
1.81249e+06 3.01645e+06 0
4.57106e+06 1.24058e+06 0
4.30815e+06 2.40967e+06 0
4.81887e+06 2.09685e+06 0
3.5316e+06 1.93976e+06 0
3.00256e+06 939665 0
3.77407e+06 1.61229e+06 0
4.83749e+06 750221 0
324107 4.95987e+06 0
2.59407e+06 1.49281e+06 0
674764 2.27302e+06 0
2.20924e+06 4.52406e+06 0
4.76287e+06 2.1704e+06 0
1.69362e+06 2.9638e+06 0
1.89825e+06 1.16413e+06 0
4.7467e+06 1.79838e+06 0
4.54009e+06 1.4349e+06 0
981018 105899 0
1.57186e+06 503708 0
1.66616e+06 2.96365e+06 0
1.23829e+06 2.85043e+06 0
2.39433e+06 2.05542e+06 0
1.39424e+06 1.30909e+06 0
1.5772e+06 1.816e+06 0
2.22465e+06 2.35771e+06 0
1.17985e+06 4.65453e+06 0
4.09284e+06 2.31834e+06 0
3.59523e+06 476318 0
669576 180670 0
1.06891e+06 1.41682e+06 0
5035.55 1.83645e+06 0
1.57949e+06 64241.5 0
3.69243e+06 694067 0
2.5779e+06 1.8128e+06 0
1.7864e+06 431379 0
1.49724e+06 643941 0
3.62957e+06 1.76008e+06 0
4.43419e+06 527512 0
2.24143e+06 620594 0
1.91153e+06 4.52269e+06 0
2.43049e+06 3.40434e+06 0
3.12693e+06 1.65983e+06 0
281381 2.40822e+06 0
2.59423e+06 1.51425e+06 0
4.17676e+06 2.29881e+06 0
583209 1.84576e+06 0
6408.89 3.3581e+06 0
1.26499e+06 1.77267e+06 0
725730 452590 0
4.96826e+06 1.23478e+06 0
2.91208e+06 985824 0
3.45378e+06 529725 0
481582 2.80862e+06 0
4.61165e+06 1.82974e+06 0
3.22123e+06 846278 0
489517 1.92129e+06 0
288552 1.30833e+06 0
57527.4 364086 0
1.3419e+06 535752 0
613880 2.77886e+06 0
450911 3.33949e+06 0
4.24162e+06 1.74261e+06 0
448775 1.34037e+06 0
3.21848e+06 862987 0
2.87805e+06 2.30026e+06 0
789972 4.97452e+06 0
1.19022e+06 2.64992e+06 0
1.20869e+06 4.44075e+06 0
2.35267e+06 292367 0
447249 3.55663e+06 0
4.5204e+06 107425 0
1.49251e+06 2.71935e+06 0
927000 1.93564e+06 0
625324 1.07746e+06 0
2.65603e+06 2.06145e+06 0
3.59294e+06 1.81875e+06 0
440992 4.81094e+06 0
3.08023e+06 2.238e+06 0
3.15928e+06 775704 0
1.3863e+06 4.3347e+06 0
3.16767e+06 512558 0
4.71252e+06 1.69118e+06 0
1.14353e+06 148015 0
2.9667e+06 1.21227e+06 0
581683 3.20414e+06 0
1.49327e+06 3.34025e+06 0
4.60677e+06 1.01657e+06 0
3.63247e+06 1.01512e+06 0
255287 3.80795e+06 0
515000 4.65499e+06 0
2.8872e+06 1.71468e+06 0
2.0011e+06 444655 0
876644 72634.1 0
166784 1.86529e+06 0
3.24656e+06 2.45766e+06 0
4.24665e+06 207602 0
394757 4.57686e+06 0
3.43593e+06 1.92114e+06 0
576190 2.30461e+06 0
1.4629e+06 3.05429e+06 0
2.28919e+06 1.43269e+06 0
4.33302e+06 2.25547e+06 0
229804 3.14997e+06 0
152745 1.37379e+06 0
4.96429e+06 1.55156e+06 0
2.4427e+06 4.19843e+06 0
3.98007e+06 1.93587e+06 0
839717 4.44685e+06 0
4.26893e+06 1.42094e+06 0
600452 1.60634e+06 0
4.10062e+06 1.25599e+06 0
4.80819e+06 1.09539e+06 0
4.1409e+06 1.38073e+06 0
692160 1.40889e+06 0
573138 2.11341e+06 0
3.96481e+06 389645 0
376598 2.52342e+06 0
2.58065e+06 1.23745e+06 0
1.42003e+06 4.7235e+06 0
3.82809e+06 1.83813e+06 0
2.52556e+06 1.82768e+06 0
1.15574e+06 1.7159e+06 0
1.16031e+06 1.02237e+06 0
4.64156e+06 1.64815e+06 0
3.90988e+06 2.24593e+06 0
1.51112e+06 3.55892e+06 0
2.39235e+06 578326 0
611133 3.29051e+06 0
4.76836e+06 370647 0
2.24418e+06 43336.3 0
500961 2.72561e+06 0
2.26981e+06 1.45543e+06 0
3.52687e+06 838725 0
1.88208e+06 1.545e+06 0
1.48915e+06 3.06833e+06 0
1.96432e+06 3.26945e+06 0
1.19251e+06 1.95502e+06 0
3.43272e+06 1.56102e+06 0
2.93512e+06 305032 0
2.46986e+06 1.05197e+06 0
3.87295e+06 2.02597e+06 0
2.06015e+06 1.48885e+06 0
3.07459e+06 253533 0
3.72753e+06 1.87475e+06 0
3.42097e+06 667592 0
885952 2.61345e+06 0
3.00745e+06 1.22387e+06 0
2.70775e+06 1.17229e+06 0
1.20411e+06 1.75268e+06 0
4.9144e+06 2.47017e+06 0
2.03024e+06 4.65575e+06 0
1.39882e+06 892056 0
4.9997e+06 1.07456e+06 0
3.08328e+06 1.61847e+06 0
1.09272e+06 3.51985e+06 0
2.92001e+06 1.58956e+06 0
4.01303e+06 1.60405e+06 0
3.44035e+06 1.53409e+06 0
4.38063e+06 1.92373e+06 0
759606 9460.74 0
2.02368e+06 17700.7 0
1.44322e+06 892514 0
4.02127e+06 2.37152e+06 0
1.13895e+06 2.11493e+06 0
3.65368e+06 1.63144e+06 0
1.38569e+06 4.78591e+06 0
2.91742e+06 556352 0
3.49986e+06 1.84462e+06 0
3.76232e+06 520264 0
948668 787530 0
702841 793024 0
4.11802e+06 774407 0
4.96612e+06 651189 0
3.87539e+06 2.43767e+06 0
2.8254e+06 1.15223e+06 0
2.84188e+06 2.45941e+06 0
3.28303e+06 2.46017e+06 0
772271 560625 0
2.75292e+06 1.61542e+06 0
2.95556e+06 420469 0
1.90207e+06 4.37834e+06 0
3.03568e+06 1.05663e+06 0
2.30644e+06 4.22285e+06 0
4.167e+06 105670 0
3.07764e+06 1.54424e+06 0
4.90127e+06 1.70362e+06 0
116276 3.62697e+06 0
3.72127e+06 2.21954e+06 0
3.14936e+06 166478 0
3.62041e+06 1.19747e+06 0
3.20521e+06 1.36998e+06 0
639058 2.73095e+06 0
686361 1.82989e+06 0
2.76162e+06 601978 0
1.69362e+06 1.68691e+06 0
3.08023e+06 1678.52 0
2.75719e+06 462584 0
3.63506e+06 930128 0
1.63381e+06 925626 0
3.83114e+06 208136 0
4.32386e+06 204169 0
4.84436e+06 1.31748e+06 0
965148 3.37565e+06 0
3.91858e+06 766549 0
761284 4.95453e+06 0
4.962e+06 8926.66 0
3.59722e+06 1.08585e+06 0
4.34828e+06 2.05344e+06 0
3.50276e+06 2.09525e+06 0
3.32987e+06 657445 0
1.61626e+06 4.04309e+06 0
967589 2.4894e+06 0
3.8084e+06 693228 0
3.98572e+06 1.43544e+06 0
617695 3.31721e+06 0
2.45445e+06 667135 0
4.66033e+06 1.386e+06 0
2.71294e+06 1.95814e+06 0
3.16263e+06 774407 0
1.42994e+06 3.92148e+06 0
781579 2.47765e+06 0
2.21748e+06 1.04114e+06 0
360271 2.77367e+06 0
3.69701e+06 556352 0
1.78198e+06 3.10175e+06 0
427717 3.29234e+06 0
1.57476e+06 4.38734e+06 0
603351 2.59178e+06 0
3.4257e+06 950423 0
1.92084e+06 2.89529e+06 0
2.25745e+06 3.64971e+06 0
4.53063e+06 1.86705e+06 0
2.0275e+06 2.60735e+06 0
2.47307e+06 1.60314e+06 0
4.90356e+06 2.40646e+06 0
2.50664e+06 2.05023e+06 0
1.97134e+06 2.86966e+06 0
1.73589e+06 2.66839e+06 0
3.13425e+06 938063 0
2.94412e+06 1.11095e+06 0
1.35533e+06 2.31971e+06 0
4.03699e+06 1.7204e+06 0
3.90439e+06 982162 0
504013 1.01016e+06 0
760826 1.26362e+06 0
2.30506e+06 3.59004e+06 0
2.83349e+06 2.16575e+06 0
4.08414e+06 1.89642e+06 0
147557 4.99863e+06 0
121921 3.95367e+06 0
2.66335e+06 2.49519e+06 0
2.931e+06 486160 0
3.8728e+06 1.87681e+06 0
1.89749e+06 1.00894e+06 0
4.84024e+06 982925 0
880154 2.3133e+06 0
3.83557e+06 1.62847e+06 0
1.17023e+06 1.97165e+06 0
4.22147e+06 587252 0
3.71807e+06 2.42531e+06 0
746788 926237 0
2.03421e+06 517899 0
1.90741e+06 2.92734e+06 0
4.67071e+06 712760 0
3.52397e+06 1.34312e+06 0
3.68847e+06 1.56598e+06 0
1.19938e+06 4.06003e+06 0
3.01691e+06 2.42325e+06 0
1.80929e+06 409101 0
3.1135e+06 539415 0
1.6805e+06 685598 0
826594 2.67235e+06 0
1.61626e+06 4.98184e+06 0
872066 3.00256e+06 0
1.42354e+06 1.57476e+06 0
2.82464e+06 1.31222e+06 0
4.09772e+06 2.49817e+06 0
35096.3 3.14783e+06 0
2.32246e+06 2.15827e+06 0
4.37773e+06 1.81059e+06 0
2.44057e+06 1.06708e+06 0
3.23191e+06 104221 0
3.55007e+06 2.07839e+06 0
2.60918e+06 1.21868e+06 0
1.88574e+06 772118 0
2.82647e+06 900067 0
3.13898e+06 417264 0
636311 990478 0
2.87271e+06 2.10967e+06 0
4.21781e+06 2.27844e+06 0
2.6899e+06 1.43918e+06 0
4.93423e+06 2.12523e+06 0
2.30873e+06 237587 0
2.26615e+06 4.85504e+06 0
202948 4.90143e+06 0
823389 3.77422e+06 0
2.96319e+06 1.59703e+06 0
843837 160375 0
1.03458e+06 2.57195e+06 0
1.08402e+06 1.86682e+06 0
987884 434431 0
510270 1.00116e+06 0
1.98019e+06 367595 0
2.69326e+06 683004 0
1.56102e+06 350352 0
4.31394e+06 1.78236e+06 0
3.48064e+06 2.47726e+06 0
1.68874e+06 1.05274e+06 0
2.65648e+06 535218 0
1.71682e+06 2.92108e+06 0
4.95438e+06 2.09502e+06 0
1.15772e+06 1.68569e+06 0
1.93899e+06 4.7763e+06 0
646229 1.87063e+06 0
3.25434e+06 876492 0
2.34916e+06 2.66228e+06 0
1.78335e+06 2.64443e+06 0
2.67037e+06 208289 0
4.25077e+06 1.19846e+06 0
3.91263e+06 2.15148e+06 0
2.4189e+06 412610 0
1.29856e+06 861995 0
2.53716e+06 1.41453e+06 0
4.26145e+06 381100 0
3.19895e+06 2.28568e+06 0
3.40785e+06 1.76687e+06 0
4.26313e+06 1.6071e+06 0
2.06137e+06 3.56304e+06 0
1.99591e+06 4.17951e+06 0
3.79299e+06 1.5643e+06 0
3.09091e+06 2.15194e+06 0
4.84314e+06 378658 0
2.72027e+06 1.65334e+06 0
2.8428e+06 343638 0
4.27763e+06 94912.6 0
740837 1.71148e+06 0
964843 4.0997e+06 0
2.34092e+06 1.1916e+06 0
1.88223e+06 1.68355e+06 0
3.35658e+06 1.25782e+06 0
2.7752e+06 236290 0
4.39116e+06 893353 0
4.09772e+06 159688 0
4.74654e+06 1.00978e+06 0
1.54363e+06 2.425e+06 0
3.46858e+06 314722 0
1.70782e+06 2.98425e+06 0
1.53569e+06 3.49254e+06 0
3.0285e+06 490967 0
1.59536e+06 1.36036e+06 0
4.66964e+06 1.08531e+06 0
4.15616e+06 954238 0
3.49925e+06 1.88055e+06 0
1.64129e+06 3.20185e+06 0
1.81967e+06 1.85644e+06 0
4.20972e+06 928220 0
1.00558e+06 1.16352e+06 0
3.75011e+06 840327 0
3.70708e+06 2.00423e+06 0
4.95651e+06 537584 0
4.77264e+06 1.59566e+06 0
4.88922e+06 2.48772e+06 0
3.54976e+06 355312 0
4.92843e+06 2.30697e+06 0
2.71905e+06 943632 0
1.52669e+06 889157 0
1.31657e+06 1.91977e+06 0
4.6672e+06 2.3085e+06 0
2.10318e+06 4.40306e+06 0
431532 4.44792e+06 0
934782 3.84213e+06 0
1.58757e+06 733970 0
3.29188e+06 844600 0
2.59911e+06 560930 0
621815 2.93924e+06 0
2.96609e+06 578021 0
1.65471e+06 2.81228e+06 0
302133 674154 0
1.3422e+06 555590 0
2.05359e+06 4.27412e+06 0
2.584e+06 2.44804e+06 0
2.26722e+06 1.63335e+06 0
3.38969e+06 1.58673e+06 0
2.31437e+06 965606 0
4.63942e+06 1.84408e+06 0
1.97455e+06 1.39073e+06 0
1.09409e+06 3.29096e+06 0
4.78866e+06 1.25202e+06 0
816523 4.75097e+06 0
4.08399e+06 961486 0
653859 926542 0
3.58119e+06 2.04711e+06 0
2.9432e+06 139164 0
3.98618e+06 570238 0
1.09272e+06 747704 0
4.47508e+06 2.01598e+06 0
4.19721e+06 768838 0
478225 4.859e+06 0
3.34147e+06 2.41249e+06 0
1.66906e+06 3.49025e+06 0
4.75143e+06 967284 0
1.56438e+06 4.39802e+06 0
2.4453e+06 1.01001e+06 0
2.64168e+06 964232 0
544145 706198 0
3.3816e+06 2.40165e+06 0
2.89621e+06 970794 0
1.13895e+06 3.12815e+06 0
172582 2.23655e+06 0
2.25089e+06 3.69457e+06 0
2.0893e+06 4.67223e+06 0
3.28776e+06 926237 0
4.91302e+06 498978 0
4.85244e+06 368816 0
1.90527e+06 922727 0
1.83432e+06 1.13239e+06 0
1.86453e+06 2.11768e+06 0
1.52654e+06 2.74316e+06 0
3.41731e+06 1.48129e+06 0
3.50795e+06 87740.7 0
219733 2.56951e+06 0
2.70043e+06 2.1939e+06 0
4.72304e+06 55696.3 0
4.50774e+06 1.45146e+06 0
658437 2.98975e+06 0
3.4373e+06 2.28164e+06 0
1.90161e+06 869930 0
4.11786e+06 1.05365e+06 0
2.86752e+06 59434.8 0
1.11332e+06 3.34834e+06 0
3.09626e+06 336390 0
1.44414e+06 4.23994e+06 0
1.18488e+06 4.86831e+06 0
1.21784e+06 4.60631e+06 0
720084 267647 0
278634 4.81994e+06 0
3.37016e+06 505158 0
1.27979e+06 4.20804e+06 0
1.78961e+06 4.71954e+06 0
2.08716e+06 4.46928e+06 0
2.49779e+06 4.49706e+06 0
2.91787e+06 1.93991e+06 0
1.3805e+06 3.03888e+06 0
2.12272e+06 573595 0
1.97806e+06 3.399e+06 0
2.01636e+06 675069 0
4.21049e+06 1.71819e+06 0
3.66359e+06 2.28355e+06 0
3.70022e+06 1.73681e+06 0
2.02612e+06 2.07343e+06 0
4.34568e+06 2.10059e+06 0
377361 4.84191e+06 0
4.30296e+06 2.17788e+06 0
390637 1.70171e+06 0
3.03323e+06 102695 0
1.80837e+06 284585 0
4.56877e+06 686972 0
3.09626e+06 341655 0
4.65819e+06 16174.8 0
1.99118e+06 4.43556e+06 0
1.94296e+06 2.99264e+06 0
2.34779e+06 4.60936e+06 0
825220 3.73119e+06 0
1.18931e+06 273904 0
1.17908e+06 3.87753e+06 0
2.37068e+06 1.13712e+06 0
2.56615e+06 597476 0
758232 628529 0
3.10755e+06 1.79395e+06 0
3.33491e+06 1.60657e+06 0
671407 1.1652e+06 0
1.13315e+06 4.21247e+06 0
1.53066e+06 892209 0
3.40693e+06 1.4597e+06 0
4.14762e+06 430387 0
2.94336e+06 1.14147e+06 0
3.24229e+06 1.8553e+06 0
3.92544e+06 473876 0
1.79922e+06 1.23142e+06 0
1.24928e+06 927610 0
1.17161e+06 4.67986e+06 0
2.7018e+06 848033 0
1.93579e+06 2.837e+06 0
2.90689e+06 1.98676e+06 0
654012 2.34581e+06 0
445570 3.99213e+06 0
203711 2.35115e+06 0
2.05527e+06 1.52257e+06 0
3.82427e+06 1.48999e+06 0
316172 2.43996e+06 0
543687 4.69024e+06 0
3.73028e+06 2.05626e+06 0
2.1366e+06 3.01996e+06 0
598010 4.3939e+06 0
4.27244e+06 383770 0
602130 2.50069e+06 0
2.00934e+06 2.13645e+06 0
501114 2.55516e+06 0
2.28965e+06 871914 0
2.84021e+06 1.53783e+06 0
3.59432e+06 962401 0
4.0875e+06 1.59764e+06 0
410474 3.67153e+06 0
1.09912e+06 3.89096e+06 0
2.67159e+06 110553 0
2.32139e+06 2899.26 0
2.8222e+06 421613 0
2.63436e+06 663167 0
668355 1.04389e+06 0
3.24564e+06 1.7787e+06 0
3.66588e+06 1.16298e+06 0
538499 2.37251e+06 0
2.8045e+06 79958.5 0
281686 1.42567e+06 0
1.74444e+06 2.20008e+06 0
1.10614e+06 2.54112e+06 0
4.3611e+06 638142 0
3.65627e+06 1.94273e+06 0
3.35383e+06 95522.9 0
4.32096e+06 2.2e+06 0
75533.3 2.85653e+06 0
4.95117e+06 136341 0
3.24015e+06 1.89924e+06 0
2.46956e+06 1.73376e+06 0
1.66112e+06 562151 0
4.77981e+06 477004 0
3.68206e+06 524766 0
1.87979e+06 4.32844e+06 0
3.45103e+06 159383 0
3.58791e+06 2.46246e+06 0
1.69759e+06 3.87875e+06 0
2.7842e+06 1.6908e+06 0
1.1684e+06 2.00781e+06 0
578784 3.03171e+06 0
4.37635e+06 1.06548e+06 0
2.3075e+06 2.53807e+06 0
3.82092e+06 1.89138e+06 0
764946 1.81967e+06 0
2.33589e+06 3.19102e+06 0
580615 4.54955e+06 0
3.71944e+06 1.0052e+06 0
142827 3.00607e+06 0
1.30451e+06 2.23731e+06 0
4.97894e+06 1.77999e+06 0
4.62401e+06 918989 0
3.99487e+06 1.78831e+06 0
1.82836e+06 3.12067e+06 0
2.48497e+06 3.01553e+06 0
3.01187e+06 1.69172e+06 0
3.31355e+06 754494 0
2.10242e+06 4.86816e+06 0
177313 4.20011e+06 0
2.47307e+06 3.55266e+06 0
4.35423e+06 1.06044e+06 0
3.92895e+06 1.90611e+06 0
3.84396e+06 197531 0
1.22944e+06 3.48079e+06 0
1.30909e+06 41657.8 0
1.7983e+06 1.34465e+06 0
4.71969e+06 832545 0
2.77963e+06 799204 0
2.10929e+06 1.81051e+06 0
96591.1 2.2953e+06 0
4.35026e+06 133518 0
4.66781e+06 1.16153e+06 0
2.34993e+06 4.09925e+06 0
3.43776e+06 1.96806e+06 0
2.58034e+06 843455 0
378887 375530 0
2.34092e+06 2.55928e+06 0
120243 609302 0
3.66695e+06 649052 0
4.35835e+06 360729 0
2.2834e+06 1.29566e+06 0
3.70937e+06 1.99156e+06 0
517289 1.648e+06 0
155339 4.1377e+06 0
569323 2.96319e+06 0
2.74392e+06 1.96425e+06 0
2.05298e+06 367290 0
1.69408e+06 3.40342e+06 0
208594 4.48973e+06 0
3.56899e+06 12207.4 0
3.69701e+06 1.85301e+06 0
2.66701e+06 58442.9 0
3.37901e+06 1.71216e+06 0
1.29185e+06 3.68648e+06 0
988189 692312 0
4.05454e+06 1.06853e+06 0
4.10215e+06 2.45445e+06 0
3.86517e+06 460219 0
1.3187e+06 2.9191e+06 0
4.7705e+06 824610 0
4.04416e+06 2.13836e+06 0
4.29319e+06 350963 0
3.79772e+06 2.47658e+06 0
430006 3.85693e+06 0
1.44169e+06 274667 0
963927 3.97946e+06 0
2.23991e+06 370647 0
246284 1.29856e+06 0
3.15302e+06 1.95563e+06 0
1.10706e+06 3.30348e+06 0
1.27781e+06 3.41777e+06 0
2.04779e+06 3.78842e+06 0
4.83291e+06 1.46413e+06 0
2.37434e+06 3.081e+06 0
601215 1.2949e+06 0
424360 3.98297e+06 0
4.23399e+06 949965 0
2.54799e+06 226905 0
2.32002e+06 2.06748e+06 0
2.996e+06 1.78632e+06 0
2.63253e+06 1.47725e+06 0
2.37236e+06 1.80288e+06 0
1.45207e+06 3.20093e+06 0
4.80789e+06 49134.8 0
4.37925e+06 1.06098e+06 0
1.51051e+06 4.87655e+06 0
4.53703e+06 360424 0
849178 4.39238e+06 0
4.57472e+06 653630 0
2.62688e+06 772347 0
1.37425e+06 3.99854e+06 0
1.69881e+06 3.64483e+06 0
4.87075e+06 443892 0
3.59401e+06 589312 0
4.88693e+06 580004 0
2.29347e+06 95675.5 0
2.3954e+06 2.93527e+06 0
2.82434e+06 2.32681e+06 0
4.10855e+06 61265.9 0
3.82336e+06 175253 0
1.80471e+06 64546.6 0
2.7279e+06 1.98904e+06 0
298166 254219 0
3.75103e+06 161138 0
457472 4.90585e+06 0
1.29368e+06 2.54845e+06 0
1.17801e+06 4.65896e+06 0
3.95611e+06 398648 0
1.71697e+06 201422 0
1.79724e+06 1.0268e+06 0
3.296e+06 1.54324e+06 0
2.00522e+06 3.62758e+06 0
1.37608e+06 4.53017e+06 0
631733 3.84594e+06 0
2.51488e+06 234077 0
545976 3.54564e+06 0
2.20817e+06 3.65368e+06 0
3.26655e+06 668508 0
2.6252e+06 538346 0
4.8265e+06 303888 0
1.64281e+06 2.48924e+06 0
3.32759e+06 1.24241e+06 0
2.08396e+06 3.31172e+06 0
3.34025e+06 1.62961e+06 0
2.56752e+06 1.35411e+06 0
4.80575e+06 1.65273e+06 0
3.87707e+06 54322.9 0
1.59566e+06 2.02567e+06 0
2.25166e+06 957823 0
2.38777e+06 851009 0
3.50841e+06 2.48802e+06 0
4.01028e+06 1.91527e+06 0
4.3994e+06 1.35464e+06 0
4.91455e+06 1.41926e+06 0
112918 3.65352e+06 0
3.93048e+06 967360 0
4.3234e+06 865047 0
1.96173e+06 2.90307e+06 0
694754 1.39821e+06 0
1.77602e+06 1.50517e+06 0
2.24723e+06 181890 0
3.54808e+06 738777 0
2.49046e+06 894955 0
1.30985e+06 804315 0
4.73052e+06 2.17193e+06 0
2.96655e+06 1.14811e+06 0
3.45759e+06 395367 0
4.0318e+06 1.50388e+06 0
4.21949e+06 479217 0
2.74148e+06 2.2618e+06 0
887631 4.85565e+06 0
1.69897e+06 3.64513e+06 0
1.72277e+06 4.20652e+06 0
3.71136e+06 254143 0
3.14463e+06 883282 0
1.97012e+06 3.66619e+06 0
2.61315e+06 1.65128e+06 0
2.23487e+06 4.16257e+06 0
4.52818e+06 259865 0
2.1746e+06 3.13334e+06 0
551775 719321 0
523392 4.96475e+06 0
3.26197e+06 731910 0
1.20746e+06 536821 0
4.5407e+06 517212 0
98269.6 2.5898e+06 0
2.60674e+06 1.48038e+06 0
4.54939e+06 1.36853e+06 0
4.09635e+06 201575 0
3.37245e+06 1.08119e+06 0
98727.4 3.67107e+06 0
2.40974e+06 529801 0
2.55303e+06 828044 0
3.35734e+06 67903.7 0
4.91333e+06 231941 0
997498 4.83947e+06 0
3.48674e+06 11139.3 0
1.49541e+06 796228 0
3.35246e+06 976058 0
1.91565e+06 3.53343e+06 0
266427 4.47646e+06 0
3.61721e+06 1.69546e+06 0
2.45888e+06 2.65282e+06 0
4.68001e+06 1.93258e+06 0
3.73043e+06 2.3555e+06 0
4.02249e+06 2.44156e+06 0
1.75375e+06 2.77169e+06 0
2.36366e+06 539567 0
2.98624e+06 1.86766e+06 0
2.68822e+06 1.66486e+06 0
3.10007e+06 1.80708e+06 0
368053 4.40504e+06 0
4.33699e+06 548341 0
600452 1.88681e+06 0
3.69137e+06 1.80975e+06 0
3.31568e+06 884426 0
3.33186e+06 864818 0
3.21116e+06 1.7185e+06 0
2.16422e+06 21973.3 0
70345.2 4.34034e+06 0
4.94263e+06 213477 0
2.01987e+06 844142 0
2.83731e+06 567721 0
1.88223e+06 4.79537e+06 0
1.86285e+06 1.93838e+06 0
4.28159e+06 1.41606e+06 0
3.07428e+06 2.13187e+06 0
3.65642e+06 1.4845e+06 0
935698 1.69286e+06 0
837886 488601 0
3.77194e+06 2.11776e+06 0
3.34819e+06 1.33572e+06 0
2.70287e+06 1.07318e+06 0
2.07511e+06 4.39436e+06 0
2.97388e+06 1.28224e+06 0
4.48195e+06 2.06481e+06 0
4.0817e+06 2.37739e+06 0
2.00476e+06 2.37617e+06 0
2.60857e+06 1.11759e+06 0
1.79662e+06 2.05329e+06 0
4.16517e+06 1.28529e+06 0
472427 2.88736e+06 0
3.35246e+06 1.55614e+06 0
14038.5 4.32676e+06 0
3.14768e+06 1.73353e+06 0
3.48827e+06 2.00507e+06 0
2.61879e+06 1.48801e+06 0
734886 1.32527e+06 0
4.37696e+06 1.99225e+06 0
1.68462e+06 3.08527e+06 0
670186 4.18287e+06 0
2.45659e+06 856044 0
4.52803e+06 1.90176e+06 0
1.8984e+06 1.96585e+06 0
4.85763e+06 474944 0
3.71929e+06 1.86277e+06 0
1.90542e+06 842921 0
1.87735e+06 2.89621e+06 0
1.98294e+06 2.26524e+06 0
4.37422e+06 2.46483e+06 0
2.86859e+06 991012 0
3.11304e+06 7934.81 0
3.78811e+06 211798 0
4.9794e+06 235374 0
1.38218e+06 4.40825e+06 0
1.79693e+06 1.48869e+06 0
567186 186010 0
4.31806e+06 2.39982e+06 0
1.69271e+06 2.5895e+06 0
2.90277e+06 1.12781e+06 0
2.90628e+06 1.78251e+06 0
43946.7 3.88104e+06 0
4.12839e+06 436567 0
2.39418e+06 2.41554e+06 0
1.54515e+06 234840 0
2.45064e+06 3.88516e+06 0
4.02539e+06 853526 0
2.55562e+06 613575 0
366680 3.56685e+06 0
1.3657e+06 504624 0
3.77895e+06 2.2441e+06 0
450148 1.73956e+06 0
2.50969e+06 1.1446e+06 0
1.17084e+06 3.89584e+06 0
3.01859e+06 17319.3 0
4.50194e+06 522477 0
4.60707e+06 1.38615e+06 0
3.94604e+06 2.1221e+06 0
1.90909e+06 684530 0
4.20164e+06 579165 0
4.14945e+06 969573 0
738853 2.9574e+06 0
2.57622e+06 508515 0
2.94e+06 260399 0
4.9733e+06 400098 0
959807 4.48012e+06 0
3.65795e+06 2.10051e+06 0
3.96435e+06 564516 0
873745 3.61339e+06 0
4.90112e+06 1.86834e+06 0
2.97937e+06 1.98378e+06 0
4.46059e+06 644475 0
2.34413e+06 2.66961e+06 0
4.38154e+06 2.0983e+06 0
3.35444e+06 1.1037e+06 0
2.75994e+06 1.99706e+06 0
1.43773e+06 3.70281e+06 0
1.5154e+06 1.56636e+06 0
1.51082e+06 2.19382e+06 0
3.67183e+06 465255 0
4.75723e+06 962478 0
608539 3.10617e+06 0
141606 2.43019e+06 0
1.93976e+06 2.10501e+06 0
4.56725e+06 1.84324e+06 0
3.17606e+06 1.28521e+06 0
3.08039e+06 561235 0
3.82473e+06 549562 0
3.03278e+06 1.88055e+06 0
1.08783e+06 775170 0
3.6024e+06 638752 0
1.81066e+06 948363 0
4.58327e+06 1.62816e+06 0
2.83822e+06 894345 0
849788 1.42476e+06 0
2.43782e+06 645772 0
1.39958e+06 3.14829e+06 0
2.94e+06 2.37419e+06 0
4.38368e+06 982315 0
2.25898e+06 2.27088e+06 0
2.02826e+06 3.44218e+06 0
4.44411e+06 650884 0
1.85781e+06 2.14057e+06 0
1.9219e+06 3.74355e+06 0
3.1196e+06 1.47855e+06 0
4.58419e+06 1.83691e+06 0
4.82208e+06 1.31886e+06 0
3.37642e+06 1.10164e+06 0
4.29029e+06 2.36839e+06 0
3.5464e+06 1.67844e+06 0
2.64519e+06 1.90214e+06 0
205847 3.01279e+06 0
1.11255e+06 2.08365e+06 0
1.36357e+06 428327 0
4.56862e+06 2.25005e+06 0
1.08493e+06 4.38673e+06 0
1.22745e+06 220496 0
2.93497e+06 1.74581e+06 0
4.8796e+06 784402 0
1.36082e+06 2.64611e+06 0
3.58226e+06 1.78716e+06 0
1.17038e+06 242164 0
1.21372e+06 4.93652e+06 0
2.76131e+06 1.54836e+06 0
794244 3.68725e+06 0
3.26029e+06 1.82997e+06 0
980255 3.33216e+06 0
1.22562e+06 1.5334e+06 0
4.63973e+06 1.37547e+06 0
70040 3.82427e+06 0
912503 638142 0
2.86248e+06 684378 0
4.66567e+06 1.38401e+06 0
3.65978e+06 178304 0
4.74426e+06 1.4304e+06 0
3.0314e+06 693533 0
4.92981e+06 167852 0
2.92764e+06 243309 0
4.00937e+06 364238 0
3.55037e+06 2.0616e+06 0
3.86227e+06 1.02863e+06 0
2.38151e+06 2.743e+06 0
1.96951e+06 2.91528e+06 0
3.02728e+06 2.43324e+06 0
2.25517e+06 576037 0
4.0315e+06 635090 0
663015 4.88723e+06 0
317087 1.28971e+06 0
4.37544e+06 618534 0
2.4105e+06 770440 0
1.08188e+06 3.3758e+06 0
1.10462e+06 3.70312e+06 0
2.20237e+06 4.3704e+06 0
2.71874e+06 1.03465e+06 0
1.47176e+06 1.47542e+06 0
2.6101e+06 466552 0
2.79214e+06 1.60131e+06 0
2.09281e+06 3.30744e+06 0
3.75866e+06 2.18314e+06 0
1.42262e+06 1.82623e+06 0
3.76553e+06 1.19579e+06 0
4.00082e+06 878399 0
3.09854e+06 330668 0
4.45647e+06 1.18908e+06 0
1.92038e+06 2.18665e+06 0
760979 1.26255e+06 0
554064 4.37986e+06 0
3.03293e+06 1.7436e+06 0
4.97192e+06 1.6068e+06 0
4.18744e+06 154424 0
3.89538e+06 1.27224e+06 0
88198.5 4.33378e+06 0
1.41346e+06 1.88513e+06 0
4.35865e+06 355388 0
1.5247e+06 3.40403e+06 0
504776 1.38401e+06 0
3.50734e+06 717795 0
1.51234e+06 1.9306e+06 0
4.52879e+06 140538 0
4.56832e+06 1.50952e+06 0
3.39579e+06 1.7909e+06 0
1.06571e+06 1.0184e+06 0
1.85354e+06 1.04511e+06 0
4.55e+06 2.3941e+06 0
2.34077e+06 807062 0
1.75848e+06 3.18018e+06 0
3.60515e+06 1.60466e+06 0
4.41389e+06 143971 0
3.08679e+06 2.1366e+06 0
1.92389e+06 2.96747e+06 0
2.47581e+06 4.65392e+06 0
2.64794e+06 1.33351e+06 0
349284 2.35313e+06 0
3.88226e+06 547273 0
3.29493e+06 2.4868e+06 0
3.22245e+06 876949 0
4.42747e+06 2.39692e+06 0
1.46077e+06 1.88055e+06 0
703909 2.44987e+06 0
4.67071e+06 905637 0
2.9432e+06 1.2495e+06 0
638447 1.31428e+06 0
4.95819e+06 824915 0
2.29682e+06 4.91531e+06 0
703909 2.94107e+06 0
3.31553e+06 373470 0
851772 1.64724e+06 0
3.5078e+06 2.47925e+06 0
2.69112e+06 597629 0
4.20698e+06 604114 0
4.76928e+06 2.43568e+06 0
1.26972e+06 2.27989e+06 0
173193 1.60024e+06 0
863369 3.34696e+06 0
4.86053e+06 789438 0
691092 3.91842e+06 0
4.94461e+06 21515.5 0
1.81494e+06 2.99875e+06 0
4.34217e+06 2.4762e+06 0
3.7289e+06 2.24555e+06 0
1.68798e+06 1.86956e+06 0
2.84112e+06 1.18816e+06 0
2.92306e+06 910978 0
2.02078e+06 2.69814e+06 0
3.46355e+06 209510 0
1.36479e+06 1.88665e+06 0
1.35517e+06 4.0141e+06 0
2.84234e+06 1.72559e+06 0
321512 1.18503e+06 0
3.97198e+06 1.28613e+06 0
4.10962e+06 161367 0
3.18888e+06 313501 0
1.04114e+06 1.60009e+06 0
2.05664e+06 4.17692e+06 0
176244 4.10916e+06 0
1.98279e+06 447401 0
2.99326e+06 722907 0
590075 3.83786e+06 0
1.99179e+06 1.52196e+06 0
405133 481887 0
128788 3.88836e+06 0
15106.7 401929 0
2.48787e+06 346995 0
353252 4.27747e+06 0
4.09268e+06 1.06922e+06 0
1.26637e+06 4.3672e+06 0
268715 4.47905e+06 0
1.02222e+06 1.61153e+06 0
3.46095e+06 868252 0
3.91369e+06 1.7243e+06 0
2.91131e+06 2.00949e+06 0
3.61217e+06 2.18635e+06 0
1.10523e+06 3.46278e+06 0
2.43263e+06 3.77041e+06 0
3.39122e+06 498749 0
4.16028e+06 1.53111e+06 0
4.68047e+06 936308 0
598926 1.68172e+06 0
4.63317e+06 361187 0
4.49751e+06 1.96249e+06 0
237434 4.45647e+06 0
4.00754e+06 599384 0
2.18696e+06 3.75072e+06 0
1.33152e+06 1.70217e+06 0
3.96298e+06 712531 0
717032 2.07007e+06 0
28534.8 3.48689e+06 0
3.45256e+06 1.5054e+06 0
2.04108e+06 1.11988e+06 0
20294.8 3.46934e+06 0
4.48576e+06 2.20267e+06 0
2.06641e+06 347148 0
3.64284e+06 523927 0
4.3379e+06 1.65532e+06 0
1.28819e+06 898007 0
4.25077e+06 858180 0
2.03864e+06 4.54192e+06 0
4.23765e+06 1.5952e+06 0
744194 1.74749e+06 0
4.53764e+06 442671 0
3.8374e+06 1.52264e+06 0
1.57979e+06 3.95383e+06 0
1.04129e+06 223701 0
4.62035e+06 1.63137e+06 0
1.34861e+06 4.02326e+06 0
786157 1.88604e+06 0
4.67132e+06 2.40387e+06 0
1.18534e+06 2.40181e+06 0
3.07199e+06 2.24838e+06 0
3.23511e+06 264367 0
2.98196e+06 269097 0
1.86987e+06 2.1305e+06 0
2.30995e+06 203253 0
4.78027e+06 1.56079e+06 0
3.8522e+06 492645 0
4.34294e+06 2.15209e+06 0
3.90576e+06 191122 0
1.39531e+06 668050 0
2.49336e+06 847194 0
3.51299e+06 1.09264e+06 0
4.10733e+06 1.59215e+06 0
2.94427e+06 314035 0
374615 4.17386e+06 0
1.86026e+06 4.447e+06 0
3.55525e+06 853679 0
75075.5 1.23295e+06 0
2.27378e+06 3.2136e+06 0
2.89331e+06 2.40112e+06 0
3.39625e+06 328074 0
4.23994e+06 713981 0
1.45314e+06 2.88614e+06 0
2.73095e+06 1.12865e+06 0
4.52086e+06 1.81394e+06 0
838801 1.43803e+06 0
2.96045e+06 440535 0
4.80972e+06 995666 0
4.92782e+06 510804 0
489822 3.95962e+06 0
54170.4 3.37916e+06 0
2.71538e+06 929823 0
210730 3.57479e+06 0
3.42372e+06 488144 0
3.7553e+06 700400 0
1.14078e+06 4.52284e+06 0
2.17368e+06 1.5215e+06 0
2.00293e+06 1.20182e+06 0
521256 2.77856e+06 0
4.96704e+06 100177 0
566729 4.37986e+06 0
1.36647e+06 3.14463e+06 0
3.04926e+06 2.37754e+06 0
1.47053e+06 50660.7 0
2.95175e+06 679800 0
3.19956e+06 1.90024e+06 0
4.19965e+06 1.1024e+06 0
656148 173498 0
2.68853e+06 1.19991e+06 0
2.62764e+06 1.48404e+06 0
4.04828e+06 741524 0
3.71303e+06 619831 0
49897.8 4.82727e+06 0
3.23634e+06 1.59574e+06 0
61494.8 4.89715e+06 0
4.59685e+06 1.87254e+06 0
1.45878e+06 642262 0
216071 325175 0
397351 805384 0
4.73724e+06 1.94441e+06 0
1.85232e+06 4.429e+06 0
1.63121e+06 4.72732e+06 0
331278 4.33897e+06 0
869472 78127.4 0
169073 1.88986e+06 0
2.81503e+06 1.53676e+06 0
1.80654e+06 3.74966e+06 0
992157 56764.4 0
2.9635e+06 2.00346e+06 0
3.88867e+06 400555 0
1.11026e+06 2.38273e+06 0
3.44798e+06 1.82943e+06 0
1.14353e+06 1.82577e+06 0
406201 173498 0
4.67452e+06 637226 0
4.13221e+06 593738 0
4.83398e+06 933180 0
2.12409e+06 3.97259e+06 0
3.0015e+06 1.18763e+06 0
1.82333e+06 2.41966e+06 0
1.36479e+06 2.15842e+06 0
4.89547e+06 2.4073e+06 0
2.71493e+06 1.198e+06 0
1.64144e+06 1.23402e+06 0
1.38462e+06 3.90072e+06 0
689566 91860.7 0
1.73513e+06 2.28233e+06 0
1.62908e+06 865810 0
3.0987e+06 1.87346e+06 0
737022 2.53929e+06 0
2.5808e+06 1.15558e+06 0
2.45933e+06 4.785e+06 0
4.63225e+06 857723 0
1.79846e+06 1.42537e+06 0
3.79345e+06 1.40698e+06 0
266732 3.20002e+06 0
4.51903e+06 2.36267e+06 0
559557 4.36918e+06 0
4.48943e+06 262001 0
2.60537e+06 93844.4 0
314188 754875 0
1.15024e+06 4.78072e+06 0
2.03513e+06 549333 0
2.53014e+06 723289 0
333110 3.6285e+06 0
789819 4.92874e+06 0
2.84783e+06 1.98515e+06 0
804010 2.67556e+06 0
3.5139e+06 1.71278e+06 0
3.55602e+06 2.31552e+06 0
1.32145e+06 1.06174e+06 0
1.23051e+06 3.57784e+06 0
2.40638e+06 2.5164e+06 0
2.27912e+06 571154 0
1.87735e+06 141758 0
4.11008e+06 1.24523e+06 0
4.2851e+06 1.1111e+06 0
3.56288e+06 620365 0
4.14029e+06 1.02176e+06 0
2.8222e+06 818812 0
387280 99642.9 0
927152 2.50389e+06 0
1.23875e+06 212867 0
3.53282e+06 1.50494e+06 0
3.27723e+06 1.42613e+06 0
1.07929e+06 3.79055e+06 0
1.23142e+06 1.43132e+06 0
3.02637e+06 2.43385e+06 0
2.33284e+06 4.86435e+06 0
3.3076e+06 2.4559e+06 0
1.65731e+06 2.16376e+06 0
4.66247e+06 1.93541e+06 0
2.36061e+06 2.36137e+06 0
2.00064e+06 3.50169e+06 0
2.21198e+06 530717 0
2.4575e+06 2.83166e+06 0
332804 3.19605e+06 0
2.29286e+06 3.08374e+06 0
547655 3.90652e+06 0
3.29325e+06 2.04749e+06 0
251320 2.25761e+06 0
3.83297e+06 880840 0
1.20045e+06 2.14164e+06 0
2.24723e+06 3.54076e+06 0
1.13559e+06 2.5071e+06 0
2.67922e+06 768532 0
2.63924e+06 705054 0
1.0506e+06 213782 0
3.13608e+06 818735 0
1.31855e+06 3.24931e+06 0
2.4427e+06 3.68297e+06 0
4.66994e+06 788904 0
1.77236e+06 4.35926e+06 0
1.81173e+06 2.14286e+06 0
600146 1.82485e+06 0
1.01428e+06 4.39375e+06 0
296945 309763 0
2.06183e+06 4.05881e+06 0
936460 317850 0
3.76751e+06 611896 0
182806 2.5898e+06 0
209510 2.25044e+06 0
663778 1.60802e+06 0
3.34452e+06 1.2804e+06 0
4.73739e+06 960952 0
2.15262e+06 4.82559e+06 0
3.05658e+06 1.53935e+06 0
974151 4.58159e+06 0
839869 1.43681e+06 0
2.19031e+06 2.81259e+06 0
3.25282e+06 2.32398e+06 0
906095 2.52571e+06 0
3.80596e+06 1.04175e+06 0
1.79281e+06 3.85144e+06 0
2.17948e+06 1.99164e+06 0
742363 4.70077e+06 0
374462 3.66359e+06 0
1.49571e+06 1.51082e+06 0
3.60378e+06 195090 0
4.89486e+06 1.05464e+06 0
4.82238e+06 746101 0
919980 228889 0
4.30876e+06 2.1012e+06 0
1.16657e+06 3.70403e+06 0
3.20093e+06 1.84172e+06 0
1.9161e+06 880001 0
2.39341e+06 1.96173e+06 0
460372 2.26661e+06 0
701315 4.05911e+06 0
4.83367e+06 983230 0
3.69976e+06 1.05029e+06 0
4.60921e+06 455489 0
2.14148e+06 685293 0
2.91589e+06 716880 0
1.3625e+06 4.2964e+06 0
2.3336e+06 212867 0
579241 32349.6 0
4.81933e+06 2.05687e+06 0
3.48521e+06 722526 0
3.32453e+06 481735 0
4.05179e+06 879467 0
257881 4.78912e+06 0
3.94131e+06 1.12949e+06 0
449538 2.54814e+06 0
437483 4.12366e+06 0
3.77361e+06 943175 0
1.29948e+06 4.48882e+06 0
85299.2 1.95059e+06 0
445570 18921.5 0
1.62938e+06 1.79128e+06 0
874660 3.77163e+06 0
574053 3.38191e+06 0
3.7286e+06 1.81616e+06 0
1.82989e+06 3.79086e+06 0
4.90402e+06 1.55187e+06 0
3.80642e+06 1.76695e+06 0
3.12021e+06 1.36525e+06 0
2.26585e+06 639363 0
846889 2.93802e+06 0
4.92782e+06 1.22929e+06 0
2.00003e+06 1.57048e+06 0
1.98279e+06 4.75005e+06 0
2.81198e+06 953169 0
170293 71718.5 0
4.78072e+06 2.21709e+06 0
576800 10986.7 0
1.1066e+06 3.16813e+06 0
2.81106e+06 1.64121e+06 0
521104 4.78835e+06 0
713065 4.22742e+06 0
4.91379e+06 690939 0
2.25242e+06 3.74554e+06 0
4.66552e+06 35325.2 0
3.77102e+06 1.09355e+06 0
3.09198e+06 151906 0
1.23005e+06 1.2421e+06 0
3.90591e+06 1.04946e+06 0
3.61309e+06 2.17635e+06 0
3.1016e+06 504929 0
1.1449e+06 2.68303e+06 0
4.17112e+06 1.55332e+06 0
3.48048e+06 588626 0
3.05551e+06 371868 0
520341 1.73681e+06 0
1.73956e+06 2.40318e+06 0
1.01108e+06 3.04651e+06 0
1.89474e+06 2.38914e+06 0
1.58345e+06 4.0849e+06 0
2.47765e+06 3.65871e+06 0
1.386e+06 844600 0
2.68944e+06 2.28393e+06 0
4.97299e+06 1.64983e+06 0
4.20301e+06 1.40744e+06 0
3.59722e+06 1.07288e+06 0
4.0643e+06 1.18114e+06 0
2.57073e+06 1.17443e+06 0
2.17292e+06 1.61901e+06 0
4.84314e+06 1.51532e+06 0
4.75005e+06 1.83149e+06 0
3.45882e+06 361950 0
2.69768e+06 892743 0
3.04743e+06 263909 0
1.25828e+06 1.14124e+06 0
3.00211e+06 1.09745e+06 0
4.87838e+06 2.39006e+06 0
2.50481e+06 340205 0
3.68328e+06 2.4237e+06 0
54170.4 3.18781e+06 0
470595 2.22999e+06 0
2.64931e+06 1.11843e+06 0
4.62691e+06 216071 0
2.29057e+06 1.79022e+06 0
1.87323e+06 1.95975e+06 0
4.94934e+06 483871 0
1.24973e+06 2.99615e+06 0
4.66506e+06 1.18946e+06 0
3.2403e+06 2.32536e+06 0
2.92673e+06 2.30369e+06 0
446944 1.56041e+06 0
991699 874508 0
4.72045e+06 563143 0
302286 3.4196e+06 0
2.14911e+06 4.16593e+06 0
3.65276e+06 309915 0
4.81979e+06 131382 0
2.26478e+06 1.38997e+06 0
747704 3.59523e+06 0
1.42888e+06 3.88455e+06 0
890378 2.52358e+06 0
4.86465e+06 1.52081e+06 0
4.64599e+06 1.8601e+06 0
458388 3.99304e+06 0
2.74361e+06 2.05992e+06 0
2.53502e+06 438322 0
3.9349e+06 737480 0
3.31767e+06 1.53966e+06 0
4.38765e+06 897702 0
3.73501e+06 1.72147e+06 0
1.19373e+06 4.45372e+06 0
1.22868e+06 465255 0
3.89187e+06 1.61878e+06 0
4.72015e+06 2.01262e+06 0
416120 4.13251e+06 0
4.39131e+06 832545 0
1.37425e+06 3.11151e+06 0
1.4362e+06 4.96139e+06 0
4.06079e+06 2.35908e+06 0
439772 3.01355e+06 0
115055 4.72045e+06 0
4.53948e+06 1.29215e+06 0
3.22672e+06 1.30978e+06 0
1.02557e+06 1.92053e+06 0
795618 2.29148e+06 0
2.54021e+06 1.39401e+06 0
954772 1.54653e+06 0
1.52348e+06 2.74957e+06 0
3.86013e+06 1.94258e+06 0
3.07321e+06 1.1095e+06 0
3.65322e+06 1.61603e+06 0
3.86441e+06 1.66082e+06 0
5340.74 4.93088e+06 0
2.29209e+06 92623.7 0
647908 3.77926e+06 0
2.49138e+06 2.04444e+06 0
3.79376e+06 1.19327e+06 0
2.38853e+06 634785 0
1.85919e+06 634938 0
3.4434e+06 333110 0
390637 4.52498e+06 0
2.2367e+06 1.14841e+06 0
3.60179e+06 93615.5 0
1.56011e+06 2.65465e+06 0
428938 1.34236e+06 0
1.16321e+06 703909 0
2.51061e+06 493790 0
816065 2.20008e+06 0
2.99646e+06 297479 0
841853 4.45708e+06 0
2.59224e+06 1.29955e+06 0
2.77642e+06 1.9229e+06 0
1.74932e+06 4.4583e+06 0
312052 3.58913e+06 0
399945 68361.5 0
3.17911e+06 1.37028e+06 0
4.15082e+06 906171 0
4.12473e+06 436949 0
3.33491e+06 2.01224e+06 0
1.64235e+06 518510 0
3.83404e+06 576266 0
3.61064e+06 934553 0
1.07181e+06 1.39973e+06 0
4.49614e+06 901288 0
1.09027e+06 4.12397e+06 0
1.27598e+06 1.73269e+06 0
109714 1.77953e+06 0
739464 1.33351e+06 0
1.48289e+06 4.68184e+06 0
3.32118e+06 1.33198e+06 0
1.4478e+06 4.3733e+06 0
1.12308e+06 1.72353e+06 0
2.58477e+06 1.93838e+06 0
285348 1.97058e+06 0
1.386e+06 612659 0
355235 1.83584e+06 0
3.84198e+06 132527 0
816828 759606 0
451216 2.3748e+06 0
2.43446e+06 787683 0
4.56206e+06 471740 0
3.56655e+06 1.62687e+06 0
447554 828578 0
4.10657e+06 1.29017e+06 0
27161.5 3.20978e+06 0
2.20771e+06 1.73284e+06 0
4.63286e+06 454573 0
1.44642e+06 1.35197e+06 0
732902 1.84729e+06 0
3.5815e+06 1.05052e+06 0
1.01794e+06 1.41362e+06 0
4.56557e+06 1.1285e+06 0
4.75097e+06 1.01787e+06 0
3.96481e+06 38377 0
3.79467e+06 362712 0
443129 2.97021e+06 0
3.21726e+06 1.44307e+06 0
3.46644e+06 1.50525e+06 0
2.88476e+06 1.5804e+06 0
3.8844e+06 407498 0
3.94589e+06 800500 0
3.54564e+06 1.1626e+06 0
1.61626e+06 941801 0
1.60131e+06 518510 0
3.16706e+06 1.62961e+06 0
2.65648e+06 791726 0
2.52495e+06 897244 0
4.42076e+06 1.29452e+06 0
390332 1.22639e+06 0
18616.3 178228 0
1.27903e+06 2.17078e+06 0
2.61528e+06 1.16039e+06 0
1.39317e+06 3.1904e+06 0
2.51045e+06 1.32496e+06 0
3.73058e+06 548112 0
4.36171e+06 2.21137e+06 0
4.33393e+06 1.41034e+06 0
4.68932e+06 1.81349e+06 0
1.09104e+06 4.64354e+06 0
2.3217e+06 3.2725e+06 0
3.98968e+06 1.0271e+06 0
1.93579e+06 3.3932e+06 0
3.23252e+06 514466 0
3.34971e+06 1.89749e+06 0
4.12091e+06 2.0027e+06 0
1.72369e+06 4.07834e+06 0
112613 1.3358e+06 0
1.32481e+06 2.9667e+06 0
2.95846e+06 750374 0
3.01401e+06 737480 0
1.32633e+06 862148 0
3.1077e+06 972167 0
1.81722e+06 1.23997e+06 0
3.77483e+06 1.24004e+06 0
3.78094e+06 546281 0
2.62215e+06 1.90947e+06 0
1.83493e+06 3.58043e+06 0
1.62542e+06 3.16095e+06 0
2.49718e+06 2.29698e+06 0
3.06299e+06 997116 0
3.83435e+06 1.47351e+06 0
2.60659e+06 1.22326e+06 0
4.53505e+06 876263 0
2.2277e+06 4.19156e+06 0
1.31245e+06 3.86868e+06 0
3.07413e+06 722373 0
1.04434e+06 2.59133e+06 0
973388 2.0777e+06 0
1.5537e+06 2.63665e+06 0
4.71954e+06 1.69141e+06 0
2.44087e+06 3.27357e+06 0
4.79888e+06 759758 0
4.86801e+06 2.29583e+06 0
2.7131e+06 2.08708e+06 0
1.7069e+06 2.68471e+06 0
3.55174e+06 1.73132e+06 0
1.95349e+06 2.03223e+06 0
1.97501e+06 3.60988e+06 0
816675 858180 0
4.26038e+06 217444 0
4.38627e+06 1.37547e+06 0
1.56896e+06 2.1749e+06 0
288095 323191 0
2.09082e+06 3.67641e+06 0
3.23206e+06 2.09731e+06 0
2.2216e+06 3.48979e+06 0
1.85751e+06 3.07749e+06 0
4.42946e+06 446104 0
785394 3.24854e+06 0
1.96753e+06 2.37648e+06 0
4.28098e+06 1.5923e+06 0
3.08878e+06 2.3159e+06 0
433210 1.64769e+06 0
4.91852e+06 1.77534e+06 0
2.26005e+06 4.9971e+06 0
4.64095e+06 646382 0
4.64202e+06 1.00574e+06 0
3.15806e+06 468459 0
3.49254e+06 1.00162e+06 0
3.87356e+06 375225 0
1.07196e+06 4.50362e+06 0
1.76122e+06 2.61162e+06 0
3.84838e+06 650655 0
372326 1.61092e+06 0
1.81524e+06 4.11756e+06 0
1.93869e+06 1.36784e+06 0
669729 3.69533e+06 0
3.2281e+06 1.04495e+06 0
758690 3.58684e+06 0
2.30689e+06 907773 0
4.19813e+06 2.20962e+06 0
3.86868e+06 758690 0
4.073e+06 959883 0
3.28181e+06 1.32954e+06 0
2.12363e+06 4.48347e+06 0
2.01575e+06 2.46635e+06 0
3.82488e+06 1.78007e+06 0
4.59914e+06 1.60779e+06 0
2.26218e+06 2.6484e+06 0
4.7676e+06 1.75298e+06 0
4.71618e+06 1.58589e+06 0
958129 2.40425e+06 0
3.35505e+06 1.51097e+06 0
3.8049e+06 1.2907e+06 0
3.94711e+06 524537 0
792108 1.97668e+06 0
3.99533e+06 1.6406e+06 0
724052 1.01718e+06 0
4.20392e+06 2.0761e+06 0
3.16248e+06 2.46269e+06 0
4.67895e+06 1.76084e+06 0
493484 3.14631e+06 0
4.7731e+06 1.38348e+06 0
2.77749e+06 212333 0
2.97937e+06 364238 0
3.03613e+06 781960 0
778527 2.79031e+06 0
3.13822e+06 2.19901e+06 0
1.84957e+06 3.87539e+06 0
2.93558e+06 1.50349e+06 0
546129 3.6401e+06 0
2.80709e+06 354320 0
1.04755e+06 4.64599e+06 0
2.2689e+06 4.85687e+06 0
1.09073e+06 1.79067e+06 0
4.803e+06 1.48816e+06 0
1.68645e+06 3.78231e+06 0
1.56392e+06 2.2692e+06 0
1.7304e+06 4.93286e+06 0
4.12e+06 1.0094e+06 0
3.91095e+06 1.52875e+06 0
3.88058e+06 463881 0
824000 1.75848e+06 0
3.37275e+06 1.95898e+06 0
2.69784e+06 1.43658e+06 0
2.01773e+06 423292 0
635395 2.3719e+06 0
1.56575e+06 3.71136e+06 0
1.78182e+06 482040 0
3.8464e+06 1.62854e+06 0
320597 4.32402e+06 0
987732 4.70885e+06 0
706504 3.83587e+06 0
765252 4.47005e+06 0
2.04184e+06 4.27259e+06 0
2.23121e+06 3.43348e+06 0
5e+06 528657 0
4.28449e+06 948286 0
205390 267800 0
2.3368e+06 188604 0
4.47508e+06 269555 0
730461 2.04382e+06 0
3.82565e+06 2.33131e+06 0
1.06357e+06 248573 0
4.65651e+06 832545 0
4.08048e+06 797678 0
2.01193e+06 2.64672e+06 0
282601 675527 0
1.33e+06 1.15909e+06 0
1.91717e+06 4.53993e+06 0
2.58354e+06 703909 0
1.49709e+06 2.76086e+06 0
3.21986e+06 28229.6 0
4.51262e+06 2.46269e+06 0
3.80673e+06 2.45834e+06 0
1.48671e+06 91250.3 0
2.78787e+06 651494 0
2.03406e+06 237739 0
4.25825e+06 2.16842e+06 0
1.077e+06 2.24067e+06 0
160527 2.97662e+06 0
4.87686e+06 202567 0
814234 4.06003e+06 0
2.03436e+06 4.08612e+06 0
179296 2.13523e+06 0
2.12027e+06 2.42668e+06 0
4.76302e+06 1.6831e+06 0
2.08502e+06 749229 0
2.57607e+06 2.14484e+06 0
3.11121e+06 312967 0
1.04297e+06 3.70876e+06 0
3.05994e+06 1.5817e+06 0
274361 3.50124e+06 0
2.16987e+06 2.53075e+06 0
606708 1.62511e+06 0
2.16407e+06 4.26405e+06 0
815302 3.10404e+06 0
1.42201e+06 375988 0
908689 2.27104e+06 0
1.37135e+06 805536 0
907926 2.05344e+06 0
1.7568e+06 3.23389e+06 0
4.51903e+06 1.7906e+06 0
4.94354e+06 401547 0
4.10489e+06 948744 0
1.90786e+06 4.76623e+06 0
860927 1.05457e+06 0
75380.7 1.59825e+06 0
1.60375e+06 4.3759e+06 0
660421 1.60451e+06 0
1.07517e+06 3.16462e+06 0
663778 3.55113e+06 0
1.17252e+06 4.64171e+06 0
2.18452e+06 2.35405e+06 0
1.00726e+06 2.39341e+06 0
4.20286e+06 2.17803e+06 0
4.20072e+06 54628.1 0
4.49019e+06 1.11072e+06 0
2.32154e+06 1.89322e+06 0
1.80212e+06 3.98343e+06 0
873898 4.92737e+06 0
1.01093e+06 3.26991e+06 0
1.73849e+06 2.77108e+06 0
1.33305e+06 245979 0
3.47636e+06 37919.2 0
310068 297555 0
3.39946e+06 999176 0
3.69671e+06 2.49558e+06 0
2.81564e+06 2.04482e+06 0
3.91324e+06 1.17061e+06 0
4.35362e+06 473418 0
2.21946e+06 915098 0
2.77352e+06 2.20237e+06 0
2.26478e+06 4.8059e+06 0
3.17164e+06 2.27432e+06 0
171972 4.00693e+06 0
2.98196e+06 2.16628e+06 0
3.81039e+06 1.10889e+06 0
1.68447e+06 1.08066e+06 0
1.41423e+06 1.61275e+06 0
4.62401e+06 328074 0
2.20374e+06 1.6039e+06 0
4.84619e+06 1.28796e+06 0
4.16425e+06 564516 0
4.35896e+06 927152 0
1.63884e+06 1.49617e+06 0
3.72204e+06 428709 0
2.89331e+06 2.15873e+06 0
1.37394e+06 1.94754e+06 0
306558 1.5595e+06 0
1.60192e+06 4.1998e+06 0
3.34544e+06 1.12354e+06 0
2.55928e+06 2.48627e+06 0
1.97745e+06 2.846e+06 0
3.23939e+06 2.30644e+06 0
681478 860622 0
809351 77822.2 0
707877 3.67458e+06 0
2.21351e+06 752892 0
749077 2.16636e+06 0
1.4481e+06 2.24845e+06 0
3.67306e+06 566805 0
1.4185e+06 1.45741e+06 0
4.47752e+06 526521 0
1.78045e+06 3.65246e+06 0
2.12256e+06 3.21116e+06 0
1.67608e+06 4.9057e+06 0
395520 2.73339e+06 0
3.76736e+06 306558 0
464339 1.54775e+06 0
3.47438e+06 1.70141e+06 0
278481 808435 0
4.82696e+06 604190 0
3.47041e+06 2.40806e+06 0
1.83081e+06 3.79147e+06 0
2.91589e+06 480285 0
1.76046e+06 3.49132e+06 0
1.60863e+06 2.72439e+06 0
4.28037e+06 1.74276e+06 0
1.0062e+06 269021 0
2.80282e+06 2.16979e+06 0
4.50133e+06 322810 0
1.9892e+06 2.13126e+06 0
1.1774e+06 2.15171e+06 0
2.79839e+06 1.96348e+06 0
2.50511e+06 2.43591e+06 0
3.99258e+06 1.94624e+06 0
2.1305e+06 1.93091e+06 0
1.50182e+06 821406 0
1.42003e+06 3.49162e+06 0
4.5587e+06 179754 0
909452 3.02606e+06 0
3967.41 2.70791e+06 0
320292 2.8956e+06 0
3.67595e+06 2.04306e+06 0
2.29545e+06 3.76843e+06 0
282144 2.73598e+06 0
2.51198e+06 2.45239e+06 0
667135 2.74804e+06 0
1.32694e+06 4.84405e+06 0
2.87667e+06 745872 0
4.61425e+06 2.26188e+06 0
927915 3.92941e+06 0
3.94391e+06 1.17962e+06 0
2.69112e+06 2.2985e+06 0
3.76705e+06 1.66036e+06 0
788751 531785 0
756706 1.53233e+06 0
2.91833e+06 464873 0
2.9635e+06 1.71552e+06 0
504776 1.81051e+06 0
3.94208e+06 505005 0
2.09082e+06 1.4745e+06 0
4.50575e+06 1.09264e+06 0
367748 33570.4 0
2.26142e+06 2.80862e+06 0
4.25733e+06 1.89634e+06 0
1.58788e+06 2.36488e+06 0
4.94568e+06 1.38401e+06 0
4.20591e+06 1.4404e+06 0
2.28248e+06 2.12104e+06 0
3.00302e+06 1.53951e+06 0
444502 788904 0
4.26542e+06 1.15322e+06 0
4.27412e+06 1.54736e+06 0
974609 1.26988e+06 0
197913 1.6158e+06 0
2.32414e+06 4.10978e+06 0
3.13227e+06 1.0474e+06 0
2.11432e+06 3.84167e+06 0
3.27982e+06 1.83584e+06 0
1.17924e+06 700095 0
4.22636e+06 110019 0
1.50349e+06 413068 0
1.24226e+06 1.06845e+06 0
2.18543e+06 1.93899e+06 0
1.19526e+06 1.8862e+06 0
4.90051e+06 849101 0
2.98013e+06 2.00903e+06 0
4.02478e+06 1.91534e+06 0
4.8735e+06 1.52341e+06 0
4.07208e+06 1.75436e+06 0
2.71767e+06 2.43294e+06 0
4.60128e+06 1.41949e+06 0
341350 41963 0
251473 1.3834e+06 0
1.12293e+06 4.75234e+06 0
1.06006e+06 829188 0
2.10166e+06 4.07163e+06 0
719932 842616 0
4.54588e+06 448851 0
2.93252e+06 316858 0
2.37983e+06 1.29109e+06 0
3.51344e+06 1.63335e+06 0
2.38105e+06 4.51201e+06 0
3.40495e+06 1.12194e+06 0
2.54952e+06 1.76801e+06 0
254830 2.39906e+06 0
2.55715e+06 2.16498e+06 0
3.71395e+06 2.313e+06 0
2.68426e+06 2.33421e+06 0
2.11158e+06 1.47694e+06 0
148473 771966 0
664998 3.16309e+06 0
4.23231e+06 1.27514e+06 0
3.87692e+06 491882 0
4.11496e+06 364162 0
2.27866e+06 2.72134e+06 0
817744 1.64068e+06 0
1.17695e+06 2.02857e+06 0
2.16437e+06 2.97037e+06 0
1.55766e+06 1.34144e+06 0
2.16697e+06 1.21891e+06 0
803552 349895 0
3.74111e+06 2.09227e+06 0
3.38404e+06 2.27744e+06 0
1.15802e+06 4.2317e+06 0
4.17051e+06 472427 0
1.13895e+06 633106 0
4.53642e+06 162358 0
3.99792e+06 882900 0
3.89554e+06 1.6615e+06 0
3.7402e+06 219886 0
1.83615e+06 4.61409e+06 0
3.52214e+06 1.57308e+06 0
3.50795e+06 1.19236e+06 0
377972 1.49907e+06 0
3.41594e+06 1.28742e+06 0
621204 1.65838e+06 0
280160 4.92584e+06 0
4.82543e+06 5798.52 0
3.11487e+06 182958 0
3.79147e+06 448088 0
1.18519e+06 1.76595e+06 0
4.40825e+06 2.32246e+06 0
2.99753e+06 1.29704e+06 0
1.81021e+06 1.73391e+06 0
1.97821e+06 503098 0
1.74291e+06 1.31733e+06 0
3.99899e+06 190130 0
4.53719e+06 2.46254e+06 0
4.40367e+06 1.94594e+06 0
4.60143e+06 1.80494e+06 0
4.69375e+06 25711.8 0
1.83966e+06 4.32356e+06 0
1.52745e+06 3.84747e+06 0
3.89737e+06 1.90001e+06 0
3.19086e+06 1.22806e+06 0
644246 732597 0
1.19419e+06 1.07501e+06 0
4.80102e+06 2.26096e+06 0
2.15323e+06 2.90674e+06 0
111698 1.377e+06 0
2.60872e+06 161596 0
976135 1.05258e+06 0
1.94205e+06 1.7452e+06 0
4.9382e+06 305.185 0
1.04312e+06 1.26316e+06 0
1.9451e+06 4.22117e+06 0
1.88635e+06 535447 0
1.78045e+06 2.58919e+06 0
669729 4.99237e+06 0
3.5754e+06 1.97211e+06 0
4.67772e+06 1.93922e+06 0
3.80779e+06 1.85888e+06 0
516984 1.16352e+06 0
1.69347e+06 3.38588e+06 0
3.88958e+06 927305 0
3.37657e+06 1.76168e+06 0
3.55174e+06 369350 0
3.82382e+06 1.87178e+06 0
4.62188e+06 1.54492e+06 0
2.83181e+06 151677 0
3.88684e+06 2.18413e+06 0
4.05103e+06 2.32864e+06 0
2.27042e+06 3.44691e+06 0
3.43287e+06 1.86865e+06 0
2.11264e+06 1.39378e+06 0
1.00879e+06 245216 0
4.42228e+06 170980 0
2.40379e+06 3.73455e+06 0
3.75439e+06 2.23945e+06 0
3.99335e+06 382092 0
873440 2.68609e+06 0
3.10953e+06 2.45376e+06 0
853603 4.86114e+06 0
2.201e+06 4.89425e+06 0
1.77557e+06 1.45131e+06 0
3.35627e+06 834529 0
1.67592e+06 3.23237e+06 0
2.09204e+06 2.64885e+06 0
3.90393e+06 431074 0
1.81784e+06 3.9552e+06 0
3.54289e+06 620746 0
2.87896e+06 1.95532e+06 0
52491.8 212256 0
2.58629e+06 1.78617e+06 0
3.78842e+06 1.81242e+06 0
139164 2.59072e+06 0
1.5537e+06 1.30573e+06 0
2.84707e+06 585116 0
3.84167e+06 479064 0
2.55455e+06 707495 0
3.92239e+06 761666 0
3.68053e+06 1.92022e+06 0
1.4333e+06 3.03751e+06 0
1.77282e+06 2.33284e+06 0
625782 2.51396e+06 0
3.98755e+06 1.6686e+06 0
928373 2.88156e+06 0
397656 2.55364e+06 0
4.97833e+06 2.25562e+06 0
2.5399e+06 2.46338e+06 0
1.78243e+06 1.36128e+06 0
3.10114e+06 602817 0
159917 1.27445e+06 0
3.15683e+06 929518 0
124363 2.45415e+06 0
861843 1.62267e+06 0
2.36229e+06 655843 0
3.005e+06 232933 0
3.46278e+06 2.06099e+06 0
3.32881e+06 2.12638e+06 0
2.05664e+06 791192 0
4.02478e+06 441679 0
3.51848e+06 2.40799e+06 0
4.3086e+06 97048.9 0
3.39e+06 958205 0
2.4807e+06 3.39946e+06 0
2.18116e+06 604724 0
380261 355235 0
1.70324e+06 3.80917e+06 0
1.63778e+06 426801 0
591906 2.92917e+06 0
2.63237e+06 120014 0
4.17631e+06 1.92755e+06 0
2.56157e+06 2.05023e+06 0
1.34968e+06 1.98004e+06 0
1.52669e+06 357677 0
3.59798e+06 369579 0
3.04437e+06 2.25013e+06 0
3.84365e+06 351573 0
4.88632e+06 1.12911e+06 0
259560 3.76247e+06 0
4.65621e+06 1.74932e+06 0
2.71035e+06 2.21389e+06 0
4.00922e+06 96057 0
1.97562e+06 2.78314e+06 0
2.92001e+06 2.11676e+06 0
4.41527e+06 559938 0
2.90628e+06 1.6982e+06 0
2.22724e+06 3.78307e+06 0
612964 1.20533e+06 0
1.96036e+06 2.26249e+06 0
664693 4.00372e+06 0
1.43239e+06 59053.3 0
4.19202e+06 500275 0
2.71569e+06 2.1791e+06 0
1.93655e+06 578021 0
1.34037e+06 4.03974e+06 0
3.34468e+06 1.81936e+06 0
4.37696e+06 529344 0
551317 2.27516e+06 0
2.55089e+06 2.36297e+06 0
3.66482e+06 2.27248e+06 0
4.04691e+06 459532 0
1.25492e+06 3.62712e+06 0
158849 758538 0
2.45354e+06 2.14805e+06 0
442366 775780 0
4.57244e+06 2.47627e+06 0
2.52449e+06 2.05435e+06 0
2.64473e+06 551698 0
4.22773e+06 2.37579e+06 0
4.7969e+06 1.69622e+06 0
3.1666e+06 2.19741e+06 0
4.85626e+06 569933 0
1.46931e+06 3.88302e+06 0
1.10187e+06 4.56938e+06 0
783410 3.82336e+06 0
2.56493e+06 766472 0
220191 1.37593e+06 0
1.78121e+06 4.87365e+06 0
2.39616e+06 2.75643e+06 0
408490 1.20212e+06 0
225074 3.48369e+06 0
1.61e+06 4.37239e+06 0
4.61928e+06 450987 0
610675 4.43403e+06 0
753807 1.01047e+06 0
2.33512e+06 345622 0
3.05414e+06 2.06534e+06 0
2.53151e+06 1.11469e+06 0
1.55736e+06 1.44154e+06 0
1.28712e+06 1.44612e+06 0
4.80956e+06 958739 0
344096 4.27625e+06 0
1.95044e+06 1.69561e+06 0
3.11914e+06 1.24203e+06 0
4.14548e+06 203864 0
3.83496e+06 773797 0
3.01859e+06 752510 0
4.66979e+06 2.41897e+06 0
1.24332e+06 1.10889e+06 0
2.32948e+06 4.52376e+06 0
2.94961e+06 1.20945e+06 0
2.95144e+06 1.24462e+06 0
4.0997e+06 103305 0
1.74322e+06 2.03986e+06 0
491348 2.43217e+06 0
1.26438e+06 3.68297e+06 0
3.54625e+06 1.75329e+06 0
4.75768e+06 379650 0
1.53356e+06 1.23981e+06 0
3.4341e+06 1.60619e+06 0
1.39424e+06 1.99988e+06 0
4.12046e+06 135273 0
3.81405e+06 557878 0
1.1742e+06 329447 0
1.70461e+06 3.05628e+06 0
4.07178e+06 1.90519e+06 0
4.75188e+06 1.70797e+06 0
4.57671e+06 1.14002e+06 0
181433 2.23838e+06 0
4.89486e+06 2.30552e+06 0
2.40394e+06 708335 0
722526 3.4637e+06 0
1.69195e+06 745109 0
591754 2.87317e+06 0
4.54695e+06 2.26325e+06 0
422376 219123 0
911435 3.47667e+06 0
4.68444e+06 1.6818e+06 0
884274 3.74767e+06 0
3.07825e+06 617161 0
1.09241e+06 2.72637e+06 0
4.13968e+06 1.81898e+06 0
3.37855e+06 1.79899e+06 0
4.67269e+06 1.79098e+06 0
958892 2.49733e+06 0
1.42109e+06 2.88797e+06 0
4.70824e+06 140156 0
3.88134e+06 2.18925e+06 0
4.72686e+06 1.72201e+06 0
4.6643e+06 707266 0
4.84939e+06 614643 0
1.31199e+06 3.07092e+06 0
247047 3.43745e+06 0
977050 725120 0
783410 988647 0
1.86728e+06 4.34584e+06 0
276803 3.7582e+06 0
2.8663e+06 2.12844e+06 0
4.32905e+06 1.35838e+06 0
233009 1.66433e+06 0
1.87292e+06 911588 0
2.78817e+06 1.86148e+06 0
3.09854e+06 157170 0
4.49217e+06 711844 0
3.9114e+06 2.03513e+06 0
823695 1.08722e+06 0
4.58052e+06 589389 0
2.86203e+06 1.37036e+06 0
2.73232e+06 1.56934e+06 0
480209 1.16047e+06 0
3.34666e+06 2.29186e+06 0
3.55815e+06 1.43147e+06 0
909604 2.44697e+06 0
2.61635e+06 2.41165e+06 0
1.38371e+06 681173 0
2.78268e+06 1.60184e+06 0
4.14518e+06 32731.1 0
2.49321e+06 2.87378e+06 0
1.55095e+06 132756 0
837428 1.00177e+06 0
1.28803e+06 2.74697e+06 0
4.95071e+06 250328 0
4.16166e+06 2.18093e+06 0
1.36235e+06 1.60756e+06 0
2.47993e+06 1.49266e+06 0
2.70684e+06 1.19022e+06 0
1.69012e+06 1.43284e+06 0
3.69869e+06 695898 0
423597 2.74422e+06 0
2.78527e+06 1.70003e+06 0
1.60451e+06 2.55577e+06 0
3.37703e+06 640965 0
4.77889e+06 99642.9 0
1.06494e+06 4730.37 0
2.32261e+06 4.21445e+06 0
730766 921812 0
4.68047e+06 1.12697e+06 0
4.95621e+06 1.08539e+06 0
2.29514e+06 920591 0
2.63512e+06 1.72842e+06 0
4.38353e+06 33951.8 0
4.20118e+06 501267 0
2.21198e+06 3.59325e+06 0
2.36869e+06 944090 0
2.03299e+06 1.25736e+06 0
4.80041e+06 978195 0
334178 3.56136e+06 0
2.60353e+06 193869 0
1.55843e+06 4.20988e+06 0
1.06311e+06 3.68664e+06 0
951720 2.19428e+06 0
1.51738e+06 398572 0
2.69311e+06 1.51341e+06 0
782800 2.51961e+06 0
964690 1.15482e+06 0
2.03253e+06 3.48033e+06 0
4.11817e+06 1.54477e+06 0
3.53847e+06 1.27537e+06 0
4.5909e+06 1.639e+06 0
4.17844e+06 1.96921e+06 0
4.73312e+06 1.12529e+06 0
2.11982e+06 1.36723e+06 0
1.19724e+06 4.07529e+06 0
580462 1.41575e+06 0
3.04971e+06 1.32504e+06 0
2.07877e+06 1.39592e+06 0
1.25782e+06 3.8638e+06 0
73397 53712.6 0
4.71206e+06 1.57888e+06 0
4.40474e+06 937758 0
435041 519425 0
4.43907e+06 1.63793e+06 0
3.14005e+06 1.21914e+06 0
1.32542e+06 1.45451e+06 0
1.78701e+06 2.85638e+06 0
3.26991e+06 2.09937e+06 0
3.30027e+06 1.32191e+06 0
232856 1.41423e+06 0
1.09912e+06 4.63103e+06 0
1.95776e+06 1.66723e+06 0
3.59951e+06 1.86468e+06 0
734123 4.51598e+06 0
341960 4.1702e+06 0
2.80618e+06 957366 0
904416 3.39503e+06 0
4.82696e+06 2.23663e+06 0
4.25275e+06 2.31307e+06 0
4.26969e+06 423750 0
3.68709e+06 1.32588e+06 0
200201 1.05045e+06 0
41963 4.85427e+06 0
3.31629e+06 978042 0
3.29264e+06 1.00681e+06 0
1.66066e+06 785241 0
226600 917997 0
916013 4.84939e+06 0
3.33583e+06 1.65647e+06 0
683004 3.33583e+06 0
3.58608e+06 1.60871e+06 0
654469 4.41542e+06 0
2.219e+06 2.14301e+06 0
3.08573e+06 1.72674e+06 0
4.24467e+06 2.12134e+06 0
471053 605792 0
3.77773e+06 461745 0
4.832e+06 1.79044e+06 0
3.87844e+06 976669 0
2.52159e+06 1.92373e+06 0
1.04923e+06 2.59255e+06 0
955077 2.07419e+06 0
2.04764e+06 3.78262e+06 0
1.16749e+06 1.07562e+06 0
3.16843e+06 2.46139e+06 0
2.6101e+06 1.02557e+06 0
4.65346e+06 632725 0
4.08841e+06 1.19778e+06 0
385296 462508 0
2.24891e+06 863369 0
519578 293130 0
1.52104e+06 3.36741e+06 0
2.21213e+06 2.10334e+06 0
1.92084e+06 194098 0
1.10034e+06 1.99179e+06 0
3.62178e+06 1.45795e+06 0
3.6906e+06 2.13485e+06 0
4.69924e+06 890530 0
3.31172e+06 2.11341e+06 0
955535 1.86575e+06 0
4.78774e+06 2.36831e+06 0
4.23154e+06 1.88192e+06 0
488601 3.73058e+06 0
3.10907e+06 1.05098e+06 0
2.91452e+06 1.03549e+06 0
2.41508e+06 2.65648e+06 0
1.46764e+06 3.858e+06 0
428480 1.35517e+06 0
3.57173e+06 1.84874e+06 0
198828 945616 0
2.7929e+06 1.48206e+06 0
3.88348e+06 1.80548e+06 0
4.11817e+06 2.29507e+06 0
1.50761e+06 312662 0
4.04904e+06 1.70438e+06 0
3.05506e+06 72862.9 0
665456 1.58879e+06 0
294198 481735 0
1.31764e+06 1.18503e+06 0
2.24891e+06 1.18702e+06 0
3.0987e+06 1.67066e+06 0
714591 3.69228e+06 0
3.75973e+06 586718 0
4.73388e+06 1.59909e+06 0
3.21894e+06 433973 0
428632 4.79644e+06 0
3.32255e+06 1.51036e+06 0
104831 1.78823e+06 0
1.01459e+06 3.75515e+06 0
2.02612e+06 1.98172e+06 0
2.57149e+06 1.32183e+06 0
4.77172e+06 123981 0
4.05545e+06 984985 0
2.57729e+06 1.5598e+06 0
647298 4.35804e+06 0
571612 3.70968e+06 0
11139.3 3.30302e+06 0
1.30894e+06 2.73675e+06 0
2.3484e+06 3.63292e+06 0
1.50853e+06 3.93185e+06 0
2.29759e+06 1.43376e+06 0
404828 4.61379e+06 0
336924 468612 0
3.61538e+06 2.35496e+06 0
3.84457e+06 2.31124e+06 0
3.93185e+06 3509.63 0
472121 3.4022e+06 0
2.94259e+06 1.45558e+06 0
3.99167e+06 13275.6 0
4.89044e+06 748695 0
266121 4.13434e+06 0
1.67226e+06 134892 0
3.50703e+06 1.82104e+06 0
390484 2.46178e+06 0
467086 2.78497e+06 0
2.35542e+06 4.99786e+06 0
2.73263e+06 434736 0
4.95254e+06 1.0857e+06 0
4.76531e+06 1.88559e+06 0
275277 1.04389e+06 0
2.85287e+06 1.35311e+06 0
1.93274e+06 1.51402e+06 0
2.6252e+06 1.15581e+06 0
3.93643e+06 139775 0
289621 2.56172e+06 0
3.07443e+06 2.17124e+06 0
243690 1.55507e+06 0
3.67718e+06 1.16703e+06 0
4.22208e+06 1.85018e+06 0
1.1832e+06 4.44609e+06 0
4.63103e+06 167470 0
3.40846e+06 2.1221e+06 0
2.23045e+06 2.30644e+06 0
928373 3.14936e+06 0
817286 1.54729e+06 0
476699 864895 0
4.06644e+06 588092 0
2.76849e+06 1.26705e+06 0
2.18635e+06 1.15528e+06 0
3.65261e+06 452284 0
3.54671e+06 2.01743e+06 0
1678.52 4.28739e+06 0
3.93094e+06 1.40904e+06 0
4.2436e+06 1.79235e+06 0
3.57356e+06 238121 0
3.94223e+06 2.08693e+06 0
4.63607e+06 1.57239e+06 0
332957 924711 0
4.2787e+06 765862 0
2.22053e+06 2.1337e+06 0
984832 2.57286e+06 0
4.14289e+06 326853 0
4.29289e+06 429624 0
209662 3.005e+06 0
592059 1.87292e+06 0
2.52205e+06 2.37182e+06 0
140690 1.56087e+06 0
575884 2.87179e+06 0
2.95968e+06 2.13851e+06 0
560320 3.57067e+06 0
3.76003e+06 1.81227e+06 0
953703 1.03626e+06 0
3.55953e+06 1.61596e+06 0
3.3256e+06 350124 0
3.146e+06 994598 0
4.74822e+06 1.30848e+06 0
1.04053e+06 779900 0
727714 3.29707e+06 0
1.12156e+06 237739 0
58595.5 1.77068e+06 0
2.56066e+06 780358 0
507065 3.15989e+06 0
2.23136e+06 4.91226e+06 0
1.73177e+06 540941 0
2.24342e+06 2.44148e+06 0
4.34736e+06 1.69111e+06 0
2.76101e+06 227744 0
1.53569e+06 3.33048e+06 0
2.7604e+06 1.38531e+06 0
2.11386e+06 637226 0
3.88256e+06 2.38937e+06 0
1.46138e+06 1.99774e+06 0
38300.7 256203 0
4.2172e+06 1.54408e+06 0
2.92276e+06 225303 0
148320 1.58147e+06 0
1.09119e+06 2.47063e+06 0
2.10105e+06 3.92315e+06 0
2.75903e+06 758156 0
2.43553e+06 1.64708e+06 0
4.97665e+06 1.9892e+06 0
1.85583e+06 515305 0
4.33775e+06 468307 0
2.03696e+06 3.25953e+06 0
1.87826e+06 4.09131e+06 0
957060 4.2085e+06 0
2.31941e+06 3.65612e+06 0
2.3423e+06 1.58101e+06 0
313425 246590 0
3.12799e+06 363323 0
3.84808e+06 146565 0
343486 4.09406e+06 0
2.46437e+06 2.01102e+06 0
1.32847e+06 1.2096e+06 0
445875 1.45756e+06 0
3.6845e+06 2.22404e+06 0
2.63512e+06 354854 0
3.86853e+06 1.93648e+06 0
3.03232e+06 1.34548e+06 0
837275 1.93335e+06 0
3.8345e+06 2.34016e+06 0
3.64544e+06 646611 0
69277 33875.5 0
4.40382e+06 789056 0
2.48238e+06 151219 0
508133 3.31812e+06 0
3.83038e+06 608386 0
2.5396e+06 2.43538e+06 0
1.24165e+06 2.74682e+06 0
1.74551e+06 601520 0
4.79507e+06 1.23829e+06 0
3.50688e+06 553987 0
4.9762e+06 2.30735e+06 0
698569 3.76385e+06 0
4.16837e+06 499054 0
3.34849e+06 2.1839e+06 0
4.83139e+06 1.09027e+06 0
3.50032e+06 1.58849e+06 0
4.5262e+06 1.49037e+06 0
1.68981e+06 1.10614e+06 0
442518 4.52757e+06 0
3.93719e+06 2.18734e+06 0
3.58379e+06 1.16451e+06 0
663778 3.38069e+06 0
266427 2.39876e+06 0
1.4391e+06 4.0875e+06 0
1.09073e+06 4.97009e+06 0
1.9628e+06 2.69768e+06 0
37843 2.82785e+06 0
2.19153e+06 1.90298e+06 0
3.85052e+06 1.89703e+06 0
2.01285e+06 4.48485e+06 0
4.35255e+06 2.19558e+06 0
3.37458e+06 1.2756e+06 0
3.86486e+06 2.11074e+06 0
275887 3.18903e+06 0
1.37318e+06 3.08817e+06 0
525529 3.8142e+06 0
4.60372e+06 196921 0
674459 2.99936e+06 0
662709 3.84442e+06 0
3.02774e+06 30900 0
398724 1.99072e+06 0
1.14322e+06 4.19385e+06 0
4.13999e+06 1.32038e+06 0
2.72347e+06 705817 0
3.96481e+06 835215 0
1.30451e+06 112766 0
162816 4.2674e+06 0
652333 3.5139e+06 0
2.04169e+06 3.137e+06 0
3.26884e+06 2.37838e+06 0
734428 702536 0
1.91519e+06 2.96152e+06 0
4.16654e+06 2.41577e+06 0
560778 1.00787e+06 0
1.83615e+06 116581 0
3.661e+06 1.66311e+06 0
4.56633e+06 2.12401e+06 0
170598 4.47951e+06 0
1.8833e+06 1.50075e+06 0
1.20151e+06 1.81768e+06 0
2.17826e+06 2.87576e+06 0
2.72851e+06 1.49327e+06 0
3.30851e+06 2.46048e+06 0
2.24891e+06 1.56911e+06 0
3.79437e+06 882443 0
806452 1.6451e+06 0
2.26783e+06 2.39662e+06 0
4.27915e+06 2.27363e+06 0
330210 2.71828e+06 0
343791 3.59447e+06 0
1.47328e+06 4.40565e+06 0
19837 87435.5 0
1.2212e+06 107425 0
198218 1.34388e+06 0
1.14978e+06 2.01178e+06 0
1.06479e+06 4.05484e+06 0
1.9396e+06 3.31462e+06 0
4.82116e+06 1.87338e+06 0
3.11686e+06 2.30972e+06 0
4.61089e+06 1.81372e+06 0
4.64141e+06 2.39944e+06 0
57832.6 3.59706e+06 0
2.996e+06 1.67608e+06 0
3.32179e+06 1.35411e+06 0
1.93411e+06 3.78689e+06 0
2.07556e+06 852535 0
542466 57069.6 0
3.3166e+06 1.47969e+06 0
3.773e+06 295267 0
4.41145e+06 741371 0
3.10297e+06 966826 0
283059 462966 0
2.47856e+06 1.54775e+06 0
3.14997e+06 970260 0
2.19657e+06 1.78686e+06 0
3.71578e+06 1.50266e+06 0
882900 4.58846e+06 0
223853 4.26099e+06 0
3.22275e+06 1.95357e+06 0
4.27854e+06 1.49388e+06 0
3.59844e+06 213096 0
4.83902e+06 891446 0
3.29279e+06 286721 0
4.29456e+06 480819 0
1.41224e+06 4.37574e+06 0
3.0256e+06 248878 0
2.18726e+06 4.18287e+06 0
1.35777e+06 4.78881e+06 0
3.80612e+06 1.89612e+06 0
314035 1.0213e+06 0
1.43757e+06 3814.81 0
72634.1 4.42579e+06 0
4.60051e+06 569857 0
2.53578e+06 595798 0
1.5334e+06 4.55611e+06 0
1.91656e+06 2.33528e+06 0
724662 2.68166e+06 0
4.74883e+06 2.14591e+06 0
2.25471e+06 4.61303e+06 0
3.22825e+06 2.26012e+06 0
4.11115e+06 1.39836e+06 0
3.28852e+06 1.44864e+06 0
1.12842e+06 1.83172e+06 0
1.32115e+06 2.18452e+06 0
1.71422e+06 3.92132e+06 0
943480 3.34895e+06 0
10834.1 3.00699e+06 0
3.72204e+06 2.00896e+06 0
3.65642e+06 1.05777e+06 0
256661 850551 0
4.79461e+06 474715 0
533616 4.10657e+06 0
4.49583e+06 1.62717e+06 0
4.95071e+06 95904.4 0
3.2403e+06 495087 0
4.9237e+06 233619 0
2.62246e+06 2.4221e+06 0
4.47859e+06 1.04755e+06 0
933866 3.10907e+06 0
1.73696e+06 4.20927e+06 0
2.77688e+06 1.73223e+06 0
1.69958e+06 188757 0
369121 4.68886e+06 0
4.23536e+06 2.15865e+06 0
1.69439e+06 2.83395e+06 0
3.68084e+06 1.80258e+06 0
3.15378e+06 1.94723e+06 0
3.95947e+06 1.53172e+06 0
1.87597e+06 2.50191e+06 0
621662 202185 0
341960 3.67641e+06 0
3.71792e+06 1.02077e+06 0
3.48109e+06 1.08242e+06 0
2.90551e+06 206000 0
891598 1.39973e+06 0
3.70022e+06 1.91397e+06 0
4.34843e+06 803781 0
1.27506e+06 1.71346e+06 0
3.2458e+06 2.04932e+06 0
715201 4.26527e+06 0
3.1399e+06 635090 0
133518 3.7289e+06 0
39979.2 4.35408e+06 0
554216 374157 0
610370 3.43867e+06 0
3.97015e+06 1.97409e+06 0
934629 1.79861e+06 0
3.47957e+06 1.94395e+06 0
4.00235e+06 2.03093e+06 0
1.91061e+06 4.07514e+06 0
3.57143e+06 122684 0
2.83715e+06 205924 0
4.56496e+06 96362.2 0
393689 2.00095e+06 0
2.65572e+06 220801 0
1.79586e+06 4.20988e+06 0
3.1988e+06 1.52753e+06 0
3.97168e+06 2.20092e+06 0
2.16346e+06 3.44752e+06 0
3.21024e+06 1.8067e+06 0
4.2259e+06 867107 0
4.23536e+06 2.48054e+06 0
673391 4.64034e+06 0
2.60811e+06 1.02847e+06 0
2.28324e+06 2.49413e+06 0
1.86605e+06 3.21696e+06 0
4.82406e+06 1.67165e+06 0
4.30525e+06 2.36946e+06 0
2.34367e+06 3.71822e+06 0
1.81066e+06 4.03623e+06 0
895108 3.07932e+06 0
642567 905332 0
2.85882e+06 738090 0
1.58284e+06 2.71004e+06 0
4.51582e+06 1.22524e+06 0
4.35011e+06 880764 0
2.02994e+06 715506 0
2.68807e+06 339290 0
3.49544e+06 820566 0
4.03455e+06 2.00324e+06 0
2.20206e+06 2.0774e+06 0
175329 1.87719e+06 0
3.78155e+06 2.27355e+06 0
2.79321e+06 1.99629e+06 0
2.38304e+06 4.33851e+06 0
312357 4.70977e+06 0
3.54152e+06 764870 0
4.95193e+06 1.25599e+06 0
3.88882e+06 1.23852e+06 0
1.38646e+06 4.64614e+06 0
369274 2.79504e+06 0
928373 205847 0
4.11222e+06 682470 0
2.63054e+06 1.2225e+06 0
1.61824e+06 2.39708e+06 0
220954 3.59951e+06 0
3.41823e+06 41581.5 0
1.27354e+06 3.00134e+06 0
2.85714e+06 1.43345e+06 0
2.52083e+06 881603 0
162969 1.86422e+06 0
2.71645e+06 2.40951e+06 0
4.45326e+06 233390 0
1.95135e+06 3.59661e+06 0
3.83862e+06 2.32879e+06 0
3.83312e+06 54322.9 0
1.27827e+06 1.06922e+06 0
4.43098e+06 369655 0
1.34251e+06 2.32139e+06 0
4.39589e+06 255135 0
541398 1.66036e+06 0
3.16095e+06 553072 0
1.37211e+06 1.43971e+06 0
1.62648e+06 3.44096e+06 0
2.74575e+06 1.23447e+06 0
2.2396e+06 3.04697e+06 0
1.94433e+06 3.76263e+06 0
2.87164e+06 2.0336e+06 0
770287 4.72106e+06 0
3.40037e+06 65920 0
1.03977e+06 4.27366e+06 0
1.40416e+06 2.90262e+06 0
2.07785e+06 4.01746e+06 0
874050 1.56148e+06 0
372784 4.88022e+06 0
348521 4.03119e+06 0
4.04538e+06 2.16971e+06 0
4.37895e+06 1.60123e+06 0
2.28614e+06 3.73104e+06 0
4.73159e+06 1.97722e+06 0
2.42286e+06 2.67586e+06 0
231941 4.24665e+06 0
4.76943e+06 78508.9 0
1.65822e+06 1.06372e+06 0
2.91406e+06 2.13935e+06 0
588855 4.49706e+06 0
4.60479e+06 118793 0
3.61293e+06 369503 0
884274 3.5403e+06 0
806299 2.27821e+06 0
3.63598e+06 1.49632e+06 0
4.88434e+06 535142 0
4.19202e+06 249413 0
4.93103e+06 1.48526e+06 0
3.16309e+06 1.09882e+06 0
1.11713e+06 4.20591e+06 0
4.14579e+06 1.4832e+06 0
4.3115e+06 1.58536e+06 0
1.46153e+06 3.82702e+06 0
1.98752e+06 3.32499e+06 0
4.58678e+06 2.14141e+06 0
4.33866e+06 238731 0
4.42732e+06 2.05931e+06 0
2.00308e+06 235450 0
4.09558e+06 847346 0
4.30708e+06 1.95059e+06 0
4.34599e+06 1.6332e+06 0
4.43037e+06 1.7983e+06 0
1.32405e+06 359813 0
403912 4.89883e+06 0
1.78747e+06 4.73647e+06 0
3.34346e+06 1.38295e+06 0
3.45271e+06 1.4877e+06 0
1.82318e+06 4.0347e+06 0
625629 207984 0
3.80215e+06 1.13636e+06 0
2.772e+06 16098.5 0
2288.89 3.26502e+06 0
1.18244e+06 140690 0
150456 1.9158e+06 0
1.39058e+06 693686 0
986358 3.84884e+06 0
1.49815e+06 4.96551e+06 0
2.44453e+06 2.48543e+06 0
4.06613e+06 2.14972e+06 0
916776 4.88235e+06 0
1.72506e+06 1.90008e+06 0
1.00116e+06 2.11127e+06 0
4.16318e+06 1.24714e+06 0
4.64354e+06 1.22974e+06 0
1.64754e+06 2.3925e+06 0
4.0759e+06 1.61771e+06 0
2.73476e+06 991318 0
2.46391e+06 4.45738e+06 0
1.32664e+06 185705 0
3.66192e+06 104755 0
729392 2.90674e+06 0
4.98672e+06 472732 0
4.86923e+06 4882.96 0
4.41679e+06 1.25904e+06 0
4.32356e+06 1.42544e+06 0
1.11866e+06 221870 0
2.32261e+06 1.8981e+06 0
712912 3.62514e+06 0
3.37825e+06 735191 0
4.17951e+06 236518 0
4.69466e+06 564287 0
1.81402e+06 447554 0
3.02103e+06 372631 0
1.13895e+06 2.05863e+06 0
2.09723e+06 3.7907e+06 0
174718 3.45332e+06 0
3.35353e+06 429701 0
4.98093e+06 210959 0
16785.2 2.97616e+06 0
2.86737e+06 1.19129e+06 0
2.28309e+06 1.70431e+06 0
190741 4.62508e+06 0
3.70861e+06 297861 0
1.13208e+06 2.59667e+06 0
1.47969e+06 7629.63 0
1.37013e+06 1.50914e+06 0
715201 4.82086e+06 0
3.05292e+06 1.02512e+06 0
458235 2.08823e+06 0
4.97375e+06 239647 0
1.51326e+06 3.14905e+06 0
4.35881e+06 1.94464e+06 0
3.78582e+06 1.1169e+06 0
4.1731e+06 1.95753e+06 0
3.28043e+06 548418 0
2.34886e+06 4.67269e+06 0
1.41285e+06 1.70522e+06 0
1.84515e+06 3.20505e+06 0
1.79205e+06 1.51494e+06 0
2.94351e+06 1.61077e+06 0
2.13111e+06 3.36604e+06 0
1.68538e+06 407727 0
1.43925e+06 4.52986e+06 0
860164 90487.4 0
155187 1.93548e+06 0
2.44606e+06 536058 0
3.37458e+06 1.55545e+06 0
2.91421e+06 1.33297e+06 0
4.83001e+06 2.43393e+06 0
299081 4.46822e+06 0
1.78014e+06 4.26115e+06 0
4.44411e+06 444350 0
3.46202e+06 1.92816e+06 0
4.32539e+06 1.24096e+06 0
3.26395e+06 416730 0
3.86319e+06 1.80074e+06 0
2.27699e+06 1.96173e+06 0
126499 3.41533e+06 0
4.37773e+06 1.98653e+06 0
334635 521561 0
501724 1.36723e+06 0
1.56499e+06 4.45189e+06 0
2.26249e+06 1.18229e+06 0
4.57259e+06 2.41936e+06 0
2.57149e+06 877941 0
625782 1.53066e+06 0
3.41777e+06 6942.96 0
2.76772e+06 718635 0
3.4611e+06 2.15781e+06 0
405591 381329 0
596026 2.38578e+06 0
3.63857e+06 372326 0
2.14301e+06 1.36738e+06 0
1.22593e+06 3.1843e+06 0
2.82266e+06 2.26173e+06 0
3.60652e+06 1.60161e+06 0
3.16904e+06 810114 0
4.87091e+06 427870 0
3.53969e+06 1.26278e+06 0
96896.3 4.36842e+06 0
1.37654e+06 1.04862e+06 0
1.95135e+06 958281 0
1.87582e+06 3.55678e+06 0
2.96564e+06 315485 0
4.72198e+06 2.19894e+06 0
2.39235e+06 1.23585e+06 0
2.04169e+06 2.66213e+06 0
4.04813e+06 282601 0
236518 2.31162e+06 0
4.04736e+06 1.88681e+06 0
847499 210425 0
4.83703e+06 950575 0
3.10923e+06 2.0436e+06 0
4.43526e+06 2.39158e+06 0
3.34971e+06 2.47971e+06 0
2.28156e+06 4.12259e+06 0
3.89309e+06 526521 0
604724 12970.4 0
1.61885e+06 2.74712e+06 0
2.71447e+06 844371 0
3.83755e+06 287027 0
2.12256e+06 783868 0
1.63503e+06 809351 0
3.90164e+06 1.44192e+06 0
3.34574e+06 339747 0
2.18558e+06 648213 0
3.30729e+06 1.36013e+06 0
218818 4.28785e+06 0
3.55617e+06 158544 0
1.86071e+06 2.67556e+06 0
3.61797e+06 1.9792e+06 0
951872 874813 0
1.04968e+06 232246 0
2.44713e+06 2.36305e+06 0
2.89193e+06 1.54958e+06 0
1.72277e+06 1.73605e+06 0
682089 4.47172e+06 0
964385 1.17038e+06 0
4.19202e+06 1.81532e+06 0
4.04035e+06 713675 0
1.54012e+06 2.51228e+06 0
3.7672e+06 339824 0
837733 1.39454e+06 0
2.97601e+06 970565 0
1.02466e+06 2.01544e+06 0
3.28166e+06 1.1906e+06 0
2.05039e+06 2.65389e+06 0
2.96457e+06 152593 0
2.0571e+06 2.20557e+06 0
2.86981e+06 1.54149e+06 0
1.7217e+06 2.78298e+06 0
1.72994e+06 1.80425e+06 0
3.41121e+06 1.43689e+06 0
4.81796e+06 473037 0
309305 584735 0
2.33634e+06 3.8287e+06 0
3.17072e+06 2.00377e+06 0
1.44932e+06 2.14545e+06 0
4.85641e+06 1.61596e+06 0
3.36344e+06 173040 0
310984 1.04373e+06 0
4.36293e+06 1.57697e+06 0
2.13477e+06 1.83325e+06 0
2.2074e+06 1.99988e+06 0
4.40642e+06 374233 0
1.79617e+06 3.65322e+06 0
4.91607e+06 1.31252e+06 0
1.50685e+06 1.83126e+06 0
3.46156e+06 1.36013e+06 0
4.1139e+06 34257 0
1.3654e+06 3.78765e+06 0
3.69335e+06 813624 0
4.86953e+06 759377 0
2.42103e+06 4.72961e+06 0
2.56142e+06 1.44337e+06 0
3.66771e+06 1.9467e+06 0
4.49263e+06 2.21e+06 0
301218 654317 0
3.1399e+06 2.47002e+06 0
4.59975e+06 2.22564e+06 0
3.87036e+06 2.39662e+06 0
3.68053e+06 980407 0
64088.9 1.10782e+06 0
1.85522e+06 660726 0
551164 1.10691e+06 0
3.8142e+06 2.45056e+06 0
4.51964e+06 1.50533e+06 0
46082.9 268563 0
1.54958e+06 1.55629e+06 0
3.4019e+06 2.26089e+06 0
1.93258e+06 2.66976e+06 0
3.20627e+06 440077 0
4.92782e+06 2.15896e+06 0
824610 1.94891e+06 0
115513 3.07382e+06 0
3.09198e+06 28916.3 0
4.50301e+06 1.71384e+06 0
2.50832e+06 1.14963e+06 0
536210 4.3704e+06 0
608539 1.04312e+06 0
2.67953e+06 143056 0
3.41258e+06 1.6068e+06 0
2.71249e+06 340968 0
360729 4.10443e+06 0
1.40599e+06 786309 0
643330 4.01852e+06 0
1.73101e+06 2.54814e+06 0
3.32804e+06 1.75497e+06 0
1.2566e+06 3.06787e+06 0
191656 510727 0
3.89355e+06 2.49558e+06 0
2.66579e+06 62410.4 0
3.63948e+06 448088 0
1.79662e+06 367595 0
484024 1.20777e+06 0
2.63146e+06 2.3175e+06 0
1.1269e+06 2.66625e+06 0
1.93365e+06 4.1821e+06 0
4.66598e+06 942869 0
634480 1.39286e+06 0
914182 1.03122e+06 0
4.92813e+06 1.06128e+06 0
1.49892e+06 144963 0
2.4131e+06 2.89209e+06 0
1.40049e+06 3.15668e+06 0
2.19306e+06 1.21891e+06 0
1.08585e+06 2.1041e+06 0
334025 4.86358e+06 0
1.89612e+06 1.59963e+06 0
4.59349e+06 1.63602e+06 0
4.84054e+06 1.53584e+06 0
4.81948e+06 999405 0
455031 811945 0
2.93313e+06 1.69439e+06 0
4.88327e+06 2.18131e+06 0
3.89615e+06 2.14919e+06 0
4.83154e+06 2.13492e+06 0
1.56926e+06 4.14258e+06 0
1.5598e+06 740074 0
872982 4.04263e+06 0
1.56148e+06 2.22709e+06 0
149998 358745 0
4.08673e+06 1.7407e+06 0
141148 3.39091e+06 0
3.17103e+06 47303.7 0
3.47804e+06 2.26203e+06 0
4.31959e+06 2.03475e+06 0
1.09943e+06 2.60399e+06 0
3.50734e+06 1.22219e+06 0
4.49843e+06 1.41102e+06 0
3.64879e+06 1.75459e+06 0
205084 3.89126e+06 0
1.19602e+06 2.63726e+06 0
412305 1.79373e+06 0
3.01843e+06 1.1346e+06 0
1.15024e+06 883358 0
1.22318e+06 3.07825e+06 0
1.91565e+06 621967 0
1.07089e+06 847804 0
3.16248e+06 1.86544e+06 0
4.64278e+06 547273 0
561083 4.04218e+06 0
416578 964995 0
2.42988e+06 4.82543e+06 0
1.40751e+06 440382 0
4.24772e+06 438475 0
2.02826e+06 2.37831e+06 0
1.65273e+06 148320 0
1.3274e+06 3.42448e+06 0
833460 3.19742e+06 0
2.7607e+06 162053 0
2.71889e+06 621586 0
3.15088e+06 1.83256e+06 0
4.87381e+06 553148 0
994903 3.5847e+06 0
2.50465e+06 1.40675e+06 0
1.7716e+06 4.46883e+06 0
2.48451e+06 3.15058e+06 0
408185 3.17896e+06 0
1.80029e+06 944700 0
3.56151e+06 1.41682e+06 0
4.33088e+06 1.17725e+06 0
1.86865e+06 1.67943e+06 0
2.36122e+06 1.95288e+06 0
4.82681e+06 2.0397e+06 0
1.73986e+06 2.88095e+06 0
3.45378e+06 1.57666e+06 0
2.0838e+06 1.85659e+06 0
3.3903e+06 1.04984e+06 0
939512 2.3162e+06 0
3.59615e+06 1.86453e+06 0
3.30546e+06 737404 0
3.2992e+06 121311 0
421155 4.58037e+06 0
2.35237e+06 2.78726e+06 0
4.23139e+06 1.07479e+06 0
2.65587e+06 1.40698e+06 0
1.42857e+06 3.46187e+06 0
797906 4.77798e+06 0
3.4843e+06 1.04701e+06 0
4.57579e+06 1.10263e+06 0
1.57048e+06 1.77847e+06 0
3.54625e+06 830638 0
2.78146e+06 1.6821e+06 0
1.26896e+06 1.64953e+06 0
1.55965e+06 1.16199e+06 0
4.39344e+06 487228 0
2.73431e+06 2.22861e+06 0
1.2479e+06 3.59844e+06 0
75685.9 2.46818e+06 0
88045.9 4.52269e+06 0
1.77496e+06 3.5342e+06 0
4.65865e+06 1.86346e+06 0
1.75314e+06 1.81249e+06 0
2.22572e+06 2.69555e+06 0
3.20658e+06 1.13369e+06 0
1.73788e+06 562609 0
3.29524e+06 1.11499e+06 0
2.26783e+06 4.40901e+06 0
379345 313120 0
4.39573e+06 369350 0
2.71203e+06 480056 0
4.68703e+06 1.33557e+06 0
4.99161e+06 204703 0
922117 4.87396e+06 0
1.6834e+06 2.3574e+06 0
3.23588e+06 387051 0
3.51451e+06 2.04932e+06 0
3.81924e+06 2.03757e+06 0
1.04785e+06 1.42628e+06 0
342570 4.11023e+06 0
1.74429e+06 3.07474e+06 0
757775 2.06748e+06 0
4.41542e+06 1.49091e+06 0
4.62966e+06 1.30657e+06 0
2.47673e+06 1.15696e+06 0
3.66024e+06 1.47397e+06 0
4.90555e+06 716804 0
1.55782e+06 3.82504e+06 0
1.30894e+06 1.8865e+06 0
906705 4.56374e+06 0
11444.4 1.19739e+06 0
2.19718e+06 1.58696e+06 0
564440 1.74932e+06 0
2.66793e+06 1.25835e+06 0
4.5877e+06 1.36471e+06 0
120548 356151 0
1.34449e+06 4.02432e+06 0
4.36125e+06 2.39616e+06 0
1.96326e+06 4.18653e+06 0
1.42354e+06 147252 0
3.70342e+06 1.62763e+06 0
3.23374e+06 1.00658e+06 0
3.18049e+06 1.85583e+06 0
2.86859e+06 1.04915e+06 0
4.94949e+06 174642 0
3.06833e+06 1.65914e+06 0
4.35774e+06 1.17199e+06 0
3.15485e+06 2.33123e+06 0
1.07074e+06 3.29905e+06 0
2.01666e+06 2.86645e+06 0
2.17811e+06 2.55379e+06 0
2.31285e+06 424055 0
1.28605e+06 3.53008e+06 0
3.55541e+06 983001 0
2.50267e+06 1.20144e+06 0
4.22361e+06 1.77046e+06 0
720847 2.87393e+06 0
568407 1.82775e+06 0
2.10822e+06 329447 0
2.26325e+06 2.80984e+06 0
1.20701e+06 1.16565e+06 0
2.55455e+06 972320 0
3.55159e+06 279473 0
3.07321e+06 178991 0
209967 4.46699e+06 0
958434 4.09543e+06 0
3.15653e+06 2.06908e+06 0
3.45363e+06 480209 0
2.87881e+06 1.95639e+06 0
2.62841e+06 986663 0
2.12851e+06 596026 0
383923 1.97974e+06 0
2.2216e+06 184790 0
1.39821e+06 1.44032e+06 0
791803 229041 0
4.16669e+06 1.96715e+06 0
2.40745e+06 3.60912e+06 0
2.79443e+06 702918 0
953551 2.01071e+06 0
4.69741e+06 843989 0
190741 4.87823e+06 0
1.86743e+06 330668 0
1.39134e+06 2.12729e+06 0
858791 1.2682e+06 0
4.46348e+06 699637 0
4.15006e+06 1.67791e+06 0
1.46718e+06 3.13746e+06 0
3.04102e+06 1.15299e+06 0
3.92972e+06 2.1334e+06 0
4.738e+06 28305.9 0
2.86538e+06 1.87902e+06 0
3.78521e+06 551393 0
2.90704e+06 429701 0
497910 2.82144e+06 0
4.4557e+06 2.13683e+06 0
1.554e+06 4.32249e+06 0
252388 3.06421e+06 0
399335 855739 0
282144 2.5721e+06 0
2.6252e+06 1.65342e+06 0
1.41255e+06 1.12247e+06 0
3.97107e+06 2.40547e+06 0
675985 804468 0
1.11179e+06 4.01776e+06 0
3.60027e+06 1.55194e+06 0
2.88369e+06 1.01901e+06 0
1.49373e+06 2.67067e+06 0
2.10639e+06 2.60277e+06 0
4.09421e+06 1449.63 0
656758 2.46696e+06 0
1.48091e+06 1.32847e+06 0
2.95099e+06 793863 0
1.66585e+06 1.46275e+06 0
490738 110324 0
2.75994e+06 1.46504e+06 0
2.631e+06 845820 0
1.1298e+06 2.12195e+06 0
1.22349e+06 192267 0
4.44395e+06 390637 0
4.29487e+06 2.13477e+06 0
1.01932e+06 3.58745e+06 0
1.41285e+06 1.90222e+06 0
4.37391e+06 63554.8 0
899075 4.37788e+06 0
4.38765e+06 1.01604e+06 0
1.54378e+06 1.77419e+06 0
3.98373e+06 1.78106e+06 0
3.97763e+06 2.23327e+06 0
2.73278e+06 708945 0
4.35987e+06 1.34518e+06 0
1.28681e+06 2.06442e+06 0
535447 3.69442e+06 0
3.04971e+06 1.17153e+06 0
3.32072e+06 1.75504e+06 0
1.99042e+06 1.65761e+06 0
3.07001e+06 1.4362e+06 0
3.005e+06 757088 0
4.18409e+06 2.16178e+06 0
3.73348e+06 347224 0
2.7134e+06 13885.9 0
4.23811e+06 922803 0
4.71267e+06 1.16573e+06 0
3.44966e+06 1.38386e+06 0
503861 1.59749e+06 0
3.78674e+06 1.59001e+06 0
2.50572e+06 1.67402e+06 0
2.85623e+06 122608 0
1.77969e+06 4.24314e+06 0
3.63857e+06 1.81875e+06 0
957366 3.93033e+06 0
2.06717e+06 3.42998e+06 0
3.69808e+06 1.1465e+06 0
3.40587e+06 793939 0
3.33735e+06 2.0661e+06 0
1.33122e+06 345317 0
880306 808740 0
1.12705e+06 3.24824e+06 0
4.99847e+06 441450 0
895260 2.14499e+06 0
4.1818e+06 2.13813e+06 0
2.19214e+06 905179 0
3.70907e+06 995819 0
3.99274e+06 2.07427e+06 0
2.58522e+06 460982 0
1.39363e+06 1.76351e+06 0
3.10923e+06 387814 0
2.95663e+06 1.2505e+06 0
3.22138e+06 1.32756e+06 0
3.10221e+06 1.20899e+06 0
4.29365e+06 657292 0
3.4579e+06 729392 0
4.51292e+06 316553 0
4.56771e+06 1.97562e+06 0
517899 4.32951e+06 0
1.86911e+06 1.29933e+06 0
2.44392e+06 1.4539e+06 0
2.34474e+06 2.65648e+06 0
31281.5 3.68618e+06 0
752281 1.85614e+06 0
4.95544e+06 1.98576e+06 0
1.84332e+06 1.38539e+06 0
2.0333e+06 3.52504e+06 0
2.47215e+06 1.67928e+06 0
4.46348e+06 868938 0
5188.15 1.52028e+06 0
755333 1.01382e+06 0
934629 2.82052e+06 0
3.50444e+06 534684 0
1.10401e+06 572070 0
2.66869e+06 2.36389e+06 0
1.45039e+06 1.24302e+06 0
3.50459e+06 2.36915e+06 0
671407 402844 0
1.81585e+06 3.65246e+06 0
3.72219e+06 1.42857e+06 0
1.67455e+06 1.28819e+06 0
2.54769e+06 536821 0
3.26792e+06 906552 0
2.95907e+06 90105.9 0
1.02893e+06 4.97726e+06 0
4.05774e+06 158467 0
4.70626e+06 1.76443e+06 0
4.11466e+06 2.31101e+06 0
3.53023e+06 671255 0
4.31166e+06 1.81722e+06 0
1.12964e+06 4.29106e+06 0
4.24955e+06 2.19703e+06 0
1.35899e+06 3.39305e+06 0
630512 19379.3 0
2.687e+06 1.13376e+06 0
3.02057e+06 1.52303e+06 0
1.30848e+06 3.4254e+06 0
3.09763e+06 1.65258e+06 0
632801 431379 0
1.29353e+06 3.62514e+06 0
2.30384e+06 465102 0
2.2335e+06 4.13648e+06 0
1.41118e+06 4.31501e+06 0
2.88156e+06 1.73055e+06 0
1.04633e+06 3.33354e+06 0
4.79705e+06 1.28407e+06 0
3.8612e+06 194327 0
4.40855e+06 2.28851e+06 0
783715 4.33882e+06 0
2.71172e+06 643941 0
4.54985e+06 32502.2 0
3.29737e+06 2.36198e+06 0
3.20414e+06 1.79609e+06 0
115513 4.46287e+06 0
1.22868e+06 4.32737e+06 0
3.88287e+06 2.02063e+06 0
3.45546e+06 1.97508e+06 0
3.53755e+06 1.1066e+06 0
4.41633e+06 1.99187e+06 0
1.65075e+06 2.34199e+06 0
3.29081e+06 789895 0
198218 709555 0
2.10456e+06 546281 0
600299 2.02246e+06 0
2.3368e+06 2.15156e+06 0
4.43556e+06 1.44787e+06 0
2.59148e+06 1.36731e+06 0
3.73318e+06 798975 0
2.4894e+06 2.65389e+06 0
2.25486e+06 4.83612e+06 0
437788 3.60469e+06 0
1.66585e+06 4.86282e+06 0
432142 3.83648e+06 0
4.00647e+06 1.34411e+06 0
548875 3.30302e+06 0
4.36903e+06 337535 0
3.28196e+06 1.63755e+06 0
184484 301065 0
382550 2.44591e+06 0
1.02954e+06 3.36756e+06 0
2.35725e+06 4.06415e+06 0
353862 2.43721e+06 0
279855 1.12217e+06 0
3.04041e+06 1.89093e+06 0
74007.4 4.13251e+06 0
200659 3.62041e+06 0
1.92328e+06 3.52336e+06 0
112461 929594 0
4.96399e+06 592441 0
1.70782e+06 2.60857e+06 0
4.91791e+06 1.59848e+06 0
4.51369e+06 2.13858e+06 0
4.82009e+06 1.6345e+06 0
1.45619e+06 2.49123e+06 0
1.49907e+06 3.92544e+06 0
3.43165e+06 827662 0
2.96548e+06 2.48276e+06 0
2.05039e+06 1.4124e+06 0
4.3643e+06 614948 0
4.46257e+06 1.3976e+06 0
2.64855e+06 2.10288e+06 0
1.66875e+06 3.91766e+06 0
2.62963e+06 2.2499e+06 0
4.22422e+06 1.74413e+06 0
4.5616e+06 2.35649e+06 0
1.74047e+06 2.92764e+06 0
912809 4.74578e+06 0
93997 370800 0
2.48634e+06 4.06766e+06 0
2.74514e+06 1.16756e+06 0
1.53935e+06 2.97937e+06 0
73244.4 1.33534e+06 0
2.06305e+06 2.40059e+06 0
3.13913e+06 113834 0
4.87518e+06 2.10822e+06 0
773949 1.56423e+06 0
2.68471e+06 853984 0
1.4066e+06 2.73598e+06 0
2.78298e+06 1.05319e+06 0
3.53313e+06 95522.9 0
2.51732e+06 396588 0
1.23447e+06 3.5052e+06 0
205084 4.18607e+06 0
3.65062e+06 1.29276e+06 0
1.64342e+06 833613 0
4.81414e+06 1.89695e+06 0
4.87014e+06 1.37913e+06 0
2.75292e+06 1.63167e+06 0
3.33277e+06 785623 0
4.26634e+06 1.5981e+06 0
124210 1.39607e+06 0
4.28083e+06 2.21053e+06 0
3.43608e+06 1.56491e+06 0
1.19266e+06 989410 0
890225 2.0719e+06 0
2.10303e+06 97048.9 0
2.9046e+06 1.72796e+06 0
4.35133e+06 1.55339e+06 0
2.74697e+06 1.45528e+06 0
2.25456e+06 956603 0
3.43516e+06 692618 0
457167 4.73495e+06 0
4.13846e+06 784555 0
2.79946e+06 2.35061e+06 0
1.2389e+06 334635 0
3.10846e+06 1.76832e+06 0
1.70476e+06 4.24024e+06 0
1.81997e+06 2.1041e+06 0
3.93689e+06 1.30886e+06 0
4.83688e+06 1.7494e+06 0
3.73974e+06 140690 0
3.52901e+06 1.83569e+06 0
578173 4.38643e+06 0
2.28355e+06 4.40474e+06 0
1.77206e+06 2.46849e+06 0
2.50877e+06 962783 0
4.78637e+06 598849 0
4.50011e+06 965911 0
273751 2.875e+06 0
1.07379e+06 4.31715e+06 0
1.02664e+06 4.20515e+06 0
4.37422e+06 1.68714e+06 0
4.49095e+06 2.18795e+06 0
4.76028e+06 879238 0
4.00266e+06 987350 0
3.18018e+06 1.99545e+06 0
1.40095e+06 2.77612e+06 0
937223 2.78512e+06 0
1.1742e+06 2.92673e+06 0
3.2551e+06 1.98874e+06 0
3.79543e+06 2.28256e+06 0
547197 3.34056e+06 0
3.40342e+06 1.70095e+06 0
3.7994e+06 532319 0
2.48634e+06 295267 0
2.96792e+06 1.09279e+06 0
3.7228e+06 676290 0
4.80285e+06 1.87033e+06 0
1.63793e+06 3.58638e+06 0
4.00098e+06 967437 0
4.23048e+06 330134 0
4.09497e+06 49211.1 0
2.22495e+06 753502 0
1.98523e+06 716117 0
1.10981e+06 1.07532e+06 0
2.52098e+06 1.15467e+06 0
3.61309e+06 530946 0
2.03543e+06 4.4554e+06 0
2.77398e+06 1.89253e+06 0
2.24296e+06 1.71957e+06 0
3.26731e+06 1.30291e+06 0
3.40464e+06 2.39372e+06 0
1.13483e+06 2.60369e+06 0
3.16523e+06 2.28675e+06 0
4.58312e+06 1.9058e+06 0
4.97314e+06 1.29543e+06 0
998413 789514 0
2.48466e+06 3.36131e+06 0
2.84371e+06 283670 0
3.86166e+06 1.07402e+06 0
2.58354e+06 1.74345e+06 0
2.36778e+06 3.79162e+06 0
4.3025e+06 1.98851e+06 0
2.16971e+06 930662 0
2.16681e+06 790887 0
750145 2.38899e+06 0
3.38954e+06 1.86911e+06 0
1.83828e+06 9460.74 0
852382 1.44063e+06 0
263070 4.71679e+06 0
3.04392e+06 1.07364e+06 0
2.63894e+06 44785.9 0
1.46611e+06 2.13462e+06 0
284280 4.22468e+06 0
3.17042e+06 1.86392e+06 0
3.28654e+06 1.58551e+06 0
3.57494e+06 1.23592e+06 0
2.11295e+06 1.72109e+06 0
2.22205e+06 484024 0
677816 4.83306e+06 0
1.63198e+06 519425 0
2.27134e+06 471511 0
1.90695e+06 2.78069e+06 0
2.25456e+06 2.14499e+06 0
1.24546e+06 4.00296e+06 0
3.93033e+06 960341 0
19837 845820 0
1.49174e+06 2.2013e+06 0
3.57402e+06 1.06151e+06 0
1.45985e+06 2.04016e+06 0
1.39973e+06 1.90085e+06 0
1.51097e+06 1.28147e+06 0
2.84509e+06 1.49876e+06 0
3.10541e+06 1.65059e+06 0
2.01209e+06 2.9136e+06 0
1.8189e+06 4.63546e+06 0
2.00064e+06 1.72658e+06 0
1.78808e+06 2.27226e+06 0
1.15482e+06 3.97763e+06 0
3.17042e+06 946684 0
1.4658e+06 4.08536e+06 0
4.03073e+06 1.42102e+06 0
1.79144e+06 2.31559e+06 0
556200 3.10175e+06 0
1.04419e+06 839412 0
2.00858e+06 66225.2 0
4.00784e+06 954619 0
4.31776e+06 190893 0
4.93652e+06 1.3435e+06 0
3.72539e+06 2.32086e+06 0
1.59337e+06 3.7524e+06 0
4.38337e+06 108417 0
4.88556e+06 412381 0
1.31336e+06 3.00241e+06 0
1.74947e+06 1.72964e+06 0
2.63375e+06 680258 0
1.44627e+06 3.13944e+06 0
2.4604e+06 3.04315e+06 0
2.92062e+06 2.06069e+06 0
3.38847e+06 1.68653e+06 0
3.37977e+06 512024 0
4.95911e+06 233543 0
751213 731681 0
2.02002e+06 781121 0
171972 1.81997e+06 0
4.38398e+06 379116 0
2.16849e+06 642720 0
1.69256e+06 2.86279e+06 0
2.68044e+06 941267 0
4.89166e+06 889538 0
2.58889e+06 296792 0
3.22398e+06 2.0291e+06 0
1.901e+06 272683 0
3.14631e+06 996582 0
1.25004e+06 3.98404e+06 0
3.07535e+06 1983.7 0
865047 3.07367e+06 0
371105 4.31333e+06 0
4.66857e+06 251549 0
4.46333e+06 2.09716e+06 0
4.65712e+06 1.66616e+06 0
2.52419e+06 286569 0
3.22108e+06 692160 0
1.59917e+06 264901 0
3.56014e+06 812403 0
3.59798e+06 813166 0
851619 282754 0
2.05176e+06 4.90478e+06 0
4.32539e+06 1.12461e+06 0
2.04657e+06 3.06757e+06 0
2.90429e+06 2.39036e+06 0
2.23533e+06 1.38936e+06 0
4.56603e+06 20676.3 0
335856 1.58147e+06 0
2.07938e+06 3.51497e+06 0
1.02344e+06 3.74279e+06 0
277261 2.81579e+06 0
2.61956e+06 957366 0
2.51579e+06 1.96608e+06 0
1.48747e+06 1.5212e+06 0
1.48122e+06 4.43266e+06 0
539110 4.47386e+06 0
1.9982e+06 666524 0
758843 224464 0
995666 3.48933e+06 0
2.15094e+06 3.54747e+06 0
2.28874e+06 4.54497e+06 0
3.01813e+06 1.16504e+06 0
1.32908e+06 2.63619e+06 0
3.9758e+06 577410 0
2.58446e+06 1.10721e+06 0
608234 3.95413e+06 0
4.7e+06 1.75939e+06 0
1.17542e+06 1.51753e+06 0
1.09897e+06 1.3976e+06 0
3.27265e+06 1.06784e+06 0
1.18122e+06 2.34336e+06 0
853298 1.15787e+06 0
4.77004e+06 885189 0
518357 2.74834e+06 0
4.97024e+06 534532 0
3.48003e+06 2.31048e+06 0
2.09021e+06 1.46626e+06 0
2.10471e+06 4.03348e+06 0
3.78307e+06 2.11188e+06 0
2.44408e+06 822626 0
4.06613e+06 2.1028e+06 0
1.65624e+06 761895 0
1.37349e+06 1.34587e+06 0
1.72811e+06 22431.1 0
3.29829e+06 1.02443e+06 0
3.40129e+06 2.00942e+06 0
3.17881e+06 25254.1 0
1.70949e+06 1.42079e+06 0
1.18946e+06 3.77621e+06 0
2.03467e+06 1.6129e+06 0
87740.7 4.72137e+06 0
3.08573e+06 690863 0
3.27662e+06 1.94548e+06 0
707114 4.11298e+06 0
336772 825678 0
3.92575e+06 1.14025e+06 0
2.68731e+06 1.12415e+06 0
2.13736e+06 1.5067e+06 0
4.52788e+06 2.42904e+06 0
4.84527e+06 988342 0
1.72185e+06 4.30998e+06 0
2.85089e+06 243538 0
3.77407e+06 2.45224e+06 0
2.30812e+06 3.91156e+06 0
1.56102e+06 2.02231e+06 0
543382 2.36183e+06 0
968963 1.83493e+06 0
51423.7 2.83013e+06 0
97354 320750 0
4.56908e+06 794168 0
181280 1.12018e+06 0
3.63674e+06 565050 0
2.8927e+06 2.12943e+06 0
4.55306e+06 2.46735e+06 0
4.17386e+06 135960 0
3.12571e+06 416807 0
2.25974e+06 1.76092e+06 0
2.13096e+06 1.26377e+06 0
48219.2 1.91046e+06 0
3.88104e+06 592364 0
4.46959e+06 1.00139e+06 0
811335 1.94433e+06 0
3.01538e+06 1.22753e+06 0
491501 1.87277e+06 0
82857.8 4.41466e+06 0
3.96466e+06 942946 0
3.28852e+06 720542 0
3.82458e+06 939894 0
2.40837e+06 3.30958e+06 0
935392 1.19816e+06 0
1.10355e+06 1.46123e+06 0
1.19953e+06 3.95276e+06 0
4.08338e+06 1.56926e+06 0
1.28132e+06 2.47765e+06 0
4.86419e+06 1.86575e+06 0
4.691e+06 2.35084e+06 0
1.78152e+06 4.36872e+06 0
2.13675e+06 3.71624e+06 0
2.40959e+06 4.28343e+06 0
2.55211e+06 161138 0
4.04508e+06 2.49344e+06 0
3.70022e+06 918760 0
411237 779290 0
3.76766e+06 1.47176e+06 0
2.24113e+06 2.62947e+06 0
2.84845e+06 928144 0
1.89093e+06 4.95529e+06 0
728324 2.59987e+06 0
4.64476e+06 1.16787e+06 0
4.87396e+06 832087 0
1.86514e+06 685904 0
32044.4 4.82986e+06 0
3.64483e+06 2.4633e+06 0
3.3488e+06 1.21967e+06 0
1.11606e+06 2.67708e+06 0
1.40965e+06 3.89782e+06 0
1.07669e+06 1.00848e+06 0
3.11289e+06 2.341e+06 0
3.08451e+06 390637 0
4.77584e+06 820948 0
1.67959e+06 603504 0
1.38691e+06 4.87411e+06 0
3.89035e+06 2.46994e+06 0
404370 1.94739e+06 0
4.67788e+06 1.70072e+06 0
2.01117e+06 2.76528e+06 0
476699 748772 0
2.22999e+06 842769 0
3.48811e+06 2.31979e+06 0
2.80801e+06 2.14103e+06 0
1.87994e+06 650349 0
4.2729e+06 1.11217e+06 0
3.5522e+06 803476 0
1.07089e+06 63936.3 0
3.62346e+06 375072 0
190130 4.20209e+06 0
3.2931e+06 386441 0
2.17734e+06 4.62294e+06 0
237739 3.25709e+06 0
951872 1.07334e+06 0
3.19727e+06 270394 0
1.32725e+06 1.12842e+06 0
904874 4.55092e+06 0
641346 920591 0
3.02194e+06 2.31361e+06 0
3.40632e+06 909375 0
3.22794e+06 1.93678e+06 0
380871 3.83358e+06 0
2.12714e+06 1.0654e+06 0
973998 4.03455e+06 0
125126 2.64504e+06 0
383007 756554 0
2.93252e+06 917615 0
376904 1.88009e+06 0
4.85076e+06 2.2026e+06 0
125889 2.96274e+06 0
2.49916e+06 3.11579e+06 0
987579 3.5081e+06 0
4.13739e+06 189901 0
1.6541e+06 2.14942e+06 0
2.23746e+06 1.16504e+06 0
2.56691e+06 2.01506e+06 0
4.46776e+06 336390 0
1.00482e+06 1.16306e+06 0
738090 3.82382e+06 0
753044 4.05103e+06 0
1.46794e+06 1.08142e+06 0
2.75796e+06 172582 0
4.72991e+06 1.32206e+06 0
674459 3.82977e+06 0
2.42729e+06 538499 0
2.71264e+06 2.25303e+06 0
3.16126e+06 321894 0
3.68862e+06 1.53233e+06 0
1.94281e+06 4.1792e+06 0
3.68755e+06 260781 0
4.40764e+06 342494 0
2.24403e+06 1.30299e+06 0
688650 2.0307e+06 0
4.44655e+06 278481 0
1.60329e+06 4.47783e+06 0
2.87042e+06 1.98836e+06 0
2.31117e+06 3.3311e+06 0
1.74978e+06 913266 0
1.09867e+06 2.20969e+06 0
2.29011e+06 4.06186e+06 0
3.44768e+06 734199 0
529801 1.5006e+06 0
4.04202e+06 1.39966e+06 0
1.65792e+06 4.36476e+06 0
1.87124e+06 4.54863e+06 0
2.19169e+06 936003 0
1.08615e+06 4.77538e+06 0
3.92331e+06 215461 0
2.76101e+06 793252 0
1.039e+06 2.26554e+06 0
221870 2.77978e+06 0
4.31913e+06 2.04085e+06 0
3.09534e+06 2.16102e+06 0
3.82458e+06 2.15629e+06 0
2.73339e+06 2.34916e+06 0
3.97488e+06 1.28643e+06 0
4.17249e+06 2.3307e+06 0
2.42653e+06 3.64986e+06 0
2.28111e+06 4.41252e+06 0
1.65487e+06 3.38099e+06 0
2.25425e+06 2.74453e+06 0
4.64888e+06 1.09867e+06 0
2.10852e+06 180059 0
3.62163e+06 2.30659e+06 0
2.3365e+06 635090 0
3.14707e+06 222633 0
374462 3.63811e+06 0
1.6242e+06 1.0416e+06 0
42573.3 1.63823e+06 0
2.47948e+06 1.30116e+06 0
3.60988e+06 2.2161e+06 0
4.01135e+06 382550 0
1.64403e+06 240944 0
4.28251e+06 2.28164e+06 0
3.29997e+06 234840 0
4.96963e+06 1.24645e+06 0
2.20405e+06 2.67891e+06 0
571306 2.01682e+06 0
590991 3.80032e+06 0
1.88696e+06 3.45546e+06 0
1.84759e+06 3.12815e+06 0
166326 3.15882e+06 0
4.12275e+06 1.05876e+06 0
841243 2.93924e+06 0
155950 520493 0
3.24335e+06 771737 0
985138 890072 0
212867 1.4478e+06 0
3.68603e+06 493332 0
4.00937e+06 878246 0
800806 1.11408e+06 0
2.42348e+06 485702 0
1.61458e+06 920743 0
1.5038e+06 2.01209e+06 0
2.9313e+06 1.34625e+06 0
3.79879e+06 1.4848e+06 0
4.50896e+06 336467 0
3.52397e+06 1.18755e+06 0
1.80975e+06 3.43913e+06 0
2.55776e+06 2.13141e+06 0
1.21998e+06 3.86563e+06 0
3.6758e+06 1.80502e+06 0
397656 3.70754e+06 0
4.92508e+06 1.91786e+06 0
3.90301e+06 1.1671e+06 0
1.54958e+06 1.65212e+06 0
1.76748e+06 1.64449e+06 0
4.36949e+06 1.2756e+06 0
1.16092e+06 1.69454e+06 0
1.02145e+06 2.70653e+06 0
3.8084e+06 2.03505e+06 0
3.96771e+06 287027 0
4.31562e+06 1.26682e+06 0
1.67791e+06 3.9697e+06 0
2.05969e+06 2.97983e+06 0
1.89184e+06 907010 0
1.80029e+06 2.22617e+06 0
3.36787e+06 2.48878e+06 0
666982 2.6751e+06 0
23499.3 3.55037e+06 0
1.68081e+06 2.37571e+06 0
3.87738e+06 2.28919e+06 0
1.46458e+06 2.5164e+06 0
691549 287027 0
2.29942e+06 1.88177e+06 0
4.73113e+06 1.76519e+06 0
1.18244e+06 302286 0
1.53539e+06 93081.5 0
1.04404e+06 630512 0
117954 2.72362e+06 0
1.77816e+06 1.27323e+06 0
3.49345e+06 86520 0
1.24363e+06 3.81161e+06 0
3.94192e+06 1.01451e+06 0
3.89386e+06 1.37043e+06 0
1.91626e+06 2.61925e+06 0
2.18696e+06 1.85949e+06 0
4.99741e+06 2.38487e+06 0
3.43867e+06 2.17071e+06 0
805078 1.69759e+06 0
2.26737e+06 1.01947e+06 0
270547 2.81945e+06 0
1.29505e+06 3.91491e+06 0
175024 1.75771e+06 0
252388 4.53993e+06 0
1.36479e+06 2.32505e+06 0
1.15192e+06 4.00906e+06 0
1.54317e+06 768151 0
4.67864e+06 2.2438e+06 0
4.05164e+06 26932.6 0
460219 4.00815e+06 0
1.54164e+06 4.4763e+06 0
1.36998e+06 4.19004e+06 0
946379 366985 0
4.51674e+06 1.44353e+06 0
3.65673e+06 596561 0
4.08399e+06 650655 0
2.30918e+06 2.81655e+06 0
3.66894e+06 1.29475e+06 0
3.09122e+06 1.10233e+06 0
3.27998e+06 747093 0
4.9704e+06 183798 0
3.64895e+06 1.01657e+06 0
4.75341e+06 1.40294e+06 0
3.01416e+06 1.38768e+06 0
4.3817e+06 1.62389e+06 0
4.02982e+06 868633 0
4.36979e+06 1.98065e+06 0
959197 427870 0
4.79186e+06 1.70888e+06 0
4.80758e+06 2.03879e+06 0
2.72393e+06 2.29522e+06 0
1.54881e+06 2.57729e+06 0
2.54723e+06 2.33505e+06 0
1.10767e+06 4.16456e+06 0
3.0192e+06 2.23861e+06 0
2.24647e+06 1.38264e+06 0
2.51793e+06 1.676e+06 0
1.0184e+06 1.3477e+06 0
1.36723e+06 2.80587e+06 0
2.94122e+06 2.42676e+06 0
2.64824e+06 2.35618e+06 0
1.54683e+06 1.34434e+06 0
401776 2.32093e+06 0
3.46614e+06 2.14538e+06 0
1.63259e+06 4.87487e+06 0
2.70089e+06 1.99667e+06 0
1.01581e+06 4.11222e+06 0
4.2436e+06 1.17672e+06 0
4.71648e+06 1.71758e+06 0
4.69695e+06 817133 0
2.22587e+06 3.02469e+06 0
54017.8 1.75024e+06 0
2.622e+06 842158 0
3.29127e+06 1.55568e+06 0
4.15983e+06 1.84713e+06 0
1.93167e+06 4.5558e+06 0
3.59844e+06 727866 0
3.2374e+06 1.70095e+06 0
4.1702e+06 1.10385e+06 0
2.18268e+06 2.1511e+06 0
3.5989e+06 2.29904e+06 0
4.86831e+06 1.93548e+06 0
1.07273e+06 3.38771e+06 0
2.53059e+06 395978 0
4.57991e+06 1.53645e+06 0
3.80291e+06 1.57476e+06 0
2.50938e+06 1.85148e+06 0
385296 2.7987e+06 0
928220 4.67757e+06 0
3.7788e+06 1.81936e+06 0
436567 4.80346e+06 0
3.23878e+06 1.68638e+06 0
4.01105e+06 2.19611e+06 0
2.60826e+06 1.81944e+06 0
4.73891e+06 1.34022e+06 0
1.18229e+06 3.03919e+06 0
4.85199e+06 676672 0
1.26164e+06 103000 0
4.96643e+06 1.22623e+06 0
2.55364e+06 355846 0
4.93179e+06 725349 0
1.07334e+06 2.01666e+06 0
199133 3.77392e+06 0
2.7047e+06 1.19259e+06 0
113681 550401 0
4.07407e+06 2.20031e+06 0
2.03513e+06 1.87155e+06 0
896634 451216 0
2.69585e+06 1.67112e+06 0
1.4481e+06 2.93985e+06 0
702384 4.20438e+06 0
319834 3.6404e+06 0
1.58452e+06 2.81274e+06 0
115055 4.23902e+06 0
4.2993e+06 1.37394e+06 0
1.23798e+06 2.58736e+06 0
597095 342265 0
2.43736e+06 1.69942e+06 0
1.15574e+06 1.90573e+06 0
2.25715e+06 1.0239e+06 0
4.88693e+06 714209 0
4.05164e+06 1.01207e+06 0
323344 2.04367e+06 0
4.72137e+06 1.29719e+06 0
493637 2.03284e+06 0
4.82635e+06 1.17321e+06 0
187384 3.65047e+06 0
231330 3.29676e+06 0
2.02048e+06 554521 0
2.9432e+06 1.49197e+06 0
205390 2.12195e+06 0
1.28971e+06 4.55016e+06 0
3.43318e+06 213782 0
2.10486e+06 816828 0
771050 3.17301e+06 0
69429.6 1.88513e+06 0
1.98691e+06 3.343e+06 0
1.86682e+06 3.2931e+06 0
1.20136e+06 3.87097e+06 0
309610 4.26115e+06 0
277108 3.09687e+06 0
1.09363e+06 3.05612e+06 0
851161 4.29655e+06 0
2.33406e+06 4.00678e+06 0
1.41484e+06 63631.1 0
4.54222e+06 1.59963e+06 0
3.35047e+06 2.41455e+06 0
1.19648e+06 2.38731e+06 0
2.32749e+06 1.29276e+06 0
2.56767e+06 1.57239e+06 0
3.96817e+06 2.02826e+06 0
2.94946e+06 397580 0
184790 1.23173e+06 0
3.95642e+06 73473.3 0
99948.1 2.31025e+06 0
4.03958e+06 1.28353e+06 0
1.94983e+06 3.07382e+06 0
1.88223e+06 1.42262e+06 0
4.8825e+06 413144 0
3.82641e+06 212409 0
2.0542e+06 730766 0
2.98929e+06 951567 0
3.93063e+06 764565 0
227058 4.54253e+06 0
3.19941e+06 715125 0
4.59822e+06 1.30741e+06 0
201117 2.44285e+06 0
3.48643e+06 618229 0
282449 3.93887e+06 0
38300.7 4.68184e+06 0
1.98111e+06 3.72555e+06 0
3.07077e+06 1.14193e+06 0
2.44621e+06 2.40913e+06 0
2.10562e+06 3.95596e+06 0
4.00128e+06 2.16514e+06 0
2.68792e+06 2.43095e+06 0
3.25602e+06 426420 0
4.64354e+06 634709 0
1.67364e+06 4.28938e+06 0
3.4315e+06 1.0577e+06 0
3.99945e+06 1.61939e+06 0
2.25044e+06 3.31523e+06 0
3.45592e+06 1.31275e+06 0
50355.5 4.34843e+06 0
113071 4.21445e+06 0
3.11212e+06 2.07488e+06 0
1.33839e+06 886258 0
343791 839564 0
732597 454421 0
4.95819e+06 1.16108e+06 0
4.45875e+06 1.15207e+06 0
2.67983e+06 1.14238e+06 0
1.36906e+06 2.63359e+06 0
4.14441e+06 1.81433e+06 0
838801 1.58223e+06 0
1.64113e+06 3.86242e+06 0
4.70916e+06 1.51158e+06 0
2.85958e+06 2.24532e+06 0
2.24921e+06 303964 0
1.79342e+06 3.92575e+06 0
4.54131e+06 1.85751e+06 0
4.45799e+06 479598 0
2.19642e+06 2.96854e+06 0
4.58068e+06 1.65922e+06 0
2.80648e+06 234077 0
1.91565e+06 3.34407e+06 0
2.03726e+06 3.65093e+06 0
3.34452e+06 158391 0
4.77386e+06 1.09119e+06 0
4.41328e+06 733512 0
216224 3.28715e+06 0
1.4684e+06 1.19572e+06 0
2.34153e+06 994751 0
2.0423e+06 541093 0
4.6292e+06 1.29192e+06 0
3.64788e+06 710013 0
462661 3.00348e+06 0
3.63796e+06 1.33747e+06 0
3.11121e+06 277337 0
284280 2.46086e+06 0
1.69591e+06 4.61455e+06 0
2.73537e+06 2.00018e+06 0
2.05084e+06 3.67946e+06 0
4882.96 4.2378e+06 0
3.88134e+06 2.25761e+06 0
1.65242e+06 2.42775e+06 0
3.12754e+06 344554 0
307169 3.184e+06 0
940580 1.27079e+06 0
3.6961e+06 512101 0
3.17499e+06 1.48862e+06 0
1.32817e+06 938902 0
1.80441e+06 1.54851e+06 0
3.49483e+06 1.00887e+06 0
2.16971e+06 633259 0
2.73949e+06 1.83187e+06 0
2.46117e+06 3.9639e+06 0
455489 1.42582e+06 0
4.34431e+06 2.05237e+06 0
3.76644e+06 991546 0
1.13422e+06 3.55403e+06 0
345622 4.30967e+06 0
2.42546e+06 1.4803e+06 0
1.33259e+06 1.55202e+06 0
1.58208e+06 1.87521e+06 0
0 652638 0
4.99756e+06 701010 0
1.32969e+06 4.24635e+06 0
4.52467e+06 1.3628e+06 0
152898 1.86499e+06 0
1.99042e+06 1.59902e+06 0
3.01172e+06 2.48993e+06 0
2.19306e+06 3.49315e+06 0
1.39576e+06 2.91208e+06 0
3.29371e+06 1.52394e+06 0
1.51463e+06 4.14518e+06 0
1.0065e+06 2.12729e+06 0
3.2577e+06 34028.1 0
493790 4.75845e+06 0
3.50093e+06 340434 0
2.37266e+06 4.73769e+06 0
1.41423e+06 4.29594e+06 0
1.73818e+06 4.18317e+06 0
928831 762505 0
1.6129e+06 3.81634e+06 0
3.01798e+06 125050 0
4.7232e+06 1.62648e+06 0
2.94794e+06 1.05922e+06 0
14038.5 2.08533e+06 0
156713 906247 0
2.80679e+06 18387.4 0
916776 3.97214e+06 0
3357.04 1.96966e+06 0
1.43483e+06 2.81472e+06 0
4.24848e+06 513703 0
1.54942e+06 2.60811e+06 0
3.44996e+06 347224 0
1.68004e+06 1.97958e+06 0
4.57076e+06 2.02551e+06 0
3.18369e+06 1.28193e+06 0
3.09e+06 504090 0
4.7766e+06 181356 0
2.0484e+06 1.80227e+06 0
176092 3.44508e+06 0
2.07755e+06 2.52983e+06 0
4.62081e+06 1.50624e+06 0
1.32206e+06 1.00528e+06 0
421461 2.36839e+06 0
1.66112e+06 3.72204e+06 0
4.20438e+06 408643 0
135197 2.19794e+06 0
997192 2.02719e+06 0
1.9834e+06 4.48805e+06 0
2.82052e+06 1.94288e+06 0
4.19889e+06 71260.7 0
1.93335e+06 4.38292e+06 0
1.00772e+06 4.39528e+06 0
1.39668e+06 548875 0
178838 4.86068e+06 0
3.10602e+06 2.49077e+06 0
1.5685e+06 1.52211e+06 0
950957 1.99042e+06 0
1.8096e+06 3.2934e+06 0
4.25855e+06 1.44749e+06 0
1.54744e+06 1.93136e+06 0
4.17493e+06 1.25004e+06 0
4.13251e+06 793252 0
3.14447e+06 643941 0
2.17353e+06 4.76714e+06 0
139164 352184 0
858486 3.00119e+06 0
1.79785e+06 3.60866e+06 0
4.44975e+06 1.48892e+06 0
2.1276e+06 4.31074e+06 0
4.85763e+06 723823 0
928068 405438 0
3.70312e+06 2.33207e+06 0
3.59218e+06 378277 0
1.77068e+06 647298 0
2.43873e+06 1.7687e+06 0
2.26096e+06 51118.5 0
2.2364e+06 1.44307e+06 0
1.74886e+06 3.91614e+06 0
72023.7 396435 0
251625 4.08658e+06 0
2.22175e+06 1.87368e+06 0
4.31654e+06 2.28813e+06 0
3.17927e+06 143056 0
4.53017e+06 2.33123e+06 0
4.49995e+06 153279 0
1.35929e+06 1.9895e+06 0
3.61446e+06 525758 0
728324 1.46382e+06 0
269936 2.3835e+06 0
3.23756e+06 1.60993e+06 0
754265 2.86309e+06 0
3.43211e+06 220496 0
2.55989e+06 691549 0
3.02484e+06 157933 0
4.64278e+06 1.00757e+06 0
4.48119e+06 1.9538e+06 0
934172 4.10062e+06 0
3.87097e+06 1.61168e+06 0
2.26005e+06 2.11722e+06 0
4.39482e+06 630818 0
4.32539e+06 1.17573e+06 0
4.49004e+06 1.65929e+06 0
1.91809e+06 909909 0
1.92297e+06 335398 0
1.99149e+06 99642.9 0
2.77429e+06 1.28483e+06 0
778985 2.70745e+06 0
1.72216e+06 4.36705e+06 0
2.59804e+06 606403 0
2.53197e+06 1.66059e+06 0
500351 1.4626e+06 0
155797 4.59746e+06 0
1.42445e+06 2.8399e+06 0
3.35108e+06 1.85232e+06 0
1.00467e+06 4.45906e+06 0
4.22071e+06 1.74726e+06 0
696890 4.41603e+06 0
3.58669e+06 1.83653e+06 0
2.37342e+06 1.62755e+06 0
3.59676e+06 1.79991e+06 0
3.04529e+06 1.14521e+06 0
1.47542e+06 1.66189e+06 0
4.8674e+06 243843 0
823695 2.00079e+06 0
3.0842e+06 2.49077e+06 0
4.373e+06 936766 0
2.06992e+06 1.71361e+06 0
4.60158e+06 215003 0
2.12134e+06 4.05484e+06 0
1.11744e+06 2.18818e+06 0
2.15827e+06 325632 0
1.21616e+06 986358 0
988952 627308 0
2.51793e+06 1.34892e+06 0
2.29637e+06 2.5074e+06 0
4.09085e+06 1.24165e+06 0
1.00055e+06 2.49672e+06 0
4.96765e+06 2.434e+06 0
1.15528e+06 3.04605e+06 0
1.46062e+06 2.42119e+06 0
3.03339e+06 947066 0
2.18192e+06 1.32115e+06 0
4.55779e+06 1.69973e+06 0
2.1746e+06 4.58541e+06 0
4.7354e+06 1.93228e+06 0
61952.6 1.24851e+06 0
4.24757e+06 193716 0
4.62081e+06 1.13437e+06 0
856807 269173 0
4.68337e+06 722068 0
4.78362e+06 254219 0
3.77743e+06 1.05968e+06 0
1.70843e+06 4.41633e+06 0
3.408e+06 1.48267e+06 0
3.56029e+06 2.44026e+06 0
1.38798e+06 3.61248e+06 0
4.74181e+06 656301 0
4.12397e+06 1.70896e+06 0
3.95154e+06 2.40364e+06 0
4.26313e+06 2.07472e+06 0
4.25764e+06 1.77236e+06 0
2.60796e+06 2.43324e+06 0
1.5801e+06 2.97082e+06 0
705130 4.77935e+06 0
4.2375e+06 1.39065e+06 0
3.0137e+06 1.1845e+06 0
3.71334e+06 123218 0
59968.9 1.54698e+06 0
4.30082e+06 951338 0
1.48534e+06 3.13791e+06 0
1.78045e+06 3.14554e+06 0
392163 2.46574e+06 0
3.78658e+06 1.37738e+06 0
2.89575e+06 662175 0
2.01956e+06 1.8807e+06 0
4.28617e+06 57374.8 0
3.961e+06 2.26379e+06 0
709403 3.42891e+06 0
4.24558e+06 2.02902e+06 0
2.77139e+06 2.4311e+06 0
3.34895e+06 1.37967e+06 0
4.97147e+06 2.16811e+06 0
3.74493e+06 1.99652e+06 0
2.37373e+06 3.71212e+06 0
1.19114e+06 3.96619e+06 0
3.4199e+06 1.98798e+06 0
1.29597e+06 2.65236e+06 0
290994 4.77813e+06 0
4.02676e+06 447172 0
724967 4.60707e+06 0
1.31245e+06 3.21986e+06 0
2.69433e+06 1.18999e+06 0
399335 3.40068e+06 0
852077 3.7289e+06 0
3.1138e+06 1.14422e+06 0
1.15253e+06 2.76727e+06 0
3.69015e+06 2.47787e+06 0
2.54967e+06 1.30764e+06 0
319224 1.67608e+06 0
2.18436e+06 466018 0
3.07398e+06 2.3864e+06 0
2.96258e+06 237663 0
3.36756e+06 433744 0
4.93347e+06 126270 0
2.60186e+06 280923 0
4.37101e+06 2.11951e+06 0
161138 80416.3 0
1.96921e+06 4.75005e+06 0
3.40815e+06 954466 0
4.05301e+06 1.98302e+06 0
4.83688e+06 1.97852e+06 0
3.21329e+06 1.32565e+06 0
4.04202e+06 2.13942e+06 0
2.27317e+06 3.88226e+06 0
4.65819e+06 440001 0
2.98929e+06 1.28368e+06 0
3.92514e+06 1.82257e+06 0
3.39595e+06 2.01964e+06 0
37385.2 2.91482e+06 0
198981 2.49931e+06 0
4.93332e+06 871990 0
123600 2.59926e+06 0
2.67861e+06 687582 0
1.62389e+06 4.93606e+06 0
1.1034e+06 1.95257e+06 0
859859 3.74615e+06 0
1.84698e+06 3.01508e+06 0
3.34941e+06 1.28849e+06 0
1.46611e+06 793176 0
197913 1.21952e+06 0
3.76492e+06 922575 0
316935 4.68017e+06 0
1.00162e+06 61952.6 0
2.5338e+06 1.23798e+06 0
4.12931e+06 786691 0
3.99976e+06 2.01697e+06 0
4.72335e+06 2.29179e+06 0
3.80474e+06 1.73666e+06 0
3.7582e+06 1.83622e+06 0
3.20231e+06 2.27783e+06 0
4.88342e+06 294427 0
1.35228e+06 4.08094e+06 0
2.35893e+06 1.07059e+06 0
2.98776e+06 2.25677e+06 0
1.30543e+06 4.71999e+06 0
1.91107e+06 4.11573e+06 0
423444 2.46818e+06 0
1.7275e+06 374767 0
4.84207e+06 1.8292e+06 0
2.72103e+06 457.778 0
4.24772e+06 1.13956e+06 0
1.27781e+06 1.27842e+06 0
3.95566e+06 2.18978e+06 0
766930 2.05268e+06 0
4.07514e+06 598544 0
280007 4.13221e+06 0
4.42656e+06 15335.6 0
140843 2.38884e+06 0
367748 2.38716e+06 0
586566 4.33576e+06 0
2.18436e+06 1.4362e+06 0
2.5309e+06 1.73269e+06 0
3.20017e+06 1.65113e+06 0
1.81173e+06 2.12836e+06 0
4.26572e+06 2.1128e+06 0
833766 2.23533e+06 0
4.77859e+06 1.56209e+06 0
4.00754e+06 2.28072e+06 0
2.89499e+06 793481 0
894345 4.93545e+06 0
85451.8 830256 0
3.464e+06 1.54798e+06 0
2.69326e+06 1.32374e+06 0
1.36738e+06 2.49428e+06 0
650044 3.88531e+06 0
1.63564e+06 1.82546e+06 0
1.00833e+06 1.47557e+06 0
1.70705e+06 1.56957e+06 0
1.44154e+06 2.55654e+06 0
2.19214e+06 1.32374e+06 0
1.37333e+06 1.71087e+06 0
3.27982e+06 603427 0
889157 4.85672e+06 0
1.19358e+06 3.11731e+06 0
87740.7 1.81799e+06 0
3.60225e+06 62715.5 0
4.02738e+06 1.05472e+06 0
391552 4.78286e+06 0
925016 964843 0
3.70495e+06 2.31399e+06 0
3.76385e+06 70421.5 0
3.65551e+06 335093 0
2.96426e+06 263756 0
3.62072e+06 1.06784e+06 0
275735 1.09638e+06 0
1.52211e+06 3.25037e+06 0
1.54729e+06 1.2183e+06 0
997498 349284 0
3.5284e+06 440687 0
3.87265e+06 43488.9 0
2.36122e+06 840022 0
2.837e+06 1.01672e+06 0
3.91903e+06 1.11408e+06 0
732444 1.43544e+06 0
3.64452e+06 1.33244e+06 0
357830 426496 0
1.04816e+06 3.38725e+06 0
1.198e+06 3.46431e+06 0
1.51982e+06 4.43831e+06 0
1.9837e+06 277108 0
612506 2.44377e+06 0
486465 2.10364e+06 0
3.45088e+06 1.50395e+06 0
4.45708e+06 2.25143e+06 0
4.42534e+06 1.12941e+06 0
112003 2.51778e+06 0
4.82406e+06 2.28866e+06 0
2.07663e+06 1.47588e+06 0
3.56075e+06 518052 0
1.18686e+06 4.20255e+06 0
3.65581e+06 292672 0
4.06186e+06 1.46687e+06 0
4.62325e+06 1.75642e+06 0
846736 1.70766e+06 0
3.42479e+06 2.10486e+06 0
39674.1 2.51381e+06 0
4.14228e+06 1.38821e+06 0
1.80136e+06 985595 0
4.0286e+06 1.24783e+06 0
3.65963e+06 2.45682e+06 0
1.09134e+06 2.70638e+06 0
10986.7 1.3628e+06 0
865963 4.11023e+06 0
4.33012e+06 337840 0
2.5338e+06 519730 0
486618 3.13868e+06 0
2.04382e+06 2.72103e+06 0
2.0835e+06 1.59871e+06 0
2.39082e+06 3.06284e+06 0
1.21601e+06 806757 0
3.70922e+06 500198 0
563066 1.7716e+06 0
3.33674e+06 464339 0
214087 1.90405e+06 0
3.50627e+06 127033 0
3.13746e+06 2.11715e+06 0
1.81875e+06 3.59691e+06 0
699484 1.48198e+06 0
2.15827e+06 674917 0
2.13767e+06 3.26212e+06 0
1.20075e+06 2.40089e+06 0
4.39467e+06 1.10271e+06 0
3.1753e+06 1.1111e+06 0
1.22105e+06 2.27729e+06 0
3.03369e+06 1.11942e+06 0
2.9516e+06 37308.9 0
684988 1.12522e+06 0
860164 2.38304e+06 0
1.44948e+06 3.39122e+06 0
2.50328e+06 386670 0
390790 2.01224e+06 0
1.95471e+06 1.52364e+06 0
680715 3.96039e+06 0
1.33885e+06 1.64083e+06 0
3.65352e+06 332423 0
2.57073e+06 2.13523e+06 0
705435 2.93847e+06 0
704825 4.27015e+06 0
4.69787e+06 1.198e+06 0
2.80404e+06 1.11568e+06 0
1.01611e+06 3.89859e+06 0
3.73043e+06 1.36509e+06 0
945311 1.05487e+06 0
2.76772e+06 43107.4 0
2.51488e+06 2.15522e+06 0
2.47856e+06 2.41432e+06 0
1.47084e+06 3.65505e+06 0
3.70602e+06 1.12346e+06 0
2.53227e+06 241096 0
3.12189e+06 2.25593e+06 0
3.58501e+06 314264 0
2.23228e+06 142369 0
2.97281e+06 1.56377e+06 0
4.24314e+06 553148 0
2.54036e+06 852764 0
2.6928e+06 64546.6 0
1.5833e+06 3.55571e+06 0
3.2609e+06 449232 0
4.3643e+06 1.2083e+06 0
2.65435e+06 1.01314e+06 0
1.34831e+06 489212 0
981170 553301 0
1.81585e+06 1.22349e+06 0
1.51769e+06 3.2754e+06 0
3.00928e+06 1.25233e+06 0
4.27229e+06 836436 0
3.46782e+06 1.1359e+06 0
2.25639e+06 3.72585e+06 0
709098 1.09882e+06 0
1.86575e+06 3.39412e+06 0
912961 3.7701e+06 0
1.27934e+06 1.04526e+06 0
761895 4.38063e+06 0
3.28242e+06 305567 0
4.09757e+06 997040 0
1.41957e+06 1.7542e+06 0
3.54701e+06 693609 0
883358 2.82388e+06 0
4.77676e+06 457701 0
3.04727e+06 1.4433e+06 0
3.52901e+06 1.01299e+06 0
45014.8 3.60912e+06 0
3.09809e+06 1.22791e+06 0
3.30805e+06 2.13752e+06 0
2.40211e+06 2.63985e+06 0
2.46086e+06 719474 0
2.30735e+06 2.36518e+06 0
3.48659e+06 730079 0
359661 2.19947e+06 0
2.56584e+06 902966 0
1.58162e+06 1.72658e+06 0
4.49446e+06 2.11356e+06 0
488907 4.11985e+06 0
2.08869e+06 764794 0
1.98538e+06 4.08444e+06 0
483261 764489 0
1.28986e+06 3.70083e+06 0
2.72698e+06 2.3555e+06 0
553148 3.19849e+06 0
583972 2.45003e+06 0
2.32048e+06 1.19419e+06 0
1.94754e+06 1.57506e+06 0
2.49626e+06 1.42293e+06 0
3.76904e+06 2.1305e+06 0
2.96609e+06 247581 0
1.91305e+06 3.32682e+06 0
1.53478e+06 3.71059e+06 0
1.84103e+06 808588 0
4.33378e+06 1.72933e+06 0
1.53203e+06 4.82223e+06 0
3.35536e+06 1.12026e+06 0
545976 2.99905e+06 0
4.27168e+06 2.41989e+06 0
1.63533e+06 3.27586e+06 0
2.19169e+06 1.67394e+06 0
3.81222e+06 158925 0
514237 2.86187e+06 0
3.27647e+06 1.67974e+06 0
533158 31434.1 0
1.11225e+06 3.74096e+06 0
1.95105e+06 406659 0
4.15738e+06 1.46207e+06 0
1.95624e+06 197607 0
2.95282e+06 2.13424e+06 0
3.02179e+06 915708 0
3.17942e+06 2.17376e+06 0
2.0809e+06 2.05008e+06 0
4.48653e+06 1.04328e+06 0
1.23524e+06 409864 0
3.11914e+06 753502 0
2.65358e+06 106281 0
2.2512e+06 1.35136e+06 0
2.81472e+06 699332 0
1.42903e+06 2.3777e+06 0
3.75393e+06 1.21754e+06 0
4.03317e+06 299615 0
1.46657e+06 728935 0
4.16318e+06 1.12705e+06 0
4.12656e+06 1.79846e+06 0
1.8543e+06 3.78277e+06 0
275277 4.32295e+06 0
3.02805e+06 1.29933e+06 0
4.6382e+06 167699 0
3.0871e+06 964919 0
1.72323e+06 3.03461e+06 0
558489 513932 0
4.86007e+06 650426 0
4.69176e+06 214698 0
834376 3.21711e+06 0
3.41838e+06 1.92038e+06 0
2.77459e+06 1.51723e+06 0
579546 1.94205e+06 0
1.44505e+06 2.91345e+06 0
3.82641e+06 939818 0
2.6072e+06 736259 0
2.1015e+06 4.93378e+06 0
597247 3.67321e+06 0
4.10672e+06 870159 0
784020 4.07544e+06 0
1.66173e+06 2.83746e+06 0
1.05853e+06 2.99341e+06 0
4.36491e+06 156407 0
13275.6 2.58171e+06 0
4.45509e+06 1.91893e+06 0
1.96738e+06 2.38594e+06 0
3.28867e+06 933027 0
1.49281e+06 1.38646e+06 0
3.3311e+06 640431 0
2.60109e+06 533998 0
2.07389e+06 1.26988e+06 0
241554 1.54561e+06 0
1.78167e+06 4.70992e+06 0
4.27229e+06 139470 0
1.47496e+06 2.84295e+06 0
3.55708e+06 202567 0
55238.5 1.5247e+06 0
346385 3.22199e+06 0
1.98065e+06 4.82574e+06 0
2.59728e+06 927000 0
4.39421e+06 2.13401e+06 0
4.38826e+06 314875 0
2.11524e+06 4.47768e+06 0
2.08777e+06 2.2042e+06 0
4.39818e+06 1.76717e+06 0
1.42979e+06 1.95624e+06 0
4.86404e+06 1.89993e+06 0
3.15378e+06 846736 0
3.51314e+06 752968 0
2.3658e+06 2.19352e+06 0
2.22404e+06 883206 0
4.27656e+06 807825 0
2.64397e+06 556429 0
1.47267e+06 4.31257e+06 0
2.87988e+06 940352 0
376598 2.07328e+06 0
1.89291e+06 817744 0
2.05359e+06 2.32978e+06 0
3.00485e+06 1.8025e+06 0
19531.8 356914 0
422681 26398.5 0
207678 4.99878e+06 0
186163 1.75115e+06 0
749229 4.94964e+06 0
4.44563e+06 61494.8 0
1.72475e+06 125889 0
476089 4.74441e+06 0
2.54357e+06 77364.4 0
3.33537e+06 564669 0
2.1044e+06 4.51338e+06 0
3.56777e+06 1.60634e+06 0
4.39756e+06 675451 0
3.8667e+06 1.99576e+06 0
4.70107e+06 2.26173e+06 0
1.09546e+06 84536.3 0
4.02982e+06 435270 0
2.57805e+06 1.74421e+06 0
1.99286e+06 2.27134e+06 0
3.06131e+06 655690 0
714744 4.50346e+06 0
1.2598e+06 1.7684e+06 0
4.97772e+06 1.22082e+06 0
2.38502e+06 2.21549e+06 0
1.23997e+06 3.62606e+06 0
567950 2.50832e+06 0
690176 4.72884e+06 0
2.58049e+06 2.23121e+06 0
3.9874e+06 1.47748e+06 0
1.76183e+06 699332 0
2.84906e+06 952025 0
3.55632e+06 1.82936e+06 0
1.14093e+06 3.92697e+06 0
1.56804e+06 3.05689e+06 0
624409 3.50734e+06 0
541093 2.57485e+06 0
4.01868e+06 1.85057e+06 0
168004 4.0556e+06 0
533464 162358 0
1.13529e+06 4.99237e+06 0
1.52928e+06 4.78942e+06 0
2.31193e+06 2.58965e+06 0
1.45985e+06 3.51985e+06 0
485855 177007 0
1.75481e+06 309305 0
1.55644e+06 4.25825e+06 0
2.79794e+06 910901 0
4.5877e+06 1.48808e+06 0
1.657e+06 4.86404e+06 0
2.62871e+06 2.13759e+06 0
722373 1.09516e+06 0
1.70919e+06 4.54161e+06 0
4.90982e+06 522324 0
1.91366e+06 1.00421e+06 0
2.58324e+06 983078 0
1.94327e+06 3.67672e+06 0
2.85607e+06 780587 0
1.0683e+06 119633 0
4.42442e+06 1.05167e+06 0
4.88281e+06 1.90497e+06 0
3.58989e+06 997192 0
3.75942e+06 2.19543e+06 0
1.62893e+06 4.28282e+06 0
421308 591754 0
4.16334e+06 2.08815e+06 0
526597 4.09268e+06 0
2.68883e+06 40055.5 0
2.67983e+06 58900.7 0
918912 192724 0
1.77145e+06 3.04056e+06 0
1.09867e+06 4.18729e+06 0
2.05588e+06 2.77642e+06 0
2.9461e+06 1.00703e+06 0
3.8699e+06 125507 0
375683 4.35286e+06 0
401013 2.72057e+06 0
3.66344e+06 873363 0
3.41105e+06 1.11324e+06 0
2.20466e+06 1.94906e+06 0
4.32035e+06 1.48343e+06 0
526139 2.51427e+06 0
4.56023e+06 432524 0
2.70638e+06 1.58193e+06 0
1.59871e+06 1.11682e+06 0
2.85775e+06 2.48009e+06 0
4.54726e+06 998337 0
1.83294e+06 816065 0
751976 705893 0
2.80633e+06 2.18833e+06 0
2.28004e+06 4.54268e+06 0
887783 1.79754e+06 0
3.70235e+06 1.5875e+06 0
4.42824e+06 1.72956e+06 0
82705.2 300302 0
3.16874e+06 69734.8 0
1.57857e+06 468459 0
893429 684988 0
3.55846e+06 2.17727e+06 0
2.73904e+06 351878 0
3.64315e+06 1.6287e+06 0
4.81918e+06 2.15873e+06 0
4.57823e+06 555666 0
1.32069e+06 3.4994e+06 0
4.34156e+06 2.39303e+06 0
1.72521e+06 2.03375e+06 0
2.39402e+06 959349 0
3.31507e+06 1.81181e+06 0
3.47926e+06 172658 0
1.61748e+06 1.18061e+06 0
2.87744e+06 1.27712e+06 0
3.9465e+06 914411 0
4.52193e+06 1.18542e+06 0
3.69411e+06 2.32582e+06 0
881985 728935 0
532243 713828 0
1.02084e+06 1.16459e+06 0
4.17768e+06 1.19594e+06 0
732444 28992.6 0
1.87735e+06 1.54012e+06 0
1.16504e+06 1.24302e+06 0
2.27241e+06 3.52718e+06 0
4.83795e+06 1.9364e+06 0
793481 1.67287e+06 0
455489 3.30988e+06 0
4.2465e+06 2.05832e+06 0
428938 4.33622e+06 0
4.74395e+06 1.32412e+06 0
2.50649e+06 926771 0
637989 533311 0
4.4229e+06 1.28155e+06 0
4.61287e+06 1.9322e+06 0
2.97204e+06 1.68508e+06 0
1.58849e+06 3.46736e+06 0
1.41011e+06 4.80117e+06 0
1.59993e+06 1.89749e+06 0
1.59536e+06 210425 0
298624 2.55379e+06 0
4.76913e+06 2.03017e+06 0
2.24052e+06 443587 0
2.3864e+06 53254.8 0
4.61119e+06 814310 0
902890 2.39998e+06 0
1.54866e+06 885037 0
1.92068e+06 1.00299e+06 0
1.71712e+06 4.60616e+06 0
1.60405e+06 3.8377e+06 0
4.28846e+06 1.74078e+06 0
766778 2.31162e+06 0
988800 1.98294e+06 0
4.54207e+06 1.44223e+06 0
4.36674e+06 2.09349e+06 0
3.03598e+06 363628 0
4.93622e+06 1.48396e+06 0
1.87628e+06 3.70602e+06 0
2.35435e+06 2.09037e+06 0
4.05835e+06 1.23325e+06 0
3.28898e+06 1.61733e+06 0
1.99561e+06 4.90646e+06 0
1.12964e+06 2.48283e+06 0
1.18366e+06 811335 0
203711 3.30149e+06 0
4.38002e+06 2.46971e+06 0
4.64812e+06 274056 0
2.7076e+06 2.16659e+06 0
4.59639e+06 1.26759e+06 0
2.58995e+06 1.57147e+06 0
4.83703e+06 340205 0
4.92142e+06 369655 0
3.59813e+06 1.88963e+06 0
379650 1.39958e+06 0
1.61504e+06 1.42415e+06 0
2.28874e+06 1.34632e+06 0
4.13846e+06 1.80425e+06 0
934782 1.4217e+06 0
1.03671e+06 1.04129e+06 0
745720 1.1774e+06 0
2.65206e+06 1.6039e+06 0
4.23612e+06 1.33076e+06 0
1.56224e+06 3.70327e+06 0
4.12748e+06 2.34245e+06 0
2.9104e+06 2.4379e+06 0
2.54769e+06 422987 0
3.45134e+06 652867 0
3.71792e+06 1.04915e+06 0
1.97897e+06 4.15403e+06 0
4.03043e+06 1.06883e+06 0
1.2833e+06 911588 0
926542 1.39653e+06 0
4.2996e+06 1.29025e+06 0
4.47966e+06 1.45962e+06 0
4.60158e+06 1.40843e+06 0
3.08863e+06 453047 0
3.89721e+06 534608 0
2.1894e+06 203711 0
1.68279e+06 4.24177e+06 0
2.39082e+06 2.52342e+06 0
4.71145e+06 1.95677e+06 0
939818 2.67006e+06 0
1.43193e+06 3.64711e+06 0
2.92276e+06 280999 0
4.05484e+06 1.70743e+06 0
1.11072e+06 2.32292e+06 0
3.40159e+06 338221 0
851924 1.22654e+06 0
4.1937e+06 68742.9 0
3.92041e+06 888928 0
936155 1.7217e+06 0
2.72515e+06 1.35434e+06 0
2.05542e+06 3.78674e+06 0
3.78796e+06 1.08577e+06 0
2.44224e+06 1.11499e+06 0
1.89367e+06 911283 0
2.06137e+06 4.71297e+06 0
3.82214e+06 848567 0
781732 2.94504e+06 0
3.06467e+06 397580 0
2.08258e+06 1.04053e+06 0
4.4348e+06 2.38197e+06 0
793176 3.49788e+06 0
4.9765e+06 1.67615e+06 0
2.52266e+06 711005 0
78585.2 1.78304e+06 0
4.93484e+06 2.16224e+06 0
1.19968e+06 3.20261e+06 0
3.52474e+06 1.70843e+06 0
4.111e+06 2.28858e+06 0
2.05466e+06 931120 0
4.06293e+06 908841 0
303049 2.49489e+06 0
1.78182e+06 2.41585e+06 0
4.28541e+06 1.04816e+06 0
1.70324e+06 1.36814e+06 0
1.6007e+06 1.66601e+06 0
1.34709e+06 3.67595e+06 0
2.06305e+06 4.81201e+06 0
3.24244e+06 2.09784e+06 0
1.27064e+06 1.73345e+06 0
3.30699e+06 1.56316e+06 0
2.27226e+06 4.85e+06 0
2.08762e+06 2.91131e+06 0
2.9841e+06 1.08646e+06 0
2.76925e+06 2.4192e+06 0
4.51582e+06 1.47679e+06 0
2.35664e+06 1.11789e+06 0
3.06101e+06 1.31848e+06 0
4.93744e+06 360424 0
508286 1.6538e+06 0
3.42967e+06 2.37892e+06 0
1.42857e+06 82552.6 0
3.72417e+06 2.34016e+06 0
1.59688e+06 2.7105e+06 0
2.62398e+06 2.04268e+06 0
702384 1.52684e+06 0
3.48964e+06 1.20289e+06 0
4.40504e+06 89648.1 0
995514 1.26499e+06 0
3.39351e+06 1.2122e+06 0
3.90454e+06 889996 0
4.60189e+06 2.05145e+06 0
2.26463e+06 3.59325e+06 0
2.24052e+06 672018 0
2.93847e+06 1.95669e+06 0
3.79757e+06 2.4134e+06 0
4.86633e+06 1.17351e+06 0
3.66741e+06 618839 0
2.97342e+06 2.40219e+06 0
4.56221e+06 1.47092e+06 0
2.12607e+06 2.25593e+06 0
4.36399e+06 706885 0
41657.8 2.62551e+06 0
3.57036e+06 2.425e+06 0
561541 1.59963e+06 0
994293 1.69668e+06 0
1.18976e+06 632649 0
2.87103e+06 1.97752e+06 0
1.30741e+06 2.93161e+06 0
3.0285e+06 1.14513e+06 0
4.96597e+06 350200 0
4.28144e+06 1.24042e+06 0
4.66643e+06 2.21267e+06 0
3.69884e+06 117573 0
33417.8 2.48222e+06 0
1.90741e+06 3.91079e+06 0
2.78512e+06 924024 0
4.08277e+06 1.08112e+06 0
1.91e+06 3.1959e+06 0
2.78741e+06 527589 0
454726 1.15787e+06 0
309610 2.6719e+06 0
2.82968e+06 1.51669e+06 0
662099 4.74319e+06 0
4.03714e+06 863445 0
3.89294e+06 1.66875e+06 0
4.7319e+06 597858 0
2.86905e+06 1.56873e+06 0
3.51512e+06 93997 0
186316 2.33497e+06 0
374310 2.55394e+06 0
361950 1.6776e+06 0
2.66869e+06 2.45453e+06 0
4.9675e+06 2.34817e+06 0
2.57195e+06 2.46689e+06 0
855892 3.64528e+06 0
2.37556e+06 1.08829e+06 0
4.14335e+06 1.59398e+06 0
1.55934e+06 2.02521e+06 0
95522.9 1.35578e+06 0
2.03696e+06 1.47923e+06 0
1.58284e+06 4.81597e+06 0
479598 1.919e+06 0
1.25126e+06 2.97494e+06 0
4.12854e+06 1.36868e+06 0
74617.8 2.95343e+06 0
3.99731e+06 632878 0
2.43736e+06 4.96002e+06 0
1.87582e+06 2.39204e+06 0
407880 95980.7 0
36927.4 61494.8 0
2.3574e+06 126041 0
55696.3 1.44566e+06 0
3.58028e+06 619678 0
4.64629e+06 1.02886e+06 0
4.07331e+06 669118 0
3.92148e+06 1.29772e+06 0
1.12903e+06 2.88369e+06 0
4.98428e+06 398114 0
1.90008e+06 827204 0
1.2537e+06 4.08094e+06 0
3.58943e+06 1.33152e+06 0
434736 1.27033e+06 0
1.42552e+06 130467 0
2.53655e+06 2.07846e+06 0
2.07541e+06 4.59822e+06 0
1.845e+06 2.20878e+06 0
2.65435e+06 329981 0
4.25825e+06 595721 0
2.98715e+06 2.4884e+06 0
3.88791e+06 1.99332e+06 0
1.27781e+06 4.89212e+06 0
336161 4.3881e+06 0
843226 3.85601e+06 0
551164 2.1598e+06 0
3.06864e+06 1.59246e+06 0
1.66936e+06 133061 0
4.23795e+06 1.09622e+06 0
3.75057e+06 813242 0
1.39988e+06 1.21937e+06 0
3.81237e+06 1.98477e+06 0
4.92218e+06 2.29789e+06 0
67751.1 1.41072e+06 0
2.89041e+06 1.53287e+06 0
2.77703e+06 1.5965e+06 0
11597 2.70699e+06 0
613880 73702.2 0
1.17328e+06 4.87487e+06 0
3.95856e+06 37995.5 0
2.31849e+06 4.20347e+06 0
4.01791e+06 874126 0
3.79116e+06 2.09738e+06 0
4.18531e+06 357372 0
3.80825e+06 1.21342e+06 0
2.5396e+06 1.39966e+06 0
2.21534e+06 4.91211e+06 0
1.8955e+06 4.50179e+06 0
2.18177e+06 1.63747e+06 0
1.30802e+06 4.10932e+06 0
4.991e+06 1.40896e+06 0
437635 4.22391e+06 0
582598 2.89315e+06 0
684835 3.98755e+06 0
4.00525e+06 900143 0
4.49629e+06 892361 0
428938 553301 0
1.75268e+06 1.70614e+06 0
3.88348e+06 329829 0
4.64263e+06 2.27622e+06 0
2.37007e+06 4.40733e+06 0
4.92813e+06 830027 0
4.50789e+06 275201 0
10223.7 2.33222e+06 0
369274 2.42882e+06 0
1.69973e+06 3.15195e+06 0
1.66189e+06 3.04788e+06 0
4.09711e+06 2.48207e+06 0
3.91064e+06 2.0774e+06 0
4.49278e+06 401090 0
800043 3.83892e+06 0
3.68938e+06 272759 0
3.33018e+06 2.34458e+06 0
4.65529e+06 292367 0
3.94269e+06 1.01947e+06 0
913419 4.27931e+06 0
3.27433e+06 2.16575e+06 0
3.57341e+06 743278 0
4.69466e+06 66530.4 0
3.41182e+06 1.47267e+06 0
4.28098e+06 1.91572e+06 0
1.90832e+06 2.79321e+06 0
1.39103e+06 4.54283e+06 0
2.6429e+06 2.49992e+06 0
2.48665e+06 267342 0
1.9602e+06 1.99866e+06 0
3.36589e+06 908383 0
308084 1.29627e+06 0
2.45888e+06 3.55037e+06 0
3.15638e+06 1.67058e+06 0
346385 448012 0
2.90155e+06 717185 0
3.15302e+06 1.77648e+06 0
664235 1.96234e+06 0
4.97421e+06 1.65731e+06 0
4.38612e+06 366070 0
1.99393e+06 2.86294e+06 0
2.13019e+06 3.6932e+06 0
3.44722e+06 373165 0
1.99454e+06 2.82342e+06 0
2.08365e+06 162816 0
2.54204e+06 231941 0
4.29151e+06 2.10845e+06 0
154881 2.88095e+06 0
2.53319e+06 2.11669e+06 0
2.21839e+06 1.339e+06 0
254677 658589 0
2.54173e+06 731834 0
1.91931e+06 3.58196e+06 0
2.92093e+06 2.08884e+06 0
3.32606e+06 1.20273e+06 0
2.25105e+06 3.98968e+06 0
4.86694e+06 848796 0
2.09311e+06 2.91879e+06 0
2.88018e+06 1.37928e+06 0
102237 833613 0
1.75558e+06 2.92947e+06 0
223701 490890 0
1.94739e+06 2.17795e+06 0
1.06281e+06 3.04971e+06 0
1.55232e+06 3.98999e+06 0
1.33457e+06 2.34794e+06 0
1.60802e+06 98727.4 0
3.80001e+06 1.85942e+06 0
2.76818e+06 542238 0
1.59429e+06 628834 0
3.51146e+06 1.18648e+06 0
3.35551e+06 2.46071e+06 0
2.5399e+06 1.3329e+06 0
1.05625e+06 3.94269e+06 0
521561 4.33531e+06 0
1.94784e+06 335551 0
3.8377e+06 1.40568e+06 0
3.52199e+06 1.38966e+06 0
485397 4.49522e+06 0
2.89636e+06 1.72956e+06 0
796838 228584 0
4.52971e+06 272073 0
3.12815e+06 1.92633e+06 0
2.67357e+06 728782 0
2.17505e+06 2.88354e+06 0
2.46696e+06 218360 0
72634.1 840175 0
1.07959e+06 4.63683e+06 0
2.9339e+06 1.62694e+06 0
2.80984e+06 822092 0
2.98379e+06 944472 0
4.54421e+06 770058 0
3.94635e+06 2.10471e+06 0
484939 4.43495e+06 0
4.83825e+06 1.30993e+06 0
2.55135e+06 2.33604e+06 0
4.82864e+06 257118 0
359508 1.5099e+06 0
4.31837e+06 2.33039e+06 0
2.19108e+06 1.84469e+06 0
4.89731e+06 478607 0
852687 3.25541e+06 0
3.33293e+06 1.54347e+06 0
834681 3.1518e+06 0
2.25135e+06 1.10477e+06 0
675222 2.30873e+06 0
2.6606e+06 2.2441e+06 0
1.93548e+06 3.56487e+06 0
979034 1.6802e+06 0
3.69228e+06 1.9847e+06 0
719626 659963 0
3.95474e+06 578555 0
1.49022e+06 2.56783e+06 0
1.91137e+06 2.23365e+06 0
462966 2.91986e+06 0
2.41249e+06 950499 0
3.97305e+06 1.22051e+06 0
1.59642e+06 1.45451e+06 0
4.39726e+06 1.02435e+06 0
63325.9 4.38856e+06 0
4.97589e+06 2.0088e+06 0
2.50542e+06 1.81394e+06 0
2.72713e+06 1.92892e+06 0
197150 4.43358e+06 0
2.11509e+06 4.93728e+06 0
253914 1.30116e+06 0
4.62569e+06 189520 0
3.06467e+06 645009 0
1.90634e+06 4.26634e+06 0
1.80349e+06 1.11011e+06 0
2.62795e+06 841395 0
428632 3.75195e+06 0
721763 4.62615e+06 0
4.07437e+06 1.46878e+06 0
151372 3.31782e+06 0
3.23969e+06 587634 0
3.87249e+06 2.47383e+06 0
684378 4.69955e+06 0
2.13965e+06 4.37895e+06 0
2.43599e+06 1.07578e+06 0
2.81457e+06 1.92488e+06 0
1.81234e+06 2.75475e+06 0
3.83236e+06 598849 0
2.87088e+06 1.17595e+06 0
482345 3.64315e+06 0
2.18558e+06 2.94046e+06 0
2.65999e+06 829493 0
362102 4.1319e+06 0
4.74487e+06 2.47993e+06 0
2.19398e+06 2.23182e+06 0
3.26273e+06 71184.4 0
1.86834e+06 246742 0
4.98718e+06 1.00322e+06 0
2.12745e+06 1.02771e+06 0
635548 3.08893e+06 0
3.78994e+06 2.16414e+06 0
1.8189e+06 3.44325e+06 0
4.54054e+06 530335 0
1.3979e+06 191809 0
3.39396e+06 265358 0
4.90524e+06 1.94411e+06 0
4.73876e+06 1.96593e+06 0
3.1872e+06 606861 0
3.36634e+06 2.43988e+06 0
3.92376e+06 523011 0
4.39406e+06 135502 0
2.17963e+06 3.42708e+06 0
4.48622e+06 1.12194e+06 0
2.64733e+06 1.73093e+06 0
3.2812e+06 2.26157e+06 0
3.73394e+06 2.34077e+06 0
1.42796e+06 3.93292e+06 0
1.1507e+06 3.89981e+06 0
4.14243e+06 177923 0
1.16123e+06 2.09464e+06 0
1.68584e+06 920286 0
1.14246e+06 3.34742e+06 0
674764 1.69774e+06 0
2.6191e+06 684454 0
2.62597e+06 1.34548e+06 0
4.42213e+06 322428 0
3.64437e+06 2.19787e+06 0
1.13193e+06 1.73254e+06 0
1.66066e+06 1.71361e+06 0
4.46181e+06 1.36891e+06 0
123142 3.50215e+06 0
2.73476e+06 753121 0
4.55077e+06 1.76939e+06 0
1.11423e+06 557268 0
853908 1.18381e+06 0
2.7427e+06 2.14736e+06 0
1.83004e+06 2.52113e+06 0
3.44401e+06 261467 0
737480 258034 0
146336 802332 0
3.35719e+06 1.58383e+06 0
684378 1.67241e+06 0
2.44621e+06 3.35185e+06 0
130619 1.27583e+06 0
990631 2.10944e+06 0
1.32023e+06 3.41487e+06 0
3.16263e+06 1.34388e+06 0
4.71923e+06 1.7848e+06 0
4.38994e+06 350276 0
294351 3.91034e+06 0
4.44197e+06 246895 0
1.54408e+06 1.83706e+06 0
4.94095e+06 1.61977e+06 0
4.33988e+06 2.03665e+06 0
201270 38758.5 0
740989 848415 0
2.8074e+06 408719 0
436415 2.20115e+06 0
2.83227e+06 1.14605e+06 0
4.96796e+06 465178 0
2.10624e+06 791040 0
2.39402e+06 4.22956e+06 0
2.43965e+06 3.20917e+06 0
2.54967e+06 1.76679e+06 0
4.2082e+06 939818 0
557726 4.60967e+06 0
4.20454e+06 820795 0
3.74828e+06 1.21174e+06 0
4.1641e+06 2.44415e+06 0
4.64202e+06 1.40645e+06 0
3.87219e+06 1.43612e+06 0
156102 497452 0
254982 4.05499e+06 0
4.68566e+06 229957 0
1.36601e+06 2.77535e+06 0
2.21732e+06 2.22556e+06 0
1.66875e+06 4.02417e+06 0
135197 4.07453e+06 0
2.52602e+06 1.30093e+06 0
4.87045e+06 858486 0
4.30021e+06 1.22166e+06 0
2.05206e+06 3.46187e+06 0
3.97076e+06 2.19459e+06 0
1.31901e+06 1.41148e+06 0
4.67681e+06 1.59314e+06 0
3.4434e+06 356456 0
1.08707e+06 1.99698e+06 0
4.92615e+06 698187 0
2.00995e+06 200659 0
2.71981e+06 2.41699e+06 0
4.14274e+06 1.38333e+06 0
4.23353e+06 2.17368e+06 0
3.37107e+06 990402 0
277718 1.99896e+06 0
2.52434e+06 2.40364e+06 0
1.10599e+06 1.09455e+06 0
1.99088e+06 1.66524e+06 0
3.20627e+06 715049 0
2.10166e+06 4.90463e+06 0
2.00201e+06 1.81494e+06 0
3.68709e+06 1.37944e+06 0
3.11823e+06 950346 0
714744 2.05756e+06 0
2.36671e+06 2.84814e+06 0
1.41331e+06 481277 0
2.10883e+06 3.8641e+06 0
1.78823e+06 1.63732e+06 0
4.1525e+06 2.06885e+06 0
2.9368e+06 1.86987e+06 0
1.83645e+06 2.20832e+06 0
1.06861e+06 173193 0
1.46321e+06 2.29759e+06 0
1.63732e+06 2.72546e+06 0
730308 4.63408e+06 0
1.48869e+06 762505 0
4.32386e+06 2.15209e+06 0
434431 2.13752e+06 0
4.32234e+06 329676 0
1.15467e+06 4.1052e+06 0
574664 1.81173e+06 0
3.8374e+06 15030.4 0
3.70357e+06 624027 0
4.46028e+06 82552.6 0
891446 1.0947e+06 0
3.12113e+06 1.14254e+06 0
2.10746e+06 4.06384e+06 0
1.32435e+06 454268 0
1.92923e+06 3.61324e+06 0
4.62737e+06 1.35502e+06 0
4.61623e+06 2.1746e+06 0
4.55535e+06 471740 0
2.59224e+06 1.10263e+06 0
1.18976e+06 3.76003e+06 0
992004 1.42888e+06 0
337687 597095 0
3.42845e+06 1.45146e+06 0
1.68554e+06 2.88614e+06 0
1.63594e+06 839564 0
1.84729e+06 533616 0
4.14899e+06 1.18656e+06 0
3.71059e+06 2.2541e+06 0
1.66814e+06 2.08365e+06 0
987884 3.81069e+06 0
4.2729e+06 492569 0
4.38017e+06 1.30573e+06 0
3.13608e+06 1.0036e+06 0
3.25556e+06 417264 0
1.89627e+06 1.50121e+06 0
4.2552e+06 1.98515e+06 0
345622 3.80505e+06 0
726188 396893 0
587024 3.3932e+06 0
4.39299e+06 997574 0
3.31935e+06 824381 0
3.16965e+06 666524 0
4.40489e+06 1.39187e+06 0
1.52257e+06 1.20579e+06 0
4.37712e+06 470824 0
2.28706e+06 4.8088e+06 0
1.04434e+06 3.0134e+06 0
1.34587e+06 2.32841e+06 0
2.84417e+06 2.0983e+06 0
4.07514e+06 1.11454e+06 0
3.10648e+06 415433 0
4.96368e+06 1.50929e+06 0
2.88247e+06 1.27003e+06 0
4.31349e+06 1.88711e+06 0
2.49168e+06 3.2107e+06 0
3.4254e+06 2.10448e+06 0
4.44853e+06 1.42094e+06 0
2.17826e+06 2.55989e+06 0
2.91986e+06 2.39685e+06 0
406049 2.08136e+06 0
2.37434e+06 468307 0
1.98096e+06 4.42183e+06 0
574816 953703 0
3.00668e+06 332881 0
3.57555e+06 1.33068e+06 0
3.03095e+06 1.66311e+06 0
2.87454e+06 744652 0
679647 61342.2 0
2.38289e+06 2.54234e+06 0
2.62398e+06 1.20258e+06 0
363781 4.93957e+06 0
2.28019e+06 285195 0
3.99899e+06 1.87063e+06 0
2.15568e+06 616321 0
1.73635e+06 3.52611e+06 0
1.24134e+06 744652 0
1.08081e+06 650044 0
1.35975e+06 28687.4 0
1.97714e+06 3.71883e+06 0
3.87539e+06 167394 0
3.44691e+06 2.15125e+06 0
670949 3.73196e+06 0
3.63308e+06 1.21395e+06 0
799280 3.16172e+06 0
908536 3.87677e+06 0
1.71377e+06 4.37208e+06 0
1.20701e+06 3.82031e+06 0
1.4861e+06 4.88891e+06 0
4.22803e+06 1.91282e+06 0
915708 3.31172e+06 0
3.67794e+06 880154 0
1.93945e+06 4.7116e+06 0
4.19919e+06 814920 0
1.245e+06 414899 0
144658 2.87698e+06 0
495926 2.95312e+06 0
3.85571e+06 588244 0
2.07465e+06 4.45799e+06 0
3.59615e+06 127262 0
1.74932e+06 4.28816e+06 0
3.80276e+06 882061 0
2.17017e+06 4.16334e+06 0
2.80541e+06 1.37486e+06 0
3.60286e+06 795007 0
673696 2.73034e+06 0
803247 4.86068e+06 0
2.34916e+06 4.93271e+06 0
2.44346e+06 403912 0
3.71273e+06 1.85331e+06 0
1.98965e+06 772271 0
752739 2.65328e+06 0
1.44398e+06 4.04401e+06 0
4.48103e+06 248421 0
1.85263e+06 2.92276e+06 0
1.75939e+06 4.23292e+06 0
1.98813e+06 4.31608e+06 0
4.68978e+06 790811 0
4.11161e+06 1.33679e+06 0
3.72463e+06 1.14032e+06 0
3.22138e+06 1.43284e+06 0
2.15613e+06 246132 0
3.69457e+06 442366 0
2.13599e+06 1.13468e+06 0
4.72686e+06 1.57521e+06 0
4.88678e+06 1.16787e+06 0
3.47743e+06 1.3493e+06 0
257424 4.92874e+06 0
2.32612e+06 3.03766e+06 0
3.28303e+06 2.31651e+06 0
4.1467e+06 1.47526e+06 0
2.89926e+06 641652 0
2.00491e+06 3.02713e+06 0
474715 3.86273e+06 0
2.18726e+06 2.2042e+06 0
3.31187e+06 311212 0
1.96402e+06 98727.4 0
775628 1.32115e+06 0
997040 3.41166e+06 0
3.20582e+06 557421 0
2.79489e+06 1.09272e+06 0
1.26698e+06 3.12876e+06 0
123905 4.19797e+06 0
896634 4.2407e+06 0
780358 3.27006e+06 0
1.50319e+06 1.11011e+06 0
2.62978e+06 2.38617e+06 0
2.57378e+06 490967 0
4.32081e+06 2.05451e+06 0
1.34465e+06 4.29731e+06 0
578478 1.46229e+06 0
1.695e+06 3.64055e+06 0
3.4846e+06 1.78938e+06 0
1.91473e+06 1.05869e+06 0
3.64956e+06 437483 0
1.50716e+06 3.27799e+06 0
2.68395e+06 324946 0
4.68123e+06 926771 0
875423 4.68078e+06 0
688803 2.78283e+06 0
1.47588e+06 1.98386e+06 0
3.66436e+06 1.3052e+06 0
506455 24720 0
2.1218e+06 561846 0
3.4875e+06 77669.6 0
767693 3.73089e+06 0
2.99738e+06 280770 0
4.78393e+06 2.42836e+06 0
3.46767e+06 1.2505e+06 0
4.23643e+06 2.35946e+06 0
2.1218e+06 3.11487e+06 0
3.76949e+06 1.84217e+06 0
2.46162e+06 590991 0
237739 4.43434e+06 0
4.21003e+06 2.48184e+06 0
3.43425e+06 202414 0
1.11301e+06 327616 0
2.57012e+06 986053 0
512101 1.7513e+06 0
3.66375e+06 2.4559e+06 0
1.08844e+06 2.66701e+06 0
492874 3.16614e+06 0
2.68715e+06 510727 0
4.26878e+06 224311 0
4.62951e+06 2.48383e+06 0
4.68535e+06 1.35899e+06 0
1.41514e+06 1.37776e+06 0
2.50404e+06 525605 0
2.22694e+06 2.96228e+06 0
1.32679e+06 1.95105e+06 0
3.13639e+06 1.13483e+06 0
3.7141e+06 2.30651e+06 0
3.42357e+06 1.67814e+06 0
4.30616e+06 1.09462e+06 0
4.91409e+06 2.20069e+06 0
101321 1.57659e+06 0
738090 2.05008e+06 0
550859 3.76125e+06 0
2.42271e+06 768151 0
2.62169e+06 2.12554e+06 0
1.71697e+06 2.98624e+06 0
3.4872e+06 314264 0
1.0622e+06 3.31629e+06 0
1.00299e+06 1.75207e+06 0
4.10993e+06 1.31146e+06 0
4.61943e+06 320292 0
194861 227668 0
1.89093e+06 569628 0
4.17051e+06 15488.1 0
3.23847e+06 706427 0
509659 3.83053e+06 0
117496 758080 0
3.08222e+06 1.30863e+06 0
4.25352e+06 915403 0
4.50987e+06 2.06702e+06 0
3.0958e+06 1.37707e+06 0
1.50914e+06 2.47139e+06 0
4.14945e+06 2.08968e+06 0
126499 2.98914e+06 0
3.33979e+06 2.40822e+06 0
2.27195e+06 3.33903e+06 0
67598.5 1.89566e+06 0
2.45735e+06 3.87341e+06 0
4.10871e+06 546586 0
1.1478e+06 3.2194e+06 0
2.01483e+06 2.94961e+06 0
3.62896e+06 1.1504e+06 0
3.17621e+06 156941 0
797754 2.58782e+06 0
3.19361e+06 1.92305e+06 0
785699 1.85751e+06 0
4.72579e+06 52262.9 0
2.81579e+06 1.62191e+06 0
3.46004e+06 2.1276e+06 0
2.20328e+06 861385 0
4.36918e+06 964843 0
2.90551e+06 1.39142e+06 0
905637 2.26539e+06 0
1.52623e+06 4.64827e+06 0
2.29209e+06 1.65883e+06 0
4.18134e+06 2.34748e+06 0
1.56453e+06 262459 0
131993 3.48048e+06 0
4.52284e+06 378887 0
3.5931e+06 2.04344e+06 0
2.24555e+06 1.43406e+06 0
2.61864e+06 541627 0
2.32688e+06 3.10541e+06 0
1.47755e+06 4.02997e+06 0
1.48869e+06 1.89764e+06 0
418409 3.80474e+06 0
4.72716e+06 1.21708e+06 0
4.23475e+06 1.26621e+06 0
3.64803e+06 1.7275e+06 0
3.53587e+06 200125 0
4.14777e+06 198599 0
127262 137486 0
1.0976e+06 1.97119e+06 0
410932 2.44392e+06 0
183874 260018 0
3.2075e+06 1.57292e+06 0
4.56481e+06 689108 0
908383 362407 0
1.49632e+06 1.21586e+06 0
367138 2.46315e+06 0
1.58635e+06 3.30393e+06 0
2.42958e+06 96133.3 0
830866 3.3282e+06 0
1.51463e+06 3.07276e+06 0
3.09076e+06 1.16306e+06 0
4.15113e+06 191733 0
3.16309e+06 1.54813e+06 0
2.87393e+06 2.06679e+06 0
3.10541e+06 925626 0
4.38902e+06 336009 0
1.96753e+06 4.64705e+06 0
3.41182e+06 2.3513e+06 0
1.58818e+06 618305 0
1.086e+06 4.65255e+06 0
3.61232e+06 775780 0
4.38826e+06 41200 0
384991 4.82818e+06 0
425275 4.42e+06 0
4.87915e+06 2.13317e+06 0
2.03146e+06 3.79437e+06 0
2.31162e+06 896634 0
3.56883e+06 129246 0
3.60698e+06 1.59955e+06 0
3.34025e+06 87588.1 0
3.3607e+06 1.91725e+06 0
1.52013e+06 1.05152e+06 0
2.46254e+06 2.40135e+06 0
8087.41 2.60109e+06 0
3.03369e+06 625095 0
3.11335e+06 158315 0
834071 3.88409e+06 0
475021 2.33375e+06 0
2.79794e+06 1.48999e+06 0
1.12583e+06 2.86615e+06 0
4.85122e+06 1.27956e+06 0
103000 2.99463e+06 0
2.66915e+06 670263 0
1.51662e+06 2.09189e+06 0
529344 1.80578e+06 0
4.47691e+06 330668 0
917386 2.00888e+06 0
790277 2.87576e+06 0
39368.9 4.66216e+06 0
829646 4.59151e+06 0
1.90054e+06 526139 0
1.48396e+06 124668 0
1.10233e+06 641346 0
2.59423e+06 1.78434e+06 0
2.01972e+06 4.42579e+06 0
782189 2.93085e+06 0
4.5085e+06 1.58696e+06 0
2.07831e+06 2.87683e+06 0
3.80306e+06 494018 0
2.25379e+06 4.35636e+06 0
4.76165e+06 1.33618e+06 0
1.2653e+06 1.89703e+06 0
3.1109e+06 309610 0
715964 1.84423e+06 0
3.85006e+06 112079 0
740989 2.33024e+06 0
4.46928e+06 427259 0
222633 3.25297e+06 0
3.13929e+06 953932 0
1.74276e+06 2.04505e+06 0
4.52651e+06 494018 0
176855 3.5168e+06 0
3.3929e+06 1.86689e+06 0
1.33702e+06 4.55062e+06 0
3.6346e+06 1.16298e+06 0
4.57045e+06 965606 0
2.9162e+06 1.10553e+06 0
718711 4.09314e+06 0
557268 4.06598e+06 0
4.34568e+06 31205.2 0
3.82687e+06 269555 0
1.63762e+06 1.3802e+06 0
301675 4.80026e+06 0
2.88507e+06 141682 0
1.44765e+06 423750 0
949431 4.92767e+06 0
74770.4 4.64583e+06 0
4.62386e+06 2.46651e+06 0
1.82791e+06 4.51842e+06 0
3.29096e+06 1.51578e+06 0
3.36619e+06 1.49854e+06 0
1.78793e+06 1.10187e+06 0
2.38716e+06 4.49095e+06 0
1.88101e+06 1.36708e+06 0
2.15476e+06 1.90573e+06 0
4.25855e+06 521332 0
683920 4.71496e+06 0
2.44682e+06 1.21052e+06 0
2.24082e+06 83925.9 0
2.55852e+06 1.6023e+06 0
1.31214e+06 1.58589e+06 0
273904 3.28669e+06 0
1.70324e+06 2.53365e+06 0
3.96771e+06 1.94716e+06 0
918607 3.46339e+06 0
382397 2.2422e+06 0
2.48146e+06 800348 0
1.75939e+06 4.56008e+06 0
1.34907e+06 1.23615e+06 0
827815 1.74291e+06 0
81789.6 3.85205e+06 0
2.56493e+06 2.35145e+06 0
917081 4.51491e+06 0
4.12687e+06 98040.7 0
1.41087e+06 4.58312e+06 0
1.86132e+06 411390 0
3.79849e+06 1.72369e+06 0
1.80731e+06 2.09906e+06 0
731529 1.94311e+06 0
2.58477e+06 1.76099e+06 0
2.55089e+06 580462 0
2.08564e+06 10681.5 0
3.74523e+06 1.84553e+06 0
1.86865e+06 1.40339e+06 0
3.75881e+06 914258 0
665914 2.15018e+06 0
4.79904e+06 2.38701e+06 0
907010 2.36763e+06 0
1.80258e+06 4.35972e+06 0
4.66689e+06 309381 0
2.21748e+06 1.33076e+06 0
2.94336e+06 852458 0
753197 1.71728e+06 0
4.67208e+06 123905 0
1.76031e+06 321512 0
4.38276e+06 1.67196e+06 0
4.39177e+06 429701 0
4.90539e+06 1.53592e+06 0
3.20368e+06 2.39052e+06 0
4.03104e+06 1.06815e+06 0
4.35362e+06 1.6525e+06 0
1.53294e+06 3.4254e+06 0
47456.3 4.69756e+06 0
457778 1.76763e+06 0
1.39851e+06 1.32527e+06 0
4.08795e+06 1.83302e+06 0
2.34733e+06 3.51726e+06 0
2.48528e+06 3.29234e+06 0
4.80514e+06 2.3806e+06 0
21210.4 522324 0
2.6719e+06 136418 0
2.80007e+06 2.1469e+06 0
4.88983e+06 1.73162e+06 0
2.37831e+06 2.06641e+06 0
184332 2.33772e+06 0
4.69298e+06 1.83454e+06 0
3.65215e+06 179525 0
598315 310678 0
2.85012e+06 1.90207e+06 0
1.92175e+06 2.03986e+06 0
3.54381e+06 72405.2 0
4.44212e+06 2.21603e+06 0
2.76849e+06 2.24395e+06 0
1.69927e+06 2.7871e+06 0
4.36308e+06 1.80036e+06 0
1.04022e+06 4.61821e+06 0
4.62935e+06 2.27851e+06 0
806757 3.71166e+06 0
3.27479e+06 1.26659e+06 0
71718.5 1.54134e+06 0
2.29576e+06 4.78546e+06 0
4.83245e+06 2.15918e+06 0
2.95465e+06 170446 0
2.06259e+06 1.45482e+06 0
3.511e+06 1.21609e+06 0
534226 3.72753e+06 0
2.85867e+06 1.60352e+06 0
4.81231e+06 958434 0
2.73003e+06 1.37265e+06 0
1.32878e+06 4.20927e+06 0
3.61797e+06 956908 0
2.94504e+06 1.56858e+06 0
2.07709e+06 1.09012e+06 0
904111 343791 0
4.55779e+06 2.14316e+06 0
584887 4.95026e+06 0
427564 704520 0
4.95834e+06 1.90352e+06 0
4.34248e+06 1.62832e+06 0
2.15705e+06 4.41298e+06 0
614948 1.07608e+06 0
1.0622e+06 3.78002e+06 0
4.74517e+06 278405 0
1.31321e+06 4.02707e+06 0
4.76272e+06 973846 0
1.64861e+06 2.9844e+06 0
2.54173e+06 517441 0
2.98273e+06 293512 0
2.74148e+06 1.47252e+06 0
124668 4.34309e+06 0
4.53078e+06 1.29795e+06 0
3.54778e+06 2.32627e+06 0
3.75149e+06 1.91572e+06 0
110935 3.26426e+06 0
677969 1.76824e+06 0
4.14502e+06 322962 0
1.02878e+06 386517 0
2.80389e+06 276498 0
385754 4.89608e+06 0
2.09067e+06 2.57546e+06 0
4.67818e+06 454878 0
2.46452e+06 945006 0
1.88742e+06 4.95453e+06 0
431837 382397 0
2.62932e+06 1.67508e+06 0
32044.4 2.26798e+06 0
4.7676e+06 1.99576e+06 0
621509 1.91427e+06 0
4.71938e+06 1.52959e+06 0
4.8619e+06 112766 0
605029 1.19465e+06 0
3.32041e+06 260704 0
4.9002e+06 585040 0
4.58831e+06 1.90436e+06 0
1.74474e+06 1.58208e+06 0
2.3217e+06 3.28104e+06 0
1.56941e+06 3.60271e+06 0
3.11365e+06 664846 0
3.18979e+06 159459 0
1.60237e+06 4.84405e+06 0
1.02878e+06 690634 0
1.7214e+06 2.0838e+06 0
2.62261e+06 1.32946e+06 0
499130 1.90741e+06 0
4.06522e+06 1.21822e+06 0
3.31385e+06 1.81623e+06 0
3.549e+06 2.25532e+06 0
2.00888e+06 3.31309e+06 0
657826 4.39039e+06 0
4.7763e+06 2.35756e+06 0
1.56743e+06 3.62896e+06 0
4.21445e+06 384457 0
2.81091e+06 2.07678e+06 0
2.46452e+06 3.78338e+06 0
3.76415e+06 715735 0
4.83551e+06 99032.6 0
509659 3.5078e+06 0
818506 3.16187e+06 0
1.23203e+06 440230 0
3.90439e+06 1.85522e+06 0
803552 1.16901e+06 0
4.10108e+06 1.91641e+06 0
4.71572e+06 1.17359e+06 0
4.5671e+06 1.10034e+06 0
12054.8 1.16626e+06 0
1.25965e+06 846584 0
3.38054e+06 853374 0
2.00827e+06 3.57082e+06 0
4.05789e+06 922803 0
3.91675e+06 2.17834e+06 0
1.70751e+06 251473 0
503098 1.57826e+06 0
1.92282e+06 498978 0
2.48146e+06 1.27964e+06 0
4.51323e+06 916852 0
3.59218e+06 153966 0
2.2309e+06 3.61827e+06 0
388348 2.58095e+06 0
92776.3 2.99188e+06 0
2.38273e+06 4.27061e+06 0
2.9545e+06 1.38684e+06 0
1.46153e+06 1.18412e+06 0
1.49174e+06 4.14197e+06 0
1.97409e+06 4.12427e+06 0
4.24726e+06 559404 0
401013 507065 0
898160 1.39409e+06 0
1.00909e+06 3.02347e+06 0
4.40031e+06 259026 0
1.39836e+06 3.62117e+06 0
2.16422e+06 3.9938e+06 0
4.34919e+06 1.79548e+06 0
3.92438e+06 2.15094e+06 0
4.87289e+06 1.51852e+06 0
1.44932e+06 2.38807e+06 0
3.87524e+06 257500 0
2.75765e+06 322275 0
2.33619e+06 1.11469e+06 0
990173 1.91717e+06 0
2.41401e+06 3.77331e+06 0
596942 1.56896e+06 0
4.38002e+06 549028 0
995514 2.13141e+06 0
788293 2.47948e+06 0
355083 2.57515e+06 0
1.78961e+06 3.77651e+06 0
4.66536e+06 865658 0
2.9928e+06 2.17811e+06 0
4.74288e+06 1.44704e+06 0
4.7821e+06 2.38403e+06 0
1.33518e+06 4.13572e+06 0
4.49507e+06 416425 0
975524 1.36677e+06 0
369121 2.43126e+06 0
2.74636e+06 1.83576e+06 0
3.66115e+06 1.38417e+06 0
3.60652e+06 1.4742e+06 0
2.84661e+06 699789 0
2.44026e+06 2.39113e+06 0
1.30665e+06 1.798e+06 0
482192 836360 0
2.40623e+06 1.74169e+06 0
3.27708e+06 1.25675e+06 0
3.37199e+06 1.15368e+06 0
1.82592e+06 4.22529e+06 0
1.87475e+06 3.7466e+06 0
3.08161e+06 2.24548e+06 0
1.72369e+06 4.02905e+06 0
2.44346e+06 1.68508e+06 0
1.5775e+06 3.33338e+06 0
3.41197e+06 349895 0
3.08008e+06 132756 0
2.05618e+06 165258 0
2.32566e+06 3.08756e+06 0
1.45405e+06 4.75753e+06 0
1.06143e+06 1.73711e+06 0
3.75759e+06 2.31216e+06 0
1.53066e+06 3.9198e+06 0
41810.4 1.46336e+06 0
1.36692e+06 1.05396e+06 0
594958 3.28181e+06 0
2.44163e+06 2.35176e+06 0
801111 2.3661e+06 0
74160 2.81472e+06 0
277718 3.49971e+06 0
1.50914e+06 3.42692e+06 0
419477 1.95364e+06 0
66225.2 4.32798e+06 0
3.00775e+06 1.64235e+06 0
3.87326e+06 2.1221e+06 0
40284.4 4.47111e+06 0
581225 1.96097e+06 0
2.43767e+06 3.41746e+06 0
1.97684e+06 3.11914e+06 0
2.78329e+06 680334 0
4.88907e+06 1.55599e+06 0
4.7525e+06 103305 0
2.304e+06 4.36934e+06 0
4.3878e+06 2.16491e+06 0
1.09088e+06 3.80718e+06 0
876034 3.86792e+06 0
243385 3.72356e+06 0
1.98325e+06 4.04096e+06 0
1.04709e+06 1.9245e+06 0
1.80441e+06 2.52739e+06 0
3.07627e+06 2.17895e+06 0
983459 4.42854e+06 0
2.42607e+06 1.04038e+06 0
2.06137e+06 1.8511e+06 0
1.08951e+06 3.55525e+06 0
105899 2.64122e+06 0
3.88073e+06 2.4517e+06 0
1.28178e+06 298776 0
1.81478e+06 4.99069e+06 0
4.51643e+06 2.30346e+06 0
3.3491e+06 1.26507e+06 0
3.91751e+06 1220.74 0
2.39113e+06 1.64174e+06 0
2.09876e+06 1.22501e+06 0
4.48088e+06 1.96516e+06 0
2.07022e+06 3.27052e+06 0
53102.2 4.32371e+06 0
2.84921e+06 91479.2 0
1.18671e+06 1.45207e+06 0
1.4481e+06 4.71664e+06 0
744957 849025 0
1.39576e+06 3.39686e+06 0
315867 1.75649e+06 0
447859 4.01379e+06 0
857875 813624 0
2.64336e+06 39216.3 0
2.45552e+06 3.4138e+06 0
2.36213e+06 4.27305e+06 0
2.09388e+06 1.00589e+06 0
542314 426649 0
856502 126957 0
710776 1.04755e+06 0
4.45372e+06 721229 0
4.98428e+06 2.47177e+06 0
3.48582e+06 2.28958e+06 0
2.6986e+06 980560 0
2.35084e+06 2.02857e+06 0
1.82012e+06 4.3759e+06 0
3.20002e+06 1.45306e+06 0
797144 1.9628e+06 0
3.84869e+06 2.42134e+06 0
1.00604e+06 281838 0
1.04785e+06 4.794e+06 0
2.45155e+06 4.20515e+06 0
3.02484e+06 1.02336e+06 0
2.87225e+06 610904 0
2.69539e+06 2.10112e+06 0
2.91299e+06 774102 0
458693 4.42167e+06 0
2.51701e+06 2.28782e+06 0
2.97662e+06 355312 0
1.19495e+06 3.68877e+06 0
1.84545e+06 527360 0
2.32765e+06 3.98297e+06 0
3.56914e+06 746483 0
4.15677e+06 2.45705e+06 0
4.73357e+06 743889 0
2.62368e+06 1.20533e+06 0
3.79574e+06 1.95669e+06 0
3.70846e+06 1.24035e+06 0
3.38832e+06 700476 0
427107 843532 0
4.54939e+06 1.87506e+06 0
2.14454e+06 618458 0
1.78045e+06 3.37458e+06 0
1.3567e+06 2.60109e+06 0
343944 4.04263e+06 0
600604 159307 0
4.69939e+06 592822 0
4.64782e+06 1.63945e+06 0
4.4911e+06 2.28217e+06 0
635243 3.79147e+06 0
1.99042e+06 1.5659e+06 0
1.29582e+06 1.31474e+06 0
2.39921e+06 1.92053e+06 0
3.93658e+06 968886 0
919980 2.11219e+06 0
327464 4.18058e+06 0
3.00134e+06 135273 0
155034 4.26054e+06 0
1.66234e+06 4.82131e+06 0
3.19422e+06 98956.3 0
3.30409e+06 1.33816e+06 0
2.86019e+06 894574 0
913114 249641 0
1.29139e+06 980560 0
1.06433e+06 3.07337e+06 0
3.62285e+06 2.33764e+06 0
3.62835e+06 1.14994e+06 0
1.60405e+06 4.50041e+06 0
590228 3.87051e+06 0
4.22132e+06 285424 0
2.88675e+06 1.81486e+06 0
475173 3.77789e+06 0
1.66616e+06 4.17066e+06 0
1.97485e+06 3.63277e+06 0
2.87896e+06 843684 0
501267 1.20029e+06 0
1.60421e+06 3.62011e+06 0
3.19941e+06 2.07534e+06 0
19684.4 372021 0
551164 3.46156e+06 0
419477 1.87994e+06 0
4.79034e+06 1.90107e+06 0
2.18757e+06 2.31895e+06 0
3.91095e+06 1.06479e+06 0
4.13175e+06 1.86209e+06 0
3.92911e+06 765252 0
1.08661e+06 1.80914e+06 0
4.55306e+06 2.41859e+06 0
1.18946e+06 4.76272e+06 0
915708 49745.2 0
2.73614e+06 1.65273e+06 0
1.53127e+06 2.09861e+06 0
2.02292e+06 2.78817e+06 0
125126 2.97266e+06 0
1.08264e+06 611591 0
1.50029e+06 4.75127e+06 0
1.71789e+06 4.74975e+06 0
4.0904e+06 1.28239e+06 0
4.73968e+06 829112 0
4.36003e+06 1.01062e+06 0
817591 4.34935e+06 0
707572 3.12372e+06 0
1.84896e+06 3.91263e+06 0
2.02475e+06 215918 0
4.24848e+06 132832 0
3.57082e+06 2.49146e+06 0
3.07108e+06 206916 0
318308 2.0397e+06 0
3.37001e+06 610.37 0
426191 4.14029e+06 0
2.69707e+06 716727 0
3.99365e+06 767617 0
1.15192e+06 4.35484e+06 0
4.75646e+06 1.25622e+06 0
2.8872e+06 879772 0
4.87671e+06 2.32505e+06 0
473647 2.51946e+06 0
485855 3.81359e+06 0
1.03427e+06 3.6082e+06 0
3.13608e+06 214087 0
551012 2.80511e+06 0
4.81414e+06 29450.4 0
252235 157628 0
1.67837e+06 2.82662e+06 0
1.48656e+06 3.98602e+06 0
4.17188e+06 1.84729e+06 0
2.98883e+06 2.3545e+06 0
3.6671e+06 1.57788e+06 0
1.94556e+06 2.27378e+06 0
3.30348e+06 175100 0
2.76437e+06 235450 0
3.16691e+06 1.57361e+06 0
4.95636e+06 1.9573e+06 0
2.47398e+06 2.21931e+06 0
4.03455e+06 485244 0
3.91354e+06 1.82211e+06 0
1.83691e+06 3.41227e+06 0
2.80145e+06 1.03076e+06 0
179296 1.08753e+06 0
1.20838e+06 3.91842e+06 0
4.24497e+06 1.18778e+06 0
4.71297e+06 1.41659e+06 0
4.61592e+06 1.85781e+06 0
1.93793e+06 1.61107e+06 0
4.35392e+06 1.99553e+06 0
4.52773e+06 1.47e+06 0
36469.6 2.04627e+06 0
2.71844e+06 1.64998e+06 0
3.15378e+06 1.56041e+06 0
4.16364e+06 1.05831e+06 0
772729 2.48009e+06 0
1.16489e+06 690024 0
1.87674e+06 2.0249e+06 0
3.96939e+06 1.46519e+06 0
3.28318e+06 1.58055e+06 0
286264 2.43065e+06 0
1.54851e+06 1.70904e+06 0
3.68145e+06 1.45489e+06 0
4.76653e+06 1.56873e+06 0
1.00467e+06 1.55583e+06 0
663167 3.89767e+06 0
1.50624e+06 2.29942e+06 0
4.9002e+06 1.07311e+06 0
2.80007e+06 1.77602e+06 0
984832 3.63063e+06 0
1.3271e+06 2.43751e+06 0
703299 1.0239e+06 0
2.47932e+06 48677 0
1.47267e+06 2.48711e+06 0
3.03598e+06 2.38067e+06 0
4.52605e+06 1.37074e+06 0
1.0715e+06 3.13501e+06 0
332347 2.43233e+06 0
990936 434431 0
160833 4.0643e+06 0
3.84701e+06 150304 0
191351 290536 0
598163 602435 0
2.08289e+06 2.83715e+06 0
3.46171e+06 1602.22 0
1.40034e+06 2.8428e+06 0
3.01874e+06 1.13506e+06 0
2.81182e+06 447707 0
1.22715e+06 2.85913e+06 0
3.4579e+06 1.27453e+06 0
3.00058e+06 2.40333e+06 0
3.40114e+06 1.2994e+06 0
1.50502e+06 3.45958e+06 0
4.56252e+06 1.94853e+06 0
4.83596e+06 1.03679e+06 0
2.05023e+06 3.99258e+06 0
4.22605e+06 1.40637e+06 0
4.28739e+06 186544 0
1.44307e+06 179449 0
843837 2.59224e+06 0
534837 1.40965e+06 0
4.38185e+06 1.03099e+06 0
1.57338e+06 858638 0
615101 2.79382e+06 0
1.56026e+06 2.9162e+06 0
2.69692e+06 1.93373e+06 0
143590 474563 0
3.93323e+06 954466 0
308390 3.48842e+06 0
235908 4.36125e+06 0
1.6921e+06 4.6495e+06 0
1.21693e+06 1.82501e+06 0
1.68371e+06 1.71514e+06 0
1.33076e+06 255135 0
1.96219e+06 3.51741e+06 0
4.9736e+06 645238 0
631886 4.18378e+06 0
1.94205e+06 1.49953e+06 0
2.60796e+06 1.302e+06 0
2.16132e+06 3.82504e+06 0
3.41121e+06 835673 0
1.08524e+06 2.00461e+06 0
4.02692e+06 2.16514e+06 0
4.67834e+06 627003 0
1.98508e+06 962096 0
381634 988952 0
1.31672e+06 140843 0
2.97494e+06 1.43513e+06 0
1.54363e+06 2.28767e+06 0
1.73345e+06 4.95254e+06 0
3.35795e+06 1.62923e+06 0
2.79336e+06 108646 0
1.14673e+06 2.39387e+06 0
3.12555e+06 136418 0
19684.4 2.0629e+06 0
29603 2.50069e+06 0
2.49397e+06 3.23252e+06 0
2.55028e+06 714896 0
2.49336e+06 4.09436e+06 0
3.72326e+06 1.31146e+06 0
1.81936e+06 1.2775e+06 0
59053.3 4.85138e+06 0
1.7481e+06 682852 0
2.16895e+06 3.84365e+06 0
4.91089e+06 1.23295e+06 0
2.93786e+06 1.69355e+06 0
113834 2.20222e+06 0
2.15583e+06 2.06442e+06 0
254372 2.76513e+06 0
4.00754e+06 702918 0
988037 3.94848e+06 0
1.33091e+06 3.73943e+06 0
304270 4.36354e+06 0
3.05017e+06 259178 0
1.66753e+06 2.64397e+06 0
3.68694e+06 2.20512e+06 0
876949 2.48741e+06 0
1.35975e+06 924711 0
4.30586e+06 1.78335e+06 0
3.1753e+06 1.43315e+06 0
3.67107e+06 1.42102e+06 0
4.41801e+06 1.6937e+06 0
4.99496e+06 1.65189e+06 0
445265 929441 0
1.91122e+06 4.67849e+06 0
2.69463e+06 914029 0
972778 3.12998e+06 0
2.70684e+06 1.93266e+06 0
4.11863e+06 2.2422e+06 0
574053 1.55156e+06 0
954466 3.01279e+06 0
1.7185e+06 1.41682e+06 0
1.00482e+06 300912 0
3.40556e+06 1.54622e+06 0
3.5905e+06 619984 0
4.90158e+06 2.23289e+06 0
491348 1.66433e+06 0
2.67876e+06 843989 0
4.04736e+06 2.33734e+06 0
4.57701e+06 1.15848e+06 0
854518 171209 0
4.32508e+06 1.18801e+06 0
3.71548e+06 2.31666e+06 0
330363 609302 0
1.99484e+06 671560 0
143132 717338 0
3.04147e+06 1.69515e+06 0
4.49934e+06 2.42515e+06 0
4.83108e+06 1.54202e+06 0
2.35023e+06 4.14365e+06 0
2.48436e+06 1.30634e+06 0
786004 4.5761e+06 0
3.82061e+06 2.41867e+06 0
1.2566e+06 3.92987e+06 0
1.59825e+06 4.58281e+06 0
997345 3.13715e+06 0
2.60353e+06 1.96867e+06 0
1.06769e+06 2.79199e+06 0
1.2389e+06 3.64025e+06 0
4.90631e+06 1.55423e+06 0
2.772e+06 1.329e+06 0
3.80947e+06 1.55484e+06 0
3.8963e+06 1.06128e+06 0
3.24122e+06 1.16192e+06 0
764946 1.85781e+06 0
1.37852e+06 773949 0
2.15079e+06 1.52577e+06 0
3.7994e+06 268563 0
2.88827e+06 460830 0
719169 4.66002e+06 0
256508 1.45222e+06 0
684072 1.70675e+06 0
3.4579e+06 1.66311e+06 0
2.12317e+06 1.72445e+06 0
3.84701e+06 244377 0
1.66967e+06 1.90573e+06 0
1.07028e+06 2.83227e+06 0
655690 2.72851e+06 0
2.76803e+06 1.35586e+06 0
3.68786e+06 1.42872e+06 0
2.99753e+06 150380 0
706504 3.58516e+06 0
2.03436e+06 4.81475e+06 0
1.44215e+06 1.09546e+06 0
2.70547e+06 567263 0
3.66558e+06 1.16596e+06 0
912046 3.86334e+06 0
4.1467e+06 1.37425e+06 0
498978 3.34407e+06 0
3.72326e+06 864360 0
124973 673544 0
387585 3.95077e+06 0
2.29179e+06 1.23951e+06 0
1.79693e+06 2.4807e+06 0
2.18741e+06 3.81634e+06 0
1.11347e+06 1.87719e+06 0
1.50044e+06 4.747e+06 0
2.58171e+06 1.04259e+06 0
4.86099e+06 2.12279e+06 0
747246 1.40355e+06 0
4.0643e+06 2.17467e+06 0
4.72564e+06 2.15255e+06 0
2.73583e+06 276193 0
1.42476e+06 2.39158e+06 0
1.5894e+06 1.65349e+06 0
4.13068e+06 2.13294e+06 0
1.9393e+06 4.84512e+06 0
358135 2.59911e+06 0
2.6191e+06 290689 0
378582 4.1789e+06 0
2.96625e+06 2.12546e+06 0
324412 1.21509e+06 0
2.02704e+06 4.18668e+06 0
1.28239e+06 4.68856e+06 0
1.63732e+06 3.04697e+06 0
3.2783e+06 1.51013e+06 0
3.53847e+06 1.04762e+06 0
560625 1.8453e+06 0
3.18049e+06 206381 0
2.09037e+06 3.17148e+06 0
373089 3.5728e+06 0
3.63964e+06 2.3516e+06 0
4.4377e+06 1.90512e+06 0
410779 2.61284e+06 0
4.01624e+06 607776 0
1.57796e+06 3.54198e+06 0
4.19752e+06 1.49327e+06 0
657826 4.10993e+06 0
1.11148e+06 266732 0
3.11869e+06 1.85789e+06 0
1.65227e+06 4.60402e+06 0
130161 3.91064e+06 0
3.48247e+06 1.77923e+06 0
4.86374e+06 62486.6 0
2.97937e+06 1.2466e+06 0
245979 4.02997e+06 0
1.27491e+06 2.07709e+06 0
4.57564e+06 1.15719e+06 0
1.04877e+06 3.53221e+06 0
3.90606e+06 80034.8 0
4.22864e+06 577868 0
2.60308e+06 97582.9 0
3.25541e+06 2.07526e+06 0
981933 206305 0
1.06983e+06 2.29041e+06 0
1.43117e+06 393384 0
2.47505e+06 2.45811e+06 0
1.92908e+06 3.446e+06 0
2.03238e+06 580767 0
3.35826e+06 1.61115e+06 0
1.1475e+06 998871 0
4.5259e+06 157247 0
4.50148e+06 1.39866e+06 0
1.29536e+06 279397 0
3.48338e+06 65080.7 0
3.73577e+06 1.40774e+06 0
1.78289e+06 1.07227e+06 0
2.69341e+06 1.33511e+06 0
795312 2.02597e+06 0
4.69649e+06 277642 0
4.99878e+06 1.10828e+06 0
1.59261e+06 4.85504e+06 0
4.95666e+06 153203 0
3.83267e+06 1.20197e+06 0
3.10556e+06 1.3303e+06 0
3.79955e+06 2.06099e+06 0
4.98123e+06 145802 0
3.09519e+06 1.88994e+06 0
1.03977e+06 4.02081e+06 0
186773 684530 0
1.73238e+06 4.88006e+06 0
2.32292e+06 4.55977e+06 0
986969 4.29151e+06 0
3.11975e+06 1.70232e+06 0
754418 1.05289e+06 0
4.7322e+06 1.30718e+06 0
1.77633e+06 4.66094e+06 0
1.0065e+06 1.13926e+06 0
3.22886e+06 1.00162e+06 0
529496 2.96854e+06 0
1.40019e+06 1.95227e+06 0
973998 4.71465e+06 0
57374.8 4.88922e+06 0
3.65047e+06 1.29292e+06 0
2.65893e+06 845592 0
4.66933e+06 2.26112e+06 0
4.06888e+06 2.10677e+06 0
1.62191e+06 779443 0
1.92984e+06 1.79601e+06 0
2.18421e+06 3.74248e+06 0
350352 827052 0
3.55129e+06 123295 0
1.06204e+06 1.89489e+06 0
4.10749e+06 1.09615e+06 0
4.7055e+06 779061 0
1.23966e+06 3.72951e+06 0
2.39647e+06 3.26685e+06 0
1.69927e+06 797601 0
235298 4.46562e+06 0
3.41945e+06 649739 0
1.90909e+06 4.40855e+06 0
192877 1.69088e+06 0
2.04657e+06 4.71892e+06 0
3.11838e+06 1.63411e+06 0
481887 2.22495e+06 0
219886 3.93399e+06 0
82400 1.1008e+06 0
3.14737e+06 1.86117e+06 0
3.29691e+06 1.92343e+06 0
2.36168e+06 4.86572e+06 0
80568.9 3.13746e+06 0
4.71435e+06 2.34169e+06 0
2.35496e+06 4.07132e+06 0
4.82421e+06 1.03717e+06 0
2.6545e+06 1.92564e+06 0
4.16135e+06 446715 0
2.12134e+06 3.4286e+06 0
4.23963e+06 497833 0
500809 3.14035e+06 0
2.82922e+06 112690 0
3.29508e+06 936613 0
4.59166e+06 1.56781e+06 0
3.7315e+06 891293 0
45014.8 4.71725e+06 0
4.70244e+06 1.55034e+06 0
4.26649e+06 2.45872e+06 0
3.33048e+06 531861 0
4.23582e+06 1.11637e+06 0
3.31812e+06 2.24441e+06 0
1.22883e+06 2.15415e+06 0
2.73614e+06 1.51631e+06 0
2.1662e+06 3.74722e+06 0
2.40852e+06 2.66396e+06 0
1.32206e+06 147862 0
2.54799e+06 689337 0
1.30238e+06 1.2566e+06 0
2.80175e+06 2.34619e+06 0
4.69466e+06 2.20519e+06 0
3.35902e+06 1.4684e+06 0
299997 1.31336e+06 0
2.28202e+06 4.89715e+06 0
350352 2.01163e+06 0
1.71194e+06 4.81597e+06 0
2.61803e+06 2.09319e+06 0
3.10938e+06 1.14948e+06 0
3.82473e+06 1.77664e+06 0
4.18271e+06 1.07631e+06 0
3.25571e+06 1.82295e+06 0
2.66411e+06 1.84156e+06 0
2.98486e+06 382321 0
4.58602e+06 745415 0
3.61736e+06 1.18702e+06 0
2.2161e+06 2.28996e+06 0
1.95624e+06 4.72686e+06 0
4.30799e+06 2.39242e+06 0
4.4998e+06 1.49991e+06 0
3.82e+06 1.06639e+06 0
3.17331e+06 2.35969e+06 0
763421 4.02875e+06 0
2.20588e+06 4.75951e+06 0
333415 2.93771e+06 0
2.55425e+06 1.34678e+06 0
3.97778e+06 755104 0
2.78253e+06 390561 0
3.56334e+06 355464 0
2.80313e+06 1.68493e+06 0
1.29337e+06 689718 0
4.38475e+06 497757 0
533769 3.93017e+06 0
4.8349e+06 2.48032e+06 0
202643 2.70348e+06 0
2.76238e+06 335475 0
2.88186e+06 180288 0
2.32612e+06 516984 0
4.30464e+06 1.7468e+06 0
4.87564e+06 2.28668e+06 0
4.37635e+06 2.24845e+06 0
4.39146e+06 2.45178e+06 0
2.38624e+06 1.56087e+06 0
630818 1.751e+06 0
1.56224e+06 628529 0
1.38356e+06 2.39341e+06 0
630665 1.3448e+06 0
2.74606e+06 472961 0
2.53121e+06 766396 0
3.8197e+06 2.44644e+06 0
2.94885e+06 1.11324e+06 0
4.73785e+06 814005 0
3.81497e+06 1.395e+06 0
4.43129e+06 393918 0
4.43602e+06 1.57895e+06 0
2.03452e+06 655232 0
405133 2.72469e+06 0
3.34147e+06 2.20885e+06 0
2.95419e+06 1.4581e+06 0
1.21586e+06 4.55962e+06 0
3.89889e+06 1.48671e+06 0
1.36433e+06 1.17145e+06 0
3.83938e+06 490890 0
2.37495e+06 2.45582e+06 0
3.76644e+06 2.33734e+06 0
1.43132e+06 3.21162e+06 0
2.73309e+06 2.0217e+06 0
4.60677e+06 2.28912e+06 0
1.74703e+06 286111 0
3.14234e+06 410550 0
1.53981e+06 3.12555e+06 0
4.62172e+06 719779 0
4.36888e+06 512940 0
440535 4.37696e+06 0
2.50908e+06 671865 0
3.4843e+06 1.8086e+06 0
3.59157e+06 2.46948e+06 0
2.41447e+06 1.94632e+06 0
441755 2.28263e+06 0
1.47526e+06 2.16208e+06 0
578173 588092 0
2.22236e+06 2.51061e+06 0
3.02332e+06 2.00011e+06 0
1.08127e+06 4.635e+06 0
2.58797e+06 685522 0
4.14411e+06 2.40631e+06 0
4.27961e+06 1.82821e+06 0
3.10694e+06 883053 0
2.99661e+06 230644 0
3.75668e+06 914258 0
1.15955e+06 2.76772e+06 0
913572 4.74059e+06 0
4.4406e+06 687582 0
1.23432e+06 866878 0
3.24244e+06 1.54263e+06 0
2.78298e+06 1.554e+06 0
86977.8 4.16227e+06 0
2.77551e+06 2.14522e+06 0
569018 3.099e+06 0
2.40501e+06 3.31812e+06 0
3.02805e+06 1.11126e+06 0
152593 863521 0
4.59975e+06 83391.8 0
2.49123e+06 2.88125e+06 0
3.79955e+06 2.37396e+06 0
3.38832e+06 1.3628e+06 0
2.2956e+06 3.26853e+06 0
1.51296e+06 152440 0
1.0271e+06 4.78805e+06 0
1.55583e+06 2.98807e+06 0
3.32606e+06 692084 0
3.56471e+06 2.37152e+06 0
194708 2.94198e+06 0
1.70553e+06 3.95734e+06 0
400555 2.4984e+06 0
1.35258e+06 3.55388e+06 0
539262 1.67486e+06 0
915250 982391 0
2.72607e+06 1.61473e+06 0
2.30735e+06 2.43751e+06 0
70040 258797 0
1.46565e+06 1.92785e+06 0
2.58812e+06 2.04138e+06 0
2.82266e+06 1.74116e+06 0
3.71395e+06 169912 0
4.14182e+06 1.13536e+06 0
59205.9 329905 0
618610 2.92276e+06 0
4.58419e+06 1.06449e+06 0
4.65819e+06 412000 0
829798 3.51314e+06 0
229804 4.67422e+06 0
3.37489e+06 609226 0
3.21055e+06 541704 0
2.16559e+06 3.5728e+06 0
1.61885e+06 4.49385e+06 0
881527 1.0239e+06 0
2.15018e+06 3.20124e+06 0
1.98981e+06 1.60298e+06 0
1.91427e+06 4.76547e+06 0
3.64467e+06 424741 0
1.78625e+06 1.58269e+06 0
1.08982e+06 3.22962e+06 0
274056 4.90936e+06 0
2.71905e+06 2.29049e+06 0
4.31043e+06 1.55484e+06 0
3.44981e+06 1.30696e+06 0
874050 2.41768e+06 0
569323 305.185 0
848109 987274 0
4.70687e+06 1.04099e+06 0
4.02097e+06 2.25761e+06 0
1.08875e+06 3.7286e+06 0
1.63457e+06 4.21796e+06 0
3.73409e+06 1.18931e+06 0
390484 443129 0
2.74422e+06 895795 0
4.31486e+06 1.34877e+06 0
2.34672e+06 3.5461e+06 0
3.39167e+06 2.18543e+06 0
4.84512e+06 405744 0
370342 2.93924e+06 0
3.13456e+06 713981 0
4.65346e+06 1.96471e+06 0
1.93823e+06 4.82315e+06 0
4.66948e+06 2.2103e+06 0
419324 4.79827e+06 0
2.63939e+06 2.1865e+06 0
1.32771e+06 2.71523e+06 0
3.14264e+06 777993 0
4.33592e+06 1.55744e+06 0
4.38551e+06 1.68195e+06 0
3.71914e+06 648671 0
3.58425e+06 647526 0
3.03995e+06 2.44949e+06 0
363018 1.38173e+06 0
1.98874e+06 3.99121e+06 0
4.57778e+06 672323 0
3.03995e+06 869472 0
2.46773e+06 2.75994e+06 0
3.07855e+06 73015.5 0
2.54646e+06 2.00827e+06 0
2.65374e+06 1.45955e+06 0
131993 2.34489e+06 0
3.01569e+06 2.491e+06 0
1.92938e+06 700400 0
3.59142e+06 336467 0
4.5645e+06 1.39065e+06 0
56764.4 154118 0
3.48231e+06 980789 0
661031 1.06372e+06 0
1.11164e+06 2.42286e+06 0
957976 4.94614e+06 0
703146 3.26334e+06 0
4.6025e+06 243233 0
4.74807e+06 1.9335e+06 0
368358 3.08496e+06 0
4.38292e+06 657064 0
3.04239e+06 1.39912e+06 0
3.6877e+06 1.55728e+06 0
3.35108e+06 91631.8 0
281381 1.0419e+06 0
4.57808e+06 1.03565e+06 0
1.12384e+06 4.35621e+06 0
1.02618e+06 1.80548e+06 0
4.92843e+06 1.59474e+06 0
983001 972320 0
91555.5 381176 0
4.34187e+06 1.07952e+06 0
4.54863e+06 1.26965e+06 0
2.54021e+06 2.38327e+06 0
1.45604e+06 3.6137e+06 0
967284 3.41121e+06 0
2.11356e+06 1.75939e+06 0
1.49846e+06 945769 0
25940.7 2.77215e+06 0
313425 630055 0
2.51625e+06 438704 0
3.65429e+06 2.24181e+06 0
3.79162e+06 77364.4 0
1.6773e+06 2.35115e+06 0
872524 2.37754e+06 0
3.05948e+06 1.85652e+06 0
1.28849e+06 4.54985e+06 0
510575 1.76901e+06 0
3.94742e+06 961409 0
4.8526e+06 915555 0
2.08564e+06 4.7702e+06 0
2.81579e+06 1.77648e+06 0
4.70443e+06 2.35199e+06 0
1.21647e+06 4.02814e+06 0
398267 3.8142e+06 0
2.66427e+06 644704 0
4.98276e+06 1.20533e+06 0
460067 240181 0
1.82669e+06 3.65047e+06 0
2.84127e+06 273751 0
1.29704e+06 830409 0
4.22559e+06 1.76496e+06 0
3.2194e+06 314035 0
3.61629e+06 1.28552e+06 0
3.76415e+06 1.53523e+06 0
2.81991e+06 2.04451e+06 0
661184 1.51219e+06 0
4.63607e+06 1.79724e+06 0
3.15302e+06 1.70286e+06 0
3.67244e+06 1.93373e+06 0
587024 142827 0
4.94537e+06 2.39227e+06 0
1.06082e+06 1.751e+06 0
2.91681e+06 913877 0
4.01944e+06 2.36106e+06 0
1.13086e+06 2.80663e+06 0
3.21436e+06 1.87979e+06 0
97964.4 4.82391e+06 0
3.93216e+06 361034 0
3.59127e+06 508210 0
894345 1.545e+06 0
1.00391e+06 4.10459e+06 0
738853 4.42213e+06 0
930815 1.27598e+06 0
487533 28840 0
3.62331e+06 1.22127e+06 0
906095 2.06748e+06 0
2.48009e+06 1.39485e+06 0
1.1623e+06 3.91446e+06 0
2.22663e+06 1.8891e+06 0
3.69121e+06 2.32749e+06 0
3.93979e+06 1.59871e+06 0
668813 282296 0
4.57442e+06 1.07578e+06 0
1.00604e+06 3.34346e+06 0
1.14963e+06 1.21311e+06 0
4.26527e+06 907620 0
2.24799e+06 4.59883e+06 0
405591 488449 0
1.98492e+06 1.99438e+06 0
1.76824e+06 644398 0
4.10749e+06 944319 0
1.20029e+06 1.30268e+06 0
1.37364e+06 4.05637e+06 0
2.72958e+06 1.41148e+06 0
2.87332e+06 1.61161e+06 0
3.69503e+06 570467 0
4.44288e+06 1.72216e+06 0
4.73602e+06 1.71117e+06 0
4.83367e+06 113147 0
1.55202e+06 3.4106e+06 0
2.78726e+06 2.46254e+06 0
4.8349e+06 1.12827e+06 0
2.67602e+06 1.72452e+06 0
2.27989e+06 3.10617e+06 0
3.86395e+06 1.90138e+06 0
4.08597e+06 114444 0
1.44429e+06 4.49706e+06 0
845820 970183 0
3.51192e+06 1.6805e+06 0
236518 1.30497e+06 0
2.62169e+06 1.89276e+06 0
1.41453e+06 3.27799e+06 0
1.59673e+06 2.92886e+06 0
3.52229e+06 54704.4 0
1.33595e+06 3.91766e+06 0
2.21168e+06 2.24784e+06 0
780206 1.57201e+06 0
592822 150456 0
1.69362e+06 3.68877e+06 0
3.51146e+06 1.03801e+06 0
3.41456e+06 1.2051e+06 0
1.56301e+06 2.66549e+06 0
234993 2.71493e+06 0
3.75027e+06 298700 0
1.56178e+06 2.55715e+06 0
188299 1.09516e+06 0
2.51778e+06 843684 0
3.76568e+06 785012 0
138859 3.68816e+06 0
2.1659e+06 1.18015e+06 0
2.82296e+06 1.62542e+06 0
4.15815e+06 1.29299e+06 0
3.1869e+06 1.61542e+06 0
1.55995e+06 1.68462e+06 0
1.98752e+06 3.50749e+06 0
780816 3.60546e+06 0
3.26533e+06 591067 0
352947 743278 0
3.36146e+06 2.0732e+06 0
3.35231e+06 559023 0
3.97214e+06 1.27461e+06 0
1.12125e+06 2.83441e+06 0
1.8891e+06 196844 0
2.19428e+06 2.92764e+06 0
587939 415662 0
2.83593e+06 688345 0
1.31718e+06 3.408e+06 0
3.0958e+06 1.78091e+06 0
3.84594e+06 2.31704e+06 0
4.7882e+06 976592 0
4.52605e+06 625629 0
300760 307779 0
1.82531e+06 1.14048e+06 0
3.64071e+06 579089 0
1.98691e+06 1.55126e+06 0
2.622e+06 2.43629e+06 0
4.97253e+06 949049 0
3.60302e+06 534837 0
3.34437e+06 1.36906e+06 0
2.67861e+06 333644 0
4.24421e+06 230796 0
4.73281e+06 2.17383e+06 0
2.12256e+06 4.72716e+06 0
4.26023e+06 359355 0
2.3777e+06 3.17042e+06 0
4.36064e+06 2.47818e+06 0
3.558e+06 211112 0
2.81426e+06 601520 0
3.28547e+06 481506 0
1.64205e+06 4.5117e+06 0
556047 2.84585e+06 0
4.06034e+06 303430 0
4.57396e+06 910367 0
232398 4.25459e+06 0
2.77337e+06 1.44559e+06 0
727409 4.51231e+06 0
3.18873e+06 1.91603e+06 0
4.08811e+06 1.32405e+06 0
3.82443e+06 1.35136e+06 0
2.41813e+06 1.0062e+06 0
4.18424e+06 1.94258e+06 0
1.39195e+06 3.60042e+06 0
1.61428e+06 4.6791e+06 0
3.59615e+06 858562 0
2.61757e+06 992080 0
1.60466e+06 311747 0
1.79479e+06 1.10248e+06 0
4.7e+06 1.73696e+06 0
3.56853e+06 595264 0
639668 4.74853e+06 0
4.34736e+06 2.19642e+06 0
1.38112e+06 591144 0
284127 3.18903e+06 0
4.16501e+06 1.36959e+06 0
3.28913e+06 1.49266e+06 0
1.86773e+06 2.77993e+06 0
448012 4.47981e+06 0
4.02814e+06 2.34909e+06 0
4.50652e+06 1.41812e+06 0
2.45216e+06 3.68252e+06 0
574664 3.19437e+06 0
2.80694e+06 986511 0
1.70995e+06 4.55031e+06 0
1.10446e+06 32197 0
3.53008e+06 768456 0
1.48625e+06 3.81756e+06 0
518357 1.13559e+06 0
4.2114e+06 719855 0
4.17432e+06 1.92572e+06 0
257576 4.9884e+06 0
664388 1.38188e+06 0
1.43849e+06 801721 0
3.13334e+06 155950 0
2.4456e+06 3.96878e+06 0
1.3274e+06 3.86471e+06 0
3.7196e+06 168615 0
3.69167e+06 620060 0
1.55858e+06 1.816e+06 0
4.59014e+06 786996 0
4.36903e+06 1.62358e+06 0
1.81295e+06 2.04581e+06 0
1.46443e+06 1.6335e+06 0
2.02048e+06 2.16895e+06 0
3.32072e+06 499817 0
4.28434e+06 1.89695e+06 0
4.69131e+06 1.83462e+06 0
4.37941e+06 1.92778e+06 0
4.49095e+06 619984 0
4.9855e+06 2.19779e+06 0
3.85311e+06 518662 0
4.45189e+06 945769 0
1.26682e+06 1.32649e+06 0
4.28373e+06 212256 0
1.2009e+06 1.06723e+06 0
3.0047e+06 357448 0
119633 2.48985e+06 0
1.55339e+06 4.55916e+06 0
1.29841e+06 2.27516e+06 0
2.86843e+06 848949 0
2.34321e+06 4.61867e+06 0
820185 3.64772e+06 0
1.82272e+06 1.96173e+06 0
1.14399e+06 1.52562e+06 0
3.9169e+06 834605 0
4.53108e+06 1.20037e+06 0
2.48985e+06 4.43556e+06 0
4.53505e+06 600223 0
3.49361e+06 1.35067e+06 0
447859 2.70714e+06 0
2.10608e+06 4.86023e+06 0
2.80465e+06 335322 0
3.51405e+06 1.76908e+06 0
1.6686e+06 3.5754e+06 0
3.7434e+06 1.86338e+06 0
358287 4.08429e+06 0
4.44441e+06 2.02544e+06 0
4.76989e+06 850093 0
3.03995e+06 976058 0
949736 667898 0
2.1392e+06 1.06983e+06 0
1.07791e+06 2.65389e+06 0
4.62691e+06 800424 0
513474 1.23112e+06 0
3.33064e+06 959349 0
1.0625e+06 2.70287e+06 0
1.6776e+06 2.23365e+06 0
3.12204e+06 147481 0
4.24085e+06 1.78777e+06 0
1.8569e+06 1.24866e+06 0
3.58531e+06 1.43971e+06 0
67598.5 3.84579e+06 0
2.32048e+06 2.45689e+06 0
2.90185e+06 1.94746e+06 0
1.76214e+06 4.63286e+06 0
2.06946e+06 2.71416e+06 0
1.11255e+06 4.8291e+06 0
4.71526e+06 568865 0
3.56578e+06 1.93884e+06 0
4.6057e+06 789666 0
3.2403e+06 1.42125e+06 0
786920 2.68395e+06 0
4.35057e+06 566805 0
1.37013e+06 3.59767e+06 0
1.51967e+06 1.19221e+06 0
2.59835e+06 1.1951e+06 0
2.64214e+06 264977 0
854824 656301 0
3.19941e+06 2.20168e+06 0
2.76635e+06 1.9158e+06 0
3.43959e+06 2.45125e+06 0
1.05701e+06 4.2526e+06 0
2.32261e+06 4.74014e+06 0
1.31321e+06 1.49129e+06 0
4.64019e+06 757851 0
2.31056e+06 1.99744e+06 0
215766 742210 0
61800 2.5779e+06 0
1.59062e+06 3.41182e+06 0
3.24351e+06 2.37266e+06 0
4.10245e+06 692389 0
153508 4.46699e+06 0
4.76272e+06 691092 0
4.86007e+06 2.17322e+06 0
3.8403e+06 431379 0
2.69448e+06 1.38325e+06 0
554064 1.5659e+06 0
2.74773e+06 1.01367e+06 0
1.78594e+06 4.0022e+06 0
2.52388e+06 4730.37 0
214393 3.67183e+06 0
2.40867e+06 2.39387e+06 0
781884 2.29392e+06 0
108951 4.96948e+06 0
1.89535e+06 4.8262e+06 0
2.71798e+06 1.53005e+06 0
270852 555437 0
1.56499e+06 2.60201e+06 0
827052 4.04553e+06 0
2.50435e+06 2.45132e+06 0
533158 4.21491e+06 0
1.79891e+06 4.61211e+06 0
2.61879e+06 1.16733e+06 0
257729 2.93939e+06 0
50660.7 2.22129e+06 0
779595 643788 0
4.68444e+06 1.70431e+06 0
1.96204e+06 2.83319e+06 0
994598 580004 0
2.93176e+06 49287.4 0
793329 40894.8 0
2.05069e+06 3.02103e+06 0
2.83929e+06 756706 0
4.65621e+06 2.28759e+06 0
3.74676e+06 517823 0
2.49001e+06 2.46773e+06 0
4.09986e+06 1.62236e+06 0
4.9736e+06 468307 0
1.1774e+06 3.8258e+06 0
4.98535e+06 2.02269e+06 0
2.19626e+06 409101 0
4.29472e+06 991.852 0
4.47691e+06 1.34762e+06 0
1.31336e+06 3.53633e+06 0
1.44093e+06 88961.5 0
1.31443e+06 862300 0
844142 2.62673e+06 0
1.77999e+06 4.26298e+06 0
4.1522e+06 1.73673e+06 0
3.03171e+06 411008 0
3.46416e+06 1.88749e+06 0
1.80059e+06 2.34092e+06 0
4.89303e+06 1.57201e+06 0
2.89331e+06 482650 0
4.8059e+06 781579 0
1.60878e+06 2.55852e+06 0
2.83319e+06 492111 0
2.06458e+06 2.34809e+06 0
3.05017e+06 1.20334e+06 0
4.08719e+06 2.44034e+06 0
2.2393e+06 1.7156e+06 0
3.8229e+06 1.40683e+06 0
1.6393e+06 60426.6 0
725272 1.5772e+06 0
1.08615e+06 2.0571e+06 0
1.07746e+06 4.4348e+06 0
1.95334e+06 2.59163e+06 0
701315 4.97726e+06 0
2.79656e+06 255287 0
2.01453e+06 1.57903e+06 0
4.11069e+06 2.48833e+06 0
3.08878e+06 424131 0
1.1034e+06 2.77078e+06 0
3.86578e+06 2.30102e+06 0
893887 2.32475e+06 0
2.18879e+06 2.39952e+06 0
3.03934e+06 1.38043e+06 0
4.80377e+06 2.0809e+06 0
4.80071e+06 1.86262e+06 0
987732 4.91134e+06 0
48371.8 4.29197e+06 0
3.961e+06 580691 0
3.21924e+06 860164 0
2.73812e+06 494247 0
2.22587e+06 3.3488e+06 0
4.57472e+06 1.15764e+06 0
1.72948e+06 2.40242e+06 0
666524 1.44017e+06 0
680105 999634 0
256203 1.34022e+06 0
528733 1.13681e+06 0
805078 1.78259e+06 0
3.0221e+06 965987 0
4.38551e+06 385983 0
3.98206e+06 1.95517e+06 0
2.94916e+06 2.18452e+06 0
1.9779e+06 3.61171e+06 0
2.6307e+06 2.20344e+06 0
3.29844e+06 2.15102e+06 0
4.73846e+06 571230 0
2.12745e+06 1.06876e+06 0
3.59279e+06 183798 0
2.33192e+06 1.0828e+06 0
3.86486e+06 1.00803e+06 0
4.76745e+06 1.1539e+06 0
2.575e+06 2.39784e+06 0
1.5067e+06 1.43727e+06 0
3.40419e+06 1.938e+06 0
899533 4.34263e+06 0
3.47728e+06 583132 0
4.86816e+06 2.40555e+06 0
272835 210120 0
2.34443e+06 4.85641e+06 0
3.81619e+06 115818 0
258492 2.38365e+06 0
1.81082e+06 1.36311e+06 0
979186 4.48744e+06 0
2.86859e+06 292901 0
2.61834e+06 1.08341e+06 0
487686 414289 0
1.10096e+06 4.73846e+06 0
2.94229e+06 2.42843e+06 0
411084 4.72625e+06 0
1.73498e+06 4.68169e+06 0
4.91546e+06 756172 0
3.76995e+06 761284 0
174871 4.5294e+06 0
4.90371e+06 1.42567e+06 0
1.14933e+06 4.27259e+06 0
28229.6 2.35298e+06 0
4.19843e+06 959349 0
2.34535e+06 2.7311e+06 0
1.79006e+06 827357 0
1.98355e+06 476089 0
1.32008e+06 709098 0
1.62023e+06 4.62905e+06 0
1.94769e+06 2.74087e+06 0
4.26008e+06 2.03452e+06 0
856197 1.4098e+06 0
828272 358135 0
2.84387e+06 683691 0
2.73537e+06 337382 0
4.65011e+06 36622.2 0
2.06702e+06 2.86493e+06 0
2.92505e+06 2.25639e+06 0
4.55977e+06 1.07204e+06 0
2.24799e+06 2.76696e+06 0
3.01309e+06 741218 0
2.10044e+06 3.71807e+06 0
1.30024e+06 200659 0
4.20057e+06 335398 0
1.62893e+06 2.81106e+06 0
4.10581e+06 1.08547e+06 0
210883 2.63375e+06 0
3.48827e+06 400632 0
3.99594e+06 1.11019e+06 0
1.99133e+06 3.24015e+06 0
3.62682e+06 56917 0
71718.5 2.3574e+06 0
270394 979492 0
1.73513e+06 4.63576e+06 0
1.4835e+06 3.6346e+06 0
3.56883e+06 1.84698e+06 0
3.76629e+06 2.0053e+06 0
3.9816e+06 1.59742e+06 0
1.96234e+06 2.57836e+06 0
4.05362e+06 2.45987e+06 0
3.16156e+06 1.63358e+06 0
3.90439e+06 145268 0
258950 3.40876e+06 0
983612 1.11942e+06 0
2.83074e+06 869472 0
4.19462e+06 1.43437e+06 0
478378 3.98633e+06 0
250099 1.20182e+06 0
1.30192e+06 3.08023e+06 0
1.17466e+06 106510 0
654622 3.50993e+06 0
4.35362e+06 1.18595e+06 0
2.83868e+06 931959 0
4.03653e+06 349513 0
895108 3.08374e+06 0
704825 229041 0
2.14682e+06 4.46043e+06 0
2.20405e+06 767998 0
4.6498e+06 953856 0
3.05109e+06 2.24479e+06 0
2.2071e+06 541093 0
822169 2.39814e+06 0
3.10633e+06 2.04756e+06 0
1.02588e+06 333567 0
231178 208441 0
4.3701e+06 1.39843e+06 0
2.70913e+06 556276 0
2.82601e+06 189673 0
1.7452e+06 1.74841e+06 0
3.3993e+06 2.03948e+06 0
804620 4.84817e+06 0
1.01093e+06 2.27912e+06 0
2.79534e+06 5111.85 0
4.3968e+06 1.83889e+06 0
4.40977e+06 650502 0
1.42979e+06 1.94296e+06 0
280313 410627 0
2.77383e+06 189749 0
2.107e+06 4.89944e+06 0
271615 2.38594e+06 0
409101 3.56166e+06 0
3.97855e+06 491882 0
4.06415e+06 1.72033e+06 0
4.24131e+06 1.60039e+06 0
281991 525224 0
2.73492e+06 1.29429e+06 0
178533 3.65871e+06 0
3.85983e+06 327921 0
2.59819e+06 1.84629e+06 0
405591 500504 0
1.34678e+06 2.41493e+06 0
4.8909e+06 1.70881e+06 0
3.4875e+06 1.64342e+06 0
480209 1.76992e+06 0
3.85891e+06 1.75733e+06 0
2.89102e+06 1.94899e+06 0
3.46782e+06 2.2467e+06 0
2.18894e+06 4.35148e+06 0
1.91809e+06 148625 0
885800 227058 0
1.52654e+06 212256 0
2.24021e+06 1.88818e+06 0
3.28578e+06 1.47961e+06 0
170446 3.85189e+06 0
2.32826e+06 4.43892e+06 0
4.68505e+06 2.0616e+06 0
3.05002e+06 1.86613e+06 0
4.23582e+06 1.37867e+06 0
1.54637e+06 1.26591e+06 0
3.90393e+06 1.46657e+06 0
521104 4.71297e+06 0
818354 314951 0
4.32035e+06 2.25692e+06 0
721000 3.98999e+06 0
4.25077e+06 1.77374e+06 0
2.07724e+06 4.75555e+06 0
1.83721e+06 2.98379e+06 0
1.64296e+06 4.04477e+06 0
175939 3.8496e+06 0
2.89377e+06 2.13294e+06 0
1.03946e+06 1.33747e+06 0
1.22028e+06 3.83892e+06 0
2.8898e+06 695898 0
2.29835e+06 2.71264e+06 0
2.45644e+06 1.59978e+06 0
2.53792e+06 819346 0
34791.1 921812 0
3.02026e+06 494629 0
1.16153e+06 289010 0
826289 2.3954e+06 0
4.8233e+06 1.80204e+06 0
4.1644e+06 1.99461e+06 0
854213 1.16993e+06 0
201880 2.5309e+06 0
1.68096e+06 85604.4 0
2.01102e+06 3.20246e+06 0
1.06708e+06 3.63277e+06 0
3.5287e+06 173650 0
17853.3 4.18882e+06 0
3.94269e+06 2.46986e+06 0
2.49809e+06 1.69729e+06 0
406964 2.06259e+06 0
1.12156e+06 2.22572e+06 0
493637 4.17875e+06 0
467086 3.64193e+06 0
3.2873e+06 1.73528e+06 0
3.17759e+06 1.47084e+06 0
527360 4.03775e+06 0
1.49846e+06 2.2573e+06 0
1.70766e+06 2.22572e+06 0
4.41298e+06 1.54004e+06 0
4.53551e+06 436491 0
3.02759e+06 362636 0
4.65804e+06 376980 0
4.36705e+06 1.78724e+06 0
1.06464e+06 1220.74 0
1.2331e+06 4.1229e+06 0
1.06708e+06 4.78744e+06 0
3.28471e+06 682546 0
1.26743e+06 2.04749e+06 0
1.99423e+06 1.55095e+06 0
3.41731e+06 1.26217e+06 0
4.63729e+06 919980 0
1.5775e+06 4.9173e+06 0
4.97253e+06 1.94441e+06 0
4.48164e+06 2.20748e+06 0
765709 1.90115e+06 0
4.51094e+06 697577 0
818354 2.172e+06 0
2.18757e+06 3.57112e+06 0
1.65105e+06 3.65673e+06 0
2.59133e+06 1.18336e+06 0
1.50441e+06 1.59734e+06 0
2.60552e+06 900678 0
1.80853e+06 3.73684e+06 0
401166 666066 0
3.78124e+06 575579 0
1.06159e+06 1.27171e+06 0
307169 3.23466e+06 0
4.75784e+06 274819 0
759606 3.86334e+06 0
1.37654e+06 1.78991e+06 0
3.91461e+06 1.63701e+06 0
3.01309e+06 1.39615e+06 0
1.6187e+06 2.68609e+06 0
3.22825e+06 1.85827e+06 0
3.36589e+06 599689 0
4.48088e+06 205390 0
4.43648e+06 999100 0
2.64046e+06 749687 0
2.75887e+06 1.19678e+06 0
4.98611e+06 5798.52 0
2.14744e+06 4.73403e+06 0
596484 2.83395e+06 0
2.07343e+06 2.71783e+06 0
4.54161e+06 1.88177e+06 0
1.62526e+06 136265 0
4.7766e+06 1.72437e+06 0
2.81564e+06 789743 0
3.14875e+06 997269 0
888699 2.13691e+06 0
4.42167e+06 1.25752e+06 0
1.78762e+06 622578 0
4.72289e+06 707648 0
4.43464e+06 1.67943e+06 0
3.32179e+06 1.84126e+06 0
2.98257e+06 1.52234e+06 0
4.14426e+06 1.98355e+06 0
1.69408e+06 4.7467e+06 0
929136 1.73879e+06 0
2.60292e+06 1.76893e+06 0
2.43431e+06 1.29322e+06 0
3.61522e+06 409635 0
1.59673e+06 4.89547e+06 0
2.20634e+06 3.85525e+06 0
55391.1 4.83795e+06 0
2.36992e+06 549944 0
1.94082e+06 2.69723e+06 0
4.97467e+06 2.00148e+06 0
3.33796e+06 784020 0
4.18577e+06 1.93442e+06 0
1.33015e+06 4.55794e+06 0
107578 4.05591e+06 0
4.02951e+06 160833 0
302896 3.79315e+06 0
498520 3.9201e+06 0
344249 1.59902e+06 0
1.97226e+06 3.77987e+06 0
1.05686e+06 4.18043e+06 0
3.28379e+06 1.5202e+06 0
2.60582e+06 2.39738e+06 0
902738 1.06494e+06 0
3.08496e+06 1.55362e+06 0
1.49037e+06 3.40007e+06 0
1.7655e+06 1.07288e+06 0
2.37816e+06 962859 0
4.65774e+06 937071 0
2.8779e+06 869549 0
2.54372e+06 724204 0
2.82647e+06 385449 0
4.13755e+06 2.31666e+06 0
2.27454e+06 1.71773e+06 0
4.52742e+06 231178 0
3.72311e+06 385144 0
1.55904e+06 3.64315e+06 0
815455 1.20029e+06 0
313730 1.74764e+06 0
4.8912e+06 2.16216e+06 0
3.33766e+06 73473.3 0
3.30576e+06 83315.5 0
1.78076e+06 4.22147e+06 0
926847 3.59996e+06 0
99948.1 876949 0
3.7083e+06 2.12302e+06 0
4.48149e+06 1.95044e+06 0
751366 916623 0
2.64229e+06 91708.1 0
3.75851e+06 1.93915e+06 0
162969 1.3448e+06 0
285653 718253 0
1.01154e+06 2.78817e+06 0
4.70092e+06 2.04909e+06 0
2.41173e+06 4.7203e+06 0
3.2519e+06 1.08547e+06 0
1.71331e+06 2.1633e+06 0
2.15369e+06 4.94659e+06 0
422224 3.49361e+06 0
98269.6 2.38594e+06 0
3.043e+06 2.26798e+06 0
4.09619e+06 1.25225e+06 0
892666 2.74697e+06 0
51423.7 266884 0
3.54305e+06 1.75817e+06 0
1.98264e+06 553911 0
3.04346e+06 1.55988e+06 0
1.29017e+06 983001 0
3.58562e+06 176016 0
4.98032e+06 1.43155e+06 0
1.76199e+06 1.37501e+06 0
4.24833e+06 533006 0
78432.6 4.80728e+06 0
2.33238e+06 1.09561e+06 0
3.8728e+06 795465 0
3.03873e+06 2.06679e+06 0
4.29853e+06 832774 0
3.84732e+06 1.67356e+06 0
2.53075e+06 988647 0
5188.15 2.23624e+06 0
2.84707e+06 1.43017e+06 0
3.51085e+06 1.65212e+06 0
4.74242e+06 1.15825e+06 0
3.39808e+06 1.4153e+06 0
1.7333e+06 227516 0
1.22486e+06 30213.3 0
2.00873e+06 2.03024e+06 0
3.17438e+06 688498 0
3.58089e+06 1.94266e+06 0
2.67129e+06 1.68783e+06 0
4.09619e+06 1.93564e+06 0
4.92462e+06 2.28088e+06 0
2.95953e+06 618381 0
2.29896e+06 11902.2 0
929746 3.23878e+06 0
1.92251e+06 4.14487e+06 0
4.84252e+06 800348 0
4.438e+06 46769.6 0
2.61422e+06 1.56056e+06 0
301523 1.43315e+06 0
1.18854e+06 1.46382e+06 0
2.53807e+06 2.27081e+06 0
2.57668e+06 2.33062e+06 0
2.35572e+06 2.37754e+06 0
649281 360576 0
1.53081e+06 2.9548e+06 0
3.83801e+06 1.67409e+06 0
2.96442e+06 1.64785e+06 0
1.40019e+06 2.37678e+06 0
3.31935e+06 1.07204e+06 0
3.40587e+06 417112 0
4.14457e+06 1.10981e+06 0
2.09891e+06 3.2786e+06 0
390332 293588 0
4.79522e+06 1.1877e+06 0
2.725e+06 434431 0
966216 3.26609e+06 0
2.55333e+06 872448 0
3.67244e+06 2.44934e+06 0
1.14887e+06 2.24754e+06 0
2.99402e+06 176397 0
1.80303e+06 2.40761e+06 0
1.62481e+06 692007 0
1.3976e+06 3.867e+06 0
276345 4.36934e+06 0
308237 794549 0
3.05551e+06 861461 0
2.04337e+06 1.59383e+06 0
467238 1.59154e+06 0
1.52547e+06 4.682e+06 0
202338 4.57793e+06 0
3.42341e+06 2.06137e+06 0
3.36253e+06 2.49802e+06 0
4.43632e+06 1.69713e+06 0
1.28315e+06 1.02985e+06 0
941801 3.07321e+06 0
606555 137486 0
910672 714744 0
1.76458e+06 4.22926e+06 0
1.4951e+06 3.71334e+06 0
3.52458e+06 826746 0
1.19678e+06 3.42051e+06 0
3.75713e+06 260170 0
3.02271e+06 653325 0
4.07971e+06 196616 0
2.53212e+06 221107 0
3.53435e+06 941496 0
2.18284e+06 3.08512e+06 0
3.95474e+06 585650 0
883206 2.65023e+06 0
2.1778e+06 3.99884e+06 0
153661 846889 0
1.75954e+06 1.14643e+06 0
808435 3.26334e+06 0
4.34629e+06 2.47124e+06 0
1.55873e+06 4.17875e+06 0
3.36283e+06 1.91298e+06 0
3.44676e+06 1.94281e+06 0
169988 4.49828e+06 0
1.51738e+06 4.30357e+06 0
349132 3.69396e+06 0
2.62993e+06 582446 0
270852 4.10154e+06 0
821253 3.55358e+06 0
1.60131e+06 1.46611e+06 0
4.12214e+06 2.03963e+06 0
3.90667e+06 1.20258e+06 0
4.23521e+06 233695 0
3.00699e+06 2.4839e+06 0
2.98196e+06 923261 0
240181 1.47053e+06 0
1.92175e+06 513321 0
290384 638142 0
4.05179e+06 1.22974e+06 0
2.73492e+06 1.79228e+06 0
3.99335e+06 1.21822e+06 0
4.97086e+06 329829 0
570391 1.84591e+06 0
1.67287e+06 3.70052e+06 0
3.18766e+06 115589 0
3.44264e+06 355388 0
911740 3.65444e+06 0
4.80087e+06 1.25248e+06 0
667592 739616 0
4.18394e+06 1.67302e+06 0
3.44768e+06 2.33184e+06 0
1.09836e+06 108646 0
4.94873e+06 936995 0
3.08802e+06 999634 0
4.53642e+06 409024 0
2.67373e+06 181661 0
3.94818e+06 731681 0
1.91992e+06 612964 0
4.63622e+06 1.94411e+06 0
4.78271e+06 401547 0
161596 1.72781e+06 0
4.89944e+06 1.94594e+06 0
2.5428e+06 1.87742e+06 0
3.97275e+06 1.60527e+06 0
3.9642e+06 2.18749e+06 0
3.40709e+06 1.59085e+06 0
2.75399e+06 660268 0
4.35331e+06 2.40417e+06 0
35248.9 1.32298e+06 0
3.8171e+06 1.48679e+06 0
956603 2.04398e+06 0
1.98981e+06 75380.7 0
1.91e+06 1.04862e+06 0
3.45393e+06 1.51631e+06 0
2.64046e+06 50050.4 0
2.42363e+06 3.18918e+06 0
4.65514e+06 279473 0
4.67422e+06 575961 0
4.83673e+06 1.58292e+06 0
1.31626e+06 1.09073e+06 0
668966 2.99036e+06 0
2.07389e+06 1.53157e+06 0
980255 2.82907e+06 0
3.21894e+06 1.08852e+06 0
3.60866e+06 414747 0
2.82098e+06 1.891e+06 0
3.89966e+06 312738 0
3.46736e+06 308695 0
439009 4.76272e+06 0
110935 2.55364e+06 0
1.92862e+06 4.69741e+06 0
3.20063e+06 647145 0
1.61031e+06 3.14722e+06 0
4.75066e+06 1.39531e+06 0
3.14585e+06 1.03954e+06 0
2.50664e+06 185095 0
4.35759e+06 1.05495e+06 0
4.86358e+06 304498 0
2.7369e+06 803781 0
1.69103e+06 1.47893e+06 0
4.12687e+06 634480 0
3.72372e+06 2.40104e+06 0
3.48369e+06 1.22875e+06 0
671865 2.54219e+06 0
4.12626e+06 41200 0
710624 3.96741e+06 0
4.37696e+06 1.65036e+06 0
1.49937e+06 3.21055e+06 0
3.0015e+06 2.41035e+06 0
393384 4.26283e+06 0
2.35466e+06 2.0925e+06 0
3.99991e+06 1.46504e+06 0
636311 1.16321e+06 0
4.73617e+06 1.39164e+06 0
2.1659e+06 1.48045e+06 0
4.54604e+06 2.31704e+06 0
2.07953e+06 2.42256e+06 0
3.43089e+06 783334 0
4.35865e+06 2.4205e+06 0
2.95083e+06 2.02956e+06 0
4.59395e+06 1.69561e+06 0
2.35405e+06 2.22129e+06 0
1.39241e+06 2.93817e+06 0
2.48741e+06 4.68612e+06 0
2.83334e+06 2.407e+06 0
148930 1.18e+06 0
1.87826e+06 1.21006e+06 0
3.03384e+06 1.65387e+06 0
2.14362e+06 3.48689e+06 0
2.93313e+06 290078 0
2.94046e+06 1.33923e+06 0
2.34184e+06 1.21876e+06 0
4.98749e+06 1.48915e+06 0
2.12912e+06 4.76608e+06 0
704978 1.48305e+06 0
431837 1.03336e+06 0
495468 4.97787e+06 0
422834 2.4189e+06 0
3.9143e+06 1.02168e+06 0
2.11325e+06 4.12564e+06 0
2.1427e+06 1.26804e+06 0
844752 4.31043e+06 0
663320 3.84274e+06 0
2.62703e+06 1.84835e+06 0
3.54839e+06 661412 0
3.97732e+06 840632 0
3.26456e+06 919141 0
1.41743e+06 3.46599e+06 0
2.40242e+06 529801 0
3.28684e+06 122913 0
1.23554e+06 2.49748e+06 0
4.02493e+06 993530 0
2.51595e+06 2.01903e+06 0
3.58074e+06 2.41035e+06 0
2.41218e+06 456404 0
2.10639e+06 2.58995e+06 0
3.99686e+06 614948 0
2.58919e+06 2.28896e+06 0
2.18741e+06 806452 0
1.57964e+06 3.94696e+06 0
1.55095e+06 820185 0
672323 3.92499e+06 0
874050 2.00354e+06 0
3.89325e+06 632115 0
907926 1.57781e+06 0
3.65291e+06 2.0043e+06 0
4.19324e+06 2.20199e+06 0
420087 3.09793e+06 0
3.37123e+06 1.83683e+06 0
3.77209e+06 2.42126e+06 0
1.88757e+06 4.42381e+06 0
4.97787e+06 1.89802e+06 0
3.49483e+06 326472 0
3.77209e+06 1.53134e+06 0
4.45998e+06 2.16231e+06 0
4.4731e+06 782266 0
4.88342e+06 1.01688e+06 0
4.10398e+06 152745 0
3.03583e+06 1.31176e+06 0
2.67098e+06 1.07944e+06 0
4.11847e+06 764260 0
3.25816e+06 1.10607e+06 0
2.35282e+06 128330 0
2.08976e+06 3.20032e+06 0
2.80877e+06 446333 0
1.22257e+06 3.05689e+06 0
1.87277e+06 1.5978e+06 0
4.02005e+06 2.05863e+06 0
2.76666e+06 2.19848e+06 0
1.06479e+06 1.00146e+06 0
20600 3.02606e+06 0
1.66967e+06 1.71178e+06 0
4.3083e+06 1.96234e+06 0
3.63811e+06 1.98683e+06 0
1.5479e+06 4.55397e+06 0
1.43345e+06 1.35136e+06 0
2.67953e+06 2.34741e+06 0
413984 1.17176e+06 0
3.02026e+06 2.00163e+06 0
2.28675e+06 3.7846e+06 0
2.60704e+06 804849 0
4.43983e+06 96362.2 0
1.43147e+06 1.03748e+06 0
3.30622e+06 1.29147e+06 0
973693 1.22761e+06 0
4.41969e+06 2.39357e+06 0
941496 1.94632e+06 0
4.31349e+06 1.1037e+06 0
2.61986e+06 2.18009e+06 0
1.92267e+06 3.23618e+06 0
2.73949e+06 28305.9 0
4.64476e+06 849712 0
4.26832e+06 2.14774e+06 0
1.71361e+06 2.35817e+06 0
3.03262e+06 883511 0
45777.8 3.99762e+06 0
1.57582e+06 644856 0
211493 2.13523e+06 0
4.15876e+06 1.60398e+06 0
2.69127e+06 439543 0
4.30891e+06 1.90855e+06 0
2.07038e+06 968505 0
3.82519e+06 1.26362e+06 0
4.3292e+06 1.76305e+06 0
4.64385e+06 57069.6 0
4.88662e+06 778146 0
2.47154e+06 2.80007e+06 0
2.55013e+06 1.85842e+06 0
3.5931e+06 1.22791e+06 0
2.03146e+06 2.3986e+06 0
3.75851e+06 282144 0
182348 642262 0
556352 1.72521e+06 0
3.60775e+06 2.46269e+06 0
3.18079e+06 2.49023e+06 0
2.81121e+06 1.67394e+06 0
995666 3.74386e+06 0
531632 1.25111e+06 0
4.8056e+06 1.30818e+06 0
4.42335e+06 1.89955e+06 0
2.2364e+06 1.86666e+06 0
1.74017e+06 2.55333e+06 0
1.13544e+06 2.85867e+06 0
1.17634e+06 573748 0
2.39326e+06 207373 0
4.52284e+06 1.53821e+06 0
1.09729e+06 3.9465e+06 0
3.29356e+06 1.58895e+06 0
2.42088e+06 2.4839e+06 0
2.97906e+06 2.38037e+06 0
1.15497e+06 4.63256e+06 0
83162.9 1.98721e+06 0
1.28941e+06 1.4922e+06 0
4.59975e+06 1.24828e+06 0
4.54817e+06 734046 0
3.08344e+06 1.90687e+06 0
4.28617e+06 2.10189e+06 0
4.97482e+06 1373.33 0
3.65474e+06 856426 0
2.33131e+06 3.09671e+06 0
4.43983e+06 1.24401e+06 0
624561 1.33122e+06 0
480056 1.87033e+06 0
757317 3.7199e+06 0
2.07282e+06 4.46013e+06 0
4.95773e+06 1.49754e+06 0
270241 1.84805e+06 0
1.70583e+06 1.45192e+06 0
2.47658e+06 1.45344e+06 0
2.35206e+06 1.72246e+06 0
3.24931e+06 2.37136e+06 0
4.57839e+06 1.00673e+06 0
1.71163e+06 617847 0
363018 2.837e+06 0
4.48347e+06 1.12491e+06 0
3.60393e+06 2.38418e+06 0
534379 3.14158e+06 0
54628.1 4.25947e+06 0
1.86911e+06 699789 0
4.73342e+06 1.01993e+06 0
1.44719e+06 3.09915e+06 0
4.45677e+06 569170 0
2.24632e+06 2.71737e+06 0
658589 4.05271e+06 0
3.87463e+06 962172 0
147252 1.10309e+06 0
636769 4.50697e+06 0
3.9581e+06 2.24914e+06 0
2.46376e+06 3.50764e+06 0
1.95914e+06 143437 0
2.6072e+06 1.88147e+06 0
3.36467e+06 863750 0
3.51054e+06 2.45918e+06 0
812403 4.11283e+06 0
4.75768e+06 1.60222e+06 0
3.16202e+06 282983 0
4.51003e+06 1.37661e+06 0
4.67116e+06 428404 0
3.3346e+06 2.36824e+06 0
702841 4.75662e+06 0
1.83233e+06 108493 0
2.6252e+06 1.48442e+06 0
969878 4.23368e+06 0
2.05374e+06 24109.6 0
1.52394e+06 4.17798e+06 0
2.09815e+06 1.16718e+06 0
1.54302e+06 1.9512e+06 0
765252 2.7694e+06 0
3.23252e+06 2.23739e+06 0
4.17829e+06 1.64991e+06 0
3.17026e+06 1.78022e+06 0
4.76562e+06 2.19131e+06 0
2.25837e+06 1.6802e+06 0
2.07633e+06 3.9732e+06 0
4.31761e+06 904035 0
1.3805e+06 1.18671e+06 0
4.73022e+06 1.05777e+06 0
2.70699e+06 2.40303e+06 0
3.03873e+06 1.90092e+06 0
478225 3662.22 0
905179 2.84005e+06 0
1.39637e+06 308237 0
4.33897e+06 1.96043e+06 0
738395 4.34538e+06 0
1.59627e+06 2.37373e+06 0
4.71419e+06 2.19268e+06 0
663015 2.34993e+06 0
4.04691e+06 614795 0
2.72118e+06 1.02222e+06 0
1.42964e+06 2.46605e+06 0
508591 4.241e+06 0
3.01523e+06 1.8115e+06 0
2.97922e+06 1.48061e+06 0
1.59505e+06 4.25764e+06 0
164647 4.49721e+06 0
1.62511e+06 3.50536e+06 0
4.65194e+06 1.80578e+06 0
3.75195e+06 1.06204e+06 0
3.57418e+06 1.59169e+06 0
3.99823e+06 281533 0
2.52876e+06 1.54202e+06 0
262764 90182.2 0
323038 1.56148e+06 0
1.29048e+06 1.50441e+06 0
957823 4.91653e+06 0
769219 3.47041e+06 0
1.75314e+06 3.75042e+06 0
1.71148e+06 762.963 0
4.02219e+06 783792 0
3.77316e+06 2.0613e+06 0
200659 4.0112e+06 0
3.66955e+06 1.12697e+06 0
3.83923e+06 2.25791e+06 0
1.34327e+06 1.3274e+06 0
1.35945e+06 4.65743e+06 0
2.04016e+06 3.18674e+06 0
1.98813e+06 4.98123e+06 0
1.94876e+06 3.29173e+06 0
4.76882e+06 2.29499e+06 0
2.56218e+06 1.62984e+06 0
4.06003e+06 136494 0
1.41499e+06 4.27763e+06 0
2.42729e+06 3.45759e+06 0
4.35575e+06 456252 0
2.33284e+06 763115 0
2.00583e+06 2.35633e+06 0
530870 1.44169e+06 0
567492 630665 0
1.57384e+06 2.48299e+06 0
4.63103e+06 1.39386e+06 0
4.33668e+06 2.33352e+06 0
2.14072e+06 1.6361e+06 0
2.96411e+06 173116 0
4.17753e+06 1.01154e+06 0
1.14963e+06 1.23615e+06 0
4.7087e+06 1.10233e+06 0
1.14933e+06 1.99728e+06 0
2.96747e+06 1.16749e+06 0
1.43818e+06 2.88995e+06 0
3.61476e+06 2.30323e+06 0
4.41664e+06 1.14124e+06 0
2.3397e+06 2.07053e+06 0
3.07047e+06 1.1465e+06 0
2.0571e+06 672781 0
2.99402e+06 1.67455e+06 0
2.35633e+06 1.53066e+06 0
3.6787e+06 471587 0
2.35801e+06 2.98791e+06 0
477157 367443 0
4.63576e+06 2.23724e+06 0
1.14689e+06 2.7076e+06 0
358287 1.70476e+06 0
3.37992e+06 1.43925e+06 0
3.30897e+06 123218 0
2.22495e+06 2.98166e+06 0
2.93725e+06 993378 0
3.80963e+06 883206 0
4.10184e+06 766396 0
4.26603e+06 1.73772e+06 0
3.65673e+06 1.03694e+06 0
268563 1.85675e+06 0
1.54195e+06 2.73827e+06 0
90029.6 2.62291e+06 0
1.53081e+06 1.9747e+06 0
1.57949e+06 138401 0
4.29151e+06 1.99561e+06 0
972472 1.61763e+06 0
2.92047e+06 1.39096e+06 0
3.93628e+06 2.30613e+06 0
3.60256e+06 385983 0
2.75735e+06 536286 0
1.55293e+06 1.61458e+06 0
1.07959e+06 3.76217e+06 0
4.90097e+06 2.08365e+06 0
95065.2 3.30561e+06 0
1.66646e+06 2.1839e+06 0
2.59819e+06 827280 0
2.49214e+06 1.74841e+06 0
3.80627e+06 124592 0
4.27961e+06 492645 0
354320 3.65978e+06 0
2.39387e+06 4.07605e+06 0
1.36998e+06 1.98614e+06 0
1.58574e+06 4.1139e+06 0
3.03446e+06 1.40011e+06 0
3.29279e+06 913953 0
536668 909146 0
4.47295e+06 2.35344e+06 0
3.82534e+06 861461 0
626698 3.55434e+06 0
1.06693e+06 1.50639e+06 0
3.16782e+06 504471 0
1.21448e+06 297250 0
3.79177e+06 2.02788e+06 0
4.59441e+06 385830 0
1.00604e+06 64851.8 0
2.9162e+06 1.91885e+06 0
1.47359e+06 3.3871e+06 0
2.61391e+06 2.11959e+06 0
1.32618e+06 2.03497e+06 0
2.92199e+06 975295 0
105747 1.48671e+06 0
2.59545e+06 1.32199e+06 0
2.48909e+06 136723 0
1.67699e+06 3.00867e+06 0
450758 3.43059e+06 0
2.22175e+06 4.20728e+06 0
1.02313e+06 1.21128e+06 0
4.38047e+06 2.12325e+06 0
2.30735e+06 310526 0
1.75207e+06 2.54601e+06 0
2.89315e+06 957518 0
2.41066e+06 2.48497e+06 0
2.34245e+06 739006 0
4.51018e+06 104373 0
2.89483e+06 267876 0
2.87729e+06 238884 0
48524.4 2.97708e+06 0
497147 2.83578e+06 0
2.17536e+06 4.43403e+06 0
1.29612e+06 3.88485e+06 0
1.82516e+06 2.68868e+06 0
3.1312e+06 1.97157e+06 0
3.87646e+06 1.55484e+06 0
2.39006e+06 3.86929e+06 0
3.18674e+06 660039 0
4.10916e+06 167013 0
1.90466e+06 1.89337e+06 0
4.01486e+06 160222 0
4.09345e+06 51500 0
1.39576e+06 3.13395e+06 0
2.82632e+06 631428 0
4.21033e+06 351039 0
2.40928e+06 4.68413e+06 0
336924 4.44975e+06 0
886105 1.78426e+06 0
1.37516e+06 4.52376e+06 0
483718 377819 0
2.89789e+06 2.32795e+06 0
1.15238e+06 4.67879e+06 0
2.5689e+06 1.71972e+06 0
4.85885e+06 1.52371e+06 0
25788.1 304117 0
786157 3.0137e+06 0
4.93713e+06 984909 0
4.10077e+06 303125 0
2.1395e+06 2.65893e+06 0
3.43608e+06 1.75962e+06 0
261696 3.85067e+06 0
4.75768e+06 74388.9 0
2.74117e+06 928526 0
1.75756e+06 4.02966e+06 0
2.63802e+06 2.00194e+06 0
441145 703452 0
155797 1.69347e+06 0
3.05765e+06 774865 0
4.27381e+06 568407 0
4.03363e+06 805841 0
2.39418e+06 30671.1 0
3.06436e+06 473113 0
4.41679e+06 482116 0
3.01981e+06 766015 0
140690 4.8352e+06 0
2.82113e+06 2.1321e+06 0
1.40431e+06 56001.5 0
2.94443e+06 1.53455e+06 0
2.86706e+06 417722 0
3.70693e+06 334178 0
2.83975e+06 154729 0
3.9938e+06 1.51349e+06 0
3.07062e+06 904950 0
579546 2.00995e+06 0
3.89248e+06 2.02391e+06 0
702689 3.28867e+06 0
3.63735e+06 1.74734e+06 0
3.04697e+06 2.00873e+06 0
3.72478e+06 2.37091e+06 0
4.78759e+06 1.16008e+06 0
3.33048e+06 1.05976e+06 0
4.85977e+06 1.5566e+06 0
41505.2 3.3581e+06 0
1.10172e+06 2.29835e+06 0
403455 3.56899e+06 0
1.43239e+06 3.85525e+06 0
1.76672e+06 331889 0
1.71865e+06 1.86605e+06 0
4.33851e+06 1.58292e+06 0
487075 2.00308e+06 0
4.84436e+06 1.58231e+06 0
3.13898e+06 2.25517e+06 0
709403 1.08249e+06 0
822932 3.20994e+06 0
1.16291e+06 4.64599e+06 0
1.62191e+06 2.56645e+06 0
4.17096e+06 1.68798e+06 0
4.21125e+06 1.16894e+06 0
607929 1.70186e+06 0
1.64281e+06 1.84683e+06 0
4.5703e+06 1.82363e+06 0
414136 3.40068e+06 0
1.23676e+06 4.86816e+06 0
2.4749e+06 1.89505e+06 0
1.18717e+06 327464 0
330210 128941 0
2.57958e+06 1.69301e+06 0
2.89621e+06 932340 0
96285.9 4.58785e+06 0
2.26295e+06 2.16269e+06 0
2.06458e+06 927152 0
4.02234e+06 1.01161e+06 0
4.65545e+06 1.93693e+06 0
1.31626e+06 1.86636e+06 0
4.56999e+06 969802 0
262307 880612 0
4.11878e+06 533387 0
1.9129e+06 1.7719e+06 0
98727.4 3.62117e+06 0
3.40205e+06 1.47214e+06 0
375988 4.26832e+06 0
3.4402e+06 1.32183e+06 0
4.58007e+06 1.75855e+06 0
4.80972e+06 1.04808e+06 0
2.81457e+06 1.105e+06 0
4.01868e+06 1.08539e+06 0
3.79421e+06 1.37104e+06 0
769066 598773 0
1.30848e+06 289468 0
2.39677e+06 4.28297e+06 0
424512 4.82925e+06 0
936308 3.7225e+06 0
2.33146e+06 2.23045e+06 0
2.97098e+06 2.04611e+06 0
4.23261e+06 100482 0
4.92142e+06 0 0
3.19514e+06 1.18351e+06 0
3.92956e+06 1.72979e+06 0
358440 1.26865e+06 0
1.99576e+06 2.10547e+06 0
4.41252e+06 1.77732e+06 0
3.5226e+06 1.09279e+06 0
747551 3.15332e+06 0
3.92407e+06 1.67905e+06 0
186163 705130 0
4.45601e+06 2.41394e+06 0
3.70067e+06 17395.6 0
921506 4.85107e+06 0
2.02185e+06 4.94675e+06 0
1.41179e+06 3.14112e+06 0
1.54973e+06 2.12348e+06 0
735191 3.20551e+06 0
465865 3.40922e+06 0
1.6921e+06 4.14518e+06 0
1.4594e+06 3.25846e+06 0
852077 3.94955e+06 0
4.96948e+06 2.31697e+06 0
3.98892e+06 1.90748e+06 0
4.35179e+06 2.06504e+06 0
3.83038e+06 260933 0
1.87582e+06 4.60936e+06 0
278176 1.39775e+06 0
1.95776e+06 1.1272e+06 0
756249 3.90118e+06 0
535142 3.43089e+06 0
840175 4.35453e+06 0
1.99286e+06 810572 0
2.82739e+06 1.42972e+06 0
2.54143e+06 1.29315e+06 0
2.40303e+06 3.92544e+06 0
1.45802e+06 10071.1 0
1.05777e+06 4.8413e+06 0
4.09574e+06 1.43284e+06 0
4.41328e+06 661336 0
3.06482e+06 773568 0
4.11206e+06 1.23371e+06 0
1.49571e+06 2.89666e+06 0
3.42936e+06 2.27302e+06 0
4.78713e+06 291528 0
4.26054e+06 332118 0
4.74776e+06 1.65212e+06 0
641957 824152 0
2.53594e+06 795389 0
1.46245e+06 4.4174e+06 0
4.3054e+06 748238 0
2.51854e+06 2.34069e+06 0
961028 953398 0
572985 2.15003e+06 0
933409 2.0748e+06 0
4.57198e+06 814463 0
2.37648e+06 186468 0
1.6747e+06 4.72808e+06 0
3.69533e+06 1.43414e+06 0
3.25617e+06 1.24081e+06 0
3.81085e+06 2.3928e+06 0
3.53465e+06 43870.4 0
1.06647e+06 1.59413e+06 0
984680 3.29859e+06 0
2.1839e+06 3.69869e+06 0
186926 3.49071e+06 0
173345 3.14386e+06 0
4.27625e+06 475173 0
2.60659e+06 2.21244e+06 0
639210 3.40175e+06 0
4.15571e+06 1.24592e+06 0
23041.5 4.31028e+06 0
4.80743e+06 1.86781e+06 0
1.70522e+06 2.99371e+06 0
2.65572e+06 1.61573e+06 0
4.88678e+06 534990 0
2.68273e+06 2.01193e+06 0
3.96115e+06 1.13781e+06 0
430616 1.73482e+06 0
2.81655e+06 91097.8 0
1.97317e+06 274972 0
827967 847346 0
4.09177e+06 969344 0
694601 4.9263e+06 0
1.06357e+06 2.6664e+06 0
779138 1.27812e+06 0
1.96677e+06 753655 0
2.10562e+06 1.59917e+06 0
4.90951e+06 2.39433e+06 0
2.67144e+06 1.55499e+06 0
2.08899e+06 4.0997e+06 0
4.23063e+06 1.91656e+06 0
2.08747e+06 2.49352e+06 0
4.20301e+06 1.24386e+06 0
3.31004e+06 1.78312e+06 0
2.86737e+06 1.26804e+06 0
4.97147e+06 1.68355e+06 0
3.49437e+06 1.20579e+06 0
4.53841e+06 1.84896e+06 0
574053 1.45848e+06 0
3.03262e+06 913572 0
3.79666e+06 1.80868e+06 0
2.10227e+06 4.90371e+06 0
2.93985e+06 1.69233e+06 0
4.26618e+06 2.42286e+06 0
1.32282e+06 1.07944e+06 0
238502 1.99271e+06 0
2.97845e+06 974303 0
4.74136e+06 1.64823e+06 0
1.20472e+06 1.14017e+06 0
4.70595e+06 1.6673e+06 0
3.64803e+06 2.03848e+06 0
1.2775e+06 3.92834e+06 0
1.57582e+06 4.26344e+06 0
4.52223e+06 321970 0
3.4959e+06 1.52676e+06 0
2.2454e+06 1.96188e+06 0
776849 3.4138e+06 0
1.82897e+06 4.391e+06 0
427564 2.21168e+06 0
1.49174e+06 4.31333e+06 0
2.68975e+06 1.5302e+06 0
4.8793e+06 2.41836e+06 0
3.60225e+06 2.12554e+06 0
391095 3.44066e+06 0
192572 3.80566e+06 0
4.15067e+06 1.84629e+06 0
3.45103e+06 589084 0
3.02164e+06 908994 0
1.74352e+06 2.63955e+06 0
1.58345e+06 1.40629e+06 0
4.82254e+06 2.43675e+06 0
4.46471e+06 1.01588e+06 0
1.08646e+06 3.81802e+06 0
2.94519e+06 35859.2 0
3.25175e+06 1.64098e+06 0
2.23212e+06 2.50404e+06 0
83925.9 367290 0
3.31675e+06 981857 0
4.35514e+06 1.11538e+06 0
816065 3.8406e+06 0
4.67345e+06 606403 0
707877 3.699e+06 0
1.34953e+06 2.86935e+06 0
4.36506e+06 401090 0
3.95016e+06 1.96638e+06 0
2.79397e+06 510117 0
697501 4.73708e+06 0
2.48497e+06 4.90432e+06 0
2.37312e+06 3.137e+06 0
1.77984e+06 4.20774e+06 0
876034 4.45311e+06 0
4.16425e+06 1.31863e+06 0
98574.8 4.47157e+06 0
2.38838e+06 4.11267e+06 0
4.27137e+06 17166.7 0
4.82559e+06 2.15827e+06 0
1.43559e+06 4.24696e+06 0
2.97281e+06 1.90947e+06 0
2.19855e+06 836207 0
1.50044e+06 3.55327e+06 0
1.42888e+06 4.69222e+06 0
4.75631e+06 463805 0
3.04651e+06 1.5595e+06 0
1.13132e+06 2.35282e+06 0
565661 4.83398e+06 0
4.19401e+06 233467 0
3.54625e+06 619373 0
1.99637e+06 1.83798e+06 0
2.60781e+06 1.00002e+06 0
3.46232e+06 1.71392e+06 0
3.16691e+06 2.23251e+06 0
3.26075e+06 1.79777e+06 0
548570 3.94894e+06 0
4.07163e+06 461821 0
1.63396e+06 4.42106e+06 0
2.65175e+06 824534 0
694906 1.62297e+06 0
3.60439e+06 1.98805e+06 0
4.57534e+06 1.57529e+06 0
2.26081e+06 57680 0
4.87442e+06 1.264e+06 0
579241 3.92422e+06 0
2.28874e+06 1.80944e+06 0
2.46803e+06 1.13773e+06 0
767235 4.73632e+06 0
2.43843e+06 3.46065e+06 0
1.63839e+06 4.98199e+06 0
3.99396e+06 2.15522e+06 0
363323 1.51646e+06 0
1.66158e+06 3.29112e+06 0
1.07303e+06 621662 0
3.07398e+06 287332 0
1.54439e+06 1.58696e+06 0
3662.22 4.42e+06 0
3.77163e+06 309458 0
4.76119e+06 1.30261e+06 0
2.79077e+06 2.49748e+06 0
858791 1.05991e+06 0
3.91156e+06 995666 0
4.35011e+06 237129 0
1.01352e+06 4.62004e+06 0
4.74776e+06 2.08403e+06 0
1.06418e+06 3.70037e+06 0
1.92862e+06 3.00073e+06 0
2.51183e+06 1.65166e+06 0
2.93161e+06 302286 0
2.71432e+06 2.04657e+06 0
53560 4.72076e+06 0
2.05451e+06 1.60192e+06 0
4.15082e+06 1.4597e+06 0
4.90432e+06 1.98401e+06 0
4.55168e+06 1.74368e+06 0
87282.9 1.16657e+06 0
4.48698e+06 2.38067e+06 0
1.00345e+06 267190 0
3.44432e+06 1.84584e+06 0
3.06482e+06 1.87353e+06 0
351878 1.91382e+06 0
3.60363e+06 196158 0
3.99976e+06 55848.9 0
1.90756e+06 819422 0
4.60173e+06 1.97729e+06 0
4.53734e+06 1.07288e+06 0
2.90826e+06 1.19221e+06 0
3.58425e+06 1.92091e+06 0
773186 1.54134e+06 0
3.02316e+06 2.14873e+06 0
4.58251e+06 51423.7 0
818201 131230 0
449080 4.32157e+06 0
1.93518e+06 2.77612e+06 0
2.584e+06 1.77007e+06 0
4.92035e+06 2.1849e+06 0
3.74493e+06 2.2338e+06 0
2.19749e+06 2.48573e+06 0
4.17341e+06 2.49786e+06 0
1.7449e+06 731224 0
2.92291e+06 418638 0
303201 4.74685e+06 0
2.98669e+06 384533 0
773034 636769 0
4.13038e+06 1.87925e+06 0
3.95993e+06 181585 0
4.83566e+06 1.87849e+06 0
2.31864e+06 1.13315e+06 0
2.26249e+06 439772 0
858333 3.31294e+06 0
1.63366e+06 1.67592e+06 0
2.8605e+06 1.94823e+06 0
3.95123e+06 502716 0
567492 64546.6 0
3.44691e+06 455107 0
3.49986e+06 2.43057e+06 0
3.67794e+06 77593.3 0
4.55428e+06 2.2599e+06 0
3.66924e+06 492111 0
1.54241e+06 4.47401e+06 0
3.01218e+06 2.2251e+06 0
4.32676e+06 1.789e+06 0
2.32398e+06 4.66063e+06 0
204779 3.57311e+06 0
2.97494e+06 111087 0
2.70562e+06 1.66456e+06 0
2.48924e+06 3.66207e+06 0
1.44704e+06 4.89196e+06 0
4.52651e+06 1.05487e+06 0
3.21711e+06 434812 0
4.84863e+06 9918.52 0
1.92938e+06 187536 0
2.18009e+06 2.21748e+06 0
2.61376e+06 871914 0
366985 3.04605e+06 0
2.09464e+06 2.99554e+06 0
740226 4.90173e+06 0
1.51753e+06 3.01004e+06 0
1.09165e+06 1.93136e+06 0
3.37474e+06 1.00391e+06 0
165716 2.1804e+06 0
3.19102e+06 966216 0
4.07758e+06 1.98378e+06 0
3.52321e+06 38529.6 0
3.55815e+06 2.38449e+06 0
430464 297403 0
3.43852e+06 1.69759e+06 0
71871.1 3.84625e+06 0
3.27479e+06 1.86941e+06 0
586413 4.35499e+06 0
522782 876339 0
1.91336e+06 4.00113e+06 0
167547 2.80465e+06 0
3.70754e+06 192190 0
2.21412e+06 3.59279e+06 0
4.00739e+06 575121 0
945769 1.2328e+06 0
3.81024e+06 443434 0
2.35679e+06 967284 0
213172 2.32917e+06 0
3.66451e+06 1.18885e+06 0
3.27357e+06 700629 0
1.30757e+06 1.01276e+06 0
4.24711e+06 1.56384e+06 0
1.33793e+06 2.84082e+06 0
358592 2.94519e+06 0
3.61049e+06 1.15184e+06 0
3.76339e+06 222709 0
3.67809e+06 1.1285e+06 0
4.8529e+06 41047.4 0
3.79803e+06 787454 0
2.56264e+06 435118 0
1.95669e+06 3.70388e+06 0
1.8395e+06 4.61257e+06 0
316630 1.94327e+06 0
922422 4.68154e+06 0
1.9953e+06 4.73708e+06 0
3.5931e+06 2.44499e+06 0
2.57836e+06 877941 0
4.05545e+06 239952 0
277261 4.05103e+06 0
4.59731e+06 381405 0
1.13514e+06 4.06262e+06 0
3.69106e+06 220344 0
3.1869e+06 1.88147e+06 0
4.691e+06 2.07038e+06 0
981323 1.71377e+06 0
2.78207e+06 596561 0
4.37162e+06 1.16199e+06 0
337077 185705 0
2.97784e+06 1.54141e+06 0
3.33766e+06 161977 0
231330 3.0546e+06 0
4.01715e+06 2.06465e+06 0
3.40419e+06 1.7069e+06 0
2.37922e+06 3.50642e+06 0
3.53145e+06 1.65151e+06 0
1.75085e+06 3.71242e+06 0
1.6332e+06 1.79388e+06 0
1.02344e+06 2.2544e+06 0
140538 4.23276e+06 0
3.74096e+06 1.12682e+06 0
933256 3.7521e+06 0
1.68859e+06 2.30094e+06 0
3.89477e+06 615253 0
3.14188e+06 1.1697e+06 0
2.39219e+06 4.48027e+06 0
3.42708e+06 1.30123e+06 0
4.58495e+06 2.47177e+06 0
2.95526e+06 70268.9 0
1.96982e+06 2.68197e+06 0
381787 4.9675e+06 0
4.07025e+06 1.46863e+06 0
1.04923e+06 354472 0
672323 44862.2 0
3.36955e+06 2.15529e+06 0
517136 1.98309e+06 0
3.30256e+06 885342 0
2.85424e+06 669118 0
4.58602e+06 2.26585e+06 0
761895 966521 0
4.87411e+06 1.73109e+06 0
2.64321e+06 67751.1 0
439619 18921.5 0
799127 4.42366e+06 0
4.59822e+06 801187 0
3.49147e+06 81102.9 0
2.50786e+06 1.38951e+06 0
4.39512e+06 849940 0
2.50343e+06 953322 0
851314 2.26875e+06 0
1.61901e+06 189673 0
4.82559e+06 868480 0
457167 2.69799e+06 0
2.97586e+06 1.0136e+06 0
59511.1 3.37977e+06 0
4.73998e+06 1.74078e+06 0
935545 3.5992e+06 0
4.84527e+06 1.47763e+06 0
1.90619e+06 1.23218e+06 0
4.14914e+06 960494 0
3.91781e+06 2.42431e+06 0
216376 362712 0
1.48305e+06 13580.7 0
1.53829e+06 4.74364e+06 0
1.90542e+06 2.24174e+06 0
1.80029e+06 825068 0
4.94308e+06 1.8141e+06 0
3.10602e+06 2.31178e+06 0
3.06742e+06 1.34899e+06 0
4.5613e+06 1.14017e+06 0
4.97574e+06 2.24792e+06 0
126804 2.13111e+06 0
2.50923e+06 225990 0
2.14393e+06 4.75234e+06 0
3.63842e+06 28305.9 0
4.44044e+06 2.13401e+06 0
1.66723e+06 3.86959e+06 0
1.42323e+06 1.6979e+06 0
3.31446e+06 2.45026e+06 0
2.06366e+06 3.62712e+06 0
829035 2.88934e+06 0
180517 1.97989e+06 0
794092 3.51909e+06 0
4.92996e+06 1.5891e+06 0
4.77722e+06 1.04465e+06 0
2.90445e+06 1.23249e+06 0
4.4821e+06 1.84339e+06 0
751976 1.6773e+06 0
1.55889e+06 4.37849e+06 0
4.71664e+06 622730 0
4.7293e+06 231712 0
1.01016e+06 4.70321e+06 0
4.38093e+06 156102 0
3.42174e+06 743965 0
2.29057e+06 823847 0
2.0661e+06 1.3155e+06 0
1.62877e+06 3.03537e+06 0
4.68505e+06 452666 0
4.90585e+06 1.95555e+06 0
4.40031e+06 671178 0
11139.3 3.84686e+06 0
330973 1.85476e+06 0
2.00751e+06 1.91565e+06 0
4.97604e+06 1.64418e+06 0
830104 3.39213e+06 0
4.77111e+06 1.03008e+06 0
2.55303e+06 789895 0
2.72713e+06 1.43551e+06 0
4.37468e+06 1.73986e+06 0
4.55306e+06 479980 0
980712 1.32557e+06 0
2.172e+06 2.18024e+06 0
2.44072e+06 4.52178e+06 0
1.03717e+06 1.67959e+06 0
1.29292e+06 4.00998e+06 0
151067 4.46425e+06 0
3.97626e+06 1.80067e+06 0
1.19755e+06 3.62972e+06 0
4.26267e+06 150990 0
690481 4.53887e+06 0
3.8496e+06 1.5817e+06 0
1.54729e+06 727714 0
2.76513e+06 1.34449e+06 0
2.99066e+06 2.41142e+06 0
4.74517e+06 165410 0
189215 246742 0
235908 103000 0
2.53868e+06 999481 0
2.18207e+06 1.84683e+06 0
1.9924e+06 2.28752e+06 0
2.25181e+06 3.17698e+06 0
347453 4.29792e+06 0
2.65938e+06 2.32032e+06 0
1.892e+06 4.87594e+06 0
1.23844e+06 121464 0
318918 4.40916e+06 0
4.92508e+06 1.00925e+06 0
1.31565e+06 4.68612e+06 0
4.30265e+06 1.61542e+06 0
4.73174e+06 1.50792e+06 0
4.37071e+06 240715 0
2.73415e+06 1.69401e+06 0
4.18821e+06 505005 0
2.85485e+06 1.47763e+06 0
551164 2.16529e+06 0
2.33711e+06 4.61989e+06 0
3.35978e+06 464950 0
2.68624e+06 2.00186e+06 0
2.82952e+06 1.45398e+06 0
833460 1.58574e+06 0
1.20792e+06 2.80587e+06 0
815455 3.28639e+06 0
4.14548e+06 470138 0
2.37846e+06 278939 0
4.38322e+06 1.40057e+06 0
412458 1.31352e+06 0
2.9107e+06 601520 0
1.62252e+06 3.32881e+06 0
250862 3.05643e+06 0
2.34062e+06 3.63933e+06 0
3.0282e+06 143818 0
3.88882e+06 2.23678e+06 0
3.4753e+06 971557 0
4.39512e+06 1.57407e+06 0
2.03696e+06 2.00339e+06 0
3.4727e+06 1.82905e+06 0
724967 4.94339e+06 0
3.66588e+06 1.48198e+06 0
2.38136e+06 3.56761e+06 0
68666.6 2.75689e+06 0
3.50627e+06 576113 0
2.02643e+06 4.98566e+06 0
805689 2.42378e+06 0
3.32041e+06 960646 0
4.11863e+06 204169 0
4.74715e+06 2.02384e+06 0
873592 3.6813e+06 0
496231 1.55217e+06 0
4.73846e+06 523392 0
2.23273e+06 2.7044e+06 0
3.61293e+06 1.59146e+06 0
2.29102e+06 4.89792e+06 0
4.62493e+06 1.63907e+06 0
4.88662e+06 820490 0
1.28452e+06 1.19572e+06 0
1.751e+06 1.27628e+06 0
452132 3.19254e+06 0
1.09806e+06 708182 0
4.27793e+06 863826 0
1.32496e+06 4.92355e+06 0
4.76714e+06 1.19434e+06 0
3.35688e+06 291223 0
1.12995e+06 2.4691e+06 0
3.0398e+06 2.23273e+06 0
2.57027e+06 1.61374e+06 0
2.48985e+06 51423.7 0
1.66967e+06 358745 0
1.80166e+06 3.01599e+06 0
1.02374e+06 4.71114e+06 0
25940.7 3.92346e+06 0
3.28761e+06 1.38791e+06 0
1.82119e+06 3.89981e+06 0
2.28309e+06 3.98679e+06 0
3.68358e+06 781808 0
330363 4.35545e+06 0
1.16504e+06 1.99957e+06 0
4.45357e+06 1.73803e+06 0
983306 1.05304e+06 0
1.62069e+06 4.43098e+06 0
4.43083e+06 364467 0
673238 3.62804e+06 0
987732 3.97473e+06 0
1.10126e+06 99948.1 0
3.54854e+06 2.31506e+06 0
1.31977e+06 1.29887e+06 0
4.16349e+06 411618 0
1.60451e+06 4.91577e+06 0
1.70614e+06 2.59636e+06 0
4.34172e+06 1.87796e+06 0
369732 2.04032e+06 0
1.74749e+06 3.20368e+06 0
400098 1.72018e+06 0
3.71624e+06 1.65265e+06 0
4.97192e+06 2.33711e+06 0
950499 2441.48 0
4.6118e+06 882519 0
1.03107e+06 2.54738e+06 0
3.07947e+06 2.33299e+06 0
2.58278e+06 815455 0
1.10721e+06 263833 0
191504 254830 0
1.90954e+06 4.75875e+06 0
231025 1.87933e+06 0
4.86419e+06 1.62076e+06 0
252235 2.87698e+06 0
1.27522e+06 3.03293e+06 0
2.09479e+06 3.82534e+06 0
3.62178e+06 781045 0
1.37471e+06 1.66784e+06 0
2.1984e+06 2.06732e+06 0
3.50536e+06 1.13788e+06 0
556658 2.90201e+06 0
3.90866e+06 220496 0
3.64879e+06 1.86148e+06 0
2.57042e+06 916547 0
84536.3 4.34721e+06 0
599384 3.94848e+06 0
2.40608e+06 4.55397e+06 0
3.9436e+06 293359 0
1.78472e+06 616321 0
1.92053e+06 1.8836e+06 0
1.04953e+06 1.84271e+06 0
719474 4.42961e+06 0
2.4517e+06 2.90841e+06 0
4.52986e+06 1.75558e+06 0
4.07071e+06 130009 0
4.45265e+06 999481 0
1.27064e+06 3.37443e+06 0
2.8518e+06 1.46031e+06 0
2.11097e+06 4.14991e+06 0
3.30164e+06 121769 0
3.11823e+06 108112 0
3.78491e+06 2.45254e+06 0
4.32615e+06 219962 0
3.30012e+06 307245 0
4.98871e+06 1.70454e+06 0
4.53322e+06 732673 0
3.87387e+06 1.08844e+06 0
2.74957e+06 441069 0
543840 1.04831e+06 0
3.56365e+06 1.96951e+06 0
1.52715e+06 2.68624e+06 0
4.74059e+06 1.28842e+06 0
2.79e+06 661565 0
4.68825e+06 376827 0
2.41264e+06 357067 0
2.79534e+06 2.02803e+06 0
4.87762e+06 56688.1 0
4.27046e+06 403302 0
874050 4.05377e+06 0
4.63958e+06 2.09769e+06 0
4.02783e+06 2.10669e+06 0
1.55797e+06 2.46834e+06 0
3.46004e+06 2.07457e+06 0
4.09467e+06 852306 0
3.58303e+06 88732.6 0
2.1395e+06 3.21131e+06 0
37843 4.18577e+06 0
1.09897e+06 70040 0
3.18232e+06 1.89772e+06 0
4.52651e+06 2.43225e+06 0
3.03171e+06 1.58071e+06 0
4.85168e+06 1.56018e+06 0
2.06305e+06 187536 0
4.86038e+06 2.2457e+06 0
4.78561e+06 1.71918e+06 0
82094.8 1.21769e+06 0
485550 4.5294e+06 0
4.74471e+06 447249 0
3.0517e+06 2.13942e+06 0
1.44505e+06 3.07489e+06 0
4.2851e+06 1.69889e+06 0
2.20206e+06 1.74444e+06 0
4.60433e+06 502564 0
1.03885e+06 3.19575e+06 0
2.54662e+06 872219 0
756401 1.3332e+06 0
1.97699e+06 4.78576e+06 0
4.05179e+06 2.47139e+06 0
3.40617e+06 246742 0
1.63945e+06 3.95367e+06 0
3.32728e+06 1.52165e+06 0
2.52998e+06 2.11371e+06 0
2.97647e+06 2.38197e+06 0
4.12336e+06 1.45131e+06 0
423292 492111 0
2.27302e+06 3.82733e+06 0
2.39753e+06 2.71706e+06 0
3.97717e+06 55467.4 0
4.75845e+06 398495 0
2.85272e+06 1.66356e+06 0
3.01294e+06 14954.1 0
49134.8 1.39668e+06 0
1.789e+06 3.85891e+06 0
758232 4.68535e+06 0
4.6701e+06 2.49626e+06 0
3.97458e+06 1.17199e+06 0
3.29737e+06 1.86216e+06 0
665609 3.4254e+06 0
2.14606e+06 4.22956e+06 0
3.00592e+06 2.40356e+06 0
2.88095e+06 1.06075e+06 0
4.83154e+06 226066 0
4.69894e+06 2.02498e+06 0
971557 4.03958e+06 0
4.5645e+06 1.31008e+06 0
613575 4.4937e+06 0
3.74279e+06 1.20899e+06 0
2.3574e+06 1.44749e+06 0
4.53902e+06 208213 0
1.11499e+06 166784 0
3.64879e+06 775857 0
4.51323e+06 1.48473e+06 0
1.02527e+06 2.74331e+06 0
3.95322e+06 834758 0
671560 1.14521e+06 0
2.98547e+06 1.53951e+06 0
2.26157e+06 4.90539e+06 0
3.15516e+06 1.04823e+06 0
4.99908e+06 1.10828e+06 0
4.97421e+06 2.20763e+06 0
2.61696e+06 969802 0
4.17661e+06 1.69065e+06 0
928373 1.58025e+06 0
914335 3.03491e+06 0
1.82989e+06 900143 0
2.04688e+06 1.86209e+06 0
167852 1.9451e+06 0
4.18439e+06 2.14652e+06 0
2.37159e+06 3.76858e+06 0
2.63802e+06 2.23685e+06 0
3.26106e+06 1.31817e+06 0
3.93628e+06 2.17284e+06 0
4.93393e+06 494247 0
2.05939e+06 563066 0
4.13877e+06 472045 0
1.05396e+06 2.27912e+06 0
2.04245e+06 626850 0
4.17753e+06 2.16605e+06 0
2.79412e+06 2.04779e+06 0
2.23518e+06 2.86401e+06 0
4.79598e+06 1.57903e+06 0
1.26026e+06 2.90231e+06 0
1.08402e+06 1.85247e+06 0
2.1981e+06 4.93423e+06 0
2.7282e+06 937223 0
2.74682e+06 3967.41 0
1.65426e+06 4.73434e+06 0
4.01364e+06 195090 0
1.79724e+06 3.92193e+06 0
2.14133e+06 311136 0
4.99069e+06 1.43269e+06 0
2.56218e+06 1.9145e+06 0
498215 1.95929e+06 0
2.0336e+06 4.34416e+06 0
4.59502e+06 224006 0
1.11591e+06 2.79656e+06 0
4.10215e+06 721915 0
2.24281e+06 4.07483e+06 0
285043 860012 0
1.04617e+06 3.66863e+06 0
2.01804e+06 3.54183e+06 0
1.08737e+06 4.09894e+06 0
4.62172e+06 1.18839e+06 0
4.65453e+06 1.57636e+06 0
3.28272e+06 1.83149e+06 0
4.7792e+06 1.72819e+06 0
2.45811e+06 4.51994e+06 0
1.13056e+06 418256 0
173040 620746 0
4.94354e+06 1.536e+06 0
3.61705e+06 14496.3 0
634022 4.85046e+06 0
4.94507e+06 709174 0
4.26328e+06 1.91153e+06 0
3.6903e+06 1.23012e+06 0
1.50105e+06 4.42808e+06 0
4.69558e+06 828806 0
248726 229041 0
2.96548e+06 2.20397e+06 0
576800 4.72884e+06 0
4.35255e+06 787454 0
2.13218e+06 4.7702e+06 0
3.47621e+06 676443 0
1.67287e+06 3.55739e+06 0
2.7871e+06 1.35083e+06 0
886563 2.82678e+06 0
4.17829e+06 567721 0
2.14805e+06 1.19938e+06 0
2.05237e+06 148015 0
2.37159e+06 3.24686e+06 0
4.25016e+06 2.0259e+06 0
2.61681e+06 650349 0
4.74624e+06 257424 0
3.60149e+06 2.26875e+06 0
4.51888e+06 1.78892e+06 0
4.78011e+06 1.18542e+06 0
4.49995e+06 213935 0
2.14103e+06 1.68065e+06 0
2.01071e+06 2.71661e+06 0
2.38334e+06 4.91226e+06 0
4.59136e+06 348903 0
3.62438e+06 1.78755e+06 0
2.62734e+06 485244 0
297861 4.17417e+06 0
4.68337e+06 552843 0
2.39906e+06 1.10248e+06 0
1.94617e+06 1.93945e+06 0
1.72842e+06 3.53099e+06 0
686972 813318 0
297098 819269 0
4.14624e+06 771584 0
3.54457e+06 1.7436e+06 0
2.74957e+06 2.19894e+06 0
3.52794e+06 2.13607e+06 0
4.05911e+06 934400 0
4.738e+06 652715 0
1.36814e+06 3.51222e+06 0
2.6986e+06 1.47031e+06 0
2.34458e+06 644093 0
3.005e+06 630436 0
1.62816e+06 4.17081e+06 0
958434 3.80245e+06 0
3.79162e+06 667287 0
4.4528e+06 259713 0
565966 4.6585e+06 0
268410 525681 0
3.74355e+06 1.93327e+06 0
1.43193e+06 642567 0
2.65755e+06 2.03345e+06 0
795618 284890 0
2.64992e+06 486923 0
3.49376e+06 2.35801e+06 0
3.43165e+06 726798 0
3.43303e+06 601291 0
3.74126e+06 85985.9 0
1.47114e+06 102542 0
1.20853e+06 628376 0
443281 414899 0
3.83023e+06 677358 0
4.68719e+06 911512 0
1.96249e+06 562304 0
4.22956e+06 1.38234e+06 0
2.23762e+06 16785.2 0
1.28559e+06 1.55812e+06 0
2.31071e+06 1.42338e+06 0
4.22895e+06 57985.2 0
2.84295e+06 551164 0
1.68905e+06 2.27851e+06 0
626392 1.23707e+06 0
1.93213e+06 1.29688e+06 0
4.25993e+06 1.73818e+06 0
180517 3.49864e+06 0
1.27689e+06 3.17042e+06 0
4.0289e+06 1.33259e+06 0
3.13776e+06 11597 0
4.61074e+06 1.07746e+06 0
1.98721e+06 3.4431e+06 0
3.67595e+06 2.15003e+06 0
586718 3.3697e+06 0
4.22956e+06 2.05542e+06 0
4.32798e+06 2.43133e+06 0
4.89334e+06 909070 0
1.72918e+06 2.23106e+06 0
643483 1.28452e+06 0
2.32887e+06 983764 0
82247.4 3.81573e+06 0
3.37458e+06 1.69271e+06 0
1.89795e+06 4.40397e+06 0
4.21766e+06 447249 0
671102 4.93423e+06 0
4.82101e+06 2.13523e+06 0
4.68368e+06 692236 0
2.28172e+06 4.62539e+06 0
883969 4.55184e+06 0
1.7806e+06 1.20609e+06 0
4.66933e+06 667058 0
858333 4.18531e+06 0
4.63561e+06 550325 0
3.43104e+06 1.62152e+06 0
4.95788e+06 2.09075e+06 0
2.44652e+06 221564 0
550401 2.0072e+06 0
2.59011e+06 816904 0
2.6693e+06 465026 0
1.94571e+06 4.30509e+06 0
108036 4.25916e+06 0
4.01746e+06 2.46605e+06 0
3.64742e+06 2.26867e+06 0
4.01959e+06 919828 0
3.91202e+06 298242 0
839717 4.71435e+06 0
291604 1.41774e+06 0
3.58333e+06 299310 0
1.08417e+06 1.32893e+06 0
4.10215e+06 963775 0
2.51411e+06 1.78655e+06 0
4.41801e+06 2.44217e+06 0
1.78518e+06 1.77587e+06 0
443129 3.86258e+06 0
1.82211e+06 1.3451e+06 0
907926 312204 0
2.85821e+06 166784 0
2.89666e+06 875423 0
3.52474e+06 897549 0
2.9046e+06 2.11158e+06 0
1.59856e+06 2.16681e+06 0
4.81628e+06 1.99393e+06 0
2.06458e+06 2.70775e+06 0
3.71471e+06 858180 0
2.6484e+06 1.76244e+06 0
1.92709e+06 4.98032e+06 0
4.47584e+06 1.10973e+06 0
1.21311e+06 2.31178e+06 0
3.0163e+06 841243 0
2.50145e+06 2.30934e+06 0
1.96509e+06 4.07315e+06 0
2.08182e+06 2.23289e+06 0
221564 507675 0
658895 3.3755e+06 0
4.61943e+06 1.74825e+06 0
4.1728e+06 1.1594e+06 0
3.56426e+06 825831 0
2.79336e+06 1.51364e+06 0
4.2375e+06 1.85308e+06 0
1.99606e+06 1.55828e+06 0
3.51894e+06 683081 0
2.12226e+06 3.00287e+06 0
287332 3.03674e+06 0
333415 1.2505e+06 0
4.25474e+06 1.47221e+06 0
1.36357e+06 2.35542e+06 0
3.98816e+06 1.34709e+06 0
976745 4.78988e+06 0
4.27976e+06 2.3938e+06 0
3.53618e+06 1.1803e+06 0
516678 135197 0
2.59072e+06 1.53806e+06 0
210730 4.09635e+06 0
885495 4.73907e+06 0
4.34095e+06 1.53577e+06 0
3.7019e+06 275048 0
3.66771e+06 593661 0
1.93457e+06 503403 0
2.67479e+06 2.04871e+06 0
3.81115e+06 926466 0
1.29246e+06 4.43449e+06 0
1.65975e+06 4.43281e+06 0
2.06229e+06 945006 0
2.63268e+06 2.05611e+06 0
2.89499e+06 417570 0
4.7911e+06 83849.6 0
3.08344e+06 1.1813e+06 0
2.45674e+06 4.85107e+06 0
2.72103e+06 1.10096e+06 0
2.23853e+06 935698 0
3.18644e+06 2.30926e+06 0
3.63826e+06 262154 0
3.84793e+06 989410 0
642872 896481 0
2.64489e+06 1.81516e+06 0
3.21024e+06 339137 0
703452 2.68258e+06 0
51271.1 2.11615e+06 0
3.63994e+06 1.35922e+06 0
1.6213e+06 2.73537e+06 0
4.7113e+06 1.98477e+06 0
4.71786e+06 1.08211e+06 0
2.46666e+06 984985 0
2.60002e+06 1.20273e+06 0
3.05887e+06 663167 0
2.02948e+06 2.3365e+06 0
4.86724e+06 1.15902e+06 0
1.14231e+06 4.71954e+06 0
593738 387127 0
4.55718e+06 751137 0
4.48622e+06 10223.7 0
4.62539e+06 345622 0
4.84222e+06 937147 0
231025 577868 0
4.45479e+06 1.03175e+06 0
2.04535e+06 4.60128e+06 0
4.15342e+06 1.08257e+06 0
641957 2.62368e+06 0
2.09586e+06 1.9657e+06 0
1.38112e+06 1.90741e+06 0
3.96985e+06 2.24174e+06 0
2.46651e+06 3.56655e+06 0
1.75726e+06 297403 0
82247.4 2.78039e+06 0
1.2212e+06 715354 0
2.01804e+06 3.54793e+06 0
768151 1.80914e+06 0
3.68297e+06 631657 0
1.84454e+06 3.85174e+06 0
2.92276e+06 1.9483e+06 0
3.52168e+06 1.59276e+06 0
2.53883e+06 28611.1 0
1.42781e+06 1.05335e+06 0
1.92007e+06 4.7261e+06 0
3.68114e+06 712073 0
1.69195e+06 931425 0
3.98053e+06 1.17168e+06 0
2.78909e+06 1.57865e+06 0
4.51262e+06 1.42003e+06 0
3.85815e+06 378887 0
3.82717e+06 2.46147e+06 0
3.39808e+06 1.08303e+06 0
2.34184e+06 2.69387e+06 0
540330 3.17209e+06 0
627918 3.11319e+06 0
881375 56459.2 0
3.13684e+06 223014 0
1.26713e+06 858028 0
2.5222e+06 1.96074e+06 0
4.94049e+06 278710 0
2.21366e+06 636006 0
955687 3.45836e+06 0
2.39876e+06 3.23252e+06 0
4.26801e+06 1.77328e+06 0
2.06946e+06 4.38566e+06 0
400555 1.10935e+06 0
2.28965e+06 2.62505e+06 0
1.10065e+06 1.39637e+06 0
3.33918e+06 764107 0
4.88647e+06 1.80067e+06 0
890683 1.81326e+06 0
3.8937e+06 474258 0
3.87768e+06 1.68149e+06 0
926695 163579 0
4.2053e+06 856502 0
3.12174e+06 555208 0
966369 1.03305e+06 0
1.12659e+06 4.87503e+06 0
4.31364e+06 1.56682e+06 0
205237 1.07822e+06 0
1.64617e+06 4.53002e+06 0
2.1717e+06 2.69829e+06 0
1.2682e+06 1.09348e+06 0
4.56084e+06 2.09212e+06 0
1.17344e+06 2.32246e+06 0
941038 1.14124e+06 0
3.11289e+06 2.38136e+06 0
3.77697e+06 1.18503e+06 0
4.60265e+06 805155 0
3.74538e+06 1.27049e+06 0
4.02707e+06 1.51402e+06 0
1.91473e+06 1.28361e+06 0
1.49327e+06 4.20362e+06 0
3.6903e+06 987350 0
595569 685446 0
934172 1.00269e+06 0
3.74203e+06 1.51273e+06 0
1.16504e+06 794549 0
1.2035e+06 256355 0
244453 2.38151e+06 0
1.5392e+06 4.24284e+06 0
2.45552e+06 787988 0
3.5551e+06 2.21427e+06 0
4.38017e+06 2.01216e+06 0
2.45186e+06 18463.7 0
1.48213e+06 3.96283e+06 0
318613 4.12244e+06 0
3.80108e+06 2.4411e+06 0
3.62957e+06 945845 0
4.66369e+06 1.47839e+06 0
2.89621e+06 1.09172e+06 0
3.81924e+06 1.23821e+06 0
2.13736e+06 4.78057e+06 0
3.90545e+06 1.0371e+06 0
3.31736e+06 1.34899e+06 0
1.64922e+06 1.74627e+06 0
3.41243e+06 805765 0
2.71218e+06 1.97226e+06 0
4.25977e+06 466933 0
1.58345e+06 4.52071e+06 0
2.84631e+06 1.78701e+06 0
427259 1.80807e+06 0
2.19291e+06 3.90866e+06 0
3.29356e+06 2.30842e+06 0
491348 998260 0
4.59471e+06 1.21357e+06 0
3.64834e+06 789438 0
3.25617e+06 1.78114e+06 0
3.89401e+06 2.42981e+06 0
1.44826e+06 4.61943e+06 0
4.61303e+06 1.82928e+06 0
4.30326e+06 971404 0
4.05011e+06 1.9538e+06 0
4.52498e+06 1.70957e+06 0
3.05032e+06 1.02931e+06 0
3.29814e+06 687658 0
4.48851e+06 1.20983e+06 0
1.40233e+06 4.86267e+06 0
4.5436e+06 1.9776e+06 0
1.93655e+06 2.10517e+06 0
3.47697e+06 1.79006e+06 0
3.56273e+06 698721 0
1.06586e+06 479293 0
671865 1.22883e+06 0
4.35499e+06 1.742e+06 0
4.38124e+06 1.45924e+06 0
2.87484e+06 517365 0
766472 1.54164e+06 0
3.9906e+06 383007 0
238502 3.42738e+06 0
3.5316e+06 1.61924e+06 0
4.46715e+06 505158 0
4.36186e+06 927229 0
4.76012e+06 1.65891e+06 0
3.04559e+06 1.74352e+06 0
3.30546e+06 1.43559e+06 0
2.26478e+06 1.85034e+06 0
1.17847e+06 2.28629e+06 0
4.14472e+06 1.57445e+06 0
4.52498e+06 675832 0
2.14454e+06 1.03061e+06 0
2.82235e+06 1.4333e+06 0
1.6686e+06 379803 0
630055 3.01965e+06 0
2.05329e+06 1.9779e+06 0
1.72933e+06 4.59029e+06 0
89266.6 2.56523e+06 0
2.06381e+06 3.75408e+06 0
2.73156e+06 1.16695e+06 0
384533 3.77163e+06 0
4.1554e+06 2.1926e+06 0
3.00684e+06 672170 0
4.81536e+06 1.58925e+06 0
1.58376e+06 3.91797e+06 0
2.66091e+06 753731 0
304270 3.71242e+06 0
4.16837e+06 1.51662e+06 0
1.42155e+06 1.76458e+06 0
341197 4.9031e+06 0
516373 2.75979e+06 0
339366 2.49107e+06 0
404828 3.93567e+06 0
2.89117e+06 393612 0
93691.8 3.84106e+06 0
3.14356e+06 2.23479e+06 0
2.69112e+06 2.11409e+06 0
110324 1.18702e+06 0
3.67885e+06 430616 0
2.36992e+06 89877 0
3.45164e+06 761437 0
2.17277e+06 131687 0
531175 1.9985e+06 0
612964 181127 0
4.35972e+06 1.6599e+06 0
4.02081e+06 234764 0
4.0788e+06 525681 0
4.23078e+06 1.20449e+06 0
2.20374e+06 4.89731e+06 0
2.88522e+06 654622 0
4.59319e+06 2.20611e+06 0
2.42531e+06 4.02905e+06 0
626240 4.09787e+06 0
3.92941e+06 543153 0
4.99054e+06 1.8321e+06 0
4.45128e+06 133290 0
4.98657e+06 869243 0
4.01914e+06 627079 0
4.75753e+06 1.90199e+06 0
4.94675e+06 1.66036e+06 0
348674 2.64565e+06 0
3.61675e+06 300684 0
2.00232e+06 2.09006e+06 0
2.39067e+06 1.99164e+06 0
2.5959e+06 1.15757e+06 0
1.80136e+06 191961 0
3.62957e+06 1.25729e+06 0
685446 1.9364e+06 0
2.66778e+06 2.09868e+06 0
4.41252e+06 1.96638e+06 0
3.64223e+06 450758 0
3.86349e+06 773415 0
3.92392e+06 1.3039e+06 0
320292 4.76394e+06 0
4.56648e+06 314570 0
3.91842e+06 1.72689e+06 0
2.63222e+06 630970 0
819727 1.47633e+06 0
2.00278e+06 3.97763e+06 0
1.76382e+06 1.65548e+06 0
1.58269e+06 2.43568e+06 0
2.15049e+06 1.15238e+06 0
2.30201e+06 4.10184e+06 0
1.31397e+06 4.27229e+06 0
1.82455e+06 1.74947e+06 0
1.14093e+06 2.23228e+06 0
3.36589e+06 1.31436e+06 0
1.69149e+06 1.92496e+06 0
2.53059e+06 1.79014e+06 0
3.97809e+06 1.60298e+06 0
3.5725e+06 1.44032e+06 0
2.55882e+06 869472 0
3.98495e+06 1.04747e+06 0
3.1019e+06 964385 0
3.82778e+06 1.86102e+06 0
2.57607e+06 986435 0
3.6964e+06 1.45573e+06 0
2.2251e+06 563830 0
2.74056e+06 2.01659e+06 0
981933 2.27302e+06 0
636921 383618 0
4.47752e+06 573824 0
4.92431e+06 1.40332e+06 0
2.30201e+06 4.55168e+06 0
2.60475e+06 255745 0
3.67534e+06 890835 0
2.42134e+06 4.87106e+06 0
4.17982e+06 2.24555e+06 0
1.71255e+06 4.47661e+06 0
3.71624e+06 1.7246e+06 0
4.25565e+06 1.11888e+06 0
3.3343e+06 1.83645e+06 0
3.00104e+06 1.40065e+06 0
1.09836e+06 2.45582e+06 0
4.10672e+06 537278 0
4.64171e+06 1.16573e+06 0
1.17664e+06 134892 0
565508 3.49712e+06 0
1.11148e+06 4.3028e+06 0
3.34269e+06 1.3667e+06 0
475784 663625 0
3.876e+06 1.67447e+06 0
3.79025e+06 2.40959e+06 0
374157 3.18079e+06 0
2.65236e+06 2.07274e+06 0
1.69698e+06 184027 0
2.09616e+06 4.34523e+06 0
826899 2.64e+06 0
3.09122e+06 1.28513e+06 0
3.62529e+06 1.7571e+06 0
2.5927e+06 1.44925e+06 0
526750 996735 0
46235.5 2.44514e+06 0
1.33061e+06 4.75585e+06 0
1.75314e+06 3.8908e+06 0
742210 4.93393e+06 0
2.0043e+06 2.70486e+06 0
4.82559e+06 1.71072e+06 0
2.38716e+06 4.85061e+06 0
1.01642e+06 4.43541e+06 0
3.17286e+06 1.62328e+06 0
1.86026e+06 3.93658e+06 0
3.19071e+06 1.88566e+06 0
123600 4.91607e+06 0
2.09342e+06 4.08979e+06 0
441603 3.081e+06 0
1.42277e+06 1.0828e+06 0
152287 4.97436e+06 0
3.37992e+06 81102.9 0
4.47874e+06 1.5273e+06 0
3.70602e+06 1.12529e+06 0
3.71136e+06 2.38609e+06 0
2.58217e+06 854824 0
2.55058e+06 84688.9 0
4.95178e+06 498291 0
4.26191e+06 19150.4 0
4.17356e+06 165258 0
4.8027e+06 2.08304e+06 0
411237 3.1489e+06 0
4.57534e+06 848949 0
2.66503e+06 318613 0
2.96487e+06 1.5772e+06 0
852077 1.11255e+06 0
3.31446e+06 562685 0
1.84286e+06 2.54021e+06 0
3.49742e+06 2.09044e+06 0
857723 3.96847e+06 0
4.74105e+06 511948 0
2.13218e+06 4.1586e+06 0
3.85907e+06 2.20969e+06 0
254524 3.19514e+06 0
1.54729e+06 1.92953e+06 0
1.08524e+06 355083 0
1.90237e+06 2.98761e+06 0
3.66161e+06 2.0088e+06 0
813776 4.34004e+06 0
1.99469e+06 1.89673e+06 0
3.39335e+06 1.69446e+06 0
3.16675e+06 1.18915e+06 0
3.09046e+06 733970 0
631581 239570 0
2.65557e+06 789132 0
4.12793e+06 1.26835e+06 0
4.60418e+06 1.31054e+06 0
108951 2.93863e+06 0
1.33976e+06 4.65392e+06 0
4.09803e+06 145039 0
2.59102e+06 1.10233e+06 0
3.87051e+06 2.34176e+06 0
318766 173345 0
4.87655e+06 911359 0
3.75271e+06 2.17597e+06 0
1.80258e+06 3.9584e+06 0
4.70672e+06 547807 0
2.68456e+06 1.58872e+06 0
838801 3.17621e+06 0
4.47401e+06 163427 0
2.00308e+06 1.34678e+06 0
1.46657e+06 354015 0
2.35466e+06 3.65169e+06 0
498215 2.34321e+06 0
3.3636e+06 1.00589e+06 0
4.31501e+06 15793.3 0
391705 3.11609e+06 0
2.02231e+06 1.08554e+06 0
2.99295e+06 1.57552e+06 0
3.02194e+06 458007 0
1.5862e+06 3.39991e+06 0
3.33979e+06 2.15911e+06 0
666066 1.24119e+06 0
754418 713065 0
1.19984e+06 3.58043e+06 0
2.62902e+06 637608 0
2.37159e+06 2.24235e+06 0
2.85562e+06 1.86277e+06 0
327769 3.36039e+06 0
1.81661e+06 3.07154e+06 0
4.0817e+06 144200 0
770135 4.07636e+06 0
1.23051e+06 2.07221e+06 0
4.56557e+06 1.86872e+06 0
3.64635e+06 1.00253e+06 0
4.09528e+06 2.27798e+06 0
790429 3.30668e+06 0
2.38868e+06 1.87902e+06 0
813624 1.44932e+06 0
756249 1.095e+06 0
2.09433e+06 166936 0
3.88699e+06 1.48183e+06 0
373241 677358 0
307779 2.86233e+06 0
4.14014e+06 573748 0
2.11219e+06 2.22938e+06 0
3.42708e+06 467620 0
359050 2.98685e+06 0
4.66903e+06 818812 0
56001.5 3.22108e+06 0
1.78228e+06 4.47584e+06 0
1.12491e+06 4.90646e+06 0
1.12247e+06 1.0509e+06 0
4.26328e+06 974761 0
472884 1.99927e+06 0
3.10175e+06 2.16948e+06 0
4.72488e+06 289468 0
1.56926e+06 1.67745e+06 0
3.4022e+06 360195 0
2.86767e+06 940809 0
2.68899e+06 785012 0
3.96435e+06 1.66448e+06 0
2.11371e+06 3.05979e+06 0
2.00903e+06 1.23234e+06 0
3.54991e+06 2.26669e+06 0
1.58101e+06 1.52532e+06 0
2.68532e+06 479904 0
4.17112e+06 1.51906e+06 0
620594 3.76766e+06 0
3.80825e+06 622501 0
748466 826746 0
233161 4.3672e+06 0
3.57479e+06 1.30764e+06 0
3.52886e+06 54094.1 0
4.63332e+06 2.04825e+06 0
1.61031e+06 3.80734e+06 0
3.15363e+06 2.17063e+06 0
4.48363e+06 644093 0
1.63732e+06 3.42601e+06 0
1.67821e+06 2.18787e+06 0
3.99777e+06 1.81829e+06 0
1.75878e+06 2.04489e+06 0
2.42103e+06 4.51064e+06 0
324564 3.92788e+06 0
604266 3.74813e+06 0
399792 2.88675e+06 0
3.52672e+06 1.76206e+06 0
1.62481e+06 4.008e+06 0
1.40934e+06 4.23139e+06 0
2.14972e+06 2.3542e+06 0
3.02286e+06 93157.8 0
4.64263e+06 284661 0
994140 4.33027e+06 0
311899 2.43156e+06 0
4.27427e+06 726951 0
2.35588e+06 3.13517e+06 0
417951 1.9808e+06 0
2.73919e+06 2.29041e+06 0
2.83639e+06 418332 0
3.70769e+06 729316 0
674612 3.43974e+06 0
2.9458e+06 701010 0
1.47435e+06 3.33949e+06 0
3.7814e+06 2.49802e+06 0
4.27458e+06 1.76931e+06 0
4.34736e+06 1.95967e+06 0
3.30836e+06 513855 0
2.10242e+06 3.00378e+06 0
4.95224e+06 781426 0
2.62261e+06 2.24502e+06 0
3.08252e+06 2.11013e+06 0
4.06308e+06 130772 0
497452 2.75567e+06 0
1.20273e+06 340129 0
1.55934e+06 3.30409e+06 0
473952 3.4199e+06 0
3.71349e+06 223167 0
4.88464e+06 1.36258e+06 0
3.04025e+06 588626 0
239570 2.9722e+06 0
1.4977e+06 3.80505e+06 0
1.56774e+06 1.71392e+06 0
1.00879e+06 1.31397e+06 0
1.15894e+06 853145 0
2.05023e+06 1.22105e+06 0
2.11951e+06 1.60024e+06 0
1.901e+06 1.45726e+06 0
3.85174e+06 1.83081e+06 0
204016 4.30723e+06 0
3.36207e+06 968352 0
1.99957e+06 2.93435e+06 0
3.8084e+06 753502 0
884121 2.528e+06 0
4.18622e+06 2.098e+06 0
2.45399e+06 598315 0
1.56682e+06 2.48344e+06 0
687582 3.4547e+06 0
4.78927e+06 2.0275e+06 0
2.42409e+06 3.39534e+06 0
1.0126e+06 2.7662e+06 0
2.59224e+06 1.82142e+06 0
4.03867e+06 2.15285e+06 0
350200 554216 0
804773 2.33512e+06 0
3.78735e+06 68666.6 0
4.96048e+06 1.69507e+06 0
3.34788e+06 1.70278e+06 0
3.92682e+06 660955 0
1.63137e+06 2.60094e+06 0
3.35185e+06 2.28042e+06 0
4.72671e+06 1.41003e+06 0
362102 1.98325e+06 0
2.73415e+06 533845 0
4.52055e+06 332423 0
4.63561e+06 1.13865e+06 0
2.89529e+06 648824 0
163427 4.32264e+06 0
3.14661e+06 2.27783e+06 0
3.83175e+06 778146 0
1.03717e+06 4.18867e+06 0
3.77743e+06 1.9525e+06 0
1.27232e+06 126499 0
575579 1.05152e+06 0
3.07672e+06 1.18641e+06 0
3.68084e+06 1.86888e+06 0
4.4142e+06 1.98614e+06 0
650197 1.71514e+06 0
1.25553e+06 3.83129e+06 0
1.80837e+06 380871 0
801874 2.67312e+06 0
505539 622578 0
69582.2 2.90872e+06 0
1.63045e+06 3.91095e+06 0
3.74172e+06 352870 0
3.52855e+06 1.08234e+06 0
2.69448e+06 517518 0
986206 4.42457e+06 0
2.10379e+06 3.97809e+06 0
4.43663e+06 2.43172e+06 0
536515 3.07367e+06 0
3.0398e+06 2.0835e+06 0
3.93674e+06 1.99461e+06 0
1.79861e+06 3.81375e+06 0
908383 4.2935e+06 0
362560 286874 0
3.20521e+06 1.30749e+06 0
3.6784e+06 1.87498e+06 0
2.82998e+06 1.4835e+06 0
2.14087e+06 3.21482e+06 0
4.65316e+06 1.25912e+06 0
1.40446e+06 2.73721e+06 0
953703 3.5934e+06 0
4.50697e+06 333415 0
1.79189e+06 3.18323e+06 0
1.46489e+06 1.48732e+06 0
2.6162e+06 372555 0
3.9964e+06 1.13689e+06 0
3.01462e+06 1.28834e+06 0
526139 3.30119e+06 0
3.01355e+06 1.77084e+06 0
4.13068e+06 2.41752e+06 0
832850 4.43236e+06 0
3.5786e+06 2.31697e+06 0
3.50169e+06 373012 0
123600 3.19742e+06 0
4.24146e+06 580538 0
205084 1.28758e+06 0
3.02316e+06 744346 0
1.71346e+06 1.75924e+06 0
4.2053e+06 1.1935e+06 0
3.97626e+06 113300 0
2.65679e+06 807138 0
4.1203e+06 799661 0
2.27393e+06 4.10611e+06 0
4.96918e+06 1.00978e+06 0
3.29463e+06 327235 0
2.12745e+06 3.23023e+06 0
2.3191e+06 3.4727e+06 0
412763 3.90576e+06 0
1.44154e+06 4.42595e+06 0
2.28889e+06 4.97803e+06 0
398419 4.20896e+06 0
3.45714e+06 1.74314e+06 0
3.14219e+06 1.62633e+06 0
3.26182e+06 992615 0
2.74331e+06 1.32008e+06 0
67445.9 3.04041e+06 0
1.03046e+06 813776 0
4.26237e+06 420621 0
1.87216e+06 4.35499e+06 0
4.04462e+06 2.23373e+06 0
4.50682e+06 1.80822e+06 0
1.64876e+06 4.83444e+06 0
829188 1.49052e+06 0
168310 4.8529e+06 0
3.03751e+06 546281 0
3.62835e+06 2.41607e+06 0
547502 642262 0
468154 2.65938e+06 0
2.58156e+06 661412 0
3.08832e+06 392239 0
336924 1.40019e+06 0
3.61705e+06 2.2721e+06 0
140843 2.38334e+06 0
3.55464e+06 1.92663e+06 0
1.498e+06 507218 0
2.45094e+06 2.79916e+06 0
1.43651e+06 4.31852e+06 0
3.2725e+06 2.08266e+06 0
4.05972e+06 823008 0
4.61409e+06 1.70934e+06 0
1.70873e+06 1.73864e+06 0
2.41432e+06 4.19202e+06 0
1.64281e+06 848415 0
1.3274e+06 4.78988e+06 0
4.64354e+06 1.02168e+06 0
3.41121e+06 1.37646e+06 0
4.44868e+06 1.26522e+06 0
4.28419e+06 1.00475e+06 0
4.42305e+06 2.13416e+06 0
4.41038e+06 2.32269e+06 0
371563 1.15284e+06 0
668203 1.82546e+06 0
901364 3.55754e+06 0
856960 896786 0
4.23826e+06 1.75306e+06 0
1.30009e+06 3.20307e+06 0
2.90551e+06 631428 0
200964 4.64538e+06 0
169836 1.62023e+06 0
1.90542e+06 3.51634e+06 0
4.66109e+06 332270 0
4.72976e+06 1.32138e+06 0
2.07144e+06 1.30085e+06 0
2.50938e+06 182272 0
342570 3.32026e+06 0
2.52434e+06 1.19182e+06 0
2.24403e+06 1.28819e+06 0
4.95727e+06 2.00682e+06 0
1.75024e+06 1.03717e+06 0
1.5421e+06 4.85946e+06 0
3.12403e+06 1.52165e+06 0
3.55785e+06 231178 0
4.10993e+06 1.73498e+06 0
1.82348e+06 2.93695e+06 0
2.14576e+06 1.15741e+06 0
3.85357e+06 67064.4 0
4.99893e+06 671331 0
824305 362407 0
4.73022e+06 2.19375e+06 0
4.51491e+06 1.09676e+06 0
1.39714e+06 297555 0
1.87216e+06 1.39103e+06 0
397656 2.31605e+06 0
2.36015e+06 4.48668e+06 0
4.86343e+06 183493 0
749077 1.03977e+06 0
2.0072e+06 2.6371e+06 0
499435 4.10871e+06 0
4.83444e+06 535524 0
398419 966979 0
3.11838e+06 2.03276e+06 0
4.60479e+06 1.79746e+06 0
52339.2 2.14057e+06 0
3.75683e+06 488296 0
3.48079e+06 2.43614e+06 0
2.30384e+06 2.7369e+06 0
3.11533e+06 2.43233e+06 0
4.71114e+06 572909 0
2.64657e+06 1.02245e+06 0
700552 1.0242e+06 0
3.15195e+06 2.03146e+06 0
2.1804e+06 4.58052e+06 0
1.70934e+06 1.07273e+06 0
2.0191e+06 710776 0
1.62343e+06 683767 0
2.32337e+06 792871 0
3.16706e+06 678274 0
2.37297e+06 505844 0
1.24897e+06 27314.1 0
3.87036e+06 2.35313e+06 0
3.91018e+06 1.12201e+06 0
3.66054e+06 2.44575e+06 0
3.05673e+06 295801 0
1.57933e+06 1.2833e+06 0
1.33534e+06 4.69024e+06 0
3.58333e+06 2.03108e+06 0
1.55858e+06 3.54686e+06 0
2.81961e+06 390408 0
2.58339e+06 1.77099e+06 0
3.79177e+06 2.2467e+06 0
3.05246e+06 1.41598e+06 0
2.27744e+06 4.62752e+06 0
1.90252e+06 448622 0
1.1539e+06 131230 0
2.04688e+06 878018 0
4.78896e+06 964232 0
1.13712e+06 2.39753e+06 0
2.15049e+06 4.21003e+06 0
812403 4.95575e+06 0
1.29643e+06 1.59474e+06 0
3.3404e+06 436491 0
393994 1.6924e+06 0
2.05725e+06 4.14731e+06 0
2.93146e+06 47914.1 0
4.51323e+06 821253 0
2.27363e+06 2.33772e+06 0
4.72808e+06 972549 0
3.22062e+06 2.42004e+06 0
3.4666e+06 83239.2 0
723899 4.39116e+06 0
2.93527e+06 2.23724e+06 0
3.41823e+06 1.58849e+06 0
4.81109e+06 1.31687e+06 0
2.12104e+06 3.90179e+06 0
3.00485e+06 2.16987e+06 0
963469 2.0275e+06 0
69124.4 2.62093e+06 0
1.30039e+06 4.66353e+06 0
3.65322e+06 49363.7 0
1.0622e+06 3.13761e+06 0
1.91397e+06 3.3787e+06 0
4.70229e+06 1.89055e+06 0
4.28831e+06 679876 0
1.39424e+06 3.95642e+06 0
1.53218e+06 740684 0
1.64113e+06 2.86187e+06 0
1.43513e+06 4.50392e+06 0
4.94491e+06 2.0706e+06 0
4.11298e+06 829951 0
3.70006e+06 2.4163e+06 0
3.28761e+06 2.01651e+06 0
962249 2.68548e+06 0
2.4604e+06 3.36802e+06 0
2.25059e+06 1.37959e+06 0
2.38258e+06 4.54238e+06 0
4.03958e+06 336695 0
3.73241e+06 1.5804e+06 0
4.0965e+06 508438 0
1.40217e+06 3.31828e+06 0
1.32145e+06 4.6585e+06 0
4.30403e+06 1.90413e+06 0
244301 2.77612e+06 0
2.09861e+06 3.56075e+06 0
2.83715e+06 333567 0
2.75491e+06 2.29484e+06 0
2.79717e+06 261773 0
2.34535e+06 3.23115e+06 0
4.95636e+06 1.91435e+06 0
983917 2.95419e+06 0
4.97452e+06 1.45093e+06 0
1.31321e+06 4.52498e+06 0
1.97165e+06 3.62758e+06 0
3.4463e+06 902738 0
4.25657e+06 1.94769e+06 0
2.77032e+06 1.98454e+06 0
805841 4.78423e+06 0
4.51735e+06 1.20609e+06 0
3.65413e+06 2.01148e+06 0
1.50853e+06 3.14508e+06 0
3.84411e+06 1.87857e+06 0
3.98053e+06 1.4713e+06 0
1.10279e+06 2.15339e+06 0
2.89438e+06 17929.6 0
4.89013e+06 436567 0
641041 2.62581e+06 0
1.98279e+06 2.94702e+06 0
543687 999939 0
3.24854e+06 1.54027e+06 0
4.06461e+06 767846 0
4.76333e+06 2.46124e+06 0
2.12424e+06 3.36741e+06 0
932951 2.3281e+06 0
4.43907e+06 500961 0
4.77187e+06 2.07373e+06 0
3.27982e+06 1.83164e+06 0
2.99646e+06 2.28477e+06 0
563982 4.64507e+06 0
1.08905e+06 3.55586e+06 0
4.68169e+06 727790 0
989258 4.39161e+06 0
964385 35401.5 0
1.56819e+06 2.88858e+06 0
2.2045e+06 3.82733e+06 0
4.54161e+06 134205 0
3.12769e+06 490280 0
979644 4.26038e+06 0
227058 474258 0
1.06891e+06 440687 0
867183 433515 0
2.28065e+06 3.35093e+06 0
3.05795e+06 2.21419e+06 0
3.60576e+06 2.20954e+06 0
4.81185e+06 2.01445e+06 0
1.00894e+06 1.22135e+06 0
4.48607e+06 1.70209e+06 0
1.76138e+06 112613 0
1.01749e+06 4.24207e+06 0
2.80389e+06 877941 0
456862 1.77236e+06 0
802789 1.58467e+06 0
2.70684e+06 87817 0
4.0495e+06 2.36396e+06 0
4.8732e+06 1.57865e+06 0
3.86166e+06 1.21456e+06 0
131382 2.96899e+06 0
644398 4.49126e+06 0
3.52016e+06 1.82958e+06 0
2.26493e+06 4.7766e+06 0
3.5609e+06 916395 0
4.89731e+06 2.1485e+06 0
1.11728e+06 702231 0
3.99442e+06 1.96081e+06 0
4.39558e+06 355235 0
544755 1.23493e+06 0
1.49342e+06 2.50755e+06 0
266274 3.57784e+06 0
4.40519e+06 281152 0
897397 1.79968e+06 0
887326 3.18995e+06 0
239723 1.75634e+06 0
3.09214e+06 1.13804e+06 0
108646 3.08206e+06 0
4.37452e+06 1.74047e+06 0
3.84869e+06 1.1346e+06 0
3.17957e+06 100864 0
2.5692e+06 2.29278e+06 0
416272 2.07694e+06 0
2.75796e+06 929670 0
4.22452e+06 656148 0
426649 667745 0
3.53801e+06 1.30566e+06 0
4.4467e+06 1.47679e+06 0
4.35667e+06 2.49443e+06 0
4.23017e+06 1.80357e+06 0
126804 1.25217e+06 0
4.41404e+06 1.02084e+06 0
141148 3.42952e+06 0
1.70003e+06 2.29377e+06 0
2.36045e+06 4.92523e+06 0
1.51204e+06 3.68084e+06 0
4.56755e+06 1.34327e+06 0
4.62203e+06 773034 0
255593 160833 0
1.40294e+06 123600 0
3.16187e+06 2.16262e+06 0
3.86685e+06 1.02626e+06 0
1.84561e+06 2.56798e+06 0
3.14005e+06 786615 0
3.22626e+06 1.35441e+06 0
2.53502e+06 468688 0
1.47938e+06 1.9303e+06 0
3.87539e+06 1.03038e+06 0
1.20151e+06 2.90994e+06 0
2.22633e+06 2.95267e+06 0
1.24882e+06 2.92962e+06 0
1.69225e+06 950499 0
3.15561e+06 2.12233e+06 0
2.4337e+06 2.29438e+06 0
538804 1.49373e+06 0
1.56148e+06 68056.3 0
3.3964e+06 2.21633e+06 0
3.06391e+06 21820.7 0
3.70281e+06 884350 0
4.42381e+06 727332 0
1.21082e+06 4.38322e+06 0
80874.1 2.23411e+06 0
864284 3.7167e+06 0
4.3968e+06 372784 0
727714 3.60439e+06 0
4.27656e+06 1.77076e+06 0
1.84179e+06 1.33824e+06 0
4.10703e+06 587405 0
3.90622e+06 619602 0
3.16385e+06 800958 0
3.20048e+06 760445 0
3.14676e+06 1.60146e+06 0
1.64815e+06 2.72485e+06 0
997345 1.95242e+06 0
3.42723e+06 1.75527e+06 0
4.65682e+06 2.38609e+06 0
3.03827e+06 1.03908e+06 0
1.91794e+06 3.59706e+06 0
1.23173e+06 4.00998e+06 0
32044.4 2.18436e+06 0
2.70547e+06 2.4031e+06 0
1.2212e+06 198981 0
1.97241e+06 2.90139e+06 0
1.75558e+06 1.60543e+06 0
1.3123e+06 1.44047e+06 0
4.75295e+06 948439 0
2.20679e+06 4.5941e+06 0
4.35362e+06 597095 0
4.16837e+06 849178 0
1.42857e+06 2.74529e+06 0
2.36778e+06 4.99664e+06 0
3.47865e+06 1.92793e+06 0
2.96716e+06 2.13355e+06 0
3.87722e+06 1.89123e+06 0
2.56371e+06 2.05756e+06 0
3.1167e+06 310602 0
651112 2.21442e+06 0
2.21183e+06 1.72063e+06 0
1.50533e+06 4.27564e+06 0
918455 4.65133e+06 0
4.39924e+06 2.01209e+06 0
923032 3.26334e+06 0
3.55525e+06 1.98576e+06 0
1.65746e+06 864437 0
1.73925e+06 255440 0
3.8995e+06 22965.2 0
3.90439e+06 1.1684e+06 0
3.81069e+06 596103 0
4.7882e+06 414365 0
2.57149e+06 2.10135e+06 0
1.87307e+06 4.24345e+06 0
4.26679e+06 228507 0
2.6133e+06 1.46764e+06 0
2.18131e+06 4.55779e+06 0
2.33604e+06 1.02329e+06 0
1.15772e+06 2.87667e+06 0
1.72216e+06 4.57274e+06 0
1.17725e+06 3.44188e+06 0
273904 1.81738e+06 0
4.81582e+06 2.09624e+06 0
4.67498e+06 1.8527e+06 0
3.73363e+06 2.06694e+06 0
3.44859e+06 273446 0
1.85522e+06 4.42442e+06 0
1.82257e+06 3.04865e+06 0
394299 3.92621e+06 0
3.20383e+06 1.75604e+06 0
2.38029e+06 1.24866e+06 0
1.17115e+06 480209 0
1.84362e+06 2.81777e+06 0
3.39183e+06 1.30688e+06 0
316019 4.00266e+06 0
1.36876e+06 74465.2 0
800043 2.82922e+06 0
2.42317e+06 4.2024e+06 0
1.86666e+06 3.31339e+06 0
2.82006e+06 1.88139e+06 0
2.03558e+06 2.94458e+06 0
3.44295e+06 1.77458e+06 0
2.09601e+06 1.35105e+06 0
1.92343e+06 3.61858e+06 0
520951 4.67803e+06 0
2.63176e+06 2.47246e+06 0
4.63607e+06 1.35456e+06 0
3.43516e+06 2.38403e+06 0
2.69448e+06 1.63244e+06 0
630818 2.42225e+06 0
4.51796e+06 453200 0
957213 3.92453e+06 0
857112 4.47829e+06 0
2.09372e+06 1.10309e+06 0
4.12976e+06 259026 0
550859 3.5493e+06 0
691702 2.07038e+06 0
3.36146e+06 2.08586e+06 0
2.29774e+06 4.92798e+06 0
2.47459e+06 1.63625e+06 0
1.90756e+06 838954 0
3.26319e+06 235908 0
1.49419e+06 4.70779e+06 0
1.04724e+06 2.12272e+06 0
2.0101e+06 318918 0
2.04245e+06 2.73003e+06 0
3.16874e+06 810800 0
2.63741e+06 461745 0
3.19529e+06 2.04917e+06 0
3.40815e+06 701392 0
1.20579e+06 3.25465e+06 0
1.77511e+06 2.59239e+06 0
2.369e+06 4.75967e+06 0
4.70916e+06 2.07465e+06 0
3.50688e+06 1.6332e+06 0
391247 2.60598e+06 0
4.29197e+06 2.22343e+06 0
236061 929136 0
1.69637e+06 2.27027e+06 0
180670 274972 0
2.84875e+06 528352 0
2.64763e+06 2.36259e+06 0
3.95535e+06 2.16887e+06 0
3.09e+06 1.13948e+06 0
442824 54628.1 0
2.51961e+06 1.44536e+06 0
977203 4.12641e+06 0
4.93133e+06 912885 0
515915 1.91656e+06 0
1.02222e+06 4.12275e+06 0
50355.5 4.63424e+06 0
2.12012e+06 3.43806e+06 0
3.19254e+06 97430.3 0
719932 1.05899e+06 0
2.26508e+06 578631 0
1.53951e+06 3.36222e+06 0
4.0492e+06 105289 0
4.49843e+06 1.75069e+06 0
2.8457e+06 1.20037e+06 0
3.52718e+06 302133 0
1.00909e+06 3.3694e+06 0
2.61345e+06 1.13117e+06 0
4.60707e+06 446638 0
2.98929e+06 1.79495e+06 0
4.36247e+06 1.05106e+06 0
2.86859e+06 1.81959e+06 0
4.53734e+06 1.22768e+06 0
3.63903e+06 1.22456e+06 0
4.90967e+06 216529 0
3.91522e+06 2.25524e+06 0
3.50459e+06 2.4855e+06 0
359508 1.92724e+06 0
231788 169683 0
1.6776e+06 3.05887e+06 0
4.08902e+06 2.15644e+06 0
4.69237e+06 2.45972e+06 0
4.0849e+06 1.36006e+06 0
3.9053e+06 59740 0
1.53981e+06 1.47191e+06 0
3.45042e+06 815378 0
3.91934e+06 766778 0
2.84707e+06 576037 0
2.8573e+06 155187 0
456710 4.36232e+06 0
1.5244e+06 167547 0
1.05304e+06 3.83816e+06 0
3.99976e+06 470748 0
1.40751e+06 2.91971e+06 0
1.7983e+06 979186 0
300150 1.30436e+06 0
215766 3.73257e+06 0
1.86026e+06 650044 0
4.64202e+06 2.22068e+06 0
3.64269e+06 485244 0
4.50148e+06 1.96738e+06 0
3.34727e+06 550554 0
4.97879e+06 2.04192e+06 0
587634 4.02097e+06 0
4.18149e+06 967971 0
2.61391e+06 153127 0
899533 2.06061e+06 0
396893 503098 0
617084 4.14106e+06 0
3.98175e+06 2.34764e+06 0
4.93179e+06 170141 0
3.51176e+06 25254.1 0
2.03803e+06 4.47462e+06 0
4.83688e+06 2.31452e+06 0
3.43364e+06 1.26164e+06 0
1.10401e+06 3.22932e+06 0
4.49919e+06 755104 0
4.24345e+06 1.77992e+06 0
4.11451e+06 641346 0
2.75185e+06 1.75581e+06 0
962401 1.22456e+06 0
4.68169e+06 1.40843e+06 0
1.67882e+06 1.43086e+06 0
2.24082e+06 4.87335e+06 0
3.50459e+06 188147 0
1.91107e+06 2.01575e+06 0
1.59581e+06 3.61095e+06 0
1.4893e+06 16327.4 0
3.64864e+06 254830 0
2.95923e+06 47074.8 0
1.99408e+06 3.61293e+06 0
2.59926e+06 2.1083e+06 0
820948 2.58354e+06 0
2.23396e+06 1.9718e+06 0
3.68099e+06 1.15795e+06 0
3.03232e+06 2.39822e+06 0
3.93368e+06 1.11278e+06 0
762963 835597 0
3.28715e+06 626545 0
3.91034e+06 610981 0
1.09088e+06 610675 0
3.55678e+06 524766 0
4.53627e+06 1.90237e+06 0
1.44108e+06 827052 0
2.4218e+06 965148 0
95522.9 1.69073e+06 0
2.63924e+06 1.00658e+06 0
1.46947e+06 159154 0
1.03671e+06 696127 0
2.94504e+06 354244 0
1.81433e+06 4.02539e+06 0
2.15278e+06 1.95334e+06 0
2.11005e+06 4.14411e+06 0
4.49217e+06 2.35519e+06 0
930815 2.15857e+06 0
4.76196e+06 1.36464e+06 0
86214.8 963317 0
1.81005e+06 4.37132e+06 0
2.27943e+06 1.592e+06 0
2.60659e+06 507065 0
4.01303e+06 62334.1 0
4.64599e+06 234840 0
3.46599e+06 2.34161e+06 0
3.08695e+06 595035 0
997192 4.54527e+06 0
1.53401e+06 547655 0
2.43187e+06 909452 0
2.86843e+06 1.48373e+06 0
2.78787e+06 670873 0
4.03409e+06 597552 0
597552 2.43446e+06 0
1.18351e+06 1.48122e+06 0
482192 2.70989e+06 0
4.09452e+06 480590 0
4.13343e+06 149541 0
1.25645e+06 3.01538e+06 0
2.35908e+06 2.4276e+06 0
4.54115e+06 1.94411e+06 0
3.35246e+06 619221 0
4.85519e+06 674383 0
4.83459e+06 1.49243e+06 0
2.68975e+06 1.83645e+06 0
231788 122837 0
4.96582e+06 2.36465e+06 0
1.54424e+06 3.33659e+06 0
2.08518e+06 3.45073e+06 0
4.05622e+06 1.51227e+06 0
1.59444e+06 3.47041e+06 0
551622 2.28233e+06 0
2.36412e+06 1.20655e+06 0
186926 908841 0
692923 3.17469e+06 0
4.67818e+06 1.23508e+06 0
2.24296e+06 809809 0
1.95807e+06 3.95077e+06 0
1.20899e+06 3.58074e+06 0
4.96185e+06 12360 0
632191 3.67428e+06 0
694296 1.47618e+06 0
262154 3.03613e+06 0
2.23823e+06 4.80239e+06 0
873745 1.04343e+06 0
3.85662e+06 1.26431e+06 0
1.4452e+06 3.59554e+06 0
1.84805e+06 1.26881e+06 0
3.10465e+06 950346 0
1.31092e+06 2.06e+06 0
1.24912e+06 1.7423e+06 0
1.46931e+06 4272.59 0
4.74532e+06 752205 0
4.72366e+06 1.37402e+06 0
3.61461e+06 2.36877e+06 0
2.07373e+06 4.83139e+06 0
4.11267e+06 274133 0
79958.5 2.4366e+06 0
2.60674e+06 1.29566e+06 0
2.00934e+06 569475 0
2.15842e+06 4.94629e+06 0
3.33003e+06 1.10134e+06 0
3.21741e+06 330592 0
4.20713e+06 706809 0
2.33299e+06 1.24271e+06 0
4.15662e+06 23880.7 0
289621 2.87484e+06 0
1.51326e+06 4.93866e+06 0
3.5725e+06 1.32389e+06 0
2.87072e+06 107273 0
569018 577410 0
146336 1.72704e+06 0
1.41331e+06 697348 0
431227 3.12723e+06 0
2.87957e+06 1.00215e+06 0
1.27888e+06 624561 0
2.22968e+06 2.53838e+06 0
1.5891e+06 959197 0
1.42399e+06 2.37892e+06 0
744957 4.6176e+06 0
597095 3.83862e+06 0
1.1568e+06 3.82382e+06 0
2.21e+06 4.63515e+06 0
1.8717e+06 2.33772e+06 0
4.78072e+06 1.16123e+06 0
3.40281e+06 795389 0
2.60109e+06 382397 0
1.43651e+06 190741 0
348216 1.9306e+06 0
4.57167e+06 663854 0
3.99197e+06 1.89566e+06 0
3.74935e+06 55162.2 0
1.90909e+06 2.60521e+06 0
3.52779e+06 183340 0
2.60903e+06 183035 0
2.85943e+06 1.46863e+06 0
2.97647e+06 350124 0
525681 4.99542e+06 0
3.43745e+06 1.99591e+06 0
2.88751e+06 1.21128e+06 0
3.95688e+06 8392.59 0
4.10428e+06 2.3867e+06 0
2.27058e+06 3.8702e+06 0
1.48244e+06 4.85748e+06 0
3.26228e+06 1.73139e+06 0
1.10569e+06 2.47383e+06 0
886410 4.37422e+06 0
1.40416e+06 4.3263e+06 0
1.54912e+06 338298 0
4.82101e+06 2.32513e+06 0
348064 146184 0
229347 3.58608e+06 0
4.0817e+06 2.12302e+06 0
1.25889e+06 2.82662e+06 0
2.43019e+06 1.82043e+06 0
3.18506e+06 285272 0
1.21937e+06 1.62572e+06 0
3.54076e+06 157628 0
4.16852e+06 1.18511e+06 0
4.10413e+06 259102 0
2.03146e+06 915403 0
4.41954e+06 2.32887e+06 0
536973 4.08139e+06 0
4.50835e+06 1.86361e+06 0
1.03412e+06 2.33573e+06 0
1.92496e+06 690481 0
247963 1.14933e+06 0
815149 3.93338e+06 0
3.05444e+06 1.64998e+06 0
3.13272e+06 2.11882e+06 0
4.67757e+06 1.45116e+06 0
4.66994e+06 1.15741e+06 0
1.21815e+06 4.45021e+06 0
1.05914e+06 1.42598e+06 0
4.9173e+06 1.32405e+06 0
1.40187e+06 2.12073e+06 0
3.0636e+06 658055 0
4.68047e+06 1.81379e+06 0
1.94891e+06 2.14744e+06 0
1.60802e+06 3.92483e+06 0
4.77935e+06 800729 0
2.0774e+06 3.0253e+06 0
4.94644e+06 855892 0
858180 1.50456e+06 0
3.56792e+06 1.5466e+06 0
1.70522e+06 3.8049e+06 0
2.70043e+06 462661 0
2.52876e+06 1.67264e+06 0
3.13379e+06 1.09867e+06 0
1.78762e+06 3.97076e+06 0
3.17026e+06 2.49657e+06 0
3.75835e+06 2.38441e+06 0
2.29713e+06 3.0987e+06 0
2.8367e+06 1.39393e+06 0
1.15833e+06 1.71331e+06 0
4.53063e+06 343486 0
1.73116e+06 2.54601e+06 0
3.29691e+06 1.92404e+06 0
4.11267e+06 2.03795e+06 0
4.88128e+06 1.99095e+06 0
3.82656e+06 131230 0
3.31538e+06 1.88047e+06 0
1.0509e+06 3.48338e+06 0
229499 4.50789e+06 0
678732 4.98093e+06 0
1.63564e+06 1.4713e+06 0
4.61242e+06 1.80036e+06 0
4.83642e+06 1.8611e+06 0
202033 1.10294e+06 0
618152 3.19956e+06 0
1.2331e+06 4.82635e+06 0
3.38466e+06 2.46902e+06 0
367290 985900 0
4.38368e+06 1.50426e+06 0
4.44731e+06 2.19504e+06 0
687887 4.20316e+06 0
1.5656e+06 2.85119e+06 0
83468.1 3.99487e+06 0
1.31199e+06 2.07678e+06 0
4.52193e+06 902356 0
2.09616e+06 4.32051e+06 0
2.29392e+06 105594 0
1.95959e+06 1.57277e+06 0
1.58055e+06 4.39741e+06 0
1.77969e+06 1.57567e+06 0
535752 3.57952e+06 0
2.27195e+06 2.43934e+06 0
1.56011e+06 2.75781e+06 0
3.69716e+06 2.07213e+06 0
4.91897e+06 1.50639e+06 0
4.68169e+06 1.35479e+06 0
4.36384e+06 81408.1 0
4.05255e+06 154271 0
4.91134e+06 1.02588e+06 0
2.09845e+06 2.11203e+06 0
435804 1.39409e+06 0
160833 3.14219e+06 0
1.23432e+06 3.70815e+06 0
4.95956e+06 458770 0
4.2172e+06 1.18343e+06 0
1.56255e+06 2.16926e+06 0
881985 301065 0
1.40492e+06 4.41237e+06 0
728019 383160 0
4.26084e+06 324946 0
265206 4.02356e+06 0
578936 2.99554e+06 0
275124 11597 0
3.08481e+06 1.74528e+06 0
1.48167e+06 3.13303e+06 0
4.05591e+06 1.45093e+06 0
1.28346e+06 4.5912e+06 0
2.17872e+06 778375 0
1.7101e+06 3.76919e+06 0
390332 2.54906e+06 0
1.25294e+06 3.35932e+06 0
3.61431e+06 971252 0
730003 2.39387e+06 0
2.79351e+06 2.25555e+06 0
841090 4.20698e+06 0
4.12976e+06 269326 0
1.56636e+06 3.85891e+06 0
4.93347e+06 1.55766e+06 0
1.06983e+06 2.05649e+06 0
4.99222e+06 2.32948e+06 0
4.25871e+06 48142.9 0
4.86145e+06 1.33259e+06 0
3.6578e+06 1.43323e+06 0
4.98688e+06 1.48373e+06 0
2.75552e+06 2.2177e+06 0
2.06214e+06 1.28788e+06 0
4.4763e+06 1.62992e+06 0
1.52989e+06 1.36052e+06 0
4.935e+06 771813 0
2.63039e+06 203864 0
132603 778069 0
4.90677e+06 125889 0
747551 2.99417e+06 0
2.57042e+06 2.42134e+06 0
2.67678e+06 2.38022e+06 0
634938 2.48192e+06 0
3.48766e+06 1.72781e+06 0
4.22315e+06 1.76366e+06 0
2.43278e+06 2.84738e+06 0
4.95376e+06 927076 0
4.18653e+06 1.25484e+06 0
815912 861080 0
3.95672e+06 1.55477e+06 0
3.43562e+06 1.14742e+06 0
4.13236e+06 1.04625e+06 0
4.13938e+06 1.84034e+06 0
117649 1.80197e+06 0
2.72576e+06 1.3187e+06 0
514847 4.56023e+06 0
346538 3.85739e+06 0
4.30616e+06 871380 0
405133 2.03406e+06 0
195166 1.38096e+06 0
3.88058e+06 759835 0
764336 1.31718e+06 0
2.97891e+06 494858 0
1.59963e+06 2.45155e+06 0
4.52406e+06 1.95074e+06 0
3.04514e+06 2.05306e+06 0
1.98874e+06 3.02271e+06 0
4.73952e+06 519272 0
2.57546e+06 2.4073e+06 0
592364 4.14029e+06 0
3.25236e+06 974838 0
4.35606e+06 2.17216e+06 0
2.14988e+06 4.74578e+06 0
3.4492e+06 889691 0
4.22605e+06 2.39807e+06 0
1.18931e+06 4.69894e+06 0
2.60445e+06 790048 0
88961.5 215613 0
4.49339e+06 165563 0
1.37333e+06 1.37638e+06 0
3.08985e+06 974227 0
3.37367e+06 1.30154e+06 0
4.37819e+06 1.61405e+06 0
3.9552e+06 1.51822e+06 0
225227 3.20017e+06 0
4.63408e+06 2.40532e+06 0
1.68279e+06 3.84884e+06 0
1.53966e+06 790124 0
3.8995e+06 500046 0
878780 3.802e+06 0
1.55156e+06 3.65505e+06 0
4.05896e+06 945998 0
1.19694e+06 2.55257e+06 0
124821 1.639e+06 0
4.45936e+06 621128 0
666829 4.05591e+06 0
3.44844e+06 223777 0
4.8555e+06 55314.8 0
2.32383e+06 4.00113e+06 0
4.7589e+06 198523 0
1.40629e+06 2.13446e+06 0
3.60149e+06 493561 0
2.74499e+06 200812 0
2.11585e+06 4.99786e+06 0
3.54595e+06 9613.33 0
648976 1.89871e+06 0
1.36769e+06 2.90384e+06 0
2.1746e+06 4.09925e+06 0
2.49123e+06 2.18726e+06 0
3.87127e+06 1.41957e+06 0
2.37007e+06 1.49266e+06 0
2.42119e+06 2.91803e+06 0
4.56572e+06 1.87529e+06 0
685141 3.29524e+06 0
2.07694e+06 2.83822e+06 0
911740 3.08725e+06 0
2.46742e+06 3.82122e+06 0
2.13431e+06 305.185 0
697958 81026.6 0
1.9161e+06 722984 0
1.07074e+06 3.10816e+06 0
94912.6 313883 0
2.19092e+06 3.24229e+06 0
4.6878e+06 57832.6 0
1.35182e+06 2.14072e+06 0
2.60857e+06 612201 0
2.25028e+06 258187 0
357830 3.04712e+06 0
2.43889e+06 115513 0
2.33894e+06 3.979e+06 0
4.42e+06 1.82089e+06 0
1.95593e+06 3.73058e+06 0
1.78869e+06 4.36979e+06 0
3.15394e+06 2.16834e+06 0
4.33195e+06 1.38302e+06 0
2.55272e+06 2.18917e+06 0
3.48704e+06 238960 0
4.83306e+06 1.72422e+06 0
2.06961e+06 1.77572e+06 0
1.53127e+06 1.39302e+06 0
4.67452e+06 1.48793e+06 0
898465 4.35987e+06 0
2.65603e+06 1.56079e+06 0
3.98038e+06 1.09172e+06 0
96743.7 1.7069e+06 0
4.57335e+06 2.07038e+06 0
4.66674e+06 860393 0
3.21497e+06 1.30306e+06 0
4.78179e+06 1.89802e+06 0
2.86264e+06 819422 0
1.9686e+06 4.74227e+06 0
1.41957e+06 32349.6 0
4.83902e+06 622959 0
3.7611e+06 429395 0
3.58318e+06 1.00826e+06 0
3.41929e+06 1.01932e+06 0
1.386e+06 4.16135e+06 0
1.58422e+06 4.96628e+06 0
1.67425e+06 2.07099e+06 0
3.57295e+06 361873 0
2.59911e+06 2.29759e+06 0
426954 915555 0
2.66198e+06 1.8952e+06 0
793329 2.65023e+06 0
3.88897e+06 511032 0
744041 4.70611e+06 0
1.46046e+06 3.70113e+06 0
1.69179e+06 4.41008e+06 0
1.20182e+06 3.43608e+06 0
4.05789e+06 1.12926e+06 0
3.84182e+06 1.94128e+06 0
1.84729e+06 3.81664e+06 0
2.44484e+06 4.07254e+06 0
790124 920591 0
1.92343e+06 501267 0
201270 1.72124e+06 0
2.03681e+06 3.75698e+06 0
1.21952e+06 1.5949e+06 0
2.78207e+06 1.48579e+06 0
1.5775e+06 4.45463e+06 0
3.5844e+06 1.93823e+06 0
4.56328e+06 746788 0
191809 3.74065e+06 0
2.32566e+06 1.89215e+06 0
682394 3.97794e+06 0
1.18366e+06 2.51686e+06 0
4.48775e+06 1.84927e+06 0
4.09177e+06 573443 0
840480 4.99115e+06 0
2.92154e+06 128254 0
553148 3.2136e+06 0
712455 885037 0
2.53227e+06 1.53775e+06 0
1.55156e+06 3.62606e+06 0
3.9346e+06 1.89619e+06 0
3.23435e+06 633717 0
372936 4.0936e+06 0
365917 113071 0
77822.2 364849 0
3.05856e+06 2.25822e+06 0
3.41884e+06 1.854e+06 0
3.88012e+06 829646 0
1.69378e+06 4.19507e+06 0
3.2107e+06 553072 0
1.59368e+06 3.10465e+06 0
664998 1.16398e+06 0
4.24467e+06 707495 0
2.73446e+06 790277 0
239113 339976 0
4.3054e+06 2.30644e+06 0
4.55809e+06 1.09317e+06 0
4.21247e+06 1.9969e+06 0
2.79122e+06 1.15719e+06 0
2.47993e+06 3.83236e+06 0
2.56523e+06 242164 0
4.40962e+06 988037 0
1.57994e+06 2.36839e+06 0
4.16959e+06 2.434e+06 0
1.16459e+06 4.50911e+06 0
3.043e+06 1.71346e+06 0
1.75634e+06 3.50703e+06 0
4.98917e+06 994217 0
4.20972e+06 1.3596e+06 0
4.67681e+06 2.41485e+06 0
3.34223e+06 1.12308e+06 0
644093 2.31529e+06 0
2.62246e+06 246818 0
3.74157e+06 596866 0
1.4066e+06 3.08603e+06 0
3.51375e+06 537584 0
3.63155e+06 1.20785e+06 0
2.67846e+06 810648 0
4.36644e+06 1.8041e+06 0
2.35633e+06 2.4807e+06 0
3.13562e+06 91860.7 0
3.20917e+06 249031 0
411695 198676 0
142521 1.23249e+06 0
1.1919e+06 1.14582e+06 0
730155 4.31013e+06 0
2.05756e+06 4.39573e+06 0
12512.6 4.64965e+06 0
628986 2.46056e+06 0
1.83264e+06 4.08506e+06 0
3.81832e+06 2.43095e+06 0
4.35728e+06 211112 0
3.78582e+06 440840 0
4.94675e+06 1.7291e+06 0
3.00989e+06 2.49107e+06 0
2.02536e+06 4.99222e+06 0
2.37358e+06 3.16858e+06 0
4.11069e+06 1.18252e+06 0
3.67458e+06 543077 0
3.65627e+06 1.2772e+06 0
465712 2.12104e+06 0
866268 1.35624e+06 0
3.63231e+06 648366 0
136418 4.68825e+06 0
610370 3.23984e+06 0
4.27793e+06 770135 0
4.65621e+06 686.667 0
4.18149e+06 305032 0
3.06833e+06 1.00589e+06 0
4.07682e+06 74388.9 0
773186 2.95114e+06 0
43183.7 3.05277e+06 0
3.17682e+06 909680 0
1.9306e+06 1.72887e+06 0
4.69054e+06 1.49098e+06 0
1.34175e+06 4.76882e+06 0
1.83752e+06 2.47719e+06 0
838649 4.9588e+06 0
2.3452e+06 1.36341e+06 0
2.02277e+06 659963 0
4.13022e+06 2.1952e+06 0
2.65099e+06 44785.9 0
581683 4.77096e+06 0
439009 531327 0
1.05075e+06 3.34101e+06 0
3.71242e+06 1.00604e+06 0
2.95068e+06 1.44154e+06 0
1.55766e+06 2.46956e+06 0
4.37437e+06 449080 0
3.63292e+06 1.97378e+06 0
3.63628e+06 802637 0
2.29225e+06 1.84668e+06 0
4.644e+06 226218 0
2.18162e+06 1.76397e+06 0
4.50621e+06 958205 0
4.96017e+06 475021 0
2.2834e+06 3.87692e+06 0
4.30647e+06 1.95929e+06 0
287332 4.34202e+06 0
3.86349e+06 2.11768e+06 0
1.83584e+06 3.81115e+06 0
3.27876e+06 1.01131e+06 0
1.86773e+06 4.05148e+06 0
4.99756e+06 2.1028e+06 0
4.32707e+06 786462 0
1.96295e+06 2.03467e+06 0
2.72042e+06 790658 0
3.88195e+06 1.45772e+06 0
2.75369e+06 345927 0
2.21061e+06 1.07517e+06 0
3.45592e+06 2.09136e+06 0
1.51769e+06 4.09955e+06 0
696127 1.07089e+06 0
2.38029e+06 4.86908e+06 0
4.49736e+06 1.39668e+06 0
3.46965e+06 463576 0
4.05759e+06 1.88513e+06 0
2.98227e+06 405820 0
1.88086e+06 4.63622e+06 0
2.07312e+06 4.38032e+06 0
926695 1.4182e+06 0
447401 1.66066e+06 0
1.18229e+06 1.44154e+06 0
1.76611e+06 2.25822e+06 0
4.56633e+06 2.12333e+06 0
4.0228e+06 2.42576e+06 0
4.5671e+06 1.64747e+06 0
2.54662e+06 1.90298e+06 0
4.52605e+06 875042 0
789819 2.4395e+06 0
966521 3.10938e+06 0
1.5537e+06 4.96857e+06 0
881222 4.97223e+06 0
3.81024e+06 833308 0
4.37849e+06 861690 0
2.77581e+06 2.13469e+06 0
1.59642e+06 4.41481e+06 0
3.39427e+06 575884 0
292825 3.62377e+06 0
4.88205e+06 2.15751e+06 0
3.01263e+06 1.78678e+06 0
1.49617e+06 2.70821e+06 0
243080 3.29279e+06 0
2.17872e+06 3.923e+06 0
3.46156e+06 1.54912e+06 0
4.23353e+06 1.8923e+06 0
4.48134e+06 1.09058e+06 0
3.6932e+06 438475 0
3357.04 577563 0
2.53151e+06 265435 0
2.77917e+06 652791 0
378277 304422 0
3.29051e+06 474715 0
892209 1.49083e+06 0
3.35383e+06 2.23602e+06 0
447096 3.68145e+06 0
554979 2.53655e+06 0
4.29044e+06 958739 0
4.91882e+06 1.06082e+06 0
2.82769e+06 1.7304e+06 0
1.72292e+06 3.70556e+06 0
3.19117e+06 1.85743e+06 0
1.85934e+06 805689 0
3.74645e+06 1.66349e+06 0
3.65184e+06 76448.9 0
1.69607e+06 1.00436e+06 0
2.5338e+06 1.64083e+06 0
1.43468e+06 4.07407e+06 0
2.49443e+06 2.81579e+06 0
3.81222e+06 658284 0
698569 4.23627e+06 0
3.96115e+06 54933.3 0
4.18683e+06 702612 0
2.84585e+06 1.2035e+06 0
60121.5 1.6332e+06 0
187689 1.58559e+06 0
3.06131e+06 1.78404e+06 0
3.92361e+06 2.34878e+06 0
1.94952e+06 3.68633e+06 0
3.85357e+06 1.07433e+06 0
3.58562e+06 2.33573e+06 0
4.63561e+06 2.1717e+06 0
1.12384e+06 1.45604e+06 0
780053 2.32215e+06 0
225227 3.21284e+06 0
3.80535e+06 962172 0
4.69192e+06 1.03656e+06 0
4.20423e+06 1.75443e+06 0
432447 1.85553e+06 0
3.38481e+06 880459 0
4.16486e+06 1.29292e+06 0
3.23496e+06 1.30993e+06 0
758995 4.08872e+06 0
3.47316e+06 927839 0
632038 4.43281e+06 0
4.43571e+06 1.16428e+06 0
1.09485e+06 1.51189e+06 0
462050 4.46013e+06 0
3.06238e+06 1.77015e+06 0
1.53096e+06 1.94968e+06 0
2.03101e+06 1.74657e+06 0
3.3047e+06 1.13277e+06 0
4.72915e+06 522706 0
3.23847e+06 1.9715e+06 0
348064 1.96997e+06 0
2.91009e+06 109943 0
2.76086e+06 2.32185e+06 0
4.22636e+06 521180 0
2.63009e+06 1.53798e+06 0
4.66338e+06 1.48457e+06 0
818201 560778 0
4.19523e+06 2.00484e+06 0
2.00125e+06 4.45998e+06 0
4.0698e+06 1.46153e+06 0
4.89364e+06 575884 0
84841.5 13275.6 0
2.99097e+06 2.21442e+06 0
524155 3.94772e+06 0
2.23731e+06 3.12235e+06 0
1.4066e+06 1.6332e+06 0
4.52101e+06 618458 0
4.20637e+06 340358 0
3.40846e+06 688574 0
3.70022e+06 744041 0
1.01917e+06 4.74532e+06 0
1.09882e+06 3.47346e+06 0
2.45064e+06 3.49269e+06 0
115665 2.49077e+06 0
1.65746e+06 3.70708e+06 0
1.13346e+06 3.95734e+06 0
192724 4.81414e+06 0
1.12094e+06 3.72646e+06 0
2.71584e+06 1.83897e+06 0
4.45967e+06 617389 0
674764 4.17875e+06 0
2.33314e+06 1.95669e+06 0
3.06925e+06 275582 0
838954 3.69625e+06 0
698416 263222 0
476089 3.74828e+06 0
2.80267e+06 2.35885e+06 0
2.16559e+06 1.46077e+06 0
2.50328e+06 1.77831e+06 0
2.46223e+06 3.22748e+06 0
4.94781e+06 425504 0
3.10968e+06 2.22198e+06 0
4.56679e+06 1.97867e+06 0
2.59941e+06 229118 0
347301 3.31828e+06 0
4.88723e+06 523469 0
531175 3.9964e+06 0
2.92352e+06 223396 0
642720 2.21381e+06 0
2.15537e+06 2.47551e+06 0
1.2534e+06 2.68502e+06 0
1.65487e+06 2.77062e+06 0
4.3881e+06 10452.6 0
3.0311e+06 1.33976e+06 0
4.98108e+06 2.49367e+06 0
4.78072e+06 915555 0
1.28712e+06 3.89645e+06 0
2.23563e+06 3.9201e+06 0
653401 1.91733e+06 0
761589 2.73446e+06 0
4.5587e+06 1.79022e+06 0
2.36503e+06 2.96075e+06 0
4.32722e+06 631352 0
3.36451e+06 1.39683e+06 0
1.42232e+06 4.9321e+06 0
3.28349e+06 1.44223e+06 0
3.72662e+06 1.96585e+06 0
2.61864e+06 1.82936e+06 0
1.71377e+06 4.08902e+06 0
4.64354e+06 266961 0
920438 925474 0
3.89859e+06 2.0349e+06 0
4.62249e+06 1.12674e+06 0
1.53035e+06 4.57946e+06 0
3.12204e+06 468459 0
130314 3.23679e+06 0
3.55403e+06 550783 0
3.23206e+06 2.10433e+06 0
1.61458e+06 3.57219e+06 0
2.12409e+06 4.84268e+06 0
4.12015e+06 1.9097e+06 0
132450 3.44432e+06 0
3.80322e+06 1.5994e+06 0
2.0307e+06 1.67241e+06 0
250252 1.76168e+06 0
3.73272e+06 542543 0
3.38939e+06 1.70927e+06 0
4.92462e+06 433668 0
3.4312e+06 869320 0
4.79415e+06 635929 0
3.6729e+06 1.08226e+06 0
3.50948e+06 2.40188e+06 0
69124.4 3.92499e+06 0
4.60875e+06 2.33985e+06 0
3.97687e+06 1.21235e+06 0
951415 2.59636e+06 0
1.97943e+06 395520 0
4.39344e+06 166707 0
4.19889e+06 1.79411e+06 0
1.83569e+06 2.22831e+06 0
4.99847e+06 2.14278e+06 0
2.80953e+06 1.52493e+06 0
2.48634e+06 3.4196e+06 0
1.24851e+06 3.30424e+06 0
722373 4.57503e+06 0
1.60772e+06 1.50365e+06 0
1.03778e+06 655232 0
1.98416e+06 429090 0
1.37089e+06 1.49983e+06 0
4.3965e+06 959502 0
28382.2 3.22672e+06 0
4.87732e+06 1.10652e+06 0
2.7752e+06 1.29337e+06 0
3.53801e+06 1.19297e+06 0
4.66124e+06 1.05403e+06 0
2.25944e+06 898770 0
490738 4.31303e+06 0
166478 2.8016e+06 0
341502 788446 0
4.54176e+06 1.30848e+06 0
4.03653e+06 2.19581e+06 0
2.3339e+06 436872 0
979644 370190 0
4.92111e+06 1.63213e+06 0
4.25748e+06 2.34108e+06 0
1.27842e+06 1.12796e+06 0
415204 291147 0
2.2132e+06 7324.44 0
3.81314e+06 2.36259e+06 0
819269 1.0921e+06 0
1.9686e+06 4.67254e+06 0
1.80883e+06 3.41258e+06 0
791040 902890 0
4.87701e+06 2.1849e+06 0
1.11637e+06 4.2909e+06 0
4.75631e+06 99108.9 0
444960 1.22379e+06 0
3.1167e+06 445189 0
1.29261e+06 4.17692e+06 0
4.9678e+06 807749 0
57832.6 733512 0
4.71862e+06 82171.1 0
2.81396e+06 918531 0
4.55245e+06 1.22524e+06 0
1.93045e+06 2.54936e+06 0
272073 598926 0
4.93103e+06 551012 0
2.27256e+06 654469 0
4.49446e+06 2.26028e+06 0
1.79571e+06 4.44029e+06 0
1.0036e+06 1.59902e+06 0
125889 2.59743e+06 0
1.55065e+06 1.51357e+06 0
880764 3.33888e+06 0
1.80212e+06 3.84884e+06 0
3.05322e+06 1.9731e+06 0
4.63302e+06 1.66128e+06 0
4.96231e+06 2.27104e+06 0
1.93304e+06 4.98962e+06 0
1.76901e+06 1.16947e+06 0
3.49544e+06 1.60199e+06 0
1.71178e+06 2.70943e+06 0
4.38948e+06 61876.3 0
3.7199e+06 1.83317e+06 0
4.72671e+06 1.01848e+06 0
1.55858e+06 2.35511e+06 0
3.22703e+06 2.1456e+06 0
2.16575e+06 1.51952e+06 0
3.4875e+06 1.55423e+06 0
3.33277e+06 456710 0
4.36506e+06 32960 0
3.38755e+06 1.93785e+06 0
3.37443e+06 1.26179e+06 0
3.03613e+06 1.21555e+06 0
4.51201e+06 390027 0
2.01849e+06 2.94778e+06 0
4.40794e+06 120090 0
735344 1.88253e+06 0
3.21619e+06 2.18528e+06 0
4.50179e+06 1.82249e+06 0
4.14579e+06 864971 0
582751 112461 0
3.04163e+06 1.42605e+06 0
671712 3.82641e+06 0
1.92084e+06 262764 0
3.96008e+06 2.20077e+06 0
2.86905e+06 1.20731e+06 0
3.46248e+06 89800.7 0
1.20548e+06 4.81719e+06 0
748009 4.65804e+06 0
4.32157e+06 2.07328e+06 0
1.73772e+06 4.72518e+06 0
98727.4 3.61522e+06 0
3.72112e+06 116962 0
1.31474e+06 381634 0
1.25004e+06 1.94464e+06 0
4.94003e+06 1.64167e+06 0
1.06708e+06 2.36702e+06 0
2.734e+06 836207 0
3.72143e+06 767846 0
2.04718e+06 3.63689e+06 0
2.03146e+06 2.24662e+06 0
3.23359e+06 2.19359e+06 0
4.05042e+06 894955 0
2.58049e+06 1.54515e+06 0
686972 4.7055e+06 0
2.16346e+06 3.93277e+06 0
644704 3.59737e+06 0
529954 4.69268e+06 0
2.8283e+06 1.26766e+06 0
620136 3.60286e+06 0
3.8786e+06 37537.8 0
3.82962e+06 1.39363e+06 0
990936 1.42949e+06 0
1.6216e+06 4.04965e+06 0
2.67312e+06 910749 0
3.59432e+06 148701 0
2.59713e+06 274361 0
3.40892e+06 1.69111e+06 0
4.20545e+06 1.39737e+06 0
1.48503e+06 1.6364e+06 0
1.22364e+06 3.71227e+06 0
871456 2.88919e+06 0
1.73879e+06 1.81677e+06 0
195166 1.24195e+06 0
997498 1.21464e+06 0
98269.6 3.38557e+06 0
581378 4.70275e+06 0
2.06565e+06 2.73782e+06 0
4.11573e+06 1.13353e+06 0
1.05335e+06 2.1868e+06 0
2.16697e+06 2.01407e+06 0
821253 3.71746e+06 0
1.48808e+06 3.06391e+06 0
3.37672e+06 352336 0
1.26255e+06 2.43828e+06 0
1.43574e+06 1.15467e+06 0
1.50929e+06 473647 0
309610 2.67205e+06 0
1.30039e+06 1.79174e+06 0
3.11914e+06 1.21982e+06 0
1.95105e+06 1.35609e+06 0
746483 2.98822e+06 0
2.83471e+06 1.32496e+06 0
430616 2.03787e+06 0
4.98322e+06 1.25149e+06 0
4.40962e+06 1.09676e+06 0
124210 4.60036e+06 0
2.51839e+06 1.88788e+06 0
317240 1.20441e+06 0
149846 1.56606e+06 0
838649 121311 0
480972 3.75103e+06 0
1.47694e+06 1.44124e+06 0
2.37404e+06 3.84426e+06 0
3.89126e+06 543535 0
2.8573e+06 1.93388e+06 0
191656 700247 0
593280 4.57503e+06 0
395367 895566 0
4.23856e+06 497986 0
3.91705e+06 1.20823e+06 0
2.1012e+06 4.08597e+06 0
2.74697e+06 1.11126e+06 0
2.00705e+06 1.75802e+06 0
1.47816e+06 4.03897e+06 0
2.77291e+06 41657.8 0
1.83111e+06 400708 0
1.20014e+06 2.93741e+06 0
1.84057e+06 722373 0
991394 874813 0
2.3545e+06 2.42378e+06 0
2.49718e+06 2.51473e+06 0
1.00406e+06 4.644e+06 0
4.69878e+06 2.10822e+06 0
1.30192e+06 1.5746e+06 0
3.33399e+06 663778 0
2.02185e+06 4.94385e+06 0
1.5714e+06 1.78594e+06 0
4.51918e+06 1.34014e+06 0
2.14026e+06 355846 0
3.146e+06 1.64617e+06 0
2.32093e+06 4.28068e+06 0
1.41896e+06 2.98975e+06 0
703452 3.63201e+06 0
4.09589e+06 40589.6 0
2.12012e+06 2.13889e+06 0
2.81426e+06 1.83943e+06 0
4.65712e+06 887707 0
453810 1.23981e+06 0
153508 1.88925e+06 0
1.87384e+06 1.97836e+06 0
2.09326e+06 1.15375e+06 0
1.18397e+06 676595 0
2.29362e+06 3.12204e+06 0
3.20551e+06 1.96425e+06 0
301828 3.66726e+06 0
4.27686e+06 1.6728e+06 0
1.90069e+06 1.08737e+06 0
62410.4 2.75765e+06 0
633106 2.15903e+06 0
518967 3.9378e+06 0
3.74981e+06 2.45911e+06 0
4.6762e+06 1.44292e+06 0
1.48671e+06 1.45085e+06 0
387738 1.19739e+06 0
1.08036e+06 1.47664e+06 0
1.71178e+06 4.55428e+06 0
4.42412e+06 991.852 0
4.07041e+06 1.4317e+06 0
773186 4.82879e+06 0
4.85214e+06 2.03955e+06 0
3.40724e+06 1.09806e+06 0
4.6086e+06 618076 0
1.65029e+06 1.34022e+06 0
1.50304e+06 4.73006e+06 0
2.16208e+06 1.24958e+06 0
4.16837e+06 2.18429e+06 0
900906 399945 0
626850 3.23435e+06 0
4.66704e+06 1.37417e+06 0
3.4344e+06 1.44101e+06 0
3.63262e+06 383923 0
3.69808e+06 953017 0
3.76476e+06 1.90329e+06 0
4.12961e+06 1.20441e+06 0
546434 2.54692e+06 0
3.78643e+06 699789 0
2.90277e+06 1.42651e+06 0
4.65972e+06 828883 0
3.73882e+06 2.39067e+06 0
2.76345e+06 2.04436e+06 0
994751 40437 0
3.88256e+06 552995 0
625629 3.67885e+06 0
1.63442e+06 3.07047e+06 0
409864 3.28135e+06 0
3.00272e+06 1.15772e+06 0
994903 1.45848e+06 0
3.99594e+06 896863 0
3.08573e+06 2.45361e+06 0
591296 2.87332e+06 0
2.18101e+06 823695 0
2.61711e+06 2.15712e+06 0
4.76653e+06 1.97729e+06 0
730308 1.96005e+06 0
2.36656e+06 59358.5 0
4.14747e+06 585955 0
2.36671e+06 4.07498e+06 0
4.2822e+06 769677 0
2.00736e+06 3.75454e+06 0
1.9483e+06 896176 0
4.45906e+06 1.03481e+06 0
3.28364e+06 1.5878e+06 0
3.38359e+06 2.07518e+06 0
2.04993e+06 2.1337e+06 0
4.88784e+06 1.02512e+06 0
3.46675e+06 237053 0
3.27586e+06 1.55637e+06 0
2.23411e+06 1.40339e+06 0
4.50728e+06 111774 0
4.90204e+06 1.07463e+06 0
3.76553e+06 2.3648e+06 0
4.24055e+06 737098 0
1.04465e+06 302286 0
768609 713675 0
1.16016e+06 3.53389e+06 0
4.09879e+06 185095 0
2.08899e+06 4.53932e+06 0
4.24909e+06 898389 0
3.0459e+06 1.67577e+06 0
585955 998413 0
1.20365e+06 388348 0
3.54778e+06 2.04238e+06 0
3.46095e+06 886563 0
1.80853e+06 1.40339e+06 0
2.16529e+06 2.78939e+06 0
36927.4 4.88769e+06 0
1.19816e+06 252693 0
4.9089e+06 323038 0
1.32679e+06 2.07846e+06 0
4.52528e+06 665151 0
1.23035e+06 4.82955e+06 0
3.89767e+06 153508 0
3.10572e+06 1.26125e+06 0
1.65212e+06 2.16941e+06 0
4.26038e+06 1.23806e+06 0
610981 1.61657e+06 0
3.59706e+06 740226 0
2.40822e+06 234382 0
4.39787e+06 1.53554e+06 0
3.79269e+06 1.60375e+06 0
2.31239e+06 4.18744e+06 0
4.77935e+06 246895 0
4.95941e+06 998184 0
1.30009e+06 4.49431e+06 0
2.0426e+06 4.16532e+06 0
2.51564e+06 1.87353e+06 0
2.39448e+06 3.36039e+06 0
437941 4.67788e+06 0
1.84622e+06 4.2581e+06 0
2.02719e+06 940275 0
3.33674e+06 1.92251e+06 0
1.41346e+06 2.37327e+06 0
3.16294e+06 1.64579e+06 0
2.40257e+06 3.10907e+06 0
4.77889e+06 1.08936e+06 0
3.92026e+06 432066 0
4.05118e+06 1.67951e+06 0
3.55373e+06 971328 0
2.37388e+06 4.23444e+06 0
1.84362e+06 3.98221e+06 0
1.55248e+06 2.73095e+06 0
2.48543e+06 977508 0
1.86102e+06 3.75179e+06 0
1.09394e+06 2.60964e+06 0
2.17917e+06 4.39039e+06 0
2.69005e+06 1.20624e+06 0
3.61629e+06 1.84233e+06 0
563066 1.8096e+06 0
527207 192877 0
1.66692e+06 4.55062e+06 0
328074 3.17423e+06 0
1.20609e+06 3.57936e+06 0
1.01566e+06 652333 0
1.56667e+06 4.86541e+06 0
2.79885e+06 73244.4 0
3.24946e+06 114444 0
2.7485e+06 174947 0
2.96121e+06 1.84614e+06 0
3.86944e+06 2.2676e+06 0
1.52135e+06 3.38588e+06 0
2.50404e+06 1.98538e+06 0
1.73757e+06 3.54503e+06 0
471053 2.12836e+06 0
3.91034e+06 1.81166e+06 0
847804 2.96228e+06 0
4.11863e+06 2.02872e+06 0
3.80093e+06 2.02124e+06 0
2.94656e+06 357067 0
1.37104e+06 2.82144e+06 0
4.8059e+06 1.27453e+06 0
2.622e+06 909528 0
508744 4.51048e+06 0
3.05353e+06 501495 0
3.25083e+06 108646 0
4.69054e+06 1.57414e+06 0
656606 1.44627e+06 0
751671 456099 0
3.04804e+06 1.97676e+06 0
1.30482e+06 3.21528e+06 0
587481 1.66784e+06 0
3.81344e+06 1.89177e+06 0
4.45586e+06 1.89207e+06 0
4.98322e+06 836970 0
4.71892e+06 893277 0
2.81411e+06 1.51341e+06 0
39826.7 937529 0
262612 244453 0
1.89459e+06 3.25831e+06 0
4.42198e+06 38605.9 0
3.44325e+06 767846 0
2.62597e+06 467544 0
717948 1.38676e+06 0
4.38459e+06 1.35525e+06 0
1.28071e+06 909452 0
552385 4.8912e+06 0
3.00806e+06 2.47681e+06 0
3.64376e+06 623188 0
3.15867e+06 1.77068e+06 0
692770 1.86621e+06 0
381481 1.47069e+06 0
2.57256e+06 417417 0
4.81903e+06 1.81539e+06 0
1.171e+06 321207 0
3.96084e+06 1.53035e+06 0
3.33934e+06 2.18284e+06 0
4.40916e+06 643025 0
3.00958e+06 1.573e+06 0
2.20466e+06 2.95968e+06 0
395672 1.00314e+06 0
1.87643e+06 4.34126e+06 0
4.67986e+06 2.00385e+06 0
1.86621e+06 2.64657e+06 0
4.09009e+06 173727 0
1.48778e+06 796228 0
4.77889e+06 2.16124e+06 0
2.0748e+06 4.597e+06 0
2.40516e+06 2.21885e+06 0
2.47414e+06 1.88452e+06 0
2.82907e+06 427183 0
1.54256e+06 662252 0
822626 2.06778e+06 0
2.79977e+06 381863 0
3.20536e+06 1.96875e+06 0
3.89721e+06 536592 0
309915 2.01056e+06 0
1.05686e+06 1.83264e+06 0
2.18421e+06 1.32267e+06 0
1.13804e+06 4.06934e+06 0
3.43486e+06 1.24477e+06 0
1.48564e+06 672018 0
3.12098e+06 1.32611e+06 0
219428 1.15162e+06 0
3.60256e+06 2.27889e+06 0
2.11814e+06 4.6115e+06 0
4.74975e+06 2.2776e+06 0
2.75628e+06 1.48167e+06 0
2.41997e+06 2.78924e+06 0
1.04816e+06 3.92026e+06 0
2.60933e+06 685980 0
2.85714e+06 396130 0
183264 3.81481e+06 0
825373 3.62453e+06 0
3.59447e+06 750450 0
3.08069e+06 1.85026e+06 0
4.49202e+06 240486 0
975677 948363 0
3.63094e+06 2.18574e+06 0
3.51817e+06 638905 0
1.98599e+06 1.63671e+06 0
3.64483e+06 1.68996e+06 0
3.47697e+06 1.52051e+06 0
3.99991e+06 1.01054e+06 0
3.21055e+06 1.2711e+06 0
2.36839e+06 2.3629e+06 0
2.6484e+06 1.20937e+06 0
4.42778e+06 1.16894e+06 0
602741 904263 0
3.96649e+06 1.30673e+06 0
1.47008e+06 3.11274e+06 0
3.23237e+06 587634 0
4.60631e+06 1.7687e+06 0
3.56273e+06 1.03046e+06 0
1.25111e+06 901975 0
3.95428e+06 137181 0
2.90857e+06 1.82394e+06 0
2.72912e+06 1.20746e+06 0
2.58629e+06 917692 0
4.95209e+06 24185.9 0
2.80511e+06 1.87231e+06 0
755944 355846 0
1.78076e+06 2.95312e+06 0
2.23334e+06 1.08692e+06 0
1.68676e+06 4.17402e+06 0
4.04569e+06 2.1762e+06 0
402234 3.63491e+06 0
412610 1.28498e+06 0
653859 2.27973e+06 0
3.63247e+06 1.0509e+06 0
2.95572e+06 1.28636e+06 0
1.79296e+06 3.59691e+06 0
1.25401e+06 2.18879e+06 0
827357 3.59752e+06 0
2.68441e+06 184256 0
3.57311e+06 2.2074e+06 0
345317 221107 0
987274 4.81933e+06 0
496078 2.75628e+06 0
3.17911e+06 1.28658e+06 0
3.08496e+06 462355 0
409864 2.05054e+06 0
2.01331e+06 4.45051e+06 0
1.72231e+06 3.97702e+06 0
4.04248e+06 1.86781e+06 0
1.35243e+06 1.81936e+06 0
2.74941e+06 1.80898e+06 0
580157 1.85675e+06 0
1.43773e+06 263680 0
177160 1.46504e+06 0
1.40934e+06 1.97638e+06 0
1.10446e+06 2.6458e+06 0
4.50453e+06 1.10126e+06 0
3.62056e+06 164724 0
1.31504e+06 516221 0
2.45216e+06 2.48604e+06 0
3.97839e+06 2.43202e+06 0
3.18735e+06 786691 0
4.95697e+06 424360 0
2.54357e+06 2.17757e+06 0
710624 1.339e+06 0
2.67098e+06 2.30903e+06 0
1.66906e+06 2.17872e+06 0
2.14347e+06 821711 0
2.40623e+06 2.28309e+06 0
3.79727e+06 1.60566e+06 0
3.43028e+06 1.95082e+06 0
2.06885e+06 2.42348e+06 0
3.48674e+06 662786 0
4.99451e+06 2.05962e+06 0
3.78964e+06 1.91351e+06 0
3.52046e+06 835826 0
3.07901e+06 552538 0
3.28745e+06 721381 0
4.91775e+06 1.01268e+06 0
1.53966e+06 2.67937e+06 0
1.12857e+06 4.93011e+06 0
4.31791e+06 779290 0
2.78191e+06 150914 0
1.59139e+06 1.41591e+06 0
2.63741e+06 2.03177e+06 0
487533 3.68587e+06 0
447401 2.2927e+06 0
4.27046e+06 792871 0
27771.8 633564 0
2.22953e+06 1.0773e+06 0
4.50316e+06 2.09426e+06 0
3.13303e+06 566042 0
3.63048e+06 583972 0
2.40089e+06 2.83654e+06 0
4.61196e+06 541093 0
655232 4.36598e+06 0
297098 754875 0
3.80398e+06 679037 0
1.18702e+06 3.94101e+06 0
2.31391e+06 4.71984e+06 0
140080 2.828e+06 0
4.82971e+06 197378 0
1.19266e+06 2.2045e+06 0
3.79406e+06 1.56362e+06 0
1.39454e+06 4.57595e+06 0
3.22733e+06 1.8746e+06 0
2.06992e+06 2.00751e+06 0
1.32054e+06 2.02597e+06 0
3.40724e+06 1.4893e+06 0
2.99966e+06 2.29453e+06 0
3.78658e+06 13504.4 0
116123 4.98734e+06 0
2.74911e+06 733131 0
4.42183e+06 194937 0
4.01456e+06 1.47778e+06 0
982086 1.96982e+06 0
2.45491e+06 2.20542e+06 0
2.18589e+06 3.50078e+06 0
1.42903e+06 2.5985e+06 0
6256.29 198218 0
4.3852e+06 2.00423e+06 0
1.67089e+06 2.33589e+06 0
2.13584e+06 1.59673e+06 0
1.39485e+06 667745 0
4.71526e+06 434584 0
3.33689e+06 1.59536e+06 0
4.22056e+06 2.38723e+06 0
3.42936e+06 136113 0
2.54799e+06 561464 0
244453 2.68349e+06 0
425581 1.11164e+06 0
2.5483e+06 2.27943e+06 0
1.65288e+06 2.23136e+06 0
3.70006e+06 411084 0
3.95077e+06 670949 0
554979 1.10599e+06 0
328684 1.19312e+06 0
2.02414e+06 4.69543e+06 0
2.37785e+06 1.17512e+06 0
4.94903e+06 1.76435e+06 0
4.39161e+06 289239 0
2.44682e+06 2.78817e+06 0
4.72366e+06 72405.2 0
2.38319e+06 1.10599e+06 0
3.28898e+06 94988.9 0
1.1272e+06 4.92477e+06 0
1.61321e+06 1.08112e+06 0
246132 4.03592e+06 0
4.33729e+06 2.17383e+06 0
1.29734e+06 2.8341e+06 0
3.58287e+06 104221 0
1.36906e+06 4.31364e+06 0
85909.6 4.79812e+06 0
4.53261e+06 670644 0
2.50435e+06 1.43399e+06 0
1.85705e+06 2.23579e+06 0
3.8049e+06 2.12554e+06 0
145421 184332 0
1.13651e+06 4.86511e+06 0
2.04733e+06 3.52962e+06 0
3.09793e+06 269402 0
2.70562e+06 727790 0
800958 4.44273e+06 0
590686 2.10624e+06 0
1.6419e+06 1.40172e+06 0
2.68395e+06 1.33358e+06 0
2.18238e+06 4.87823e+06 0
1.65853e+06 3.4402e+06 0
4.04874e+06 2.44888e+06 0
222633 444044 0
4.25474e+06 1.35334e+06 0
274514 3.5725e+06 0
3.85464e+06 218894 0
2.02948e+06 4.83886e+06 0
1.33198e+06 1.56819e+06 0
772576 3.74065e+06 0
4.63271e+06 223472 0
1.39683e+06 4.27442e+06 0
3.24412e+06 840251 0
3.37809e+06 315790 0
4.232e+06 1.32412e+06 0
1.34739e+06 1.1092e+06 0
3.6372e+06 2.46857e+06 0
3.91507e+06 1.13071e+06 0
2.14011e+06 2.97281e+06 0
902432 2.82998e+06 0
1.39973e+06 628986 0
1.63854e+06 4.47859e+06 0
4.97177e+06 2.04825e+06 0
4.47722e+06 1.93342e+06 0
213477 1.79342e+06 0
191046 3.09275e+06 0
81789.6 4.59853e+06 0
4.39985e+06 1.51776e+06 0
1.22898e+06 2.18589e+06 0
1.68554e+06 1.62984e+06 0
2.30415e+06 3.74722e+06 0
1.5566e+06 1.6036e+06 0
3.86639e+06 1.93884e+06 0
3.91125e+06 2.35481e+06 0
3.81451e+06 955153 0
4.16089e+06 990860 0
4.74151e+06 239494 0
666677 2.04978e+06 0
2.11844e+06 1.59017e+06 0
4.64782e+06 1.02e+06 0
4.71572e+06 493255 0
216071 3.0961e+06 0
1.16535e+06 4.08307e+06 0
4.6939e+06 24948.9 0
4.07331e+06 2.12783e+06 0
1.8717e+06 2.27485e+06 0
586261 1.7655e+06 0
3.36146e+06 125126 0
820490 4.09864e+06 0
701010 4.87228e+06 0
3.05734e+06 501801 0
3.36848e+06 2.0191e+06 0
2.11295e+06 6866.67 0
358440 3.53862e+06 0
4.7882e+06 344325 0
482192 1.78655e+06 0
3.80474e+06 1.74963e+06 0
4.04218e+06 208441 0
4.1345e+06 698645 0
1.04022e+06 284738 0
3.12571e+06 46617 0
3.57677e+06 2.44858e+06 0
3.3372e+06 87893.3 0
2.59346e+06 402615 0
4.48134e+06 952483 0
1.61977e+06 1.99408e+06 0
3.38572e+06 475936 0
2.67663e+06 1.39729e+06 0
3.37886e+06 434584 0
1.99423e+06 1.35319e+06 0
2.00537e+06 568255 0
702231 3.19071e+06 0
3.47789e+06 1.29467e+06 0
3.14508e+06 938826 0
4.77157e+06 221793 0
2.98105e+06 681555 0
1.76656e+06 808435 0
4.72152e+06 991470 0
4.34736e+06 1.92885e+06 0
864895 4.68093e+06 0
1.86163e+06 2.50771e+06 0
2.28385e+06 475784 0
2.84753e+06 1.9306e+06 0
2.01834e+06 4.70244e+06 0
434889 3.6288e+06 0
135960 3.05856e+06 0
2.32612e+06 1.81112e+06 0
4.81124e+06 1.99637e+06 0
1.76382e+06 421461 0
2.28202e+06 4.45723e+06 0
3.39045e+06 765557 0
839717 3.56471e+06 0
407117 1.41697e+06 0
1.50838e+06 1.17527e+06 0
1.93823e+06 4.09619e+06 0
569781 945921 0
2.00552e+06 24262.2 0
1.59078e+06 4.87442e+06 0
4.02219e+06 1.62152e+06 0
2.10761e+06 3.86914e+06 0
2.20817e+06 2.7543e+06 0
2.62658e+06 687735 0
3.8377e+06 702841 0
3.09336e+06 2.29469e+06 0
3.72234e+06 1.5331e+06 0
4.49141e+06 145116 0
4.83612e+06 687277 0
721000 4.82528e+06 0
1.49007e+06 840938 0
3.42112e+06 136723 0
3.96252e+06 1.79151e+06 0
4.88327e+06 662481 0
988647 2.47871e+06 0
1.71972e+06 4.90265e+06 0
4.02036e+06 2.00804e+06 0
4.44014e+06 1.02939e+06 0
4.65682e+06 810648 0
590228 4.18119e+06 0
4.15845e+06 1.37333e+06 0
1.61443e+06 3.03369e+06 0
1.44429e+06 500046 0
1.09241e+06 1.66845e+06 0
3.4846e+06 1.54782e+06 0
4.51125e+06 368282 0
4.48927e+06 954390 0
3.22474e+06 1.11629e+06 0
2.80435e+06 708029 0
2.76131e+06 99719.2 0
1.91778e+06 1.80044e+06 0
3.13089e+06 214927 0
4.48378e+06 1.25225e+06 0
1.292e+06 3.69152e+06 0
770287 2.51106e+06 0
3.43272e+06 2.25456e+06 0
437635 635243 0
2.22144e+06 34943.7 0
4.0524e+06 803171 0
1.68645e+06 1.039e+06 0
3.24351e+06 610828 0
4.87716e+06 2.27363e+06 0
909757 1.35502e+06 0
1.96509e+06 164037 0
378887 3.09961e+06 0
3.94162e+06 2.30331e+06 0
4.93057e+06 1.91305e+06 0
4.56572e+06 741066 0
1.58544e+06 1.43895e+06 0
721610 843684 0
569475 1.61153e+06 0
3.8406e+06 274361 0
4.35682e+06 639363 0
2.54234e+06 1.97935e+06 0
2.69967e+06 2.08716e+06 0
4.15525e+06 502945 0
2.55165e+06 843226 0
267342 2.16163e+06 0
4.28816e+06 2.41035e+06 0
3.97e+06 1.16802e+06 0
3.13303e+06 271920 0
3.94314e+06 2.11989e+06 0
2.19626e+06 3.29768e+06 0
3.04682e+06 1.62061e+06 0
1.03e+06 4.95682e+06 0
1.56774e+06 3.24808e+06 0
1.1063e+06 4.01654e+06 0
2.78176e+06 323191 0
2.1276e+06 2.29072e+06 0
986816 826441 0
571306 4.89944e+06 0
4.66216e+06 2.16453e+06 0
4.3791e+06 915174 0
4.91195e+06 1.07036e+06 0
191809 1.85263e+06 0
1.84759e+06 2.17246e+06 0
2.04398e+06 2.06565e+06 0
4.06568e+06 724509 0
2.91559e+06 1.93213e+06 0
3.87814e+06 522477 0
3.05292e+06 1.80044e+06 0
3.45088e+06 1.64678e+06 0
1.46413e+06 3.72646e+06 0
4.50591e+06 1.65204e+06 0
4.4937e+06 1.34533e+06 0
1.74535e+06 4.31639e+06 0
2.88354e+06 2.19184e+06 0
2.65175e+06 1.96234e+06 0
1.22654e+06 399487 0
3.82153e+06 350658 0
1.21967e+06 904416 0
1.48793e+06 3.25358e+06 0
2.62123e+06 1.19388e+06 0
1.39058e+06 1.24058e+06 0
3.3198e+06 1.54027e+06 0
644856 388043 0
2.42088e+06 4.32081e+06 0
1.77236e+06 1.02527e+06 0
2.75735e+06 1.82386e+06 0
1.54302e+06 2.18024e+06 0
1.72964e+06 2.90475e+06 0
4.78988e+06 381252 0
1.8833e+06 2.13477e+06 0
849940 2.86538e+06 0
126957 2.54662e+06 0
2.78832e+06 858486 0
2.00201e+06 4.33592e+06 0
2.06244e+06 4.31608e+06 0
4.90509e+06 1.3197e+06 0
3.78063e+06 638295 0
1.67211e+06 2.40776e+06 0
213630 1.92099e+06 0
3.43211e+06 236061 0
2.71554e+06 2.07236e+06 0
3.13166e+06 296487 0
4.70534e+06 544755 0
3.64147e+06 2.38266e+06 0
873592 4.15571e+06 0
1.84927e+06 1.56728e+06 0
263680 4.37986e+06 0
2.64397e+06 2.41524e+06 0
3.38618e+06 858562 0
4.20026e+06 1.70621e+06 0
1.02313e+06 4.2526e+06 0
3.46675e+06 177999 0
4.8793e+06 937910 0
3.2667e+06 1.10668e+06 0
2.73217e+06 725349 0
4.91607e+06 908536 0
3.24412e+06 1.50472e+06 0
2.76406e+06 140690 0
3.08557e+06 2.00156e+06 0
4.56633e+06 755409 0
1.53111e+06 1.14216e+06 0
4.09131e+06 915.555 0
181433 1.85293e+06 0
4.87259e+06 107959 0
2.96945e+06 2.44377e+06 0
1.5067e+06 3.30638e+06 0
4.10413e+06 1.05617e+06 0
2.40913e+06 4.4792e+06 0
4.11191e+06 506455 0
428938 1.77084e+06 0
1.62923e+06 4.94049e+06 0
233009 4.52376e+06 0
1.10355e+06 633259 0
3.86303e+06 1.16901e+06 0
4.05805e+06 23957 0
3.3723e+06 1.39302e+06 0
4.07788e+06 512558 0
1.95044e+06 3.66512e+06 0
3.17286e+06 1.91321e+06 0
2.43858e+06 3.07474e+06 0
4.67437e+06 1.535e+06 0
4.64553e+06 1.54813e+06 0
319681 2.10059e+06 0
366222 356609 0
1.68447e+06 4.31928e+06 0
2.51564e+06 2.13027e+06 0
3.61507e+06 1.75466e+06 0
2.27531e+06 1.16657e+06 0
4.8207e+06 1.34335e+06 0
667745 294504 0
3.27845e+06 1.75382e+06 0
3.45943e+06 2.32101e+06 0
1.61077e+06 764031 0
798975 2.69021e+06 0
88503.7 3.99716e+06 0
499893 4.18439e+06 0
2.41798e+06 763115 0
1.3715e+06 766320 0
1.96631e+06 3.57906e+06 0
503555 4.74303e+06 0
3.58486e+06 40971.1 0
914487 1.7684e+06 0
3.6813e+06 1.71651e+06 0
3.46553e+06 363094 0
3.70312e+06 1.2479e+06 0
4.44945e+06 794397 0
4.68337e+06 1.91092e+06 0
2.75857e+06 2.26806e+06 0
3.00821e+06 2.48703e+06 0
3.04056e+06 558107 0
60731.8 1.21937e+06 0
3.74538e+06 364162 0
898770 121464 0
1.4713e+06 3.20795e+06 0
4.62157e+06 532624 0
517441 798059 0
1.58162e+06 4.24482e+06 0
4.04492e+06 143361 0
100253 1.14353e+06 0
758232 3.58974e+06 0
2.8399e+06 521714 0
3.50963e+06 1.28224e+06 0
490738 586261 0
3.73165e+06 665838 0
2.92947e+06 463500 0
3.10999e+06 944548 0
502640 4.50301e+06 0
1.39454e+06 1.29704e+06 0
596789 955687 0
1.7626e+06 1.21784e+06 0
2.14377e+06 4.23383e+06 0
2.63573e+06 1.54454e+06 0
3.22489e+06 203635 0
2.35725e+06 4.7145e+06 0
4.4264e+06 1.61458e+06 0
639210 1.55034e+06 0
3.10175e+06 984222 0
3.18171e+06 1.73597e+06 0
1.20014e+06 3.55358e+06 0
3.3723e+06 149236 0
1.81509e+06 3.55083e+06 0
2.47322e+06 1.86041e+06 0
2.10913e+06 3.01401e+06 0
2.19886e+06 886868 0
2.77276e+06 366451 0
1.09424e+06 4.4995e+06 0
1.67287e+06 2.91437e+06 0
3.61751e+06 1.29429e+06 0
1.84606e+06 4.82604e+06 0
3.33323e+06 1.92816e+06 0
1.49449e+06 1.43391e+06 0
4.12519e+06 1.4037e+06 0
1.13987e+06 1.56606e+06 0
830104 3.46767e+06 0
591906 2.63192e+06 0
3.20521e+06 1.55644e+06 0
887326 429853 0
4.62767e+06 894040 0
3.85571e+06 537584 0
4.44075e+06 450072 0
4.46898e+06 2.2882e+06 0
346080 1.6625e+06 0
3.63018e+06 1.04694e+06 0
4.7528e+06 837886 0
1.55751e+06 1.41301e+06 0
1.48579e+06 423444 0
4.42122e+06 1.32939e+06 0
1.76397e+06 1.96661e+06 0
4.38749e+06 1.8939e+06 0
850856 614490 0
727714 2.88598e+06 0
4.28602e+06 1.42842e+06 0
2.14911e+06 1.80456e+06 0
101627 1.33671e+06 0
2.99951e+06 1.58269e+06 0
933866 4.14609e+06 0
3.50887e+06 132756 0
2.42988e+06 222785 0
1.71789e+06 1.91519e+06 0
1.86346e+06 4.13602e+06 0
2.25318e+06 1.73696e+06 0
3.35902e+06 516831 0
4.60418e+06 1.98027e+06 0
3.63521e+06 20065.9 0
1.05823e+06 240944 0
4.67086e+06 940657 0
1.9509e+06 4.53673e+06 0
2.20206e+06 4.01898e+06 0
3.38496e+06 285730 0
1.45543e+06 4.07682e+06 0
78890.4 3.91934e+06 0
4.02326e+06 2.41966e+06 0
3.49727e+06 1.61817e+06 0
2.28797e+06 1.60253e+06 0
2.91986e+06 1.33862e+06 0
301981 160985 0
4.60814e+06 11368.1 0
2.52846e+06 605106 0
1.72246e+06 2.55211e+06 0
4.34935e+06 2.22312e+06 0
148015 189825 0
748009 3.14341e+06 0
2.88537e+06 1.48068e+06 0
2.07175e+06 2.49382e+06 0
3.1605e+06 1.142e+06 0
3.27982e+06 1.24248e+06 0
3.91354e+06 1.56423e+06 0
585192 3.60149e+06 0
3.82e+06 790353 0
1.89444e+06 1.12995e+06 0
2.50069e+06 2.41775e+06 0
4.95285e+06 674383 0
78432.6 3.15165e+06 0
4.60097e+06 191656 0
3.73623e+06 401471 0
3.04834e+06 2.00446e+06 0
1.43315e+06 554369 0
4.57244e+06 2.0912e+06 0
436720 3.6935e+06 0
3.54488e+06 291375 0
822474 150761 0
2.19718e+06 2.94443e+06 0
1.60421e+06 740074 0
2.02704e+06 2.4601e+06 0
4.64461e+06 523545 0
254219 3.0398e+06 0
4.00693e+06 2.00072e+06 0
230720 703299 0
901822 660573 0
2.21397e+06 1.88894e+06 0
1.88665e+06 1.2389e+06 0
3.40541e+06 1.97966e+06 0
471664 911130 0
3.66436e+06 1.84286e+06 0
4.79186e+06 1.21128e+06 0
802026 1.99301e+06 0
1.49953e+06 37690.4 0
1.86102e+06 744346 0
3.53298e+06 929136 0
4.2877e+06 2.42454e+06 0
1.91916e+06 39826.7 0
3.40388e+06 236366 0
4.26557e+06 471358 0
82705.2 2.63512e+06 0
97048.9 4.74349e+06 0
37080 2.96976e+06 0
696890 1.5418e+06 0
3.62453e+06 467086 0
3.60256e+06 1.74635e+06 0
2.57591e+06 2.12386e+06 0
4.41878e+06 2.49741e+06 0
2.55562e+06 918989 0
1.10065e+06 466475 0
2.95618e+06 40208.1 0
3.36314e+06 871380 0
2.83685e+06 304041 0
2.37373e+06 4.62004e+06 0
4.41084e+06 238044 0
3.38542e+06 791803 0
2.98639e+06 1.48038e+06 0
1.46443e+06 249947 0
4.77081e+06 2.38716e+06 0
2.97067e+06 2.27485e+06 0
1.44154e+06 2.97693e+06 0
2.9461e+06 1.59398e+06 0
2.89056e+06 1.18419e+06 0
1.06647e+06 2.41203e+06 0
2.04886e+06 1.63762e+06 0
1.31672e+06 2.61513e+06 0
3.19864e+06 2.02734e+06 0
3.03934e+06 404981 0
2.67602e+06 492035 0
3.51909e+06 1.75214e+06 0
3.37413e+06 2.00171e+06 0
4.75631e+06 1.00223e+06 0
1.95059e+06 3.90316e+06 0
4.58495e+06 2.34329e+06 0
146489 2.35725e+06 0
4.79339e+06 1.62847e+06 0
4.12336e+06 2.26844e+06 0
1.40385e+06 2.54219e+06 0
3.2226e+06 1.7272e+06 0
4.76608e+06 416501 0
2.05664e+06 4.31776e+06 0
4.61974e+06 158773 0
2.33589e+06 4.67467e+06 0
2.78726e+06 2.31628e+06 0
3.3375e+06 1.81471e+06 0
3.64772e+06 1.5331e+06 0
2.42378e+06 913724 0
49440 3.44188e+06 0
4.51582e+06 2.04581e+06 0
4.82101e+06 1.60756e+06 0
1.9274e+06 4.68032e+06 0
531022 814081 0
3.46797e+06 734809 0
2.65908e+06 878323 0
4.21781e+06 909070 0
3.8287e+06 786233 0
4.88479e+06 2.10532e+06 0
4.26252e+06 32197 0
2.14637e+06 2.85485e+06 0
1.11423e+06 3.93887e+06 0
3.88501e+06 1.30139e+06 0
1.83279e+06 2.33512e+06 0
721152 4.97345e+06 0
4.21735e+06 1.14422e+06 0
2.75353e+06 1.7806e+06 0
3.31675e+06 1.8273e+06 0
2.9075e+06 2.30529e+06 0
2.83181e+06 264138 0
804620 1.03732e+06 0
1.17542e+06 3.68908e+06 0
3.55312e+06 339518 0
4.84756e+06 550554 0
2.37022e+06 2.05481e+06 0
4.27992e+06 501267 0
1.43986e+06 3.41609e+06 0
4.8085e+06 2.30712e+06 0
2.91345e+06 1.6847e+06 0
2.92947e+06 1.49854e+06 0
4.45921e+06 1.92724e+06 0
493484 93386.6 0
3.26655e+06 1.87689e+06 0
1.99698e+06 1.47954e+06 0
2.91238e+06 1.96089e+06 0
2.62429e+06 431227 0
1.99408e+06 1.90817e+06 0
2.19855e+06 3.85357e+06 0
936918 2.16224e+06 0
2.69707e+06 523087 0
881680 4.99542e+06 0
4.48729e+06 2.4675e+06 0
1.05762e+06 84688.9 0
3.93948e+06 1.34983e+06 0
3.5493e+06 1.40034e+06 0
2.57332e+06 2.19703e+06 0
1.86132e+06 4.13511e+06 0
392773 3.56227e+06 0
2.18879e+06 2.51732e+06 0
3.56822e+06 2.41073e+06 0
3.79849e+06 1.64693e+06 0
4.11908e+06 218055 0
2.42805e+06 4.15662e+06 0
1.75497e+06 419782 0
3.10877e+06 1.14956e+06 0
532701 3.19132e+06 0
1.3187e+06 1.58284e+06 0
481582 1.32054e+06 0
3.87188e+06 247124 0
1.85812e+06 4.39299e+06 0
3.44981e+06 2.08701e+06 0
2.18162e+06 3.52412e+06 0
3.18293e+06 650044 0
3.71151e+06 2.27813e+06 0
185705 4.10581e+06 0
1.51784e+06 4.4673e+06 0
4.45418e+06 1.1565e+06 0
4.80728e+06 1.5125e+06 0
2.02979e+06 4.26328e+06 0
1.65258e+06 4.21491e+06 0
3.83938e+06 513703 0
4.79125e+06 2.23808e+06 0
4.11222e+06 887478 0
3.64132e+06 1.13758e+06 0
4.78607e+06 591830 0
196539 1.04755e+06 0
4.80392e+06 1.08661e+06 0
3.95322e+06 20905.2 0
710318 4.74029e+06 0
3.52672e+06 46540.7 0
2.45384e+06 4.17982e+06 0
114750 3.8609e+06 0
798059 4.47172e+06 0
461592 2.56066e+06 0
253456 115207 0
4.48042e+06 1.86048e+06 0
3.93063e+06 1.09569e+06 0
190436 1.99637e+06 0
4.22437e+06 967437 0
1.12552e+06 2.57027e+06 0
735038 2.5988e+06 0
3.86807e+06 2.08693e+06 0
4.33119e+06 1.44429e+06 0
867336 1.25828e+06 0
3.76125e+06 1.37638e+06 0
1.19739e+06 2.34733e+06 0
3.72082e+06 2.40295e+06 0
4.40916e+06 2.05107e+06 0
781121 2.16849e+06 0
136265 3.1315e+06 0
1.08478e+06 1.00558e+06 0
3.60897e+06 38453.3 0
1.2157e+06 3.54091e+06 0
4.73006e+06 1.50227e+06 0
1.14841e+06 4.83276e+06 0
874966 4.63408e+06 0
684988 4.09131e+06 0
1.06723e+06 437788 0
3.28318e+06 1.90825e+06 0
1.68554e+06 2.14042e+06 0
3.68435e+06 1.27049e+06 0
1.36326e+06 3.6491e+06 0
3.2458e+06 2.22839e+06 0
231788 3.94696e+06 0
4.3849e+06 854289 0
1.16642e+06 3.98175e+06 0
3.04071e+06 1.31703e+06 0
3.18964e+06 1.03916e+06 0
559252 1.73254e+06 0
4.69008e+06 2.45453e+06 0
3.90927e+06 2.32215e+06 0
1.61184e+06 3.55052e+06 0
633106 3.91903e+06 0
3.26991e+06 831019 0
2.4424e+06 3.85922e+06 0
949583 311289 0
3.85998e+06 107196 0
1.94556e+06 1.48473e+06 0
4.81903e+06 1.50594e+06 0
4.19599e+06 2.40394e+06 0
3.62209e+06 1.65143e+06 0
4.16837e+06 2.25608e+06 0
4.16913e+06 1.05296e+06 0
3.15546e+06 588168 0
3.85723e+06 1.16459e+06 0
4.63271e+06 137104 0
1.06265e+06 1.95181e+06 0
2.83898e+06 1.03015e+06 0
3.6082e+06 2.12333e+06 0
233009 4.82528e+06 0
2.12226e+06 3.32591e+06 0
3.98328e+06 525376 0
4.69939e+06 394452 0
4.1467e+06 1.74871e+06 0
1.76183e+06 1.75649e+06 0
3.69488e+06 376598 0
2.53716e+06 534379 0
3.03995e+06 2.13973e+06 0
2.04932e+06 2.93359e+06 0
4.2204e+06 739311 0
36164.4 4.79995e+06 0
2.40059e+06 1.82134e+06 0
695822 3.74386e+06 0
4.841e+06 280084 0
4.66979e+06 572222 0
4.99527e+06 1.03122e+06 0
2.16804e+06 3.93155e+06 0
1.89093e+06 2.29453e+06 0
3.64513e+06 1.59345e+06 0
2.45018e+06 2.48589e+06 0
1.92724e+06 3.38237e+06 0
1.90374e+06 3.50826e+06 0
2.20542e+06 3.03034e+06 0
4.96002e+06 1.49846e+06 0
3.79223e+06 17395.6 0
2.88003e+06 2.37465e+06 0
54628.1 2.51961e+06 0
4.11832e+06 1.2138e+06 0
427107 3.41533e+06 0
3.68343e+06 1.05152e+06 0
908841 4.58953e+06 0
3.8757e+06 332499 0
1.95593e+06 3.79727e+06 0
1.55904e+06 4.63454e+06 0
171056 236366 0
4.62096e+06 702841 0
2.69936e+06 993606 0
2.77886e+06 1.22684e+06 0
733512 1.11698e+06 0
388653 533921 0
1.03931e+06 4.73464e+06 0
1.41072e+06 408032 0
1.90222e+06 2.77017e+06 0
4.19126e+06 63173.3 0
2.40623e+06 767083 0
1.21311e+06 2.39799e+06 0
1.44795e+06 3.46461e+06 0
1.47557e+06 3.08054e+06 0
393078 2.45094e+06 0
654469 1.31886e+06 0
782647 3.67229e+06 0
1.70522e+06 3.36833e+06 0
993225 3.07535e+06 0
1.05792e+06 4.62722e+06 0
3.25968e+06 582675 0
3.06772e+06 958052 0
4.96399e+06 2.38166e+06 0
2.87072e+06 265893 0
599384 1.73894e+06 0
306101 3.10739e+06 0
3.31416e+06 1.0033e+06 0
58595.5 4.81094e+06 0
2.44072e+06 559099 0
676748 1.91229e+06 0
918607 826289 0
2.62597e+06 1.62626e+06 0
4.01608e+06 2.06763e+06 0
3.03034e+06 820795 0
3.25571e+06 1.77854e+06 0
2.25959e+06 4.72228e+06 0
1.95273e+06 2.91757e+06 0
19379.3 2.32536e+06 0
1.27033e+06 4.25794e+06 0
1.09867e+06 4.85305e+06 0
3.19834e+06 2.2602e+06 0
3.4312e+06 2.35832e+06 0
4.36293e+06 2.37365e+06 0
3.62911e+06 181433 0
2.07175e+06 2.56874e+06 0
2.64275e+06 2.46048e+06 0
1.50227e+06 1.26347e+06 0
1.70309e+06 3.99609e+06 0
438856 1.17252e+06 0
1.20487e+06 4.6498e+06 0
464187 1.74902e+06 0
2.68395e+06 44251.8 0
1.01321e+06 22431.1 0
1.5482e+06 2.09967e+06 0
194098 3.76171e+06 0
715201 760521 0
3.78231e+06 57145.9 0
2.81533e+06 1.72803e+06 0
1.29597e+06 3.00897e+06 0
1.11515e+06 2.73263e+06 0
557268 95217.8 0
1.81799e+06 22125.9 0
4.64553e+06 1.25431e+06 0
2.89697e+06 2.38327e+06 0
2.65007e+06 1.6187e+06 0
2.1189e+06 972778 0
3.12799e+06 1.18709e+06 0
4.41237e+06 366146 0
1.67302e+06 34943.7 0
1.2389e+06 1.7336e+06 0
1.50212e+06 223853 0
2.1218e+06 3.29981e+06 0
3.46568e+06 713675 0
989258 2.9844e+06 0
4.3881e+06 1.10874e+06 0
2.48894e+06 3.25388e+06 0
144353 2.64657e+06 0
928220 288705 0
2.38044e+06 4.71465e+06 0
1.99973e+06 4.43724e+06 0
279550 2.68944e+06 0
4.94339e+06 2.17383e+06 0
1.28712e+06 1.56163e+06 0
307169 4.31623e+06 0
2.19489e+06 4.41633e+06 0
958129 1.87765e+06 0
4.49248e+06 1.00032e+06 0
1.50151e+06 171819 0
394147 272378 0
3.76492e+06 1.05815e+06 0
3.44493e+06 2.10265e+06 0
3.50352e+06 458541 0
111850 3.63704e+06 0
980865 3.94955e+06 0
1.27094e+06 4.44014e+06 0
584735 4.5378e+06 0
4.98901e+06 397351 0
2.1308e+06 3.6668e+06 0
4.51354e+06 923414 0
4.01257e+06 579089 0
2.87301e+06 1.76687e+06 0
853603 3.33888e+06 0
2.99448e+06 1.92694e+06 0
818201 1.73452e+06 0
4.74517e+06 1.18419e+06 0
234993 4.82269e+06 0
2.80374e+06 1.10538e+06 0
693075 2.3693e+06 0
1.76962e+06 387280 0
1.26392e+06 4.38948e+06 0
2.41203e+06 4.65041e+06 0
1.00696e+06 4.25367e+06 0
470748 2.72515e+06 0
4.41481e+06 1.48976e+06 0
1.90954e+06 2.17154e+06 0
4.95315e+06 2.11692e+06 0
1.03275e+06 1.66097e+06 0
4.35438e+06 1.04007e+06 0
368664 1.95135e+06 0
2.81747e+06 500961 0
3.72631e+06 1.17023e+06 0
2.77413e+06 115207 0
1.33305e+06 878933 0
1.37364e+06 1.91336e+06 0
3.45836e+06 2.06206e+06 0
4.34721e+06 74770.4 0
1.42994e+06 4.71648e+06 0
1.40233e+06 427259 0
2.44896e+06 2.55913e+06 0
810114 1.49098e+06 0
2.10944e+06 2.88339e+06 0
3.33537e+06 2.08686e+06 0
1.03107e+06 1.97806e+06 0
3.17026e+06 2.11058e+06 0
4.50728e+06 1.93396e+06 0
1.02573e+06 3.64391e+06 0
1.57765e+06 3.72021e+06 0
2.03742e+06 2.62352e+06 0
2.43248e+06 1.26057e+06 0
3.64223e+06 754189 0
550554 4.98062e+06 0
1.08127e+06 4.92782e+06 0
3.48216e+06 207984 0
688040 2.55684e+06 0
3.67855e+06 1.64075e+06 0
3.61324e+06 1.78152e+06 0
3.2786e+06 368358 0
146794 4.26527e+06 0
4.25581e+06 785546 0
2.29301e+06 1.03732e+06 0
2.83273e+06 1.79205e+06 0
4.75112e+06 1.49358e+06 0
4.56969e+06 1.97264e+06 0
1.96188e+06 1.44139e+06 0
4.03287e+06 406583 0
1.37638e+06 769982 0
449995 1.99576e+06 0
598468 2.57759e+06 0
3.25739e+06 1.96654e+06 0
3.56273e+06 1.39843e+06 0
3.94604e+06 891446 0
3.40114e+06 1.85667e+06 0
3.11335e+06 1.94594e+06 0
2.15644e+06 452132 0
4.1261e+06 716269 0
4.99558e+06 1.98035e+06 0
2.29988e+06 1.48686e+06 0
4.08231e+06 7019.26 0
1.00436e+06 4.35972e+06 0
4.76577e+06 639973 0
3.59645e+06 1.70003e+06 0
4.23627e+06 984909 0
2.59117e+06 1.55782e+06 0
311899 2.10883e+06 0
4.97543e+06 1.92885e+06 0
505692 957976 0
68819.2 3.86044e+06 0
4.03287e+06 807901 0
3.84152e+06 957747 0
1.91412e+06 1.33442e+06 0
1.09226e+06 1.46107e+06 0
2.83135e+06 2.28965e+06 0
4.39436e+06 2.1849e+06 0
4.89013e+06 1.68188e+06 0
1.21509e+06 213782 0
947600 1.89154e+06 0
3.11655e+06 2.1456e+06 0
2.66213e+06 17929.6 0
3.44035e+06 95828.1 0
916471 2.68822e+06 0
2.38762e+06 185858 0
2.77841e+06 2.25379e+06 0
896023 4.21766e+06 0
2.64794e+06 1.05045e+06 0
2.22221e+06 780511 0
2.75109e+06 1.58399e+06 0
2.63619e+06 230796 0
635701 4.63744e+06 0
132450 431684 0
3.8258e+06 2.16567e+06 0
2.5663e+06 331965 0
4.28877e+06 1.5923e+06 0
4.11786e+06 81179.2 0
2.87591e+06 1.27621e+06 0
1.49464e+06 3.98206e+06 0
1.38768e+06 3.63796e+06 0
3.77667e+06 2.16041e+06 0
2.42286e+06 3.56853e+06 0
2.30766e+06 1.46397e+06 0
4.66781e+06 77669.6 0
4.54573e+06 1.433e+06 0
3.78002e+06 2.43263e+06 0
3.27067e+06 572680 0
1.52547e+06 1.0358e+06 0
62868.1 4.279e+06 0
3.3224e+06 934095 0
4.45387e+06 1.8865e+06 0
1.85049e+06 223548 0
2.65633e+06 2.04802e+06 0
1.88086e+06 4.75997e+06 0
2.28294e+06 4.15113e+06 0
3.98282e+06 2.21847e+06 0
1.95578e+06 4.07071e+06 0
2.26264e+06 920591 0
2.21519e+06 3.11548e+06 0
3.79467e+06 460830 0
1.63335e+06 1.95746e+06 0
4.89486e+06 1.49731e+06 0
4.54009e+06 64928.1 0
1.89795e+06 831324 0
4.26496e+06 961486 0
1.59398e+06 2.58202e+06 0
3.30454e+06 754875 0
3.97595e+06 1.61481e+06 0
4.31898e+06 290307 0
2.46147e+06 4.55519e+06 0
3.36482e+06 2.13469e+06 0
4.23994e+06 2.36e+06 0
4.27046e+06 1.82554e+06 0
902432 1.99957e+06 0
561083 594043 0
2.01224e+06 4.69939e+06 0
3.83831e+06 1.62328e+06 0
1.77007e+06 1.78121e+06 0
19531.8 2.93863e+06 0
1.43223e+06 1.23722e+06 0
2.3487e+06 782342 0
2.63588e+06 368358 0
2.57668e+06 2.37495e+06 0
4.28938e+06 1.28994e+06 0
4.22452e+06 255516 0
3.18339e+06 1.24546e+06 0
4.33134e+06 906781 0
978881 4.27854e+06 0
2.59667e+06 1.84149e+06 0
2.7282e+06 2.44881e+06 0
4.31959e+06 2.11417e+06 0
4.58541e+06 971557 0
1.04404e+06 3.3311e+06 0
862606 3.10602e+06 0
316019 4.00174e+06 0
3.08863e+06 2.31147e+06 0
3.45653e+06 2.34077e+06 0
1.22486e+06 3.25251e+06 0
2.75994e+06 1.63717e+06 0
4.69634e+06 1.90397e+06 0
2.02216e+06 1.18824e+06 0
3.39351e+06 888318 0
1.80486e+06 3.16691e+06 0
1.30039e+06 3.05994e+06 0
3.34178e+06 597095 0
2.90735e+06 181356 0
2.49535e+06 3.25266e+06 0
60274.1 3.26518e+06 0
2.66655e+06 107578 0
4.40992e+06 753197 0
3.06757e+06 827509 0
3.10846e+06 1.75687e+06 0
1.26133e+06 3.85083e+06 0
2.91864e+06 2.3529e+06 0
1.37486e+06 771203 0
383465 2.60323e+06 0
1.89322e+06 1.31947e+06 0
3.21986e+06 1.63884e+06 0
4.43892e+06 1.80929e+06 0
586718 1.1681e+06 0
2.44469e+06 4.61867e+06 0
2.38807e+06 1.79968e+06 0
1.12491e+06 807978 0
264290 4.43297e+06 0
2.65175e+06 1.65471e+06 0
430311 4.176e+06 0
2.94305e+06 1.57071e+06 0
1.01444e+06 591601 0
3.96741e+06 2.46384e+06 0
4.05637e+06 1.16451e+06 0
2.97357e+06 2.4173e+06 0
4.81903e+06 2.406e+06 0
2.54967e+06 509125 0
3.57204e+06 257881 0
2.91833e+06 1.18206e+06 0
2.50099e+06 1.93152e+06 0
375225 3.7962e+06 0
2.90033e+06 134587 0
3.27601e+06 1.97081e+06 0
306101 1.37059e+06 0
4.47783e+06 1.71514e+06 0
2.72439e+06 482345 0
1.64296e+06 4.60936e+06 0
4.61058e+06 1.84759e+06 0
4.31043e+06 477462 0
1.75832e+06 1.01138e+06 0
4.13938e+06 982086 0
4.75219e+06 718024 0
2.23502e+06 1.80441e+06 0
1.14063e+06 4.66903e+06 0
4.95941e+06 1.25278e+06 0
3.98785e+06 780435 0
2.13492e+06 4.9733e+06 0
1.95486e+06 4.48836e+06 0
4.04752e+06 1.80334e+06 0
3.5757e+06 79195.5 0
1.15345e+06 2.80068e+06 0
873135 4.37849e+06 0
2.89926e+06 556734 0
4.98199e+06 409024 0
4.55718e+06 691168 0
3.92621e+06 1.64907e+06 0
3.48659e+06 1.28353e+06 0
213172 3.6343e+06 0
3.72372e+06 802026 0
3.39778e+06 2.28576e+06 0
309000 1.0506e+06 0
272835 4.83444e+06 0
2.25593e+06 802332 0
2.84433e+06 415128 0
569323 4.66292e+06 0
1.74383e+06 2.03299e+06 0
219123 49897.8 0
239265 4.57976e+06 0
2.47459e+06 1.6155e+06 0
1.49525e+06 111545 0
1.50578e+06 2.06549e+06 0
4.24299e+06 2.1952e+06 0
1.66097e+06 955687 0
4.5143e+06 1.36059e+06 0
4.32188e+06 2.37465e+06 0
3.59645e+06 856807 0
746025 3.91385e+06 0
4.86374e+06 2.20603e+06 0
4.80209e+06 171209 0
4.64187e+06 1.66234e+06 0
2.00324e+06 876186 0
4.76348e+06 1.6937e+06 0
3.7466e+06 106586 0
1.96646e+06 4.38719e+06 0
3.16324e+06 1.99133e+06 0
1.79785e+06 4.88235e+06 0
1.48549e+06 266274 0
2.17246e+06 2.14576e+06 0
1.33976e+06 349132 0
4.24818e+06 83773.3 0
866573 1.97852e+06 0
770898 242470 0
80111.1 915708 0
4.54817e+06 589389 0
3.36818e+06 2.02933e+06 0
2.20237e+06 3.65734e+06 0
4.54146e+06 2.45933e+06 0
867641 770135 0
3.33827e+06 2.36618e+06 0
2.97998e+06 2.13775e+06 0
4.79064e+06 2.49428e+06 0
1.81906e+06 3.59325e+06 0
357219 4.65316e+06 0
2.9603e+06 1.03931e+06 0
2.2309e+06 2.87271e+06 0
4.28907e+06 1.30039e+06 0
4.72625e+06 218436 0
4.73739e+06 980331 0
4.15265e+06 391476 0
4.39604e+06 588168 0
1.08066e+06 3.82214e+06 0
1.16169e+06 1.17008e+06 0
1.40797e+06 3.36863e+06 0
1.5717e+06 887173 0
128330 1.45512e+06 0
985748 2.37587e+06 0
4.21354e+06 156484 0
768914 4.86404e+06 0
3.51253e+06 150151 0
2.63298e+06 1.17931e+06 0
1.07425e+06 4.55779e+06 0
2.79275e+06 902203 0
1.80059e+06 3.67519e+06 0
1.0921e+06 1.32756e+06 0
835444 1.14887e+06 0
2.75811e+06 300912 0
596942 2.91055e+06 0
2.9371e+06 1.43086e+06 0
2.85821e+06 855281 0
1.67165e+06 599689 0
4.7821e+06 2.31788e+06 0
4.47172e+06 2.23792e+06 0
319681 4.54253e+06 0
1.1388e+06 2.47017e+06 0
874508 3.68862e+06 0
2.99844e+06 1.90634e+06 0
1.64022e+06 341960 0
1.19572e+06 4.71786e+06 0
2.52037e+06 825373 0
1.21372e+06 458693 0
32349.6 3.55251e+06 0
1.26652e+06 809046 0
4.10596e+06 503861 0
4.72732e+06 1.69309e+06 0
1.17801e+06 4.33576e+06 0
4.24497e+06 962783 0
2.49596e+06 4.93469e+06 0
2.70638e+06 2.00934e+06 0
4.02875e+06 584582 0
3.70159e+06 171743 0
1.89764e+06 2.70486e+06 0
1.64556e+06 4.92309e+06 0
4.73113e+06 2.03482e+06 0
4.21628e+06 1.71865e+06 0
1.84774e+06 726951 0
2.26142e+06 4.1258e+06 0
3.6784e+06 1.71979e+06 0
4.83459e+06 1.6541e+06 0
3.32713e+06 2.10204e+06 0
4.5117e+06 27237.8 0
685446 4.541e+06 0
649892 2.03894e+06 0
2.99799e+06 2.20916e+06 0
739769 2.10425e+06 0
3.29066e+06 1.29597e+06 0
2.51106e+06 1.2862e+06 0
567339 1.64235e+06 0
1.9451e+06 1.82867e+06 0
3.17988e+06 1.74535e+06 0
4.85351e+06 107273 0
4.27641e+06 1.83699e+06 0
2.17612e+06 4.75677e+06 0
739158 161748 0
1.6567e+06 4.76531e+06 0
4.51216e+06 2.49771e+06 0
1.05152e+06 2.83395e+06 0
2.72927e+06 2.26478e+06 0
526750 3.27021e+06 0
546739 1.5598e+06 0
4.40367e+06 1.24454e+06 0
3.08725e+06 57832.6 0
4.90265e+06 1.70049e+06 0
400708 1.20075e+06 0
3.04834e+06 1.6625e+06 0
1.8511e+06 261849 0
4.38795e+06 1.22936e+06 0
3.83084e+06 2.33375e+06 0
4.67956e+06 1.21792e+06 0
2.21229e+06 1.97714e+06 0
3.20917e+06 1.00146e+06 0
3.4434e+06 1.14231e+06 0
3.88897e+06 2.17376e+06 0
689566 411237 0
1.79662e+06 3.10572e+06 0
3.93307e+06 619144 0
309915 1.58498e+06 0
431379 3.95154e+06 0
1.49236e+06 2.22999e+06 0
4.44578e+06 1.74276e+06 0
4.8883e+06 431608 0
2.64077e+06 2.47292e+06 0
2.38121e+06 2.734e+06 0
4.06674e+06 2.14484e+06 0
4.27503e+06 2.45178e+06 0
1.12613e+06 1.05014e+06 0
4.24863e+06 1.00002e+06 0
434278 1.38035e+06 0
3.34742e+06 2.43744e+06 0
4.97787e+06 1.10103e+06 0
661794 4.18851e+06 0
1.47801e+06 4.73922e+06 0
852840 3.4611e+06 0
4.36766e+06 1.6084e+06 0
1.17847e+06 3.61629e+06 0
281533 2.00873e+06 0
3.17896e+06 1.77557e+06 0
4.47569e+06 1.00566e+06 0
1.67669e+06 3.76141e+06 0
3.07154e+06 2.2647e+06 0
1.24653e+06 2.55638e+06 0
2.54082e+06 1.72567e+06 0
2.81335e+06 945692 0
330210 3.99808e+06 0
531480 2.35176e+06 0
3.03644e+06 1.91198e+06 0
1.60604e+06 4.31745e+06 0
1.03473e+06 4.75387e+06 0
4.20743e+06 2.42088e+06 0
970946 935392 0
1.13956e+06 2.27302e+06 0
19074.1 1.68859e+06 0
4.41572e+06 1.57628e+06 0
3.314e+06 2.41707e+06 0
3.39839e+06 1.70911e+06 0
3.46355e+06 1.89062e+06 0
1.66036e+06 3.44768e+06 0
3.54717e+06 2.07869e+06 0
223243 3.96847e+06 0
2.5074e+06 1.62938e+06 0
2.32765e+06 2.37022e+06 0
4.33958e+06 1.55263e+06 0
2.39418e+06 1.44795e+06 0
4.98718e+06 190207 0
4.32981e+06 54170.4 0
3.34834e+06 2.01857e+06 0
1.83599e+06 3.0697e+06 0
299997 3.84945e+06 0
875271 4.08765e+06 0
2.14545e+06 695059 0
1.95181e+06 4.738e+06 0
2.3925e+06 1.84622e+06 0
2.3632e+06 3.28654e+06 0
3.26762e+06 1.02565e+06 0
1.07898e+06 678426 0
872829 3.68999e+06 0
1.40263e+06 3.1785e+06 0
391858 1.7806e+06 0
4.07224e+06 1.84591e+06 0
250252 2.12317e+06 0
957366 1.29826e+06 0
1.63762e+06 3.35826e+06 0
2.00919e+06 1.03168e+06 0
2.29743e+06 1.22211e+06 0
615406 3.43287e+06 0
990631 782495 0
23651.8 910062 0
1.5392e+06 4.93179e+06 0
983001 438246 0
2.85562e+06 2.46132e+06 0
3.26289e+06 2.31277e+06 0
3.86578e+06 612888 0
1.20518e+06 681173 0
4.73037e+06 245445 0
967589 4.31654e+06 0
3.27097e+06 946150 0
4.60952e+06 1.55248e+06 0
3.00806e+06 1.82058e+06 0
3.68175e+06 670492 0
1.71575e+06 2.94366e+06 0
2.47536e+06 920743 0
1.90161e+06 189978 0
3.58242e+06 140385 0
2.11585e+06 651112 0
929594 924863 0
495926 4.46669e+06 0
2.93786e+06 1.78472e+06 0
4.45586e+06 1.60314e+06 0
964995 3.43928e+06 0
2.9223e+06 1.89169e+06 0
689108 1.74612e+06 0
26856.3 3.0047e+06 0
1.58559e+06 2.87835e+06 0
1.6599e+06 3.53435e+06 0
2.15781e+06 4.33607e+06 0
3.7904e+06 2.27859e+06 0
1.07532e+06 3.94055e+06 0
3.96176e+06 1.45909e+06 0
1.87674e+06 1.35212e+06 0
4.86587e+06 1.51219e+06 0
1.39332e+06 3.42418e+06 0
1.40477e+06 1.28544e+06 0
4.54863e+06 213096 0
144353 3.37764e+06 0
693075 2.66945e+06 0
2.56661e+06 55543.7 0
4.12671e+06 2.28065e+06 0
1.0271e+06 182806 0
3.96741e+06 312281 0
3.82519e+06 296487 0
1.02237e+06 510575 0
3.28852e+06 1.50601e+06 0
1.81692e+06 2.53716e+06 0
3.28532e+06 936613 0
2.43767e+06 2.78268e+06 0
63783.7 2.47749e+06 0
2.34611e+06 4.27046e+06 0
2.82952e+06 2.44346e+06 0
821100 3.26899e+06 0
2.96396e+06 946226 0
1.18168e+06 2.24525e+06 0
3.2934e+06 917081 0
451064 1.49831e+06 0
1.31199e+06 4.55626e+06 0
4.6173e+06 2.00301e+06 0
2.76635e+06 639134 0
2.14209e+06 515915 0
4.50789e+06 832011 0
883206 4.41206e+06 0
3.01813e+06 1.93403e+06 0
1.07654e+06 3.3871e+06 0
2.51579e+06 421232 0
4.54146e+06 1.22707e+06 0
4.04859e+06 1.84263e+06 0
2.76238e+06 162969 0
4.47813e+06 154805 0
4.00418e+06 1.84812e+06 0
1.76397e+06 217902 0
2.11524e+06 1.45009e+06 0
452742 3.66008e+06 0
2.17887e+06 3.34117e+06 0
3.77819e+06 478759 0
664541 158544 0
1.27796e+06 275124 0
238044 4.92279e+06 0
3.33735e+06 2.31079e+06 0
1.8865e+06 2.13614e+06 0
1.55873e+06 1.35807e+06 0
4.51354e+06 2.31101e+06 0
1.37165e+06 1220.74 0
4.66094e+06 2.4913e+06 0
781732 1.59429e+06 0
1.51524e+06 1.20777e+06 0
1.67119e+06 434889 0
4.85244e+06 1.73292e+06 0
2.55257e+06 718101 0
1.07761e+06 1.60482e+06 0
4.18561e+06 1.95227e+06 0
18616.3 401624 0
1.95944e+06 13580.7 0
2.62703e+06 1.04175e+06 0
1.45085e+06 3.75896e+06 0
2.24204e+06 3.15729e+06 0
1.06128e+06 3.66924e+06 0
4.57793e+06 38377 0
3.1402e+06 30747.4 0
4.08597e+06 389798 0
2.50145e+06 58824.4 0
1.8511e+06 1.62252e+06 0
3.73882e+06 781579 0
2.67754e+06 875271 0
1.24531e+06 3.23237e+06 0
1.51952e+06 4.42839e+06 0
3.34559e+06 1.64953e+06 0
1.91488e+06 2.36473e+06 0
4.44411e+06 1.72697e+06 0
1.57659e+06 1.56407e+06 0
1.59871e+06 4.81185e+06 0
2.79839e+06 366832 0
4.42305e+06 1.91328e+06 0
2.83166e+06 389111 0
4.72625e+06 1.99973e+06 0
1.88849e+06 1.41499e+06 0
4.79446e+06 828730 0
3.92895e+06 2.21923e+06 0
721763 1.58757e+06 0
2.8869e+06 333033 0
4.69619e+06 401395 0
4.49232e+06 49440 0
2.64595e+06 613651 0
1.34434e+06 2.32337e+06 0
1.15497e+06 4.57671e+06 0
1.3947e+06 1.69134e+06 0
51118.5 217750 0
2.4926e+06 4.30525e+06 0
4.57488e+06 2.14385e+06 0
3.15302e+06 670644 0
3.53328e+06 426878 0
2.20054e+06 742210 0
2.34947e+06 3.39763e+06 0
2.44713e+06 1.81005e+06 0
2.40684e+06 2.39876e+06 0
1.05777e+06 4.73037e+06 0
601672 2.30781e+06 0
1.76458e+06 4.56023e+06 0
505997 3.68191e+06 0
1.57994e+06 1.70934e+06 0
4.0466e+06 1.88452e+06 0
2.17032e+06 3.44768e+06 0
110477 1.32099e+06 0
3.54244e+06 1.73399e+06 0
3.9787e+06 1.95792e+06 0
201270 4.03821e+06 0
3.9964e+06 1.78533e+06 0
2.43568e+06 2.77154e+06 0
4.38643e+06 1.96394e+06 0
2.88537e+06 1.77412e+06 0
611286 4.79415e+06 0
1.04877e+06 3.61705e+06 0
1.18992e+06 2.31422e+06 0
886410 1.41179e+06 0
2.37602e+06 561235 0
4.1757e+06 1.05541e+06 0
4.60448e+06 1.41194e+06 0
4.77416e+06 235908 0
2.1099e+06 3.37168e+06 0
1.44719e+06 2.97388e+06 0
4.62828e+06 1.49052e+06 0
4.41725e+06 1.89818e+06 0
2.58141e+06 2.00079e+06 0
3.28822e+06 834529 0
4.65667e+06 1.62236e+06 0
1.50472e+06 2.11997e+06 0
4.18424e+06 1.73841e+06 0
5e+06 1.07837e+06 0
3.21955e+06 897320 0
189367 1.91015e+06 0
737785 670492 0
3.96664e+06 136189 0
3.84518e+06 2.47055e+06 0
857265 4.05942e+06 0
3.4138e+06 263070 0
4.98749e+06 1.3657e+06 0
3.04804e+06 1.57964e+06 0
2.02277e+06 3.20048e+06 0
2.78573e+06 1.4523e+06 0
3.73409e+06 878628 0
1.44261e+06 2.75094e+06 0
347453 2.64855e+06 0
4.00555e+06 1.02817e+06 0
3.33247e+06 167928 0
2.98105e+06 1.5643e+06 0
3.78582e+06 2.48383e+06 0
104373 1.72094e+06 0
4.06934e+06 1.54729e+06 0
2.31712e+06 4.72594e+06 0
2.85302e+06 1.58078e+06 0
3.41807e+06 423750 0
1.22501e+06 2.80541e+06 0
294046 2.53258e+06 0
20905.2 2.49077e+06 0
137944 4.944e+06 0
1.0303e+06 2.51488e+06 0
2.55791e+06 127491 0
2.23716e+06 2.9136e+06 0
2.98685e+06 1.52448e+06 0
4.74838e+06 1.64869e+06 0
1.29582e+06 101169 0
1.56941e+06 2.15247e+06 0
2.01987e+06 329600 0
881222 2.63405e+06 0
99642.9 3.19071e+06 0
3.97534e+06 2.19298e+06 0
3.54961e+06 652181 0
502792 3.4167e+06 0
1.95349e+06 589770 0
1.19633e+06 4.56404e+06 0
2.19779e+06 3.69045e+06 0
715354 3.57723e+06 0
347606 4.97253e+06 0
778375 3.35078e+06 0
1.07074e+06 2.87652e+06 0
1.23157e+06 1.34037e+06 0
3.51695e+06 1.45215e+06 0
4.21552e+06 1.34495e+06 0
59511.1 2.02048e+06 0
4.0817e+06 552080 0
1.80319e+06 2.75338e+06 0
3.2194e+06 998260 0
2.26676e+06 2.7723e+06 0
1.4452e+06 4.94278e+06 0
3.14463e+06 1.61283e+06 0
4.11466e+06 2.48665e+06 0
3.55663e+06 810343 0
1.60878e+06 4.7351e+06 0
1.68813e+06 2.52434e+06 0
357067 2.05222e+06 0
230873 1.86743e+06 0
3.04712e+06 2.4601e+06 0
4.52818e+06 1.56781e+06 0
3.18018e+06 1.7304e+06 0
4.83032e+06 611744 0
1.6306e+06 874203 0
1.56972e+06 2.23869e+06 0
362102 2.91345e+06 0
58748.1 32349.6 0
957671 2.9165e+06 0
3.51726e+06 1.37051e+06 0
3.1225e+06 963851 0
836207 117801 0
811182 936308 0
2.98654e+06 2.4691e+06 0
1.14078e+06 4.76638e+06 0
4.47279e+06 2.12821e+06 0
3.74081e+06 2.32406e+06 0
3.74477e+06 1.8997e+06 0
700858 4.00266e+06 0
3.97e+06 637303 0
4.76974e+06 2.2351e+06 0
3.0723e+06 938597 0
961180 1.71316e+06 0
4.44685e+06 886410 0
4.22712e+06 1.51402e+06 0
2.25196e+06 2.84326e+06 0
3.34849e+06 646382 0
2.69066e+06 2.23563e+06 0
3.70495e+06 1.14223e+06 0
181738 647908 0
4.07773e+06 2.44873e+06 0
4.83245e+06 1.59207e+06 0
140080 1.29215e+06 0
113376 4.30601e+06 0
4.79675e+06 754494 0
2.14759e+06 4.41664e+06 0
3.02148e+06 2.28668e+06 0
4.51537e+06 1.65296e+06 0
1.35578e+06 628224 0
4.9826e+06 293588 0
4.72137e+06 561617 0
3.06146e+06 1.82295e+06 0
701621 1.59032e+06 0
4.80453e+06 1.93823e+06 0
3.95322e+06 2.01994e+06 0
3.74386e+06 2.24693e+06 0
897549 3.50642e+06 0
4.37758e+06 348903 0
2.35389e+06 776544 0
2.11173e+06 471969 0
4.26771e+06 414823 0
1.06403e+06 1.79785e+06 0
4.18989e+06 2.01109e+06 0
3.6343e+06 2.28393e+06 0
3.66634e+06 2.27393e+06 0
3.24946e+06 1.48808e+06 0
4.18958e+06 1.60222e+06 0
4.18867e+06 834300 0
1.87292e+06 3.99838e+06 0
4.8938e+06 717490 0
3.50063e+06 809198 0
3.67397e+06 1.36097e+06 0
4.11145e+06 2.15514e+06 0
3.20719e+06 1.37555e+06 0
3.77194e+06 2.09075e+06 0
2.74895e+06 2.26028e+06 0
3.69488e+06 2.23548e+06 0
4.45067e+06 1.73673e+06 0
4.36018e+06 405515 0
2.69601e+06 56306.7 0
794092 1.01688e+06 0
2.86187e+06 2.17299e+06 0
2.66243e+06 214774 0
3.40846e+06 2.4189e+06 0
4.33424e+06 1.17534e+06 0
2.70592e+06 2.07762e+06 0
2.57302e+06 296335 0
4.50453e+06 1.49251e+06 0
2.01163e+06 3.68236e+06 0
3.45134e+06 2.10158e+06 0
1.06525e+06 2.74346e+06 0
4.56542e+06 40208.1 0
3.44081e+06 1.29742e+06 0
3.07047e+06 1.70217e+06 0
2.8988e+06 1.54538e+06 0
3.49879e+06 398038 0
1.42247e+06 236824 0
4.46562e+06 2.00468e+06 0
3.4518e+06 2.05702e+06 0
3.02667e+06 1.24256e+06 0
1.33839e+06 3.13837e+06 0
19379.3 2.95129e+06 0
4.67742e+06 845897 0
299081 4.34187e+06 0
3.67153e+06 326014 0
4.27152e+06 1.91e+06 0
4.18638e+06 1.42766e+06 0
4.6324e+06 1.09378e+06 0
4.64965e+06 1.51013e+06 0
4.7177e+06 2.22915e+06 0
2.45354e+06 4.16776e+06 0
2.37159e+06 3.88028e+06 0
15106.7 65309.6 0
737632 185095 0
3.15058e+06 364086 0
4.88052e+06 174718 0
1.92038e+06 507675 0
644246 2.64397e+06 0
1.60222e+06 800195 0
4.653e+06 1.12873e+06 0
3.94604e+06 952712 0
1.85995e+06 4.27396e+06 0
1.36876e+06 1.06616e+06 0
4.55275e+06 1.14154e+06 0
4.24604e+06 610904 0
4.21781e+06 1.70438e+06 0
3.95337e+06 1.25278e+06 0
175329 3.03293e+06 0
1.81768e+06 1.01657e+06 0
1.3863e+06 4.99908e+06 0
1.63305e+06 1.89962e+06 0
338298 575732 0
895413 1.26194e+06 0
421155 1.95975e+06 0
3.417e+06 1.97981e+06 0
692160 3.60332e+06 0
3.47087e+06 892132 0
4.44105e+06 1.0715e+06 0
4.12763e+06 2.0407e+06 0
460372 3.21512e+06 0
4.93667e+06 165410 0
3.42738e+06 467849 0
1.60817e+06 1.72338e+06 0
2.30201e+06 3.32881e+06 0
2.85669e+06 630131 0
3.15104e+06 2.24113e+06 0
2.05466e+06 4.4116e+06 0
299844 1.71468e+06 0
3.86074e+06 2.43011e+06 0
2.22282e+06 3.53206e+06 0
3.47255e+06 1.18366e+06 0
1.07425e+06 1.65685e+06 0
3.66329e+06 1.14353e+06 0
2.26966e+06 2.91223e+06 0
2.25883e+06 3.76247e+06 0
3.02103e+06 2.11898e+06 0
208594 1.13453e+06 0
1.23432e+06 1.62542e+06 0
2.90994e+06 298395 0
3.67443e+06 624256 0
4.94003e+06 811640 0
4.80255e+06 1.78632e+06 0
852229 203558 0
195929 3.72387e+06 0
2.19428e+06 3.41777e+06 0
952635 3.89981e+06 0
3.40083e+06 1.18862e+06 0
2.98807e+06 551088 0
1.72201e+06 3.06833e+06 0
2.63207e+06 486007 0
3.83999e+06 1.06357e+06 0
2.4308e+06 1.01169e+06 0
4.33103e+06 1.03832e+06 0
3.558e+06 1.98515e+06 0
3.63094e+06 1.52905e+06 0
3.74691e+06 2.33963e+06 0
656453 587939 0
2.14286e+06 1.11393e+06 0
2.74392e+06 686056 0
4.98901e+06 1.4832e+06 0
3.05567e+06 853374 0
3.54534e+06 1.75443e+06 0
3.11548e+06 249565 0
3.15317e+06 1.51456e+06 0
626545 1.43864e+06 0
4.84619e+06 2.31002e+06 0
229347 1.34983e+06 0
3.41762e+06 301523 0
2.35389e+06 4.25703e+06 0
3.3488e+06 184484 0
2.82525e+06 1.59742e+06 0
1.50502e+06 2.91406e+06 0
3.37703e+06 2.14667e+06 0
3.00531e+06 2.42836e+06 0
728782 168920 0
4.17203e+06 1.10622e+06 0
4.38536e+06 1.07746e+06 0
3.9671e+06 855434 0
810724 3.39946e+06 0
2.82113e+06 2.46712e+06 0
4.13831e+06 1.18267e+06 0
260475 1.05914e+06 0
1.06738e+06 3.76049e+06 0
240486 1.48518e+06 0
108341 1.43147e+06 0
588244 2.12638e+06 0
2.828e+06 125889 0
465865 1.65227e+06 0
2.25272e+06 1.53447e+06 0
2.25425e+06 1.45711e+06 0
1.08753e+06 4.00266e+06 0
1.76977e+06 637684 0
4.90555e+06 2.42325e+06 0
3.21512e+06 881985 0
2.96274e+06 1.45032e+06 0
2.77444e+06 359813 0
1.79891e+06 3.47148e+06 0
2.25562e+06 1.39927e+06 0
4.27488e+06 922880 0
1.68966e+06 3.5371e+06 0
4.20743e+06 6332.59 0
2.28965e+06 4.45372e+06 0
4.25596e+06 1.81471e+06 0
3.67748e+06 1.49998e+06 0
2.21671e+06 3.76308e+06 0
1.78564e+06 1.47816e+06 0
3.38191e+06 218894 0
1.33839e+06 3.82488e+06 0
4.11908e+06 1.26095e+06 0
4.31822e+06 416120 0
4.32844e+06 490738 0
3.32652e+06 347377 0
3.93231e+06 18311.1 0
1.24256e+06 656148 0
1.05411e+06 3.2487e+06 0
1.08692e+06 3.04392e+06 0
2.04428e+06 4.06919e+06 0
2.49672e+06 1.46825e+06 0
1.00635e+06 2.88476e+06 0
3.71899e+06 234306 0
3.98312e+06 43183.7 0
526292 4.38902e+06 0
454573 2.19565e+06 0
964843 3.76217e+06 0
2.31056e+06 578021 0
2.33589e+06 4.98672e+06 0
2.9461e+06 2.38853e+06 0
4.32264e+06 787149 0
1.64281e+06 4.99695e+06 0
4.66414e+06 1.37593e+06 0
888852 767998 0
1.28468e+06 2.69768e+06 0
1.79434e+06 325632 0
2.28523e+06 1.19404e+06 0
258644 2.7308e+06 0
2.70119e+06 1.98851e+06 0
4.04706e+06 1.13437e+06 0
4.4348e+06 1.7822e+06 0
3.43028e+06 1.07654e+06 0
3.26762e+06 1.92221e+06 0
545671 2.06778e+06 0
4.35942e+06 2.10189e+06 0
135350 1.57842e+06 0
138707 1.47984e+06 0
1.81692e+06 3.94391e+06 0
1.99408e+06 514847 0
1.54424e+06 2.35939e+06 0
4.66735e+06 798059 0
2.41371e+06 3.1634e+06 0
4.76196e+06 280313 0
2.47276e+06 3.0369e+06 0
2.26585e+06 4.84924e+06 0
4.68551e+06 2.36503e+06 0
1.49998e+06 1.2862e+06 0
1.71422e+06 3.34361e+06 0
396130 3.87265e+06 0
671255 2.70028e+06 0
4.51094e+06 1.18328e+06 0
496994 3.83328e+06 0
4.68276e+06 2.46948e+06 0
2.12149e+06 125889 0
4.73754e+06 339900 0
4.06613e+06 567110 0
3.14982e+06 121693 0
3.64025e+06 2.30987e+06 0
64241.5 404523 0
1.38997e+06 3.82885e+06 0
3.58608e+06 407880 0
3.95596e+06 2.2734e+06 0
1.74322e+06 3.74203e+06 0
2.99341e+06 1.97859e+06 0
4.0318e+06 27008.9 0
315714 841243 0
3.94421e+06 1.13224e+06 0
1.91321e+06 4.14533e+06 0
1.39286e+06 2.88507e+06 0
1.00513e+06 4.44792e+06 0
1.43101e+06 3.88775e+06 0
2.78191e+06 180136 0
3.17896e+06 274972 0
992309 4.38826e+06 0
361950 468001 0
4.03348e+06 144200 0
2.3661e+06 1.01413e+06 0
697653 1.45146e+06 0
2.21641e+06 1.02588e+06 0
3.23557e+06 1.16962e+06 0
386212 2288.89 0
2.88827e+06 1.25607e+06 0
843837 593127 0
547197 274361 0
3.23939e+06 1.32939e+06 0
2.69768e+06 235145 0
2.64199e+06 2.34268e+06 0
300302 3.46171e+06 0
732292 832392 0
770287 4.81872e+06 0
4.8555e+06 2.19985e+06 0
706656 2.75384e+06 0
3.84182e+06 493637 0
4.53124e+06 1.41667e+06 0
2.00247e+06 2.13813e+06 0
1.69027e+06 1.99255e+06 0
203253 2.73721e+06 0
2.57958e+06 695593 0
426191 2.95419e+06 0
843684 137028 0
2.72347e+06 1.50311e+06 0
2.21e+06 4.41038e+06 0
969420 1.52608e+06 0
2.51137e+06 2.00942e+06 0
1.31901e+06 813776 0
55391.1 917081 0
4.77599e+06 2.37732e+06 0
4.99542e+06 859706 0
2.77978e+06 1.34236e+06 0
857723 3.73745e+06 0
2.21625e+06 4.9852e+06 0
887783 1.57521e+06 0
3.75729e+06 1.84233e+06 0
4.36171e+06 1.90626e+06 0
4.93851e+06 1.92785e+06 0
528428 1.80578e+06 0
1.8775e+06 4.08002e+06 0
334330 141148 0
1.04343e+06 1.76977e+06 0
3.58608e+06 384075 0
4.9794e+06 811487 0
1.71026e+06 346232 0
3.38679e+06 1.49693e+06 0
3.76553e+06 1.41789e+06 0
3.47835e+06 2.23106e+06 0
860622 1.86499e+06 0
1.0033e+06 1.37944e+06 0
1.64006e+06 4.90204e+06 0
854213 4.67711e+06 0
3.9877e+06 1.88322e+06 0
3.65902e+06 855968 0
608386 3.50917e+06 0
2.26524e+06 2.43889e+06 0
3.64422e+06 2.09624e+06 0
4.52544e+06 841166 0
976592 2.60262e+06 0
1.28483e+06 795465 0
4.37864e+06 1.71216e+06 0
981933 4.485e+06 0
2.16498e+06 1.90985e+06 0
4.76669e+06 540635 0
1.50365e+06 2.57378e+06 0
3.54091e+06 1.02023e+06 0
3.0401e+06 471892 0
831477 3.95276e+06 0
2.99188e+06 1.44993e+06 0
2.89773e+06 1.9219e+06 0
372173 3.63231e+06 0
4.98169e+06 524003 0
4.49431e+06 374920 0
107883 1.43559e+06 0
416883 3.57128e+06 0
4.33836e+06 1.13651e+06 0
2.48528e+06 3.12647e+06 0
4.88723e+06 1.75077e+06 0
3.6227e+06 2.45247e+06 0
5188.15 3.71075e+06 0
532243 3.87799e+06 0
2.03696e+06 1.59322e+06 0
2.46193e+06 3.82809e+06 0
2.5573e+06 578250 0
3.69015e+06 257881 0
995819 1.47755e+06 0
2.38914e+06 716269 0
652944 4.27885e+06 0
1.02054e+06 1.65563e+06 0
3.51497e+06 54094.1 0
921812 2.87942e+06 0
2.77367e+06 701773 0
1.23676e+06 83468.1 0
4.45891e+06 1.61176e+06 0
4.84909e+06 1.47e+06 0
2.08609e+06 4.92492e+06 0
1.47313e+06 1.44719e+06 0
731071 3.56929e+06 0
561388 2.83792e+06 0
4.43129e+06 1.16985e+06 0
4.17951e+06 1.78671e+06 0
3.3256e+06 2.37342e+06 0
2.51015e+06 1.72948e+06 0
4.43678e+06 1.45444e+06 0
2.14042e+06 1.40782e+06 0
2.50145e+06 342265 0
4.78759e+06 2.4443e+06 0
4.75646e+06 2.47055e+06 0
1.62069e+06 2.58293e+06 0
1.08493e+06 737022 0
835139 2.29087e+06 0
3.43242e+06 1.85209e+06 0
3.63414e+06 1.80425e+06 0
894040 406201 0
1.27506e+06 2.41325e+06 0
4.38429e+06 2.47963e+06 0
3.33766e+06 844066 0
2.29041e+06 2.69036e+06 0
4.86724e+06 356838 0
1.02145e+06 4.12183e+06 0
2.55226e+06 1.08058e+06 0
1.854e+06 55696.3 0
2.59133e+06 2.05824e+06 0
2.98288e+06 523011 0
405744 1.56835e+06 0
3.18476e+06 1.01733e+06 0
4.85412e+06 2.19482e+06 0
998260 435652 0
2.1041e+06 1.34404e+06 0
827967 3.44829e+06 0
1.82104e+06 2.14988e+06 0
4.87869e+06 1.43941e+06 0
824458 2.13172e+06 0
2.32536e+06 3.25419e+06 0
1.87384e+06 1.49083e+06 0
4.62752e+06 753884 0
2.73568e+06 1.86316e+06 0
3.39015e+06 2.00934e+06 0
3.19178e+06 118641 0
4.68093e+06 2.14263e+06 0
142064 639668 0
1.20869e+06 2.01498e+06 0
3.45958e+06 412076 0
1.26957e+06 1.91275e+06 0
2.75384e+06 1.64647e+06 0
865963 2.94565e+06 0
2.6986e+06 900067 0
2.90765e+06 684072 0
2.0806e+06 4.8323e+06 0
4.89624e+06 1.64495e+06 0
4.22452e+06 2.47826e+06 0
4.00571e+06 31663 0
3.95184e+06 1.78518e+06 0
958586 2.27683e+06 0
3.72906e+06 1.5408e+06 0
1.60955e+06 631123 0
4.16089e+06 526444 0
2.63848e+06 2.24151e+06 0
1.48686e+06 3.33903e+06 0
262764 1.33488e+06 0
2.23457e+06 750298 0
3.37275e+06 1.5273e+06 0
2.68822e+06 636158 0
4.99603e+06 1.05159e+06 0
3.32774e+06 1.18686e+06 0
3.50063e+06 1.77778e+06 0
894955 433058 0
2.43873e+06 1.19083e+06 0
3.2429e+06 908231 0
439772 3.43989e+06 0
4.62401e+06 1.31779e+06 0
59053.3 2.46345e+06 0
1.5746e+06 1.72033e+06 0
1.98691e+06 2.14988e+06 0
2.05237e+06 3.8348e+06 0
3.52641e+06 1.6538e+06 0
2.97937e+06 1.33389e+06 0
2.74361e+06 918989 0
3.85159e+06 315638 0
2.19947e+06 3.16645e+06 0
1.56911e+06 4.99695e+06 0
3.6668e+06 1.85766e+06 0
4.14258e+06 1.19984e+06 0
2.7401e+06 1.34968e+06 0
3.43242e+06 622196 0
4.74502e+06 11749.6 0
4.57915e+06 2.02116e+06 0
851009 3.56731e+06 0
2.27744e+06 4.21094e+06 0
798364 1.63289e+06 0
1.554e+06 4.36842e+06 0
1.13956e+06 3.84304e+06 0
3.20231e+06 326319 0
405896 1.26499e+06 0
1.53172e+06 97964.4 0
105441 4.0463e+06 0
4.58937e+06 299158 0
2.9548e+06 1.17e+06 0
4.50545e+06 245445 0
2.25501e+06 3.80367e+06 0
3.1251e+06 1.1449e+06 0
3.81664e+06 1.72506e+06 0
577868 2.60063e+06 0
4.33821e+06 2.06717e+06 0
1.94388e+06 2.74911e+06 0
2.64824e+06 1.72796e+06 0
4.67055e+06 1.07639e+06 0
2.71279e+06 179601 0
1.89856e+06 3.96924e+06 0
4.81811e+06 1.1053e+06 0
4.35331e+06 24720 0
3.83236e+06 318690 0
953856 4.73113e+06 0
955535 1.90634e+06 0
803095 4.49843e+06 0
2.85958e+06 62639.2 0
1.70675e+06 3.04483e+06 0
4.62874e+06 2.02391e+06 0
2.88568e+06 1.88307e+06 0
404523 762352 0
2.0307e+06 4.21613e+06 0
3.14325e+06 1.02443e+06 0
4.36216e+06 2.27874e+06 0
2.38807e+06 1.68065e+06 0
3.84518e+06 2.26867e+06 0
1.46901e+06 4.45662e+06 0
4.22132e+06 509583 0
3.02972e+06 120472 0
9765.92 604266 0
4.29167e+06 1.89871e+06 0
136418 4.36934e+06 0
961333 3.69198e+06 0
4.34507e+06 2.1289e+06 0
1.18641e+06 1.05121e+06 0
48066.7 3.15012e+06 0
3.46553e+06 727866 0
4.77538e+06 1.57468e+06 0
4.92111e+06 373928 0
1.87033e+06 4.1081e+06 0
3.83847e+06 1.51914e+06 0
4.5996e+06 966750 0
2.88003e+06 845134 0
1.32252e+06 3.69716e+06 0
1.87841e+06 1.56423e+06 0
1.88513e+06 4.08353e+06 0
1.61626e+06 3.30241e+06 0
2.88766e+06 103763 0
2.49901e+06 2.93725e+06 0
1.98798e+06 4.33302e+06 0
4.5262e+06 1.3007e+06 0
3.89294e+06 760292 0
2.46757e+06 624714 0
3.19636e+06 871151 0
2.65114e+06 897626 0
1.71773e+06 3.48659e+06 0
268258 1.06876e+06 0
500961 3.39045e+06 0
3.60302e+06 753044 0
4.12549e+06 1.9644e+06 0
4.0907e+06 2.36038e+06 0
2.4894e+06 3.69045e+06 0
3.61446e+06 2.30857e+06 0
2.71996e+06 1.13666e+06 0
2.94244e+06 1.3506e+06 0
1.36555e+06 4.33149e+06 0
2.71554e+06 372631 0
4.52864e+06 2.40089e+06 0
888394 4.08612e+06 0
1.09394e+06 4.84512e+06 0
3.03384e+06 669958 0
1.70858e+06 530870 0
4.41328e+06 1.90779e+06 0
3.67e+06 1.89856e+06 0
220801 404065 0
4.37895e+06 1.35838e+06 0
2.90979e+06 615024 0
3.51329e+06 301447 0
3.00211e+06 421461 0
1.57796e+06 982543 0
2.29301e+06 4.23048e+06 0
4.98871e+06 1.48503e+06 0
853145 1.43635e+06 0
345012 4.07361e+06 0
1.73711e+06 4.06262e+06 0
3.04956e+06 2.48184e+06 0
4.80102e+06 2.21839e+06 0
2.92779e+06 1.61786e+06 0
3.53999e+06 363933 0
2.00781e+06 698569 0
1.34846e+06 3.7907e+06 0
2.11356e+06 1.21921e+06 0
1.11057e+06 4.01852e+06 0
2.42866e+06 3.65551e+06 0
4.52681e+06 1.99416e+06 0
4.68764e+06 953932 0
83010.4 177313 0
1.14963e+06 1.62221e+06 0
1.06952e+06 4.53444e+06 0
3.01355e+06 286416 0
2.55394e+06 2.09174e+06 0
4.42564e+06 1.1301e+06 0
3.71532e+06 23270.4 0
4.74197e+06 2.37571e+06 0
4.4467e+06 1.33084e+06 0
4.19782e+06 2.1482e+06 0
2.63146e+06 489364 0
641194 750908 0
998871 2.41829e+06 0
2.48878e+06 4.33836e+06 0
4.96689e+06 2.48367e+06 0
555590 778069 0
376293 4.60097e+06 0
3.92193e+06 2.15873e+06 0
2.52602e+06 1.90245e+06 0
2.48619e+06 692312 0
410474 4.48424e+06 0
1.3657e+06 4.55367e+06 0
2.57103e+06 518662 0
4.79873e+06 1.69248e+06 0
3.46278e+06 939360 0
4.70367e+06 1.22394e+06 0
1.74688e+06 187231 0
1.55492e+06 2.78298e+06 0
4.41206e+06 1.08386e+06 0
2.7279e+06 899152 0
3.13211e+06 1.80036e+06 0
970641 3.47835e+06 0
1.76778e+06 2.96609e+06 0
3.16034e+06 1.37074e+06 0
1.41484e+06 1.92007e+06 0
1.99683e+06 981170 0
1.90954e+06 1.40614e+06 0
795312 2.31849e+06 0
1.19373e+06 4.18256e+06 0
4.02707e+06 1.29978e+06 0
1.44871e+06 2.04733e+06 0
3.77087e+06 333720 0
3.40297e+06 1.77076e+06 0
4.729e+06 1.97127e+06 0
2.71798e+06 205847 0
2.96197e+06 1.41926e+06 0
4.86389e+06 1.80754e+06 0
1.00238e+06 1.04953e+06 0
2.3838e+06 2.14438e+06 0
4.50072e+06 618152 0
960265 458541 0
3.06055e+06 1.57231e+06 0
3.18506e+06 1.39874e+06 0
420392 3.68618e+06 0
1.43986e+06 161901 0
1.63701e+06 1.01444e+06 0
3.79666e+06 1.62099e+06 0
2.42607e+06 2.12485e+06 0
4.33912e+06 1.03641e+06 0
3.31858e+06 506378 0
1.81677e+06 701468 0
3.78765e+06 958968 0
3.03415e+06 1.32183e+06 0
4.00128e+06 2.34481e+06 0
4.88174e+06 206534 0
4.36018e+06 900220 0
1.41743e+06 4.90478e+06 0
472884 4.04431e+06 0
4.90249e+06 1.45619e+06 0
3.72875e+06 2.22198e+06 0
2.19779e+06 3.56197e+06 0
120243 2.40532e+06 0
429243 1.94327e+06 0
2.47719e+06 2.64687e+06 0
3.32606e+06 359508 0
3.76095e+06 466857 0
2.13935e+06 2.99402e+06 0
1.58315e+06 1.15223e+06 0
2.54662e+06 1.11278e+06 0
1.59963e+06 751824 0
1.45009e+06 2.45628e+06 0
4.93759e+06 2.04421e+06 0
72328.9 4.64965e+06 0
2.31193e+06 697958 0
2.25806e+06 2.41096e+06 0
4.98901e+06 1.51761e+06 0
4.38627e+06 1.43742e+06 0
249641 704062 0
801111 1.03839e+06 0
1.51311e+06 715812 0
1.16596e+06 3.32423e+06 0
773644 801111 0
3.64757e+06 1.82653e+06 0
3.50795e+06 156484 0
336161 2.80663e+06 0
3.7109e+06 373318 0
3.80932e+06 2.182e+06 0
4.21232e+06 205313 0
1.24302e+06 2.9902e+06 0
4.93606e+06 139851 0
4.97986e+06 1.68012e+06 0
4.25123e+06 279931 0
955840 499435 0
1.07868e+06 4.99908e+06 0
3.89782e+06 2.4102e+06 0
2.9046e+06 1.23539e+06 0
692007 2.63848e+06 0
2.35633e+06 2.86737e+06 0
834986 448164 0
2.50282e+06 914182 0
368816 3.73852e+06 0
3.52931e+06 670110 0
3.21024e+06 1.81631e+06 0
945616 734581 0
1.27827e+06 2.12973e+06 0
2.98486e+06 59892.6 0
2.32673e+06 4.23292e+06 0
2.34657e+06 774255 0
1.88833e+06 2.74056e+06 0
4.94308e+06 2.26714e+06 0
3.23618e+06 1.99438e+06 0
802789 1.7069e+06 0
1.76885e+06 318461 0
4.78927e+06 2.27035e+06 0
2.72637e+06 1.27773e+06 0
2.2895e+06 782342 0
3.64193e+06 1.63961e+06 0
2.5309e+06 2.1775e+06 0
435347 4.16456e+06 0
4.67971e+06 1.34167e+06 0
3.558e+06 1.5891e+06 0
4.37986e+06 1.35258e+06 0
3.08908e+06 2.45399e+06 0
887783 90640 0
4.1966e+06 2.40471e+06 0
2.45888e+06 3.71059e+06 0
1.86422e+06 648976 0
140843 4.87579e+06 0
1.29185e+06 1.92679e+06 0
2.63436e+06 1.69294e+06 0
2.87759e+06 278634 0
2.37144e+06 4.91577e+06 0
3.184e+06 1.79647e+06 0
472732 1.76946e+06 0
798669 1.26881e+06 0
737785 1.53645e+06 0
3.49376e+06 575579 0
323191 677969 0
588244 1.67104e+06 0
2.26875e+06 2.57759e+06 0
1.9248e+06 823389 0
2.52388e+06 1.04244e+06 0
2.36137e+06 3.31355e+06 0
1.63289e+06 1.08463e+06 0
3.18842e+06 966216 0
3.73455e+06 1.06197e+06 0
4.37574e+06 721076 0
3.03278e+06 2.31254e+06 0
4.05469e+06 375225 0
393231 719169 0
4.14502e+06 830180 0
224769 229804 0
3.52809e+06 2.4855e+06 0
298776 1.83798e+06 0
2.67739e+06 1.10691e+06 0
4.66445e+06 2.48001e+06 0
1.14841e+06 3.80627e+06 0
2.31712e+06 4.3701e+06 0
1.83828e+06 1.90008e+06 0
1.77404e+06 2.09784e+06 0
3.4167e+06 1.85545e+06 0
4.21415e+06 1.816e+06 0
4.83917e+06 1.80242e+06 0
339061 2.96319e+06 0
3.34544e+06 2.36435e+06 0
3.61187e+06 1.74749e+06 0
4.85046e+06 1.7304e+06 0
26856.3 4.35545e+06 0
3.13501e+06 1.23287e+06 0
2.07129e+06 4.13999e+06 0
1.74001e+06 634022 0
2.03101e+06 1.61885e+06 0
4.97421e+06 343867 0
2.29881e+06 435804 0
1.9367e+06 2.73354e+06 0
2.84127e+06 1.16764e+06 0
4.96597e+06 2.27165e+06 0
3.47865e+06 471740 0
1.41758e+06 1.84622e+06 0
1.13773e+06 639515 0
178076 4.41038e+06 0
4.72961e+06 1.27232e+06 0
1.82257e+06 1.19739e+06 0
2.81106e+06 1.08066e+06 0
3.81954e+06 185095 0
1.68691e+06 695822 0
4.69207e+06 1.21799e+06 0
4.10611e+06 2.29583e+06 0
3.53999e+06 1.15223e+06 0
1.21036e+06 307627 0
3.82977e+06 1.77221e+06 0
2.89209e+06 1.93678e+06 0
2.85714e+06 308771 0
4.21491e+06 1.12407e+06 0
791803 2.37373e+06 0
3.05658e+06 509735 0
706656 2.58492e+06 0
1.62816e+06 471511 0
3.50017e+06 402081 0
2.02582e+06 4.55245e+06 0
4.11802e+06 2.16269e+06 0
3.47331e+06 2.3867e+06 0
2.97937e+06 2.26501e+06 0
1.40858e+06 3.57173e+06 0
4.01502e+06 1.69927e+06 0
1.07456e+06 4.16761e+06 0
3.22169e+06 1.73482e+06 0
765709 1.44505e+06 0
4.14243e+06 1.0139e+06 0
2.39067e+06 891903 0
4.17447e+06 1.40042e+06 0
4.5053e+06 62410.4 0
3.11579e+06 474029 0
471206 36164.4 0
2.85302e+06 2.31063e+06 0
1.901e+06 89266.6 0
4.59807e+06 1.93907e+06 0
38605.9 4.79659e+06 0
2.58019e+06 116276 0
238350 909146 0
599536 2.61849e+06 0
2.1952e+06 2.35344e+06 0
348216 3.05231e+06 0
1.08264e+06 2.43904e+06 0
2.9046e+06 1.38699e+06 0
2.25562e+06 376904 0
2.30827e+06 2.14728e+06 0
4.67422e+06 816752 0
2.62139e+06 50660.7 0
703299 4.15464e+06 0
2.38258e+06 1.39454e+06 0
2.44758e+06 4.98917e+06 0
2.85867e+06 1.24104e+06 0
2.27302e+06 4.34568e+06 0
4.00342e+06 2.13347e+06 0
2.67693e+06 805078 0
4.52574e+06 1.2598e+06 0
3.1576e+06 179907 0
4.97635e+06 2.12111e+06 0
4.24436e+06 950270 0
258492 762810 0
1.33992e+06 4.36186e+06 0
468307 839106 0
3.53526e+06 939894 0
1.47099e+06 4.55306e+06 0
50202.9 899075 0
4.12107e+06 638600 0
4.45784e+06 1.56255e+06 0
3.52992e+06 1.24828e+06 0
4.34782e+06 1.0786e+06 0
2.28919e+06 2.76208e+06 0
1.58666e+06 3.33689e+06 0
4.05606e+06 2.28149e+06 0
828120 3.8374e+06 0
1.40385e+06 394757 0
1.43376e+06 2.5309e+06 0
4.34996e+06 1.40355e+06 0
455489 1.66097e+06 0
3.46049e+06 354396 0
1.84194e+06 4.85427e+06 0
3.94314e+06 1.35868e+06 0
4.51903e+06 1.74947e+06 0
4.63256e+06 413907 0
4.50499e+06 513321 0
3.27311e+06 93768.1 0
3.71502e+06 1.0622e+06 0
2.00934e+06 3.25327e+06 0
611286 1.40797e+06 0
4.48485e+06 2.05794e+06 0
354625 3.59294e+06 0
3.46034e+06 636158 0
4.61501e+06 2.3439e+06 0
355693 4.62569e+06 0
3.69549e+06 622806 0
621662 4.99466e+06 0
1.12857e+06 2.20328e+06 0
1.34754e+06 1.91473e+06 0
3.39793e+06 169225 0
11444.4 3.01172e+06 0
4.944e+06 1.43994e+06 0
780969 727409 0
1.10858e+06 3.29585e+06 0
2.26646e+06 4.6823e+06 0
4.17631e+06 1.89917e+06 0
3.13746e+06 225990 0
166021 589465 0
4.50621e+06 1.52135e+06 0
1.53325e+06 1.38524e+06 0
484176 843684 0
3.43394e+06 1.12148e+06 0
820643 3.34132e+06 0
3.71075e+06 1.61504e+06 0
2.02521e+06 3.37214e+06 0
4.25672e+06 2.47978e+06 0
884579 2.19977e+06 0
3.91079e+06 263298 0
1.7774e+06 3.19422e+06 0
543230 4.87732e+06 0
1.69469e+06 2.39708e+06 0
2.48741e+06 1.13895e+06 0
4.37086e+06 875729 0
1.97241e+06 946684 0
2.43324e+06 3.28043e+06 0
715354 3.29325e+06 0
3.97488e+06 2.49649e+06 0
326243 3.93628e+06 0
2.45689e+06 1.80013e+06 0
2.68532e+06 2.44697e+06 0
1.34861e+06 2.22266e+06 0
2.9461e+06 529649 0
2.40913e+06 4.1699e+06 0
322581 3.46522e+06 0
4.01746e+06 286340 0
4.31532e+06 614948 0
3.45912e+06 1.57582e+06 0
1.53249e+06 1.71728e+06 0
4.57274e+06 50126.7 0
765404 940123 0
4.66491e+06 483108 0
1.46916e+06 3.73852e+06 0
2.0983e+06 4.51094e+06 0
3.30958e+06 382626 0
3.46126e+06 1.41408e+06 0
1.9306e+06 1.81021e+06 0
1.7214e+06 2.50557e+06 0
3.59828e+06 1.24592e+06 0
4.27381e+06 552843 0
3.87814e+06 1.92511e+06 0
2.28752e+06 4.75372e+06 0
3.0018e+06 935850 0
256355 106510 0
3.08039e+06 738472 0
2.16239e+06 1.49098e+06 0
4.81765e+06 1.00078e+06 0
3.15516e+06 743584 0
3.88363e+06 1.85171e+06 0
3.15683e+06 370800 0
4.60173e+06 1.16298e+06 0
1.29597e+06 289010 0
1.10599e+06 1.25065e+06 0
2.57805e+06 1.0831e+06 0
3.62651e+06 1.63343e+06 0
698569 1.59764e+06 0
56611.8 1.4922e+06 0
3.40526e+06 767159 0
461745 1.47679e+06 0
4.31455e+06 1.41415e+06 0
4.68093e+06 2.00896e+06 0
2.59026e+06 411084 0
682852 719169 0
4.38978e+06 818278 0
3.82931e+06 913419 0
2.48344e+06 3.93551e+06 0
4.70199e+06 1.68531e+06 0
2.9545e+06 2.22625e+06 0
652028 3.14341e+06 0
384838 3.05673e+06 0
3.72524e+06 1.27529e+06 0
434736 641652 0
119480 3.85846e+06 0
1.21937e+06 618000 0
3.83496e+06 2.43782e+06 0
2.39204e+06 2.28996e+06 0
4.66567e+06 297937 0
3.33796e+06 949431 0
3.19666e+06 1.9187e+06 0
4.38566e+06 2.30682e+06 0
2.95755e+06 2.20214e+06 0
2.44285e+06 3.249e+06 0
2.39082e+06 3.80749e+06 0
4.96139e+06 997269 0
1.79098e+06 72481.5 0
3.63918e+06 467467 0
2.87042e+06 2.33291e+06 0
1.76473e+06 4.6408e+06 0
1.10889e+06 1.07227e+06 0
1.61031e+06 614338 0
3.54244e+06 1.02718e+06 0
779595 870540 0
2.14682e+06 123600 0
3.91842e+06 1.21616e+06 0
475021 3.25678e+06 0
3.69076e+06 12054.8 0
3.70144e+06 193411 0
2.43049e+06 1.74459e+06 0
4.73006e+06 1.85072e+06 0
3.3726e+06 498749 0
1.52562e+06 2.27851e+06 0
2.8695e+06 232627 0
3.31919e+06 2.04558e+06 0
2.50237e+06 701621 0
848262 913114 0
2.48924e+06 4.03912e+06 0
3.28669e+06 1.57811e+06 0
298624 2.35557e+06 0
2.01849e+06 4.16959e+06 0
875881 4.03974e+06 0
3.91629e+06 517060 0
2.38441e+06 3.88012e+06 0
4.27503e+06 691168 0
3.87371e+06 695746 0
2.06275e+06 3.27342e+06 0
3.77529e+06 474944 0
2.64061e+06 1.329e+06 0
635548 218055 0
609760 461440 0
4.99252e+06 72328.9 0
2.94244e+06 1.9084e+06 0
3.79879e+06 1.15726e+06 0
51271.1 3.48003e+06 0
1.30207e+06 1.93655e+06 0
4.95575e+06 979263 0
2.78588e+06 1.12247e+06 0
3.1988e+06 2.19146e+06 0
77364.4 3.59981e+06 0
3.67351e+06 827357 0
230567 3.06513e+06 0
3.01309e+06 1.45024e+06 0
1.28773e+06 2.74651e+06 0
3.70159e+06 882061 0
1.52852e+06 2.67052e+06 0
3.56182e+06 1.78419e+06 0
1.11118e+06 1.4861e+06 0
1.77709e+06 2.8753e+06 0
2.51274e+06 384457 0
4.10123e+06 1.74062e+06 0
3.67382e+06 605640 0
2.41462e+06 371563 0
254830 1.47771e+06 0
1.283e+06 672170 0
911435 3.0076e+06 0
1.67379e+06 3.12403e+06 0
1.99057e+06 1.54653e+06 0
4.48668e+06 1.55812e+06 0
559710 3.68831e+06 0
4.0553e+06 1.40309e+06 0
2.17063e+06 4.20545e+06 0
4.27625e+06 1.67951e+06 0
2.2663e+06 2.45537e+06 0
2.51991e+06 1.91855e+06 0
2.63649e+06 1.81852e+06 0
3.98267e+06 1.88574e+06 0
1.82897e+06 3.1843e+06 0
1.63274e+06 3.94635e+06 0
921049 74465.2 0
4.41038e+06 1.21387e+06 0
3.55968e+06 1.16703e+06 0
3.83358e+06 183340 0
1.67455e+06 523850 0
1.67013e+06 4.61028e+06 0
772271 2.48253e+06 0
3.83023e+06 824686 0
1.21555e+06 112156 0
3.13486e+06 2.46872e+06 0
4.39634e+06 743049 0
1.11896e+06 106357 0
206153 4.05957e+06 0
1.52272e+06 118259 0
4.71435e+06 1.13285e+06 0
629139 4.87625e+06 0
4.45357e+06 138707 0
2.10364e+06 2.33146e+06 0
1.22639e+06 3.2165e+06 0
1.4919e+06 615406 0
3.83465e+06 1.29543e+06 0
3.03156e+06 1.61428e+06 0
637379 4.24284e+06 0
3.93551e+06 907849 0
4.34812e+06 2.29316e+06 0
3.80123e+06 1.78167e+06 0
2.97113e+06 1.70927e+06 0
4.30433e+06 1.37211e+06 0
3.28974e+06 2.04192e+06 0
1.83035e+06 3.446e+06 0
807520 4.27244e+06 0
3.20368e+06 1.50548e+06 0
2.55257e+06 1.61779e+06 0
2.16681e+06 3.22138e+06 0
1.64724e+06 3.69793e+06 0
1.76931e+06 3.75927e+06 0
53560 4.24802e+06 0
320292 4.9733e+06 0
3.39869e+06 244377 0
1.06189e+06 4.48302e+06 0
4.28434e+06 364696 0
3.21986e+06 2.32666e+06 0
2.99219e+06 2.24944e+06 0
4.58678e+06 233848 0
1.98553e+06 4.66292e+06 0
3.29539e+06 2.41745e+06 0
3.11777e+06 713446 0
3.93765e+06 428404 0
3.95016e+06 2.00179e+06 0
684835 3.09198e+06 0
2.08899e+06 3.22779e+06 0
2.56722e+06 1.17161e+06 0
3.9465e+06 450758 0
3.56685e+06 501419 0
1.8305e+06 4.1467e+06 0
2.68151e+06 1.74276e+06 0
771355 549791 0
1.61641e+06 3.77972e+06 0
3.99167e+06 1.18984e+06 0
258339 4.65011e+06 0
3.42433e+06 328227 0
2.58873e+06 260704 0
4.18531e+06 1.17931e+06 0
3.19346e+06 1.78808e+06 0
4.40901e+06 771203 0
2.02445e+06 93691.8 0
4.3498e+06 1.33091e+06 0
2.56874e+06 784326 0
1.15864e+06 1.86438e+06 0
1.0828e+06 2.63207e+06 0
3.23893e+06 2.27432e+06 0
2.04718e+06 313730 0
587939 4.962e+06 0
2.4984e+06 1.67119e+06 0
33570.4 1.11988e+06 0
392926 4.32066e+06 0
1.76687e+06 830714 0
4.66323e+06 949278 0
1.08127e+06 2.10288e+06 0
2.11524e+06 3.98755e+06 0
1.72323e+06 3.72005e+06 0
3.83328e+06 1.2669e+06 0
4.75906e+06 2.13103e+06 0
1.23768e+06 4.29334e+06 0
4.3675e+06 177694 0
4.4615e+06 665914 0
4.46104e+06 1.21662e+06 0
3.19376e+06 2.05725e+06 0
2.54387e+06 1.89299e+06 0
2.65374e+06 2.10654e+06 0
4.71282e+06 592288 0
4.84542e+06 582675 0
3.20627e+06 1.42872e+06 0
2.75201e+06 257653 0
408948 2.1015e+06 0
2.6278e+06 1.28285e+06 0
718406 2.30979e+06 0
2.04001e+06 3.87509e+06 0
4.17722e+06 848262 0
3.8197e+06 515610 0
3.28089e+06 1.75001e+06 0
3.57677e+06 1.86476e+06 0
1.86529e+06 4.94522e+06 0
936460 1.69042e+06 0
2.48024e+06 748772 0
2.15217e+06 2.44621e+06 0
1.15543e+06 4.44517e+06 0
4.25123e+06 2.26318e+06 0
966063 3.31507e+06 0
3.37031e+06 1.53851e+06 0
3.30241e+06 101016 0
2.43767e+06 2.44194e+06 0
3.25144e+06 1.49586e+06 0
855281 2.73705e+06 0
2.99631e+06 19989.6 0
1.34114e+06 4.95239e+06 0
4.63851e+06 1.16474e+06 0
1.58452e+06 1.60817e+06 0
1.35136e+06 635548 0
872524 2.5013e+06 0
3.2693e+06 1.74192e+06 0
4.34462e+06 1.28422e+06 0
2.0191e+06 4.17905e+06 0
27619.3 1.40172e+06 0
301523 2.68838e+06 0
1.31413e+06 1.4452e+06 0
426344 659047 0
32044.4 4.40352e+06 0
3.20994e+06 175939 0
2.77032e+06 1.44772e+06 0
1.1391e+06 772881 0
610065 1.8833e+06 0
2.21091e+06 1.78167e+06 0
4.92142e+06 953932 0
3.35017e+06 2.23083e+06 0
4.38017e+06 1.83103e+06 0
4.8146e+06 1.76504e+06 0
862911 933256 0
4.49248e+06 35020 0
4.37376e+06 723136 0
3.49925e+06 184027 0
4.66094e+06 1.31893e+06 0
1.9779e+06 4.13266e+06 0
4.68001e+06 946989 0
1.51326e+06 2.88308e+06 0
3.55785e+06 1.64098e+06 0
3.0604e+06 891140 0
4.21552e+06 153279 0
1.80044e+06 700552 0
3.30531e+06 862148 0
2.82388e+06 1.39348e+06 0
3.61858e+06 2.47246e+06 0
4.05103e+06 666448 0
1.62053e+06 4.05103e+06 0
295419 3.20872e+06 0
268715 1.97058e+06 0
4.87655e+06 2.32566e+06 0
4.76943e+06 1.91443e+06 0
2.68471e+06 1.3448e+06 0
1.43147e+06 1.01337e+06 0
1.11164e+06 2.98349e+06 0
2.2718e+06 2.98486e+06 0
2.7456e+06 1.18068e+06 0
527818 1.36113e+06 0
1.24012e+06 1.83645e+06 0
4.73571e+06 1.65494e+06 0
4.26588e+06 1.69057e+06 0
1.52852e+06 3.77743e+06 0
4.94446e+06 622272 0
4.81231e+06 1.7938e+06 0
679342 1.09073e+06 0
1.47374e+06 2.94183e+06 0
782189 2.74148e+06 0
1.27918e+06 2.34855e+06 0
1.80548e+06 4.80285e+06 0
1.11774e+06 517594 0
1.98721e+06 1.95822e+06 0
1.24744e+06 1.24836e+06 0
3.71151e+06 1.60489e+06 0
3.69869e+06 1.92114e+06 0
394604 1.84576e+06 0
492874 4.07285e+06 0
1.70064e+06 420392 0
1.83187e+06 243843 0
3.49254e+06 761437 0
1.91351e+06 1.3657e+06 0
1.42659e+06 2.61925e+06 0
2.53105e+06 991546 0
4.5967e+06 374081 0
2.11173e+06 683462 0
3.13089e+06 175558 0
351573 1.81921e+06 0
1.15238e+06 18463.7 0
1.10126e+06 2.47337e+06 0
4.00616e+06 716422 0
3.66085e+06 2.10067e+06 0
1.1594e+06 1.29139e+06 0
138707 1.57796e+06 0
3.68435e+06 2.24357e+06 0
4.03195e+06 1.04251e+06 0
2.72347e+06 2.16613e+06 0
2.68166e+06 2.18215e+06 0
2.85104e+06 1.55133e+06 0
3.76415e+06 2.18711e+06 0
1.73116e+06 3.6874e+06 0
3.46934e+06 738243 0
4.9823e+06 310221 0
1.52654e+06 3.98663e+06 0
2.65175e+06 640965 0
730766 1.21647e+06 0
1.20884e+06 542924 0
1.12842e+06 1.54576e+06 0
2.46193e+06 4.64217e+06 0
1.51631e+06 3.5464e+06 0
3.30409e+06 1.28475e+06 0
3.41304e+06 2.3487e+06 0
2.69738e+06 371410 0
154881 4.71801e+06 0
4.79751e+06 2.12821e+06 0
1.2775e+06 3.05078e+06 0
4.62844e+06 240486 0
4.83566e+06 1.26347e+06 0
212409 3.30226e+06 0
2.81777e+06 1.87239e+06 0
2.5605e+06 1.88597e+06 0
2.31513e+06 2.19108e+06 0
2.43034e+06 458083 0
2.59682e+06 1.31993e+06 0
259865 273141 0
749840 2.85501e+06 0
3.17835e+06 1.53127e+06 0
1.04083e+06 1.13407e+06 0
505081 731986 0
652791 4.71831e+06 0
1.64205e+06 4.20148e+06 0
1.95761e+06 3.60485e+06 0
2.76223e+06 1.97882e+06 0
3.97534e+06 894879 0
1.20548e+06 2.49428e+06 0
3.1814e+06 237281 0
3.98541e+06 2.20931e+06 0
1.31443e+06 266427 0
4.31257e+06 1.25134e+06 0
342723 1.90344e+06 0
2.54326e+06 233161 0
2.24494e+06 2.53746e+06 0
456404 767083 0
3.76232e+06 1.05205e+06 0
269173 3.18262e+06 0
3.77651e+06 906247 0
2.29255e+06 2.46574e+06 0
3.47133e+06 2.14232e+06 0
2.63771e+06 425810 0
1.93487e+06 2.37663e+06 0
4.87671e+06 1.85041e+06 0
2.35527e+06 1.21372e+06 0
2.06442e+06 4.05789e+06 0
1.47023e+06 468154 0
3.0285e+06 2.20382e+06 0
2.42393e+06 1.41316e+06 0
4.33256e+06 704596 0
3.68831e+06 391629 0
1.81967e+06 1.89062e+06 0
4.20576e+06 486541 0
3.1431e+06 441984 0
2.40761e+06 3.60469e+06 0
187384 4.98306e+06 0
4.26725e+06 497375 0
2.79122e+06 902051 0
3.04147e+06 1.27773e+06 0
2.67251e+06 1.9161e+06 0
857875 655690 0
3.9668e+06 1.21624e+06 0
4.80514e+06 1.48907e+06 0
4.28236e+06 154805 0
2.67953e+06 450758 0
2.67968e+06 1.5978e+06 0
1.04785e+06 938597 0
3.48003e+06 2.0233e+06 0
780206 3.76293e+06 0
2.31147e+06 531480 0
2.70974e+06 1.42735e+06 0
3.29676e+06 2.04665e+06 0
3.57509e+06 1.14811e+06 0
3.7904e+06 681021 0
4.90387e+06 375149 0
570544 1.20502e+06 0
4.98962e+06 575121 0
3.89279e+06 1.59543e+06 0
1.62313e+06 3.13471e+06 0
3.30988e+06 376064 0
729850 2.75765e+06 0
1.66799e+06 4.82604e+06 0
3.57295e+06 752739 0
1.18076e+06 1.25462e+06 0
2.67678e+06 2.07572e+06 0
2.99051e+06 1.36357e+06 0
4.12748e+06 1.23936e+06 0
4.12183e+06 1.77145e+06 0
1.40584e+06 4.4058e+06 0
3.2342e+06 1.48946e+06 0
3.41182e+06 270699 0
4.08032e+06 271157 0
1.83142e+06 2.70348e+06 0
3.07413e+06 1.94411e+06 0
509354 1.43178e+06 0
4.87793e+06 1.34228e+06 0
1.97653e+06 2.02658e+06 0
2.41218e+06 4.20682e+06 0
3.79406e+06 571230 0
196844 3.94101e+06 0
4.86724e+06 1.73635e+06 0
2.4276e+06 1.97882e+06 0
4.38643e+06 274590 0
4.69482e+06 1.74223e+06 0
3.5519e+06 598392 0
752586 4.01425e+06 0
2.73644e+06 332728 0
3.24183e+06 1.48663e+06 0
4.24619e+06 1.48892e+06 0
4.77401e+06 492721 0
3.33048e+06 1.76031e+06 0
3.28455e+06 2.23128e+06 0
2.60262e+06 704825 0
3.05795e+06 1.57537e+06 0
2.52297e+06 1.8321e+06 0
334025 3.9378e+06 0
3.10465e+06 358592 0
4.90127e+06 850551 0
4.494e+06 147557 0
1.57979e+06 476699 0
1.58635e+06 4.19889e+06 0
3.00729e+06 366985 0
330363 15106.7 0
2.62658e+06 516602 0
877407 2.29194e+06 0
4.28648e+06 2.42515e+06 0
233924 207526 0
2.35908e+06 847957 0
4.57198e+06 632267 0
3.78201e+06 1.18831e+06 0
3.85281e+06 1.52089e+06 0
929594 4.48378e+06 0
3.92346e+06 1.26598e+06 0
1.72109e+06 4.2143e+06 0
3.73821e+06 50737 0
871456 2.48497e+06 0
2.86431e+06 1.29887e+06 0
3.69045e+06 1.6551e+06 0
1.92709e+06 2.6397e+06 0
1.33732e+06 3.66375e+06 0
1.15024e+06 3.62072e+06 0
3.93674e+06 2.37808e+06 0
4.64904e+06 1.22799e+06 0
462050 3.00928e+06 0
629902 4.6054e+06 0
1.79281e+06 1.51006e+06 0
157628 3.40205e+06 0
851619 223243 0
4.63942e+06 1.60993e+06 0
1.22852e+06 745109 0
4.68886e+06 1.75474e+06 0
3.19636e+06 1.94021e+06 0
521561 3.23557e+06 0
3.52626e+06 410627 0
1.54149e+06 2.74422e+06 0
3.00821e+06 606403 0
271004 2.59484e+06 0
3.08176e+06 1.94151e+06 0
3.28547e+06 692618 0
485397 3.52077e+06 0
4.30342e+06 1.05106e+06 0
1.32984e+06 4.08246e+06 0
2.09311e+06 4.02875e+06 0
3.50017e+06 1.10393e+06 0
3.34956e+06 2.36999e+06 0
3.79574e+06 713523 0
3.19666e+06 2.1083e+06 0
3.71166e+06 220267 0
3.4756e+06 305185 0
269784 1.25172e+06 0
1.46977e+06 4.69054e+06 0
804468 434431 0
4.22742e+06 1.25111e+06 0
3.10938e+06 2.15857e+06 0
1.13514e+06 3.27113e+06 0
4.85244e+06 681555 0
4.90005e+06 1.04068e+06 0
3.66405e+06 1.26568e+06 0
3.59615e+06 2.18078e+06 0
1.80593e+06 2.89438e+06 0
3.9317e+06 853908 0
1.82608e+06 299081 0
3.39381e+06 538194 0
2.10608e+06 4.34965e+06 0
1.4246e+06 1.87689e+06 0
3.70739e+06 746330 0
2.28919e+06 2.99615e+06 0
2.42271e+06 4.48943e+06 0
4.78805e+06 2.14309e+06 0
2.43873e+06 2.05084e+06 0
1.47053e+06 4.54527e+06 0
516984 1.92358e+06 0
2.50877e+06 262764 0
2.09693e+06 3.20109e+06 0
1.88437e+06 3.99625e+06 0
3 600 601 599 
3 15316 3534 7761 
3 504 6088 503 
3 299 16539 15746 
3 601 13118 599 
3 707 6887 706 
3 13118 8505 599 
3 8157 1776 4468 
3 2514 15754 13118 
3 4453 704 705 
3 2514 602 603 
3 6088 506 6141 
3 597 598 8505 
3 702 703 6887 
3 15754 604 605 
3 11852 4544 11650 
3 596 8505 6828 
3 13366 702 6887 
3 605 1874 15754 
3 508 509 15095 
3 6828 595 596 
3 13366 701 702 
3 2966 605 606 
3 13952 12602 16500 
3 594 595 6828 
3 13366 700 701 
3 2966 607 608 
3 15095 6141 507 
3 594 1734 593 
3 11768 6646 3644 
3 608 609 3178 
3 7585 511 512 
3 1734 592 593 
3 11488 1624 4339 
3 610 3178 609 
3 7585 512 513 
3 3178 2966 608 
3 696 697 15105 
3 615 616 14754 
3 6462 14404 590 
3 613 8998 612 
3 7585 4544 15095 
3 12494 7519 589 
3 9069 10554 11670 
3 8998 14754 15551 
3 9856 4544 7585 
3 12494 589 590 
3 11449 694 2300 
3 8025 3770 14178 
3 12125 516 517 
3 15353 1874 2966 
3 14108 1870 2979 
3 14754 12145 15551 
3 588 589 7519 
3 15551 10625 8998 
3 518 15320 517 
3 12692 587 11036 
3 16111 9014 12910 
3 618 15552 14754 
3 3748 1601 14568 
3 10311 2118 5586 
3 11527 2990 2183 
3 8265 8243 4969 
3 11852 1759 6019 
3 15552 7739 12392 
3 10851 9032 1951 
3 11314 2820 5643 
3 5617 688 689 
3 7739 622 623 
3 7371 10187 12657 
3 7519 12494 10582 
3 11527 6301 8478 
3 623 624 12392 
3 15863 4636 7007 
3 12392 7739 623 
3 7910 15825 2921 
3 5131 583 584 
3 9718 14676 683 
3 8940 6274 3184 
3 14811 11046 2304 
3 13221 15926 5131 
3 3184 6274 2651 
3 15926 583 5131 
3 14676 9718 13640 
3 625 11138 15420 
3 2921 524 2635 
3 582 4697 581 
3 11138 625 626 
3 4697 580 581 
3 11330 678 679 
3 15003 627 628 
3 3728 529 530 
3 9381 6872 574 
3 12889 3846 15413 
3 10883 11163 578 
3 674 11121 7602 
3 630 8042 629 
3 13260 7798 10916 
3 5490 1615 1899 
3 14193 1615 5997 
3 576 577 9381 
3 9989 10040 11304 
3 10840 4756 6252 
3 9381 574 575 
3 633 10840 632 
3 7629 7438 11607 
3 573 6872 572 
3 10840 633 4756 
3 7340 2050 7206 
3 7602 9522 3093 
3 634 635 4756 
3 14497 3108 3127 
3 6252 637 4626 
3 540 12913 539 
3 4149 16097 11409 
3 638 4626 637 
3 6527 9983 12627 
3 14196 7444 11770 
3 4626 638 4399 
3 567 11323 566 
3 639 14828 638 
3 13187 5983 7798 
3 13768 12413 13653 
3 14828 639 640 
3 15821 13768 12103 
3 640 641 14249 
3 13375 6901 12627 
3 10730 8032 665 
3 642 14249 641 
3 9491 7711 561 
3 644 14249 643 
3 12013 5897 9797 
3 11913 644 645 
3 3360 543 544 
3 9491 562 563 
3 14249 8776 4399 
3 560 561 7711 
3 14167 645 646 
3 13890 1875 3629 
3 11340 14167 9006 
3 5099 5897 8626 
3 9006 3589 10040 
3 15560 649 650 
3 9743 556 557 
3 650 9318 15560 
3 15482 8626 2232 
3 11304 7322 9989 
3 555 556 9743 
3 15560 9318 7380 
3 14556 12123 10093 
3 3778 9318 12208 
3 13890 12123 15482 
3 3597 7322 11304 
3 14556 553 554 
3 1641 3778 653 
3 10093 550 551 
3 653 654 1641 
3 549 550 10093 
3 655 1641 654 
3 11602 8304 10879 
3 1641 655 656 
3 549 8304 11602 
3 7206 7278 6527 
3 658 8954 657 
3 546 11602 545 
3 16043 8954 658 
3 3360 544 545 
3 16043 660 5302 
3 8032 662 663 
3 543 3360 542 
3 663 664 8032 
3 6450 2090 2832 
3 11108 2694 6494 
3 10598 12740 11377 
3 8527 667 668 
3 540 3360 13719 
3 4660 8767 9350 
3 4253 2832 4106 
3 4106 1768 5027 
3 11935 7814 8527 
3 15145 8527 669 
3 12913 538 539 
3 11078 535 536 
3 672 3093 9522 
3 531 532 8751 
3 11121 9618 15181 
3 6279 676 677 
3 531 8751 10916 
3 11330 9618 11121 
3 528 3728 527 
3 14108 5819 1870 
3 525 2635 524 
3 2921 523 524 
3 14676 11330 681 
3 687 6301 9718 
3 16029 7371 15808 
3 12696 12125 517 
3 15066 1753 14702 
3 15092 694 11449 
3 11194 7585 514 
3 8157 10675 1776 
3 699 700 13366 
3 6088 502 503 
3 13690 302 303 
3 4468 1776 3018 
3 9184 11879 5346 
3 13309 6400 2866 
3 305 7866 14372 
3 9198 2393 6635 
3 307 7866 306 
3 13309 499 500 
3 7866 307 308 
3 7241 499 2866 
3 13275 309 310 
3 7241 2866 6544 
3 310 311 12285 
3 9644 12800 15719 
3 7136 3449 15934 
3 498 499 7241 
3 8483 12285 313 
3 495 9198 494 
3 5014 314 315 
3 6635 493 494 
3 12568 316 317 
3 14862 5026 4878 
3 8868 5032 9620 
3 5026 6635 4728 
3 7574 14285 4229 
3 14862 490 491 
3 13275 3476 6990 
3 1802 4728 2393 
3 5017 318 319 
3 14862 487 488 
3 5017 320 321 
3 2969 4878 485 
3 12893 1850 4991 
3 4878 15608 485 
3 15596 12471 10714 
3 7482 11415 1613 
3 16496 2043 12587 
3 11949 14363 15608 
3 8932 6126 2970 
3 14363 7743 482 
3 13991 13349 10391 
3 16208 4901 9869 
3 6253 12485 2078 
3 475 476 9309 
3 12373 12929 9258 
3 13018 12661 5628 
3 5826 13978 328 
3 480 7743 12887 
3 328 329 5576 
3 480 12887 479 
3 330 4857 5576 
3 12887 478 479 
3 16341 1638 8598 
3 477 478 9309 
3 331 332 12533 
3 9309 12712 474 
3 333 334 8066 
3 9974 12712 9309 
3 8066 12533 333 
3 6911 16522 7596 
3 14391 4442 7423 
3 12712 12364 6911 
3 336 15361 335 
3 471 472 11604 
3 8066 335 15361 
3 13823 3160 13228 
3 7423 6740 3000 
3 11604 469 470 
3 11289 15361 2056 
3 15475 469 11604 
3 338 2056 15361 
3 13518 466 467 
3 2056 338 339 
3 3762 13203 15488 
3 10649 11703 341 
3 15488 465 466 
3 10649 342 343 
3 462 463 11843 
3 341 11703 340 
3 1807 460 461 
3 10649 343 9493 
3 459 460 1807 
3 11289 12693 14743 
3 459 1807 458 
3 14507 5840 12659 
3 1807 11216 458 
3 348 15655 347 
3 6546 11216 1807 
3 13234 8196 15655 
3 11216 457 458 
3 15655 8196 347 
3 456 6692 455 
3 15655 349 1799 
3 9576 5018 5744 
3 350 1799 349 
3 14128 12022 454 
3 13116 4881 1799 
3 13857 4078 6566 
3 13372 6947 353 
3 453 8704 452 
3 6947 13372 355 
3 8704 451 452 
3 8704 2989 16362 
3 3442 3584 2496 
3 6947 355 356 
3 450 8704 449 
3 11419 357 358 
3 5981 448 449 
3 357 11419 16332 
3 16481 445 446 
3 13240 7756 6144 
3 6213 444 16481 
3 357 16332 9884 
3 9094 11087 15040 
3 14813 11419 360 
3 16068 8327 10910 
3 14813 361 362 
3 15041 15961 7868 
3 441 442 15516 
3 364 5943 363 
3 441 2019 440 
3 6185 364 365 
3 440 11702 5428 
3 6185 366 367 
3 2019 11702 440 
3 9067 10722 2269 
3 12139 14853 13151 
3 369 14113 368 
3 12666 4121 2106 
3 9594 14113 370 
3 436 7805 5875 
3 9594 371 3275 
3 9489 436 437 
3 372 3275 371 
3 13104 13642 12666 
3 12926 372 373 
3 435 5875 13642 
3 9594 3275 4080 
3 14707 433 434 
3 14591 7613 2264 
3 7544 14478 14707 
3 14591 4080 12789 
3 7544 3624 7496 
3 5807 377 378 
3 4132 14732 2456 
3 13789 376 377 
3 7496 430 7544 
3 4629 13789 5807 
3 15682 7464 4429 
3 2192 5807 378 
3 7464 3624 4429 
3 13377 4847 5233 
3 429 15922 428 
3 2192 378 379 
3 16479 7386 15682 
3 15630 380 381 
3 426 9963 16400 
3 15630 382 5807 
3 11458 15190 16400 
3 1789 5807 382 
3 3433 1789 382 
3 382 383 3433 
3 6486 14896 5444 
3 384 385 8615 
3 15190 421 422 
3 386 4616 385 
3 3593 418 419 
3 8615 385 4616 
3 3338 2491 3887 
3 8615 2598 3433 
3 12421 3550 12385 
3 10762 8615 4616 
3 14896 414 415 
3 10762 389 5429 
3 414 6486 413 
3 6894 12704 5254 
3 6486 8891 8895 
3 11090 8862 12763 
3 411 8895 410 
3 8895 3887 410 
3 3887 409 410 
3 393 2426 392 
3 408 409 3887 
3 3887 16156 407 
3 394 395 3776 
3 16156 406 407 
3 396 3022 12507 
3 404 16156 13603 
3 3022 396 397 
3 2426 3776 13603 
3 13603 12507 403 
3 402 403 12507 
3 10179 3022 397 
3 9770 10179 399 
3 9770 399 400 
3 9770 400 401 
3 10197 13960 11971 
3 302 13690 301 
3 6887 9905 3076 
3 16539 300 12559 
3 13762 708 709 
3 299 300 16539 
3 10155 16345 9041 
3 15746 297 298 
3 15501 4520 3626 
3 6043 1666 3453 
3 16345 711 712 
3 296 16132 295 
3 16345 710 1686 
3 7499 3693 5426 
3 8599 3346 9041 
3 14703 2709 8277 
3 8894 5735 14299 
3 16132 10506 12094 
3 9041 713 8599 
3 2785 12094 10506 
3 2396 715 716 
3 16539 2785 15746 
3 1955 10091 12619 
3 5498 6982 2513 
3 718 719 3480 
3 10887 14100 292 
3 720 721 12387 
3 11214 288 289 
3 3123 12387 721 
3 14017 287 288 
3 3123 722 723 
3 14309 288 11214 
3 723 724 3123 
3 12017 8112 9319 
3 3480 719 720 
3 12770 3399 2588 
3 7454 4916 13230 
3 12770 10555 10775 
3 9442 3123 724 
3 10858 8883 15534 
3 11501 15492 7316 
3 12770 12422 282 
3 734 2479 733 
3 281 12422 280 
3 6592 7754 14861 
3 15367 1600 6578 
3 12639 7754 15224 
3 8673 276 277 
3 3222 15224 7754 
3 5337 276 4450 
3 1720 12639 728 
3 275 276 5337 
3 728 729 1720 
3 275 5337 5493 
3 5521 6442 9919 
3 5337 271 272 
3 5521 733 2479 
3 14570 2168 13251 
3 2479 735 736 
3 5360 11696 3523 
3 3754 737 738 
3 5337 5360 271 
3 738 2993 3754 
3 269 3523 268 
3 2993 738 1958 
3 1758 267 268 
3 7607 10220 15546 
3 266 267 1758 
3 741 2911 740 
3 266 1758 265 
3 7760 11522 14923 
3 1758 264 265 
3 14886 1986 10891 
3 263 264 1758 
3 741 742 2911 
3 263 1758 6703 
3 743 2911 742 
3 263 6703 262 
3 10156 743 744 
3 6703 261 262 
3 4345 4953 10156 
3 260 261 6703 
3 16235 8255 8986 
3 260 6703 259 
3 4345 10156 12618 
3 4398 258 259 
3 747 748 4345 
3 257 4398 256 
3 749 5585 748 
3 4398 6225 256 
3 750 6745 16203 
3 6225 255 256 
3 6745 751 752 
3 7313 1636 12200 
3 6745 15872 4670 
3 254 6225 253 
3 6815 6745 752 
3 12900 2268 7313 
3 15729 13404 6815 
3 6225 15018 253 
3 9149 15729 757 
3 250 11298 3591 
3 9149 758 759 
3 251 11298 250 
3 759 12914 9149 
3 241 11134 240 
3 8663 11143 8620 
3 248 3591 5602 
3 15872 2488 4670 
3 12237 14834 2337 
3 12914 6697 9149 
3 3012 246 247 
3 3975 3084 3703 
3 5602 12237 3012 
3 7555 761 762 
3 245 12237 244 
3 762 5989 7555 
3 12237 5160 244 
3 5989 762 763 
3 10819 7505 3552 
3 5989 764 765 
3 5160 243 244 
3 14872 3848 8433 
3 242 243 3614 
3 767 7399 766 
3 242 11134 241 
3 14678 6505 7484 
3 3874 1897 2101 
3 14922 7399 769 
3 15855 10841 12440 
3 7303 771 772 
3 16308 12440 14170 
3 772 773 7303 
3 16308 3614 5160 
3 15340 7303 773 
3 14170 237 238 
3 773 774 15340 
3 236 10628 235 
3 775 15340 774 
3 10628 234 235 
3 15340 775 776 
3 233 234 12138 
3 776 9253 15340 
3 12537 8489 2001 
3 14563 1798 12686 
3 230 12138 229 
3 2646 778 779 
3 3245 228 229 
3 779 780 2646 
3 7357 6111 6890 
3 781 2646 780 
3 227 228 15660 
3 2646 781 782 
3 6716 225 226 
3 9651 224 6716 
3 13010 14978 4402 
3 784 785 16057 
3 5407 222 223 
3 16057 14637 784 
3 11189 5407 10132 
3 785 7518 16057 
3 221 5407 11189 
3 14637 782 783 
3 11189 219 220 
3 786 7518 785 
3 218 219 2255 
3 3067 786 787 
3 218 2255 5857 
3 13964 2582 12707 
3 15968 4720 12416 
3 14854 789 12322 
3 6940 5857 217 
3 2780 12322 790 
3 2255 2565 15220 
3 790 791 2780 
3 5857 216 217 
3 792 2780 791 
3 215 7285 14569 
3 794 4478 7520 
3 12176 14656 7076 
3 5257 6852 4854 
3 212 14569 211 
3 795 4478 794 
3 5085 12768 4349 
3 2206 795 796 
3 15978 210 8497 
3 799 800 9487 
3 12009 2727 6278 
3 4523 798 799 
3 209 210 15978 
3 4698 5126 7520 
3 15978 207 208 
3 12081 5187 2841 
3 11440 205 14958 
3 14203 14563 2806 
3 206 207 14958 
3 13191 175 176 
3 206 14958 205 
3 11440 204 205 
3 201 11008 200 
3 11008 15020 8661 
3 9461 201 202 
3 11008 201 9461 
3 10420 8124 7358 
3 14572 12794 5123 
3 197 198 11503 
3 197 11503 196 
3 13410 2154 4169 
3 10420 192 193 
3 6387 7412 7979 
3 191 192 10420 
3 191 10420 190 
3 10420 189 190 
3 188 189 13410 
3 3322 186 187 
3 185 3322 9880 
3 9880 13410 4169 
3 9880 4169 6766 
3 182 183 9880 
3 3852 2767 4043 
3 12649 4385 3852 
3 182 6766 181 
3 2946 11286 181 
3 11286 13191 178 
3 13191 177 178 
3 175 13191 13881 
3 3548 174 175 
3 173 174 3548 
3 3548 171 172 
3 13798 3548 6028 
3 165 166 10225 
3 13798 6028 8238 
3 13798 8238 168 
3 8215 11589 13881 
3 10225 6028 16259 
3 8238 10225 166 
3 164 165 10225 
3 2977 162 163 
3 161 162 2977 
3 161 2977 13842 
3 161 13842 160 
3 13842 159 160 
3 9993 15012 13842 
3 15012 156 157 
3 9993 7994 14157 
3 6795 7994 9993 
3 15012 14157 155 
3 155 156 15012 
3 14157 153 154 
3 15566 15965 10222 
3 7143 2464 5394 
3 14157 15566 151 
3 15566 150 151 
3 6100 146 147 
3 6100 147 148 
3 146 6100 14443 
3 143 144 14443 
3 143 3450 142 
3 3450 16121 142 
3 16121 141 142 
3 140 141 6222 
3 6574 2138 8877 
3 6222 138 139 
3 10269 138 6222 
3 10269 6222 136 
3 6222 14450 136 
3 131 14450 9514 
3 134 14450 133 
3 2848 128 129 
3 14450 132 133 
3 131 132 14450 
3 9514 2848 129 
3 9514 129 130 
3 128 2848 127 
3 5799 1677 11903 
3 125 2848 12235 
3 125 12235 124 
3 12235 123 124 
3 14153 12235 6452 
3 122 123 14153 
3 12438 10875 119 
3 13035 3772 5094 
3 12438 120 121 
3 12519 10875 10530 
3 12519 10530 117 
3 12519 117 118 
3 12817 10530 4741 
3 5231 10530 12817 
3 7850 3609 1770 
3 10426 12817 6590 
3 2064 1894 10473 
3 10426 7936 111 
3 12054 9872 99 
3 12817 111 112 
3 7936 12312 3374 
3 110 111 7936 
3 7936 108 109 
3 107 3374 106 
3 3374 105 106 
3 104 105 3374 
3 104 3374 103 
3 3374 102 103 
3 12054 102 3374 
3 101 12054 100 
3 2774 15537 12054 
3 12054 99 100 
3 9628 16386 9872 
3 95 9872 16386 
3 95 16386 94 
3 16386 92 93 
3 11101 9628 16205 
3 92 16386 91 
3 16386 90 91 
3 8872 4664 10709 
3 9356 6312 4874 
3 9356 87 88 
3 16205 7234 11101 
3 84 4874 14434 
3 4874 84 85 
3 14434 13396 79 
3 80 14434 79 
3 13396 12156 79 
3 77 78 12156 
3 11037 12156 75 
3 11037 75 76 
3 74 75 8583 
3 74 8583 73 
3 8583 72 73 
3 71 11454 70 
3 11454 69 70 
3 65 66 9482 
3 68 69 11454 
3 4482 11454 3911 
3 15254 6196 9634 
3 68 11454 67 
3 11454 4482 67 
3 4482 9482 67 
3 9482 66 67 
3 9634 2196 15254 
3 62 63 9482 
3 2976 60 61 
3 59 60 2976 
3 7336 2976 9482 
3 59 2976 7336 
3 7336 57 58 
3 56 57 7336 
3 56 2544 55 
3 2544 54 55 
3 53 2544 52 
3 2544 5926 52 
3 5926 51 52 
3 5524 5926 7572 
3 5926 2544 10846 
3 5524 4044 4073 
3 5524 48 49 
3 44 45 4073 
3 7166 1698 2180 
3 7139 4044 5207 
3 44 4073 7139 
3 2495 1674 2180 
3 44 7139 43 
3 8020 9226 40 
3 14239 8020 5207 
3 2639 8020 40 
3 7139 8020 2639 
3 9226 39 40 
3 4056 36 37 
3 35 4056 10855 
3 9663 4986 1721 
3 15448 7220 4540 
3 29 30 4540 
3 29 4540 28 
3 4540 4570 16527 
3 4540 16527 28 
3 12493 2441 12389 
3 2679 7800 16 
3 16527 24 25 
3 12675 24 16527 
3 4298 16422 4004 
3 12675 21 22 
3 14720 20 12675 
3 20 21 12675 
3 20 14720 19 
3 2679 18 19 
3 6755 5648 5753 
3 7800 13 14 
3 14 15 7800 
3 4071 12 13 
3 11 12 4071 
3 2371 9 10 
3 13075 9 2371 
3 13075 2371 5121 
3 13075 5121 5 
3 13075 6 7 
3 5121 2371 4908 
3 15158 4908 7536 
3 2 3 15158 
3 2 1202 1 
3 5961 814 3532 
3 3111 14347 9108 
3 7221 1182 1183 
3 14997 9362 1182 
3 12777 2545 3446 
3 1919 837 838 
3 14370 4596 6648 
3 15411 842 843 
3 10843 2617 1168 
3 1160 10058 1159 
3 6335 15521 849 
3 851 5684 15521 
3 855 7808 854 
3 856 7913 855 
3 8725 858 859 
3 14654 859 860 
3 1143 9519 14222 
3 13914 1933 8302 
3 8264 865 866 
3 6267 7788 9064 
3 1139 2882 1138 
3 867 868 6090 
3 1135 1136 2882 
3 872 4714 871 
3 1134 12074 12854 
3 876 13166 875 
3 14248 12992 1128 
3 1129 14248 1128 
3 880 881 10210 
3 6960 1126 1127 
3 9157 1125 1126 
3 14589 11430 1657 
3 884 885 3369 
3 5917 1120 1940 
3 5917 1119 1120 
3 887 1657 886 
3 9352 15875 3998 
3 889 890 1657 
3 15843 1113 1114 
3 5145 1112 1113 
3 5145 1111 1112 
3 15705 897 15875 
3 897 898 15875 
3 12956 5562 6242 
3 15875 900 8360 
3 900 901 8360 
3 15875 898 899 
3 3813 8406 4666 
3 12782 904 905 
3 1102 3682 1101 
3 4525 7557 10462 
3 1100 3682 1099 
3 16119 14332 10386 
3 12879 909 8080 
3 909 910 8080 
3 910 911 8080 
3 911 3605 8080 
3 912 3605 911 
3 16119 13318 6094 
3 16102 915 916 
3 16102 916 6682 
3 15506 1610 12475 
3 15270 1089 1090 
3 10551 13255 9787 
3 1089 15270 1088 
3 1088 1878 1087 
3 2308 919 920 
3 922 16142 921 
3 16142 924 6001 
3 4153 1084 1878 
3 4153 1083 1084 
3 4153 5413 1083 
3 8732 1688 4555 
3 12314 11987 2467 
3 2647 14260 12838 
3 1092 1093 16309 
3 5413 1079 1080 
3 5413 1078 1079 
3 2647 8727 929 
3 931 932 15251 
3 14920 12535 3435 
3 1075 1076 12991 
3 14288 15251 2099 
3 2099 933 934 
3 2099 934 935 
3 3089 1071 1072 
3 3089 1070 1071 
3 936 937 8515 
3 7807 2012 6277 
3 3089 10681 1070 
3 15389 1068 1069 
3 2012 938 939 
3 2012 939 940 
3 1066 14805 1065 
3 2012 941 942 
3 2012 942 943 
3 8899 8971 4768 
3 7372 7274 13038 
3 2526 8718 1063 
3 15047 13940 2012 
3 8718 1061 1062 
3 947 15753 946 
3 13940 6277 2012 
3 8718 1057 1058 
3 15753 1954 13940 
3 948 1954 15753 
3 8718 8480 1057 
3 8718 4364 14739 
3 1954 949 950 
3 1057 8480 1056 
3 16296 1053 8480 
3 1954 952 953 
3 11120 3129 6898 
3 1052 1053 16296 
3 5424 9398 956 
3 8329 1050 1051 
3 956 957 5424 
3 5424 958 959 
3 8811 2666 7453 
3 3257 961 11210 
3 11817 4580 8209 
3 1047 11354 1046 
3 16592 10925 11817 
3 11044 11442 14903 
3 11354 6285 7376 
3 962 2022 11210 
3 1046 11354 13222 
3 2022 962 963 
3 2022 963 964 
3 13222 1043 1044 
3 2798 965 966 
3 13341 7376 6180 
3 2798 967 968 
3 2798 968 2044 
3 10508 10984 10278 
3 969 14668 968 
3 10984 10508 1035 
3 971 16406 970 
3 10984 1035 1036 
3 15540 1035 10508 
3 2798 2022 965 
3 13746 2280 9657 
3 3750 971 972 
3 7176 1032 1033 
3 7176 7715 1032 
3 10045 974 975 
3 5424 957 958 
3 10395 2483 5580 
3 14700 7715 9844 
3 977 10045 976 
3 1030 14700 1029 
3 1694 1733 2828 
3 977 2483 10045 
3 14700 12528 1027 
3 2483 977 978 
3 14700 1027 1028 
3 978 979 2483 
3 11187 12528 2362 
3 1026 1027 12528 
3 981 2483 980 
3 1025 15478 1024 
3 15478 1023 1024 
3 5081 11160 11955 
3 982 1792 3939 
3 1022 15478 1021 
3 1792 982 983 
3 11160 3763 12335 
3 1011 5024 12270 
3 15478 1020 1021 
3 985 986 11396 
3 985 3939 984 
3 1015 1016 11955 
3 11396 5670 3939 
3 15386 11955 12335 
3 11396 988 989 
3 1015 11955 15386 
3 989 990 11396 
3 7965 3763 3976 
3 10642 11396 990 
3 9564 3976 7904 
3 990 991 10642 
3 12270 1010 1011 
3 992 10642 991 
3 12214 1009 12270 
3 10642 992 993 
3 1009 7533 1008 
3 14800 994 995 
3 7533 1007 1008 
3 14800 7533 10642 
3 10642 2332 11396 
3 7533 14800 996 
3 1006 15981 1005 
3 996 997 7533 
3 15981 1004 1005 
3 998 15981 997 
3 1003 15981 1002 
3 15981 998 1002 
3 998 1001 1002 
3 999 1001 998 
3 1000 1001 999 
3 1019 4310 1018 
3 12528 11187 1025 
3 9841 10395 5580 
3 972 973 3750 
3 10984 1036 1037 
3 1039 1040 10278 
3 7376 10278 11354 
3 10925 11210 2302 
3 1048 11354 1047 
3 7198 8835 9129 
3 953 954 9398 
3 1954 951 952 
3 1954 948 949 
3 4364 4768 14739 
3 1060 1061 8718 
3 8718 1062 1063 
3 943 944 15047 
3 13213 3863 11785 
3 1067 10681 1066 
3 8515 2922 14288 
3 10681 1069 1070 
3 14288 936 8515 
3 12823 1072 1073 
3 15625 12991 12823 
3 15251 14260 2647 
3 1077 1078 12991 
3 8727 6001 927 
3 13412 3382 8941 
3 5413 1081 1082 
3 5413 1082 1083 
3 11692 10584 4005 
3 925 6001 924 
3 1878 1085 1086 
3 1878 1086 1087 
3 2308 918 919 
3 2308 917 918 
3 2308 6682 917 
3 917 6682 916 
3 1093 1094 16309 
3 16309 1095 1096 
3 16309 1096 11002 
3 11002 1097 1098 
3 10462 3682 3249 
3 1098 1099 7557 
3 1099 3682 7557 
3 11536 5228 2982 
3 14332 3605 10386 
3 12879 906 907 
3 15524 1497 1496 
3 1104 3682 1103 
3 8842 2778 2249 
3 2455 1104 1105 
3 2455 1105 1106 
3 2455 1106 1107 
3 2455 1107 1108 
3 7258 1108 1109 
3 1111 7258 1110 
3 5145 7258 1111 
3 15705 10758 894 
3 10758 893 894 
3 10758 892 893 
3 890 891 4096 
3 1114 1115 5145 
3 1115 1116 5917 
3 1116 1117 5917 
3 14774 8282 12475 
3 10210 882 3369 
3 886 1657 11430 
3 885 886 11430 
3 1121 1940 1120 
3 1122 1940 1121 
3 14523 9531 10531 
3 883 3369 882 
3 10210 3369 7623 
3 881 882 10210 
3 1127 1128 12992 
3 10266 5416 5731 
3 10210 13086 879 
3 8498 13166 10680 
3 10680 876 877 
3 12992 1130 1131 
3 12937 12074 3953 
3 10680 13166 876 
3 873 874 13166 
3 12074 2882 3953 
3 11683 3953 3021 
3 4714 870 871 
3 4714 6090 870 
3 1137 2882 1136 
3 1138 2882 1137 
3 867 6090 7788 
3 7788 1628 13462 
3 3021 1139 1140 
3 14222 3021 1140 
3 8264 866 7788 
3 14222 1142 1143 
3 9519 1143 1144 
3 8264 4286 14457 
3 11873 1628 2857 
3 1145 1146 12632 
3 8264 14457 862 
3 14457 13103 8725 
3 11313 12632 1933 
3 11313 1933 3706 
3 13358 8105 11830 
3 1148 4647 1147 
3 1933 4647 1148 
3 7808 5684 854 
3 16024 1149 1150 
3 1152 16266 16024 
3 5684 851 852 
3 16266 1152 1153 
3 9578 1673 12631 
3 11461 7808 16118 
3 1154 1839 14522 
3 1155 1839 1154 
3 6335 849 850 
3 1839 1155 1156 
3 12565 3511 14522 
3 847 848 13996 
3 10490 2893 3214 
3 13028 827 3983 
3 846 847 1736 
3 10490 3214 3454 
3 1736 6150 845 
3 845 6150 15411 
3 2617 3454 10058 
3 15411 843 844 
3 10058 1163 2617 
3 1163 1164 2617 
3 3364 842 15411 
3 1165 2617 1164 
3 841 3364 840 
3 8199 8139 3268 
3 1168 1169 10843 
3 840 1919 839 
3 1170 1171 10843 
3 1919 838 839 
3 15132 2825 7929 
3 15132 7929 10843 
3 836 837 2545 
3 6922 5326 6102 
3 836 2545 11066 
3 16231 1175 1176 
3 16022 5010 14756 
3 11066 5630 12711 
3 9362 1178 1179 
3 2536 14356 6127 
3 9362 1179 1180 
3 11066 833 834 
3 10309 2545 7029 
3 14347 3111 5798 
3 3983 2773 13028 
3 1575 1574 6615 
3 4858 3983 828 
3 9362 1181 1182 
3 828 3983 827 
3 13028 825 826 
3 12923 16411 4156 
3 14758 1718 5181 
3 7221 1183 1184 
3 10148 822 823 
3 16460 1185 1186 
3 9144 822 10148 
3 1186 11695 16460 
3 821 822 9144 
3 13721 10148 11981 
3 6290 1587 1586 
3 820 9144 819 
3 11695 1186 1187 
3 5371 4974 3532 
3 11691 15114 9465 
3 9144 818 819 
3 3065 11695 1188 
3 5371 817 9144 
3 13691 11695 1189 
3 817 5371 816 
3 2353 2795 16411 
3 5371 815 816 
3 1192 9465 13691 
3 1193 9465 1192 
3 5961 811 812 
3 9465 1193 2346 
3 16439 12544 9046 
3 1194 2346 1193 
3 1783 808 809 
3 2346 1194 1195 
3 807 808 1783 
3 1195 1196 1833 
3 807 1783 14510 
3 1197 1833 1196 
3 807 14510 806 
3 1833 1197 1597 
3 14510 805 806 
3 1198 1597 1197 
3 14510 1783 7105 
3 1598 1198 1199 
3 14510 7105 7927 
3 1201 0 1 
3 804 14510 803 
3 1 1202 1201 
3 2 15158 1202 
3 15158 4 5 
3 15158 3 4 
3 15158 1203 1202 
3 7536 15253 1203 
3 8114 2371 6897 
3 9153 4908 8114 
3 1208 5192 1209 
3 1210 9153 1211 
3 4908 2371 8114 
3 9153 1210 5192 
3 16 7800 15 
3 6897 2371 10 
3 4245 1213 1212 
3 1215 1214 4245 
3 13699 1215 4245 
3 13699 1216 1215 
3 1218 1217 15046 
3 14382 2501 14117 
3 1220 5091 1221 
3 1221 5091 1222 
3 1222 1812 1223 
3 1223 1812 10404 
3 1224 1223 10404 
3 10404 1812 9091 
3 7219 1226 10404 
3 10404 1226 1225 
3 7219 1227 1226 
3 7219 1228 1227 
3 1230 1229 8572 
3 4451 9304 2076 
3 8572 1231 1230 
3 3801 1232 1231 
3 3801 1233 1232 
3 15011 1234 3801 
3 15011 1235 1234 
3 15426 1236 1235 
3 15426 1237 1236 
3 15426 8266 1238 
3 1237 15426 1238 
3 8266 1240 1239 
3 8266 1241 1240 
3 15303 5517 3114 
3 1244 1243 1976 
3 5616 1630 7652 
3 15673 1976 13668 
3 1247 13008 15673 
3 8695 6550 8266 
3 3387 13668 1976 
3 15673 13668 1250 
3 15673 1250 1249 
3 13668 1251 1250 
3 8819 13204 13668 
3 2418 5561 9468 
3 6691 13668 1253 
3 1254 13668 13204 
3 15180 8819 15585 
3 1255 1254 13204 
3 1256 13204 1257 
3 1257 13204 1258 
3 1258 13204 1259 
3 5250 1981 4497 
3 7785 4588 4753 
3 1261 2572 1262 
3 15448 31 32 
3 1263 1262 2572 
3 1264 1263 2572 
3 6961 2572 8069 
3 7677 1265 2572 
3 6119 1266 1265 
3 6119 1267 1266 
3 5250 9938 1981 
3 6119 1269 1268 
3 6119 1270 1269 
3 15995 1271 1270 
3 1273 14919 1274 
3 1274 9705 1275 
3 1275 9705 13521 
3 11343 2710 9567 
3 13521 9705 15473 
3 1278 1277 13521 
3 1279 1278 13521 
3 1280 12467 1281 
3 12467 8935 1283 
3 1282 12467 1283 
3 1285 1284 5589 
3 14283 2034 9611 
3 8935 1284 1283 
3 1286 1285 5589 
3 1287 5589 16268 
3 1288 1287 16268 
3 1289 1288 16268 
3 1290 16268 1291 
3 2020 8371 1292 
3 1292 8371 1293 
3 8371 5748 1295 
3 1294 8371 1295 
3 5589 8935 14035 
3 5748 1298 1297 
3 5748 14027 1298 
3 9626 12594 2803 
3 5438 2851 3085 
3 6836 1301 1300 
3 12004 2784 10416 
3 1302 1301 2503 
3 4638 2226 2920 
3 9990 2503 6004 
3 1305 1304 2503 
3 9990 1305 2503 
3 9990 1306 1305 
3 1308 1307 7022 
3 1309 7022 1310 
3 1310 7022 1311 
3 11135 7022 6004 
3 7568 2379 4638 
3 1313 16317 1314 
3 8689 3735 16357 
3 16093 7538 10363 
3 1316 1315 8445 
3 10363 7538 2414 
3 8445 1317 1316 
3 2847 1347 1346 
3 1317 8445 1318 
3 16093 7196 5902 
3 5902 1321 1320 
3 2920 13633 6023 
3 5902 1323 1322 
3 1325 1324 6858 
3 1326 1325 6858 
3 12841 8930 4840 
3 1328 6393 1329 
3 1329 6393 1330 
3 1330 6393 1331 
3 5341 6695 6157 
3 15403 12759 8053 
3 6393 1332 1331 
3 14884 1333 6393 
3 14884 1334 1333 
3 10034 12871 2224 
3 14884 1336 1335 
3 1338 1337 2786 
3 16058 3359 5244 
3 2786 1339 1338 
3 7222 13770 6468 
3 2786 6517 1340 
3 1340 6517 1341 
3 7440 4202 4996 
3 1342 5078 1343 
3 1343 5078 1344 
3 2847 1346 1345 
3 1348 2847 1349 
3 6975 2847 1345 
3 6581 6257 1350 
3 1351 1350 6257 
3 1352 6257 1353 
3 1354 6257 2011 
3 2011 1959 6718 
3 1355 2011 1356 
3 1366 1365 8723 
3 6718 1359 1358 
3 1959 15138 1359 
3 1359 15138 1360 
3 6718 1959 1359 
3 1361 1360 15138 
3 1362 1361 8640 
3 1363 1362 8640 
3 15138 1959 10173 
3 8640 1364 1363 
3 8640 8723 1364 
3 10884 2505 4410 
3 1368 6714 1369 
3 1369 6714 11406 
3 11406 6714 8723 
3 12038 1370 11406 
3 12038 1371 1370 
3 1373 1372 2411 
3 12241 8735 3225 
3 1375 2411 12259 
3 1376 1375 12259 
3 12259 2411 12038 
3 1378 1377 9476 
3 9866 1378 9476 
3 8332 2181 1990 
3 1381 1990 1382 
3 1990 1384 1383 
3 1990 14419 1384 
3 1384 14419 1385 
3 14419 6600 9610 
3 9610 6600 9148 
3 7598 9581 1388 
3 9581 1390 1389 
3 9581 1391 1390 
3 1393 1392 2296 
3 11680 1393 2296 
3 11680 1394 1393 
3 11680 1395 1394 
3 15616 14968 7500 
3 11680 7500 1397 
3 1396 11680 1397 
3 12525 5716 15616 
3 1398 7500 15113 
3 15113 7500 8724 
3 13948 4684 10011 
3 1401 1400 8724 
3 14374 14968 7006 
3 1403 7016 1404 
3 1404 7016 14374 
3 1405 1404 7183 
3 7183 9449 7488 
3 1407 7183 8150 
3 1408 8150 1409 
3 16559 10323 13476 
3 13709 2500 9605 
3 8477 10324 6912 
3 1412 1411 7488 
3 15407 2229 2805 
3 1414 1413 7488 
3 7571 4518 1416 
3 7571 1415 1414 
3 1417 4518 7571 
3 12281 9903 16302 
3 7571 1418 1417 
3 10982 13363 7571 
3 1421 9180 1422 
3 1424 9180 5147 
3 1423 1422 9180 
3 1424 1423 9180 
3 1425 1424 5147 
3 6246 1771 3337 
3 1427 5147 1428 
3 1429 5147 3337 
3 1429 3337 1430 
3 1430 3337 6909 
3 1431 1430 6909 
3 1432 1431 6909 
3 4406 2436 5062 
3 11732 11906 7953 
3 11906 7531 6909 
3 6909 14626 1434 
3 15242 14162 5445 
3 14626 15242 1436 
3 5445 1438 1437 
3 5445 1439 1438 
3 1441 5247 16028 
3 16028 5247 14944 
3 14162 14944 5445 
3 1444 1443 10112 
3 14142 12510 10971 
3 1446 12931 1447 
3 1447 12931 1448 
3 1448 3094 1449 
3 1449 3094 1450 
3 1450 3094 1451 
3 3094 1453 1452 
3 3094 1454 1453 
3 6406 2402 2919 
3 1454 3094 4115 
3 1455 1454 4115 
3 1518 1517 10137 
3 1457 1456 4220 
3 15679 4115 3094 
3 13174 4220 11784 
3 1460 1459 13174 
3 14655 11784 8320 
3 14207 1660 16159 
3 5408 1462 1461 
3 10336 8320 2227 
3 10442 5005 10336 
3 1467 10442 2863 
3 10442 1466 5005 
3 2863 10442 1470 
3 1469 2863 1470 
3 1470 10442 1471 
3 1471 3878 1472 
3 1472 3878 1473 
3 2161 14207 1474 
3 1477 1476 2359 
3 3829 1477 2359 
3 3829 1478 1477 
3 3829 1479 1478 
3 3826 1480 1479 
3 3826 1481 1480 
3 6444 1482 3826 
3 13256 3003 10478 
3 14794 7776 16164 
3 16159 3826 3829 
3 1484 1483 6444 
3 3520 10478 14474 
3 1486 14794 1487 
3 5895 2718 2205 
3 1488 1487 7102 
3 8451 4887 2697 
3 9462 14711 12998 
3 3520 5895 7102 
3 5895 2205 15524 
3 7102 1492 1491 
3 16564 3465 12653 
3 1495 5895 1496 
3 1499 1498 2205 
3 1500 1499 2205 
3 2734 2205 2506 
3 2734 1501 2205 
3 2734 1502 1501 
3 2734 1503 1502 
3 9665 15304 9281 
3 3689 1505 2734 
3 9423 10913 3689 
3 1508 1507 10913 
3 2559 1781 1947 
3 10913 1509 1508 
3 2210 1510 1509 
3 1512 1511 2210 
3 3601 1512 2210 
3 1513 11012 1514 
3 1512 3601 11012 
3 1513 1512 11012 
3 12402 1882 8308 
3 14107 3601 14558 
3 1516 1515 11012 
3 1517 1516 11012 
3 10137 1520 1519 
3 10137 1521 1520 
3 10137 1522 1521 
3 8454 8488 9532 
3 1525 1524 2033 
3 1526 1525 2033 
3 1527 1526 2033 
3 5977 1527 2033 
3 5977 1528 1527 
3 5977 1529 1528 
3 5977 1530 1529 
3 5977 1531 1530 
3 7588 12850 10027 
3 9061 11100 5977 
3 1532 11100 1533 
3 1533 9717 1534 
3 9717 1536 1535 
3 1537 11100 1538 
3 1536 9717 1537 
3 14272 3393 3794 
3 14596 8454 9532 
3 6669 16230 1540 
3 10565 8488 2691 
3 9532 10565 5050 
3 5050 1544 1543 
3 11863 1893 5534 
3 1547 2691 1548 
3 15917 2691 5283 
3 6629 2691 8488 
3 1559 1558 8457 
3 16321 1550 15917 
3 1550 16321 1551 
3 16321 1552 1551 
3 16321 1553 1552 
3 9453 10928 7714 
3 1556 1555 8457 
3 1557 1556 8457 
3 5946 5232 6263 
3 8457 1558 1557 
3 1560 8457 1561 
3 1625 1563 1562 
3 1625 1564 1563 
3 1625 1565 1564 
3 1625 1566 1565 
3 1625 1567 1566 
3 1625 1568 1567 
3 1625 12367 1568 
3 12367 8203 15822 
3 8203 13772 13311 
3 1570 1569 12367 
3 12907 1570 12367 
3 15822 8165 12367 
3 10256 5717 10647 
3 12907 1573 1572 
3 1575 6615 1576 
3 1576 6615 8259 
3 8952 1576 8259 
3 1578 1577 8952 
3 8952 10702 1580 
3 15967 1777 13732 
3 1581 10702 15967 
3 1582 1581 15967 
3 1585 14358 6290 
3 1584 1583 14358 
3 9859 13732 9219 
3 14358 1585 1584 
3 1588 6290 4931 
3 13441 3902 4168 
3 1589 4931 13441 
3 13441 1592 1591 
3 13441 1593 1592 
3 13441 4168 1593 
3 4168 1595 1594 
3 4168 1596 1595 
3 1833 1597 1596 
3 1198 1598 1597 
3 1199 1599 1598 
3 1199 1200 1599 
3 9919 730 731 
3 5493 273 274 
3 6635 2393 4728 
3 12914 759 760 
3 16054 681 682 
3 8462 10441 4566 
3 4478 795 2206 
3 7196 1323 5902 
3 5556 5541 7513 
3 14367 14510 5414 
3 6990 5346 7866 
3 14084 7323 15463 
3 3486 1622 9863 
3 688 5617 687 
3 12929 3448 14584 
3 15608 484 485 
3 8335 2220 8652 
3 491 6635 14862 
3 5437 11248 11741 
3 13116 6947 13524 
3 12879 905 906 
3 1103 3682 1102 
3 113 114 12817 
3 12878 16162 7060 
3 1276 1275 13521 
3 6312 14434 4874 
3 11990 7540 2903 
3 2372 5277 12994 
3 4220 1455 4115 
3 863 8264 862 
3 12185 2139 9826 
3 636 6252 635 
3 765 1616 5989 
3 765 766 1616 
3 7407 2796 6437 
3 683 684 9718 
3 16464 2310 8694 
3 15340 1823 14970 
3 770 7303 769 
3 8875 9487 13639 
3 1409 8150 1410 
3 6116 10469 4941 
3 1488 7102 1489 
3 15435 9882 5624 
3 7908 2203 7503 
3 10390 15443 9802 
3 12079 9481 2542 
3 14410 5472 8045 
3 10125 16408 4011 
3 15175 4550 10795 
3 1561 5717 1562 
3 1166 2617 1165 
3 1064 1065 2526 
3 9749 3501 9271 
3 15797 8270 2838 
3 3340 16134 6563 
3 15052 10284 11952 
3 6090 869 870 
3 12046 1629 14738 
3 7603 4845 1815 
3 1243 1242 8266 
3 8266 1242 1241 
3 7940 2141 4322 
3 3878 2161 1473 
3 3892 11836 2125 
3 4954 5304 2389 
3 11437 12837 5205 
3 931 2647 930 
3 2729 9896 10440 
3 6365 10906 11276 
3 125 126 2848 
3 2848 126 127 
3 3591 249 250 
3 14594 12869 5461 
3 14448 4913 13304 
3 13493 3538 2270 
3 4144 16050 3158 
3 10792 1672 8191 
3 8939 1448 12931 
3 1413 1412 7488 
3 11954 4206 10543 
3 11827 8901 1663 
3 657 8954 14857 
3 1951 14193 10037 
3 5748 1296 1295 
3 89 9356 88 
3 2404 2967 7551 
3 12110 11817 11060 
3 8748 5853 8073 
3 10150 5141 8980 
3 7974 1821 1750 
3 953 9398 1954 
3 15312 3219 8474 
3 13614 1724 3564 
3 12413 13768 12013 
3 3093 672 673 
3 11983 8871 2704 
3 14544 10177 7673 
3 9069 1955 12619 
3 4339 1624 4269 
3 8448 5540 9463 
3 11125 14002 2234 
3 10052 6419 14111 
3 2190 4932 10632 
3 11117 4436 9107 
3 7969 5237 2528 
3 5100 8379 8167 
3 15566 14157 15965 
3 15609 1925 2035 
3 14438 14372 5346 
3 13544 8714 12035 
3 1307 9990 7022 
3 8293 9247 1918 
3 5482 11862 4332 
3 888 1657 887 
3 888 889 1657 
3 3254 13202 8296 
3 6136 11914 1996 
3 6103 2998 11533 
3 7136 12628 8669 
3 5484 1660 1942 
3 2359 1475 1474 
3 1724 5474 7911 
3 13623 3645 6725 
3 9094 16012 9732 
3 6925 6752 11947 
3 15133 1658 4938 
3 16024 1933 1149 
3 13869 15517 6421 
3 11419 359 360 
3 3470 1711 6671 
3 853 854 5684 
3 12950 11050 11525 
3 14309 9609 6976 
3 7826 16436 7497 
3 14839 2575 7079 
3 8032 15595 662 
3 8333 2711 11872 
3 16564 12653 1827 
3 16061 4129 1631 
3 6602 2198 4302 
3 15813 3532 1783 
3 9087 4722 6340 
3 768 7399 767 
3 8980 8191 1672 
3 14974 3228 10347 
3 15917 1549 1548 
3 14378 1941 12279 
3 13323 2815 12827 
3 35 36 4056 
3 14110 3198 12469 
3 2291 1853 4208 
3 11889 15260 12599 
3 8975 1923 3894 
3 4097 1913 2968 
3 11613 14990 15766 
3 13430 1678 6686 
3 7364 11907 12689 
3 14600 11272 2119 
3 12801 2703 1650 
3 8879 1715 2120 
3 14458 2500 8999 
3 1524 1523 2033 
3 5747 6321 4015 
3 6594 3390 1963 
3 9467 1929 10615 
3 2405 373 374 
3 429 430 7496 
3 9703 1787 5213 
3 4893 10615 2696 
3 9180 8450 5147 
3 2181 14419 1990 
3 711 1686 710 
3 9041 712 713 
3 13208 5269 4331 
3 11538 12606 2260 
3 5105 3226 3047 
3 2663 4644 1821 
3 6279 675 676 
3 8915 6219 12626 
3 11682 5245 3347 
3 16070 13432 3836 
3 14205 15364 6352 
3 8554 4917 4205 
3 11411 13477 2956 
3 9592 3691 8424 
3 7002 1702 2392 
3 14046 3295 6455 
3 12029 7595 10838 
3 3939 981 982 
3 9309 476 477 
3 7590 4199 1740 
3 4906 5990 11745 
3 4119 9820 10191 
3 15497 2797 7931 
3 15105 698 699 
3 9477 10487 15450 
3 15426 8572 2874 
3 15791 1699 3001 
3 7162 4621 1817 
3 5883 2178 1902 
3 11230 10955 13067 
3 9034 6254 2178 
3 8920 5291 8144 
3 9390 16058 3057 
3 2181 3379 6600 
3 1506 3689 10913 
3 5285 14917 11835 
3 7390 2428 4133 
3 1724 7911 15449 
3 5335 5421 6671 
3 11578 11847 6212 
3 8517 12398 14706 
3 12250 13641 3035 
3 3944 2067 5997 
3 5286 15064 12187 
3 6967 2374 8653 
3 1340 1339 2786 
3 8173 15152 6591 
3 9135 6030 10448 
3 6953 4240 11688 
3 6523 1606 7138 
3 14855 11451 11130 
3 11883 9763 2112 
3 3974 1712 4780 
3 8964 5112 8225 
3 12122 3866 3355 
3 12859 9823 12756 
3 223 9651 5407 
3 224 225 6716 
3 8034 8857 9707 
3 1816 9909 3087 
3 1328 4433 6393 
3 4209 7839 16349 
3 8636 2658 3903 
3 5656 7408 7915 
3 828 829 4858 
3 11242 6304 9588 
3 11407 6663 6995 
3 12536 2103 3081 
3 10891 3977 16239 
3 729 730 1720 
3 9838 3194 15887 
3 1264 2572 1265 
3 9929 10152 3503 
3 11640 12809 14294 
3 10491 15676 10158 
3 11342 1703 1804 
3 13307 3092 16541 
3 6713 7459 6068 
3 7823 1725 5977 
3 5977 1532 1531 
3 15858 16497 14804 
3 6405 2221 4302 
3 5700 2344 1891 
3 14522 16266 1154 
3 8126 7252 1784 
3 6059 7820 11925 
3 9531 1940 9157 
3 5917 1118 1119 
3 13955 10894 11170 
3 7628 5956 8458 
3 10519 8796 6605 
3 7031 6413 10308 
3 6612 6665 6910 
3 7294 1879 2523 
3 12349 5580 3939 
3 2828 1645 1694 
3 14404 1734 9213 
3 14404 592 1734 
3 3888 3945 10781 
3 8538 1947 1781 
3 846 1736 845 
3 11066 832 833 
3 15840 7438 534 
3 13124 4428 11238 
3 7478 7339 3062 
3 1657 890 4096 
3 3690 1934 1814 
3 13834 2851 2419 
3 4844 12427 8504 
3 7898 3658 12881 
3 6725 3645 14633 
3 7131 3634 3667 
3 11143 10171 8620 
3 3748 14568 3147 
3 5868 3660 16042 
3 12062 3164 1949 
3 3686 5246 16302 
3 2009 10637 3408 
3 8497 6104 15978 
3 3245 15660 228 
3 12607 3841 10081 
3 12368 1665 8945 
3 13769 7184 13517 
3 8619 2551 5037 
3 15532 1832 7058 
3 15822 12923 6229 
3 4609 6128 9473 
3 8718 1058 1059 
3 7974 1750 1764 
3 4330 9635 2828 
3 6121 4101 3023 
3 4233 15136 3971 
3 6309 3618 6289 
3 11397 3713 6011 
3 14807 2878 5996 
3 13254 4030 10178 
3 12470 7189 3622 
3 3861 4577 2955 
3 9408 5951 15238 
3 11900 13700 5485 
3 7775 1756 5992 
3 12800 4252 1617 
3 11730 10564 3570 
3 13293 8922 9898 
3 13509 10071 13491 
3 6703 4398 259 
3 15095 511 7585 
3 13505 2801 10160 
3 2316 1621 2251 
3 10658 3918 7420 
3 11607 1888 11880 
3 16036 5593 10167 
3 12879 908 909 
3 6382 11747 5794 
3 10376 1664 2887 
3 14113 9594 10146 
3 12979 3185 3563 
3 14047 3793 2489 
3 12445 3327 1800 
3 13655 2330 1700 
3 13848 11866 16570 
3 7564 12993 3174 
3 14782 9623 1767 
3 6992 3590 12542 
3 540 541 3360 
3 3360 541 542 
3 8402 14266 16045 
3 15601 5133 10955 
3 5611 1913 4425 
3 16386 93 94 
3 1429 1428 5147 
3 7057 3621 3764 
3 15932 1964 11318 
3 13866 6743 7850 
3 14699 4236 8991 
3 11338 1796 1892 
3 4490 3501 3441 
3 12498 1949 7351 
3 3997 1775 4248 
3 10279 2952 5390 
3 12934 12598 8415 
3 11924 2490 2140 
3 1579 8952 1580 
3 2448 1748 2058 
3 466 13518 15488 
3 14980 14022 10097 
3 14702 7255 11815 
3 686 687 9718 
3 5231 114 115 
3 5671 8201 1770 
3 3910 6170 7293 
3 3877 9625 14850 
3 12562 4639 1957 
3 11581 10732 11393 
3 810 1783 809 
3 810 811 15813 
3 12870 1784 7252 
3 14063 2830 2060 
3 12646 8865 5848 
3 7048 8449 11878 
3 14519 1924 4676 
3 3046 1813 3079 
3 3050 9703 5213 
3 15349 1696 3884 
3 13661 13667 13413 
3 15651 15248 13178 
3 11458 3524 5256 
3 14201 2612 5039 
3 4567 5649 2610 
3 11367 5037 15911 
3 13278 16347 3027 
3 8133 1643 2722 
3 3939 1792 984 
3 983 984 1792 
3 3538 10652 2270 
3 14240 10780 1977 
3 14515 2331 8571 
3 11310 2611 6152 
3 9237 16425 14765 
3 2574 7490 13894 
3 16393 3405 6977 
3 14530 7211 7086 
3 15626 1797 14150 
3 6537 6953 14665 
3 9146 13897 15082 
3 2646 9253 778 
3 4881 13234 1799 
3 350 351 13116 
3 11401 1904 2645 
3 4269 2259 4339 
3 7996 3019 12377 
3 6997 2409 5972 
3 9198 496 497 
3 15087 14862 4878 
3 5652 8506 3242 
3 707 708 6291 
3 12590 16375 9726 
3 1494 5895 1495 
3 6158 3389 7630 
3 4798 15422 2945 
3 10260 8145 4939 
3 15782 3142 3740 
3 462 1807 461 
3 4831 12818 15154 
3 12931 10112 11961 
3 9063 3641 10198 
3 7476 9396 16585 
3 10800 13154 7068 
3 13517 12591 3582 
3 12796 1647 9652 
3 9080 9495 11260 
3 5925 9299 11070 
3 1219 1218 5091 
3 12675 4570 10263 
3 10725 4733 2477 
3 7648 2536 7458 
3 3690 1814 7082 
3 5910 14846 2495 
3 2072 1815 4845 
3 14948 6063 8443 
3 12283 11988 6017 
3 5873 2816 15391 
3 6906 1817 4621 
3 4791 4792 2209 
3 6595 8216 2320 
3 4999 10364 3474 
3 10133 8413 3940 
3 4227 5707 2459 
3 13423 6767 6951 
3 12532 4578 6594 
3 2663 7719 12290 
3 16248 1869 8431 
3 13998 1822 4657 
3 10995 2940 13220 
3 7835 7460 14637 
3 7399 3867 7917 
3 16286 15792 1824 
3 14072 8118 8625 
3 11261 4893 1825 
3 9007 1787 6809 
3 4215 1826 3709 
3 5472 6349 2015 
3 4356 1723 16184 
3 10618 9845 1631 
3 16275 12513 16214 
3 9673 11471 3809 
3 13238 1852 13869 
3 7812 7951 14530 
3 14671 3820 8031 
3 14272 6015 3393 
3 6154 5444 3593 
3 5293 5377 12159 
3 14850 3302 3425 
3 4671 1932 3500 
3 1588 1587 6290 
3 13691 1190 1191 
3 10772 4410 1834 
3 7355 2933 1730 
3 6483 8019 6016 
3 4852 1691 15136 
3 7527 8890 13489 
3 16309 1090 1091 
3 7767 3710 3246 
3 11296 5500 7999 
3 13164 571 572 
3 12591 3048 3582 
3 1157 1839 1156 
3 10058 1160 1161 
3 15947 6113 4239 
3 15237 13632 1877 
3 14420 6693 11631 
3 14062 3883 4764 
3 12769 1031 1032 
3 15287 6080 8171 
3 7878 2005 6227 
3 6686 1678 2256 
3 7830 1900 6712 
3 7438 533 534 
3 13311 6802 1845 
3 9362 1177 1178 
3 7157 1846 1938 
3 13356 10227 14648 
3 12959 13736 5153 
3 9116 16002 6958 
3 7220 33 34 
3 10855 7220 34 
3 14587 7417 3636 
3 3441 1614 1774 
3 4803 6066 3647 
3 8361 1766 9577 
3 12360 12196 2295 
3 10594 10432 15172 
3 5836 15517 7604 
3 12760 3631 3661 
3 10074 3052 4171 
3 12828 9263 10065 
3 187 13410 3322 
3 13185 4776 2172 
3 13735 7552 7704 
3 14965 12222 4646 
3 7477 12811 1838 
3 9833 3819 6786 
3 7314 1840 4892 
3 11746 4559 14082 
3 5770 1988 7321 
3 8570 7397 9823 
3 5383 8563 12927 
3 12379 2368 7300 
3 14317 3978 6338 
3 7524 6418 2530 
3 9723 2450 7735 
3 2205 1501 1500 
3 16042 1862 3261 
3 11813 2571 13747 
3 7425 7014 3558 
3 5662 1715 5665 
3 1613 1864 1802 
3 10201 1695 13228 
3 14637 2646 782 
3 789 14854 7618 
3 12792 2668 3109 
3 10371 3109 2885 
3 5378 4725 2799 
3 8883 2168 4450 
3 2311 5213 1787 
3 6502 2763 9719 
3 11328 3344 7719 
3 10669 4772 6368 
3 13249 5298 14603 
3 7398 6381 8098 
3 9995 2974 7003 
3 13224 2202 5136 
3 7442 1889 8082 
3 15134 7543 16354 
3 7478 1912 3047 
3 16228 7397 9749 
3 6828 1874 1734 
3 606 607 2966 
3 548 549 11602 
3 561 562 9491 
3 9852 2529 4623 
3 16198 3341 4195 
3 96 97 9872 
3 6176 8099 7354 
3 8441 7352 2982 
3 1084 1085 1878 
3 6910 15112 9712 
3 8610 4795 7299 
3 14717 10428 13554 
3 5531 7993 11004 
3 8071 1881 5858 
3 16292 1654 12268 
3 3973 8466 10627 
3 11342 7991 1703 
3 13818 7984 6628 
3 5402 11554 11013 
3 3116 8921 11064 
3 8217 14264 2248 
3 14675 2068 14963 
3 14846 7896 2865 
3 10545 1886 6498 
3 14002 7065 4754 
3 15056 2096 2543 
3 14817 8242 12333 
3 15840 11078 10590 
3 15763 2694 4412 
3 12347 15830 16579 
3 8082 4074 3224 
3 15560 647 648 
3 10037 2067 6774 
3 15382 5605 3726 
3 1162 10058 1161 
3 10872 1892 1796 
3 3168 4192 3172 
3 5782 3398 5178 
3 6669 1539 1538 
3 3183 5746 2804 
3 11051 2277 13079 
3 15860 6164 14186 
3 10780 14240 3293 
3 8555 1896 3653 
3 15161 2006 7847 
3 13875 15323 8600 
3 11263 8151 9930 
3 12446 6891 9139 
3 751 6745 750 
3 12255 1899 1615 
3 632 8204 631 
3 6642 8335 8953 
3 10216 4992 7982 
3 1907 2132 6256 
3 4811 3032 7106 
3 14187 5439 7370 
3 14028 11908 5548 
3 11767 15854 8958 
3 14467 11064 8405 
3 9555 3059 10693 
3 16015 4038 7402 
3 14155 9933 13053 
3 14281 15293 8191 
3 16372 1906 16041 
3 9995 13586 6962 
3 9994 13362 3742 
3 13380 4598 5632 
3 14622 2158 12538 
3 13521 2333 12467 
3 4333 5636 3652 
3 10706 10042 10482 
3 2058 1910 2448 
3 5010 1931 2746 
3 11038 11707 3940 
3 9167 1676 9093 
3 8918 7088 15365 
3 5441 8960 8708 
3 3070 3651 4841 
3 5778 4110 2738 
3 8085 8345 15987 
3 8179 10686 6664 
3 12615 6800 1684 
3 10466 3506 8331 
3 14812 12334 14618 
3 724 725 9442 
3 13472 9488 6848 
3 11944 11595 10587 
3 8090 2741 3716 
3 7508 13520 11922 
3 837 1919 2545 
3 7029 3423 7986 
3 13709 9275 8999 
3 11426 12140 15970 
3 14478 430 431 
3 7163 7168 12952 
3 1794 11983 3987 
3 14271 6980 3264 
3 15943 11364 7158 
3 13017 11788 14612 
3 15889 12544 16439 
3 7290 13440 8672 
3 10150 13177 16196 
3 10553 8429 8285 
3 15434 4050 10571 
3 7503 2203 3804 
3 14682 4791 2209 
3 8608 9215 10467 
3 5053 5221 11400 
3 6605 15934 3016 
3 15331 15109 8293 
3 8641 3149 10757 
3 10106 2810 7802 
3 15720 1706 10969 
3 5139 7669 11110 
3 5139 11110 1891 
3 4774 2654 3310 
3 1126 6960 9157 
3 14522 8302 16266 
3 1148 1149 1933 
3 16465 9439 14086 
3 16250 2994 15317 
3 15900 11947 6752 
3 15989 1881 14799 
3 15715 1936 3341 
3 16126 15600 7660 
3 15073 3654 9590 
3 10572 11034 12077 
3 12540 3857 11271 
3 12540 11271 3904 
3 16523 6775 12744 
3 11826 9159 13133 
3 1123 1940 1122 
3 1123 1124 9157 
3 12279 14313 14378 
3 14431 3250 12093 
3 1463 1462 5005 
3 4129 2790 1631 
3 13519 4966 5797 
3 13203 11843 463 
3 10095 3840 8790 
3 4166 2981 7318 
3 8511 4341 2324 
3 3873 2057 11773 
3 9169 13561 11064 
3 2688 15741 13867 
3 8549 8838 11956 
3 4729 2051 12407 
3 14880 1948 13084 
3 13337 6534 12279 
3 16181 2075 4273 
3 9405 2386 6071 
3 5223 2163 2345 
3 6578 6782 14158 
3 11598 5583 6055 
3 10883 579 580 
3 6816 1999 4910 
3 9397 7330 9537 
3 725 726 9442 
3 14618 4708 14812 
3 951 1954 950 
3 3507 4279 2195 
3 2300 4400 5592 
3 3412 695 696 
3 5795 1956 5494 
3 11853 3646 12474 
3 11701 15116 10365 
3 5618 10854 12941 
3 739 1958 738 
3 739 740 2911 
3 1356 2011 1357 
3 11045 5322 13918 
3 13649 15796 13455 
3 4806 5516 12976 
3 14475 1961 5867 
3 8705 1681 1735 
3 9396 3020 12397 
3 14694 1892 3620 
3 12362 3139 5581 
3 12020 7981 11629 
3 15776 11861 15035 
3 12454 6919 13854 
3 2696 10615 1984 
3 1929 4849 7301 
3 2396 717 15902 
3 15902 717 718 
3 5978 3003 10755 
3 14794 7102 1487 
3 660 661 5302 
3 5583 11598 3674 
3 4356 1969 1827 
3 4356 5849 15058 
3 3784 12762 8033 
3 15277 1700 2330 
3 6998 14310 13430 
3 12514 15953 7261 
3 6713 1972 4973 
3 14875 2421 7502 
3 5420 11524 11206 
3 3482 7775 7901 
3 9077 11854 2436 
3 9323 5066 11054 
3 10520 6521 8133 
3 1052 16296 1051 
3 1245 1976 13008 
3 1245 1244 1976 
3 16556 8087 16115 
3 5969 4937 7138 
3 6420 10095 6282 
3 12678 2245 6134 
3 11535 5315 13876 
3 7775 5992 7901 
3 15752 1980 4337 
3 15586 9738 11767 
3 4755 6281 15664 
3 1279 12467 1280 
3 10829 4490 14776 
3 13475 5404 12461 
3 14846 2865 1674 
3 9113 45 46 
3 3576 1984 13068 
3 10281 3506 1684 
3 4176 2058 10396 
3 5941 10245 12905 
3 6592 14861 3215 
3 12083 2911 4953 
3 5428 439 440 
3 9732 2312 3818 
3 9812 10359 4960 
3 16544 1971 7452 
3 7463 10881 4905 
3 5928 4014 9853 
3 1382 1990 1383 
3 7515 3225 4809 
3 4465 2277 4864 
3 13328 13060 6728 
3 8756 2310 7713 
3 12686 4458 7307 
3 3143 4306 10951 
3 6792 4912 12699 
3 6974 5663 1872 
3 14780 7587 4814 
3 8530 12836 7566 
3 4980 5482 1960 
3 13044 12750 11718 
3 8908 11054 3394 
3 11856 8650 9286 
3 16390 1863 14777 
3 7032 8036 5750 
3 10772 1834 4809 
3 15174 4199 9383 
3 9597 10717 10760 
3 3555 2925 6855 
3 15107 2484 6271 
3 11345 12399 8200 
3 7046 10628 236 
3 14226 4125 10400 
3 7399 1616 766 
3 3738 2887 2003 
3 10722 9067 5293 
3 15892 13462 15052 
3 16244 10277 10105 
3 6875 6270 2468 
3 4416 2094 4890 
3 15666 11161 10016 
3 3755 2880 9534 
3 12291 9385 11076 
3 2594 15019 10668 
3 4859 2008 6452 
3 8168 12458 7549 
3 10044 13347 4263 
3 10578 4949 16263 
3 15318 5047 11629 
3 3744 6991 16532 
3 1354 2011 1355 
3 1354 1353 6257 
3 2012 7807 16502 
3 940 941 2012 
3 8979 2013 2532 
3 9016 3409 8592 
3 13473 9933 15993 
3 15233 12425 8678 
3 14979 3982 9639 
3 11801 14188 11327 
3 3592 3453 7136 
3 12927 2007 8322 
3 2703 4274 1650 
3 3428 5321 11052 
3 15268 4406 3671 
3 6662 4155 4231 
3 444 6213 443 
3 437 5428 9489 
3 1291 2020 1292 
3 3707 10968 9140 
3 14683 2291 11457 
3 7337 2070 2950 
3 965 2022 964 
3 3257 5424 959 
3 16118 4286 16052 
3 3717 2593 3472 
3 6564 2953 3074 
3 8637 5635 7122 
3 1750 3196 1764 
3 15907 6046 8464 
3 15928 2064 2024 
3 14317 6338 7887 
3 3403 4796 5932 
3 6014 3373 1988 
3 5261 10954 4870 
3 10657 9853 4014 
3 4267 5211 2006 
3 12815 6959 8568 
3 9664 15864 5046 
3 11559 6370 15446 
3 6591 2285 3652 
3 15188 11532 12170 
3 8660 9540 4343 
3 2180 1674 2865 
3 3393 5977 1725 
3 1523 1522 10137 
3 2034 6715 4978 
3 8840 11372 16574 
3 4477 12890 3634 
3 10314 11554 13127 
3 11144 1605 5761 
3 7804 2991 7060 
3 16038 5044 15992 
3 11335 2100 9886 
3 6331 3782 2038 
3 1692 8248 11357 
3 8507 3181 5423 
3 11411 2956 3219 
3 12426 3203 9107 
3 8784 8755 12990 
3 15157 10797 8989 
3 4869 1920 4493 
3 10705 5897 12013 
3 570 15988 569 
3 9313 2912 4295 
3 9632 2516 3698 
3 971 3750 16406 
3 11651 1733 1694 
3 7192 3255 5401 
3 5413 12991 1078 
3 16307 9849 2046 
3 8394 14455 7905 
3 16542 11035 2627 
3 3699 13437 3208 
3 13039 11080 2407 
3 5329 2406 3730 
3 12233 8448 16112 
3 13552 13696 2049 
3 6527 7340 7206 
3 11880 12913 14835 
3 9947 5271 4024 
3 16055 14642 6614 
3 11876 6903 3410 
3 11655 14339 11569 
3 5974 11579 8666 
3 12352 14663 2755 
3 12868 14277 8566 
3 1663 5361 6052 
3 11655 2055 3106 
3 14305 7369 10518 
3 11703 2056 340 
3 339 340 2056 
3 16089 2235 9237 
3 9699 11337 2110 
3 10396 3541 2135 
3 4176 2913 14786 
3 11522 8957 4851 
3 10156 4953 743 
3 8693 12157 9265 
3 15309 5738 2214 
3 9240 3799 11128 
3 16067 3077 9834 
3 14299 7603 2062 
3 11094 3410 6903 
3 14539 3044 15647 
3 4696 2755 8384 
3 13629 15928 2024 
3 3785 1894 2064 
3 10194 1936 5128 
3 6465 2010 3200 
3 11404 5733 2686 
3 9827 1758 3523 
3 11995 4620 5940 
3 14193 13157 1615 
3 13170 7935 14907 
3 15842 3559 6553 
3 10051 3623 6983 
3 8600 2959 8742 
3 12804 6817 9178 
3 13342 5708 4057 
3 2790 6883 10618 
3 14436 2051 6548 
3 9877 8368 2239 
3 11876 3410 5415 
3 12770 285 3399 
3 3399 285 286 
3 10743 3954 6739 
3 12865 9638 3848 
3 7288 7165 2493 
3 11928 3745 6861 
3 1213 4245 1214 
3 4716 5726 10777 
3 2439 4693 10025 
3 10547 2392 2931 
3 9802 2626 12660 
3 4857 330 331 
3 10645 2137 12329 
3 12643 1681 14863 
3 7765 4509 2980 
3 11483 6209 10658 
3 15045 11051 13079 
3 12745 5791 5353 
3 10614 9946 2082 
3 7270 11656 5683 
3 7754 6592 3222 
3 717 2396 716 
3 14751 2084 4213 
3 2084 8496 4213 
3 13352 3759 9741 
3 472 473 12712 
3 2847 6581 1349 
3 1716 12195 13148 
3 7620 9241 16501 
3 7552 13919 14496 
3 7731 6081 10007 
3 2325 12251 2216 
3 12466 8177 2462 
3 15080 11508 1608 
3 6514 2898 4285 
3 4335 15302 2832 
3 3031 2385 2944 
3 14640 9236 10557 
3 2646 14637 6870 
3 12801 7246 2703 
3 4712 14507 3380 
3 12243 6158 5727 
3 14517 8612 15071 
3 13285 2005 7878 
3 2766 15723 9179 
3 16425 2235 7334 
3 15056 2915 4748 
3 13999 14555 8601 
3 6403 2294 8543 
3 15807 2559 1947 
3 5304 4954 15013 
3 12567 15982 13250 
3 7960 2195 5227 
3 932 933 2099 
3 11941 9837 4701 
3 5487 16357 3735 
3 3068 2101 12728 
3 9706 2756 3165 
3 3658 7898 8593 
3 13173 8093 6816 
3 15233 4613 12425 
3 13992 6871 9070 
3 6251 9698 4838 
3 8936 8896 8858 
3 4890 2105 10697 
3 14867 2256 11759 
3 16362 5981 8704 
3 10538 6841 7687 
3 5189 2107 16318 
3 6910 9712 13948 
3 12460 2108 4577 
3 6650 3157 4349 
3 14123 16482 10385 
3 6271 2484 4897 
3 12727 11119 3577 
3 9887 1693 3687 
3 12474 4820 11853 
3 8248 5829 11357 
3 6721 9469 4284 
3 3133 10383 3054 
3 5596 10537 14713 
3 7124 2271 9832 
3 11785 8224 5683 
3 14737 2415 15693 
3 7294 5189 15101 
3 16318 13302 5189 
3 5831 2116 3921 
3 4540 2751 4570 
3 10525 3437 2241 
3 3021 3953 2882 
3 9744 14785 8278 
3 6007 8827 2820 
3 3034 13931 8694 
3 13930 15222 4473 
3 7405 3834 6677 
3 2939 8879 2120 
3 11748 14877 2573 
3 1388 1387 7598 
3 5586 2122 12409 
3 16097 4149 11146 
3 7480 11438 16157 
3 9193 14532 8657 
3 3371 8220 10639 
3 16033 2445 10736 
3 9701 6864 15592 
3 2745 2111 3892 
3 3451 3395 16430 
3 3630 7480 2193 
3 9353 2127 2901 
3 10524 15127 15701 
3 1612 11273 13605 
3 4073 46 47 
3 12755 3187 8815 
3 15131 15542 12244 
3 9214 4360 15202 
3 6245 1945 5287 
3 319 320 5017 
3 11593 5514 16062 
3 12698 4885 7190 
3 15269 3742 2167 
3 2214 2133 3041 
3 2952 2597 9608 
3 14413 3506 11007 
3 11133 4075 9283 
3 1748 5476 2058 
3 5167 5218 5534 
3 16477 2136 10798 
3 8980 10798 8191 
3 16536 2137 10645 
3 14981 3437 14705 
3 16383 2579 4040 
3 7216 7545 14611 
3 578 579 10883 
3 12168 6495 11872 
3 10160 2801 3666 
3 15076 3616 10291 
3 5434 12244 9288 
3 9759 10523 4378 
3 15893 4464 5138 
3 15920 8731 1772 
3 7562 5674 9775 
3 14450 135 136 
3 13227 7967 3400 
3 16339 2047 3669 
3 4342 2145 13844 
3 13539 5268 12749 
3 13979 2910 5341 
3 5078 1345 1344 
3 4276 6420 3942 
3 5743 1719 4964 
3 3921 2148 5831 
3 3968 12863 2751 
3 16040 15133 2149 
3 5042 5259 8755 
3 15982 13273 2170 
3 4186 4999 6888 
3 2827 2543 12276 
3 5834 3672 2980 
3 8321 3009 11997 
3 4704 3766 4594 
3 7372 3663 2153 
3 16145 3145 7403 
3 2767 4385 10550 
3 13410 189 10420 
3 9498 11675 12443 
3 8420 1887 5974 
3 10669 4434 4772 
3 12996 11021 12845 
3 3304 3798 7526 
3 14335 14535 14241 
3 16155 2180 1698 
3 11252 2987 15456 
3 6606 10305 16383 
3 7766 12283 6362 
3 13303 2864 4201 
3 16319 9445 1693 
3 1473 2161 1474 
3 1942 1660 2161 
3 2490 6569 16335 
3 4348 6019 3422 
3 6033 2176 14454 
3 6672 3722 4415 
3 10478 3520 7102 
3 8934 5658 7795 
3 3247 4090 7370 
3 3098 8553 2218 
3 14169 11211 12308 
3 5665 2642 11858 
3 4238 2766 6417 
3 7362 3231 5508 
3 278 3526 8673 
3 3526 279 280 
3 16094 12553 14175 
3 14931 2849 11443 
3 12844 4979 8155 
3 3292 3599 8193 
3 9818 12063 13557 
3 11581 15039 12460 
3 10966 13453 6067 
3 14582 4113 6174 
3 3787 13019 2173 
3 2028 4870 8994 
3 3372 5939 13752 
3 9666 14379 4727 
3 14865 8221 4817 
3 10185 5132 14360 
3 5598 5255 2492 
3 3040 3343 2338 
3 15908 2177 10389 
3 8637 2395 2789 
3 3274 4090 3247 
3 12901 2541 14049 
3 3336 2580 3269 
3 15068 6492 5458 
3 10487 15317 2994 
3 7347 7166 2180 
3 1381 8332 1990 
3 5143 9566 9658 
3 2182 16473 3112 
3 6188 2094 4416 
3 15092 691 692 
3 8049 1803 6142 
3 8739 7061 13573 
3 13198 3288 9580 
3 13339 2533 6689 
3 14451 12518 2965 
3 10332 2186 7659 
3 8517 14706 1706 
3 12292 9147 3430 
3 14413 9885 7395 
3 3035 2390 2895 
3 4820 4700 2655 
3 5981 16481 447 
3 4311 11319 2800 
3 4323 1634 14325 
3 11641 2006 5211 
3 10865 9401 1879 
3 2420 7366 8182 
3 15630 2192 380 
3 379 380 2192 
3 14982 15431 2193 
3 9862 10493 2104 
3 3725 2326 15884 
3 12509 15445 10056 
3 8397 6216 16273 
3 11599 10343 5973 
3 7336 2544 56 
3 65 9482 64 
3 15239 9918 2197 
3 14527 11677 2853 
3 4302 2198 6405 
3 13239 8083 11865 
3 14873 3455 6561 
3 9055 10312 5127 
3 9956 2200 2038 
3 10136 1692 11357 
3 14767 8691 3935 
3 5778 2738 10997 
3 9261 3669 7443 
3 7387 4921 11056 
3 6567 2203 3405 
3 12447 4050 13763 
3 16250 2180 2534 
3 14667 9542 13715 
3 2506 2205 2718 
3 1498 1497 15524 
3 4698 798 4523 
3 7520 2780 792 
3 3313 4508 10499 
3 11250 3583 10389 
3 7487 13896 9162 
3 7812 14530 7086 
3 14682 2209 10718 
3 12567 10898 15449 
3 9697 10619 10410 
3 1511 1510 2210 
3 13148 2557 8494 
3 10322 2211 10188 
3 16373 2212 9211 
3 10639 16077 3371 
3 13573 2213 14949 
3 14475 3415 1961 
3 16181 3579 2214 
3 2836 2060 2830 
3 16031 15830 3419 
3 11117 1744 2752 
3 4014 5928 1699 
3 3290 1871 10314 
3 14369 15357 16223 
3 13739 4896 1873 
3 3791 2686 2809 
3 4398 257 258 
3 12265 3640 3217 
3 7743 481 482 
3 12521 12432 8043 
3 8254 4566 8400 
3 5738 7288 2133 
3 2198 8460 7504 
3 11172 2222 6094 
3 15875 899 900 
3 11061 1769 6436 
3 11230 4469 15601 
3 14397 3577 13644 
3 6322 3207 3104 
3 2214 3041 6861 
3 6405 2198 2225 
3 6836 1300 1299 
3 1298 14027 1299 
3 13174 14655 5408 
3 16166 2018 10824 
3 4757 7550 2234 
3 14002 4754 1627 
3 10290 4871 9277 
3 7703 6447 12190 
3 15544 2760 13591 
3 9167 9093 9597 
3 7554 10418 16063 
3 14076 6647 10422 
3 558 14547 557 
3 14547 559 5099 
3 14744 2276 2889 
3 9541 15604 14687 
3 4757 2234 3052 
3 1627 15797 16594 
3 9171 11475 11494 
3 11337 14777 11466 
3 11926 11998 6336 
3 8867 2971 8476 
3 13144 2237 10736 
3 11840 8638 10244 
3 16357 5487 14265 
3 13715 5591 11082 
3 10736 2445 2239 
3 10109 5289 13860 
3 14936 5088 8535 
3 6370 11398 2010 
3 9224 11065 12085 
3 6588 2770 2364 
3 4141 2242 12225 
3 15607 8159 9197 
3 2422 2243 8753 
3 6521 6369 4395 
3 14591 2244 10146 
3 14610 1664 15961 
3 8647 14950 3030 
3 13593 2716 11375 
3 4248 2246 3997 
3 9450 6384 11813 
3 3584 7691 13109 
3 9732 11087 9094 
3 5711 2248 2160 
3 4780 1693 3974 
3 8842 2249 14431 
3 4572 9572 11416 
3 9422 4964 8423 
3 15315 5822 2250 
3 7417 9176 7067 
3 16407 7261 3164 
3 8767 2252 4154 
3 671 15145 670 
3 16338 2253 12157 
3 8743 11883 3598 
3 13464 15262 4630 
3 7944 1626 6368 
3 13490 8720 13873 
3 216 5857 215 
3 14055 2256 1678 
3 1843 12153 6686 
3 5839 3732 16589 
3 10228 2026 13059 
3 10267 10895 15542 
3 12653 4356 1827 
3 7579 2259 4269 
3 15491 3942 6282 
3 6954 6040 3662 
3 16112 7107 12081 
3 7612 8526 3491 
3 9221 2504 7009 
3 13556 10084 6027 
3 16529 4424 9526 
3 2263 4312 15739 
3 15248 15651 6386 
3 13722 13199 13205 
3 12765 10937 1831 
3 10214 6845 2265 
3 8599 713 714 
3 5906 10165 4604 
3 15554 3649 5075 
3 7310 16372 2267 
3 11035 2144 13023 
3 11074 14834 12900 
3 11298 252 253 
3 16066 5293 14610 
3 5943 2478 14813 
3 3648 5976 10240 
3 13922 3258 9425 
3 11713 4707 5734 
3 5642 8456 5806 
3 15727 5110 9949 
3 14011 15640 2033 
3 7617 15761 2328 
3 2583 8783 9587 
3 567 568 12963 
3 15988 11323 12963 
3 13462 15892 9064 
3 14654 14457 8725 
3 1945 2276 15493 
3 12333 3825 14817 
3 15059 11792 7451 
3 7054 2248 14264 
3 4761 10665 11583 
3 12046 12036 1629 
3 13670 8072 2279 
3 11598 7875 2122 
3 8969 12434 4359 
3 7715 14700 1032 
3 5884 1724 3760 
3 15447 4633 10496 
3 9669 2641 8659 
3 7360 1980 4853 
3 5871 9291 14513 
3 6164 2704 5279 
3 10012 2284 7950 
3 10596 3367 9657 
3 10673 2285 15152 
3 12170 14688 2633 
3 7307 5501 12686 
3 15222 2286 4473 
3 13427 11829 2208 
3 15265 5887 12204 
3 4093 7654 8558 
3 3203 12426 5874 
3 10795 4550 4306 
3 8578 10620 1790 
3 2451 7275 4526 
3 3892 2125 2745 
3 16506 16594 11611 
3 13553 10463 8546 
3 7580 3139 5682 
3 9554 2307 7695 
3 5119 13192 4388 
3 12105 3076 4114 
3 4170 2294 11803 
3 13665 1861 13015 
3 14448 2295 8973 
3 6713 6068 1972 
3 15811 12525 9846 
3 1392 1391 2296 
3 13322 2698 3356 
3 8910 6534 4377 
3 9255 2298 9876 
3 1684 1868 10281 
3 5224 10561 5061 
3 3411 12672 7863 
3 9014 11449 5592 
3 694 695 2300 
3 9336 12184 3864 
3 3634 3519 3667 
3 2798 14617 2022 
3 7308 1694 1645 
3 16580 6542 12490 
3 11604 2508 13518 
3 528 529 3728 
3 14533 2220 14311 
3 16075 2305 6109 
3 4964 1719 5381 
3 9893 15646 8233 
3 9761 4607 4148 
3 7730 7429 11249 
3 6356 12012 3390 
3 921 2308 920 
3 11599 6589 12795 
3 5944 2309 7607 
3 14423 16409 9972 
3 4208 4271 8785 
3 13942 8421 6681 
3 6824 7663 8990 
3 6952 15547 2763 
3 16012 2312 9732 
3 12379 7300 10356 
3 2469 13921 2708 
3 11097 4048 7510 
3 7091 4058 4819 
3 15197 2175 14865 
3 9624 4545 7142 
3 10033 6134 2245 
3 2942 2316 2251 
3 2942 16407 2316 
3 16002 2843 4660 
3 6551 12391 2540 
3 10474 14639 10193 
3 14074 3361 1911 
3 12420 1870 16546 
3 15037 2941 10974 
3 13268 12858 2860 
3 12808 1984 10583 
3 11985 13220 14733 
3 8541 15084 2321 
3 11319 3922 1778 
3 4830 3080 9446 
3 5214 8185 6132 
3 5385 7043 14121 
3 8334 7172 3543 
3 14306 14817 15577 
3 15324 12016 3664 
3 14198 3547 6523 
3 13644 3488 9363 
3 11710 13193 2474 
3 12542 3590 3223 
3 10317 10362 14972 
3 15761 8190 2757 
3 5330 8231 11528 
3 7839 10600 16349 
3 13498 15383 7862 
3 2949 2378 2330 
3 12684 3317 8297 
3 1601 6631 2278 
3 5784 12046 2331 
3 986 987 11396 
3 12335 3763 7965 
3 8935 12467 2034 
3 15995 15473 9705 
3 13864 7836 8816 
3 11114 3833 5084 
3 13471 16241 16246 
3 13149 1850 4250 
3 14583 4550 11477 
3 9783 8252 4912 
3 8722 4082 8438 
3 9481 2494 2542 
3 9221 6777 9310 
3 4618 2699 4945 
3 10716 15966 9980 
3 15034 4149 11409 
3 14192 2340 12505 
3 9937 2397 2577 
3 5325 2341 2388 
3 6759 14947 16588 
3 13965 13049 10213 
3 15399 2014 5273 
3 12046 2343 12036 
3 12731 4777 9862 
3 15760 3186 9349 
3 1891 1931 5700 
3 15330 8338 6399 
3 2163 2066 12338 
3 1833 2346 1195 
3 1833 9465 2346 
3 1211 9153 1212 
3 4298 4004 9304 
3 9022 5134 9124 
3 10617 7316 11257 
3 4940 13054 3310 
3 2742 2924 4185 
3 5473 8762 3199 
3 8878 5608 8719 
3 14383 8979 3273 
3 11550 16013 4489 
3 5448 12003 1845 
3 10843 5400 2617 
3 16231 1173 1174 
3 16231 15132 1173 
3 6966 2840 4057 
3 10189 4673 3489 
3 10705 2355 2042 
3 2274 10335 2355 
3 8468 2356 4729 
3 11818 7795 12722 
3 2845 9634 2128 
3 6562 5284 2762 
3 16471 9171 13581 
3 5873 2084 2816 
3 14207 2359 1474 
3 1476 1475 2359 
3 5338 4122 7529 
3 7252 10769 9074 
3 3479 6991 1826 
3 3607 5234 3283 
3 11955 1016 1017 
3 9192 7453 2666 
3 9814 7324 9332 
3 6565 3038 15446 
3 11918 2364 7610 
3 8001 5104 10224 
3 10124 2365 6345 
3 9384 6942 8545 
3 12980 7392 2366 
3 4368 10397 2656 
3 9125 2367 3148 
3 2496 5251 7099 
3 7300 2368 4576 
3 4216 4039 11116 
3 4674 8373 10213 
3 3045 2301 2342 
3 11186 5243 8824 
3 8226 10397 4368 
3 1209 5192 1210 
3 6897 11 4071 
3 11001 7086 9863 
3 10544 16454 2769 
3 10713 2373 5221 
3 11098 2709 14703 
3 9395 6206 14069 
3 13214 3807 10328 
3 1701 7011 5449 
3 9456 2016 4235 
3 14890 3099 11257 
3 3685 4556 10780 
3 8170 4682 12064 
3 8236 10726 12064 
3 7564 9280 10802 
3 3023 4101 6984 
3 6023 7568 4638 
3 16317 1313 1312 
3 13500 15590 3090 
3 7745 3641 1996 
3 10384 1629 13975 
3 10652 2123 2270 
3 1897 2756 9706 
3 6254 1902 2178 
3 3195 2383 2875 
3 11456 3138 3834 
3 7405 13529 3834 
3 15817 1997 7327 
3 2440 12779 2944 
3 8697 16061 2071 
3 9749 7397 8570 
3 14329 6071 13142 
3 9485 8914 2387 
3 10582 3929 4112 
3 15329 8386 8499 
3 2341 15907 13346 
3 11326 10122 10338 
3 7680 3377 9777 
3 4820 8151 11853 
3 16343 1659 3546 
3 12873 2391 10020 
3 1956 2290 9484 
3 4035 4116 2669 
3 13364 1785 8242 
3 9198 7241 6544 
3 7983 1864 1613 
3 15250 5511 12024 
3 4697 10883 580 
3 15921 14184 13147 
3 10477 4641 8917 
3 10214 4711 6845 
3 8599 715 2396 
3 8941 3382 4553 
3 11142 1633 4421 
3 14801 3451 6667 
3 5358 9207 3954 
3 2708 7541 5333 
3 12267 16063 9434 
3 11254 13032 3213 
3 16293 2335 6066 
3 10781 3945 6950 
3 16224 2079 12687 
3 9621 13002 11763 
3 1455 4220 1456 
3 4982 8099 2524 
3 4892 3121 7314 
3 8931 13717 7431 
3 12293 6834 13432 
3 375 2405 374 
3 5807 13789 377 
3 4455 9953 1765 
3 3570 9284 11730 
3 15311 6092 13039 
3 4172 7579 4269 
3 1681 2408 1735 
3 16216 1832 15532 
3 14865 4817 15197 
3 15375 1744 11117 
3 7295 2410 7949 
3 4020 6685 13045 
3 1374 2411 1375 
3 1374 1373 2411 
3 15075 8975 8643 
3 10872 1796 9243 
3 7749 4449 5425 
3 98 9872 97 
3 16093 1319 8445 
3 4638 4262 2226 
3 3344 2415 2997 
3 13950 1764 11197 
3 4589 2416 2127 
3 2944 8447 12924 
3 12616 8048 2417 
3 8127 2295 14448 
3 7641 10153 11422 
3 7591 14387 4911 
3 5723 1936 15715 
3 8232 12068 5438 
3 2827 4485 2077 
3 9112 7360 4853 
3 12457 9337 5787 
3 5823 12542 2327 
3 15057 9426 11564 
3 6128 4609 12978 
3 3466 3047 3226 
3 2423 15619 16291 
3 9035 12677 8126 
3 4273 2075 3170 
3 14136 2552 11336 
3 8338 2345 6399 
3 2426 12704 11090 
3 11090 392 2426 
3 3096 10500 2427 
3 13243 11966 3872 
3 12776 9007 10307 
3 8103 2917 2948 
3 16085 3069 11862 
3 8262 2610 7159 
3 11830 3355 13358 
3 14370 5356 1670 
3 2266 8347 12459 
3 5611 1938 1846 
3 6069 3882 4868 
3 10429 1701 5449 
3 12529 5724 9896 
3 16039 13376 15399 
3 6870 7460 1823 
3 6183 2002 3867 
3 6642 8953 13997 
3 13510 7830 11207 
3 1808 5601 13831 
3 8450 1771 6246 
3 16180 15159 12124 
3 3350 1996 2618 
3 5751 16289 5334 
3 9769 16356 12878 
3 14291 2755 4051 
3 4372 2155 3301 
3 15133 4938 5076 
3 2944 12924 13383 
3 17 2679 16 
3 16422 2076 4004 
3 15272 2442 11877 
3 2418 1721 5486 
3 12950 6178 7962 
3 11866 9577 1766 
3 3588 7237 10942 
3 12983 3934 11306 
3 13144 10736 2239 
3 16033 4970 13005 
3 7475 9273 13564 
3 5575 7984 9400 
3 8804 10459 3780 
3 11943 10830 11514 
3 6469 2448 1910 
3 12631 3530 2448 
3 6882 14773 6637 
3 14520 8214 8380 
3 1969 2450 1827 
3 15058 5849 8292 
3 8519 2451 4041 
3 7626 2628 4041 
3 7822 9696 11822 
3 12607 11572 11907 
3 6163 2581 6895 
3 8837 6163 6895 
3 9799 4721 16033 
3 4344 2124 11868 
3 14312 3949 13252 
3 3682 1104 2455 
3 8862 11090 13980 
3 5000 10937 8463 
3 10579 3061 3725 
3 15957 6994 8828 
3 11644 2458 8651 
3 7318 16091 14366 
3 15264 7330 15418 
3 13636 12025 15264 
3 7354 8099 2460 
3 5629 8168 14723 
3 8909 1860 10344 
3 13811 2530 10228 
3 11085 5074 8904 
3 6019 1759 15576 
3 2997 11311 14267 
3 15693 1690 7974 
3 5394 7000 10574 
3 16121 3450 10222 
3 4999 3474 2465 
3 9229 9790 8779 
3 14686 4194 12106 
3 14738 1629 10384 
3 935 936 14288 
3 3507 2195 5934 
3 15427 9910 9367 
3 12575 2054 5225 
3 9935 7702 9533 
3 3769 3619 3075 
3 9222 13013 4162 
3 3807 13214 3792 
3 11807 14064 7547 
3 10486 8728 4339 
3 7716 16574 2873 
3 4850 7506 2814 
3 10860 2719 4151 
3 4735 10203 14763 
3 12512 9810 4432 
3 4860 14228 15221 
3 6970 6832 13380 
3 6809 1682 9007 
3 13310 7005 7042 
3 15174 3158 1788 
3 7634 2511 5767 
3 3053 3487 3046 
3 362 363 14813 
3 14813 363 5943 
3 5521 2479 5183 
3 734 735 2479 
3 5560 2247 5251 
3 7385 2782 3469 
3 10556 2374 16405 
3 10556 3792 2374 
3 5846 2482 5164 
3 11974 6783 8963 
3 5580 2483 3939 
3 979 980 2483 
3 4897 2484 5387 
3 10646 5163 2502 
3 13635 9413 16263 
3 3969 4136 8745 
3 16068 4222 6905 
3 11315 1778 6840 
3 15752 4440 14183 
3 5059 2485 13159 
3 6815 15872 6745 
3 5585 4345 748 
3 12773 7960 4130 
3 14047 4421 2025 
3 14841 4123 7059 
3 15931 15765 8109 
3 2426 16156 5254 
3 8895 412 413 
3 12346 13082 6033 
3 14614 6485 5698 
3 15772 8058 14932 
3 11764 14899 2221 
3 2001 8489 2494 
3 12138 231 232 
3 11648 6562 9891 
3 3251 7784 1612 
3 9125 2496 2367 
3 5251 3342 7099 
3 8552 14827 8971 
3 4431 3129 3553 
3 8024 3850 5226 
3 13111 3697 5093 
3 11901 10458 4614 
3 6570 11325 15401 
3 6466 11778 12534 
3 7571 1419 1418 
3 15740 2501 12743 
3 13699 15046 1217 
3 11730 2502 4219 
3 7667 13276 1828 
3 1303 2503 1304 
3 1303 1302 2503 
3 16509 4679 10983 
3 8993 3179 14230 
3 7034 15089 5322 
3 16349 13955 2609 
3 14436 10619 13576 
3 1505 1504 2734 
3 7193 3151 4712 
3 6947 13116 353 
3 468 15475 13518 
3 5579 3774 2824 
3 7103 2509 5886 
3 1927 5661 3495 
3 5187 15824 2841 
3 12662 13419 13920 
3 14218 7675 4637 
3 3053 3046 3299 
3 13333 15800 6289 
3 7128 7305 2512 
3 9151 2799 8993 
3 10713 1867 9553 
3 15754 8505 13118 
3 8505 598 599 
3 16032 2515 12550 
3 11651 1694 6199 
3 10744 14349 4340 
3 10987 14259 3518 
3 14068 2517 5241 
3 13276 9331 6459 
3 9362 16231 1177 
3 4615 2825 16231 
3 12210 6836 3865 
3 5589 1287 1286 
3 12545 2766 4238 
3 7720 3232 9305 
3 14718 11268 12152 
3 3706 13795 10577 
3 10737 3856 5032 
3 325 13991 324 
3 3039 4493 1920 
3 14291 8852 2755 
3 3121 4892 4724 
3 11746 1877 3414 
3 14615 11796 14709 
3 16482 9233 4148 
3 1064 2526 1063 
3 8480 8718 14739 
3 14845 4659 4828 
3 13736 7124 6217 
3 11675 9498 2063 
3 4524 8017 2876 
3 11386 2529 1876 
3 15733 3262 12049 
3 12603 5564 12766 
3 10325 2026 10228 
3 14317 8348 9843 
3 12436 13355 3583 
3 12217 2532 2013 
3 12217 2013 15580 
3 14464 11287 2533 
3 11287 12843 3687 
3 13070 2726 4532 
3 9477 15450 14086 
3 14116 9691 3336 
3 7799 1707 8638 
3 6516 16355 5356 
3 6182 5169 2563 
3 12991 5413 12535 
3 10551 3909 9335 
3 12077 12981 10572 
3 13770 7222 2086 
3 12102 10398 12670 
3 8842 6935 2778 
3 2052 6551 2317 
3 4943 2124 6850 
3 14049 8623 12338 
3 9204 2066 7094 
3 229 12138 3245 
3 230 231 12138 
3 13112 12276 2543 
3 2096 10957 10547 
3 2845 3895 14995 
3 53 54 2544 
3 12777 11066 2545 
3 1919 2720 2545 
3 13571 5832 12844 
3 11678 2826 2187 
3 11070 3420 9928 
3 13909 6986 2424 
3 4393 2554 3194 
3 16440 4548 4755 
3 78 79 12156 
3 6196 14745 1983 
3 12189 11292 3424 
3 7465 2574 3392 
3 9693 6851 5052 
3 9652 2427 12796 
3 14681 2552 5780 
3 14105 1950 2753 
3 3331 2553 9843 
3 8655 2805 7857 
3 10153 11212 11422 
3 9754 7880 7282 
3 15291 14844 7087 
3 15938 7661 11053 
3 14252 5687 4852 
3 15136 4233 5403 
3 4552 4840 8930 
3 10914 15903 16385 
3 16242 11916 10639 
3 7283 2454 4344 
3 7293 2135 3541 
3 15244 4376 3910 
3 2437 3191 9092 
3 2947 11973 14071 
3 11518 9389 10116 
3 1626 6798 6275 
3 2608 2869 10380 
3 11914 7026 11693 
3 8028 5169 6182 
3 9714 7504 8460 
3 7756 3380 6144 
3 11927 4507 5889 
3 10132 2565 2255 
3 15784 3134 13618 
3 7173 10536 1760 
3 2060 2836 8312 
3 4687 3407 3854 
3 6396 4668 3698 
3 15863 7007 14235 
3 588 7519 11036 
3 16253 9096 12003 
3 2906 2698 7811 
3 1067 1068 10681 
3 11967 2045 8552 
3 15699 3216 14889 
3 7351 3164 2547 
3 1260 2572 1261 
3 1260 1259 2572 
3 11748 2573 4214 
3 6949 7599 8666 
3 9539 13511 15325 
3 10671 4010 1708 
3 8770 6791 5688 
3 10967 1973 7901 
3 2136 3023 1905 
3 11492 12945 10321 
3 13121 6242 11015 
3 16142 11599 921 
3 13397 13319 11601 
3 7733 14924 5125 
3 8535 2579 14936 
3 15200 14979 5955 
3 9005 2918 14116 
3 7837 14725 4441 
3 16255 11652 13281 
3 4357 3150 2171 
3 13964 4854 8004 
3 7686 6498 1886 
3 9335 8699 10551 
3 15635 2082 5813 
3 6429 1765 2634 
3 6264 15261 7329 
3 4191 7792 1644 
3 11932 1817 6906 
3 2269 2586 2244 
3 2586 2269 10722 
3 15803 12420 2319 
3 14271 8443 8049 
3 8277 2588 14017 
3 12770 10775 12422 
3 14382 12356 2501 
3 5091 1220 1219 
3 16327 13969 13972 
3 7647 6288 4563 
3 15122 3831 3396 
3 15766 12171 11613 
3 16446 12344 14243 
3 8624 16287 5085 
3 14348 12146 15078 
3 16042 3660 1862 
3 3602 4193 2595 
3 15898 2660 15019 
3 3602 2595 3291 
3 15019 2660 4592 
3 13265 3588 9375 
3 13920 3266 9873 
3 5169 10277 2563 
3 8703 5979 8876 
3 5429 391 11090 
3 11394 4873 5373 
3 15894 10773 14843 
3 1851 4323 14325 
3 6365 2600 5888 
3 7208 3736 3491 
3 14092 2601 13961 
3 12643 13030 1681 
3 5278 3823 4201 
3 15741 2481 14069 
3 4960 2902 5086 
3 11033 4675 2075 
3 9502 10710 10978 
3 14506 15239 4707 
3 7334 3173 8906 
3 3060 11679 11082 
3 11870 10290 5547 
3 2888 3234 4163 
3 6923 3915 13396 
3 6634 13512 2534 
3 15466 11820 2041 
3 10195 2621 6533 
3 4211 10914 16385 
3 5789 6302 11831 
3 3058 4567 1753 
3 6639 15545 2551 
3 8878 3286 2350 
3 14552 2047 3531 
3 8250 2612 14343 
3 13580 15643 3946 
3 7792 4064 13566 
3 6885 8973 14262 
3 4226 15494 2110 
3 7474 12169 4643 
3 15083 3189 14331 
3 12160 3086 4086 
3 10025 5827 3758 
3 4795 3328 2616 
3 1167 2617 1166 
3 1167 1168 2617 
3 7132 3350 2618 
3 16243 11562 5158 
3 11355 7758 10196 
3 8093 4470 6816 
3 11515 5870 10039 
3 5327 7208 3491 
3 6533 2621 5331 
3 7953 13680 7638 
3 3831 5776 13344 
3 3078 3950 6574 
3 4958 10907 3315 
3 11459 5532 4715 
3 5949 3383 9944 
3 15275 6876 14148 
3 9286 8650 2625 
3 9374 10890 13079 
3 4625 10737 10390 
3 14549 13991 326 
3 9673 15646 11471 
3 10436 5657 2853 
3 2290 1956 8424 
3 9320 10393 1623 
3 14259 10987 4785 
3 15019 2595 4193 
3 12679 14976 1836 
3 8190 2328 2757 
3 9434 3542 8408 
3 7074 8869 3619 
3 14648 2632 3828 
3 14147 11490 5892 
3 15218 11019 14852 
3 10951 2712 3143 
3 13990 2634 1765 
3 2048 2407 11080 
3 526 2635 525 
3 526 527 2635 
3 9676 2636 3712 
3 10368 4279 15633 
3 8097 10234 3198 
3 14590 2948 2917 
3 9551 4128 15191 
3 5382 5680 14231 
3 41 2639 40 
3 41 42 2639 
3 4047 7033 10959 
3 10761 4993 5255 
3 9895 8832 9010 
3 12190 5547 15509 
3 16471 4127 6137 
3 10165 2761 4604 
3 7362 9994 7272 
3 11559 7744 14447 
3 7697 13645 5995 
3 10945 13645 4586 
3 7428 4081 6842 
3 11769 6487 2904 
3 6621 12260 7835 
3 1823 9253 2646 
3 930 2647 929 
3 10648 8778 3382 
3 15373 314 5014 
3 16045 1769 2750 
3 16004 3673 14742 
3 14389 16004 8874 
3 3542 2650 2631 
3 2007 14762 4592 
3 9032 2651 1951 
3 6274 15413 2651 
3 13898 4289 8518 
3 15178 3238 4731 
3 8569 5621 4850 
3 14045 13841 13592 
3 6194 2654 5376 
3 14290 13742 4185 
3 16084 6610 12250 
3 10534 7150 12223 
3 1945 15493 2152 
3 4224 8180 3354 
3 6207 2657 2846 
3 12482 3687 6206 
3 14023 3979 1810 
3 14208 15738 1856 
3 4053 16443 11388 
3 16585 9396 11157 
3 10407 2660 9324 
3 5060 2007 4592 
3 13545 3344 2997 
3 14701 6738 14103 
3 16333 2705 7487 
3 16279 9057 3661 
3 8841 15665 3145 
3 1821 1690 11328 
3 7115 8469 4409 
3 5624 2663 12290 
3 5700 2913 2344 
3 14016 9689 11223 
3 9694 7431 9315 
3 9315 3227 6316 
3 7382 3238 16395 
3 4289 13957 4140 
3 11286 179 180 
3 10076 7919 3137 
3 8154 4035 2669 
3 4116 8933 2669 
3 7747 2670 6423 
3 11227 1614 2386 
3 5766 8060 4447 
3 7169 7692 14971 
3 4622 2672 5689 
3 6968 13775 16311 
3 2173 2907 5936 
3 7731 6739 4510 
3 11997 2674 8321 
3 7014 3766 2470 
3 8104 3468 7212 
3 9182 16420 7966 
3 11798 4885 1611 
3 15573 1820 6832 
3 10024 7472 10591 
3 7923 12536 7547 
3 8508 3428 9447 
3 5433 4444 12849 
3 14720 2679 19 
3 17 18 2679 
3 13225 8280 13115 
3 3046 3587 3299 
3 12772 10044 4263 
3 15111 2837 10963 
3 5568 2682 10448 
3 5084 6054 15505 
3 2622 2908 3078 
3 7930 12792 3109 
3 2281 3926 6856 
3 4111 5661 2733 
3 10701 9031 2398 
3 11256 4743 16394 
3 2163 7094 2066 
3 2492 16458 5598 
3 2911 12083 16239 
3 14713 4851 4601 
3 7455 4201 2864 
3 2185 3792 2688 
3 3658 2689 8093 
3 1952 4470 2689 
3 7212 3125 8813 
3 3377 13262 6373 
3 1546 3573 1547 
3 1546 1545 3573 
3 9649 4671 7964 
3 14222 1140 1141 
3 5283 16321 15917 
3 15675 8316 11891 
3 9250 6514 14797 
3 15594 2304 5983 
3 6006 2695 8722 
3 5781 4843 4617 
3 2776 2696 1984 
3 10583 1929 7301 
3 13751 2697 12191 
3 14255 9845 9659 
3 13322 7811 2698 
3 2906 2569 2746 
3 2432 6413 7031 
3 11470 4367 4677 
3 3477 7887 2461 
3 10337 11814 13712 
3 4531 8233 4145 
3 11495 9206 1944 
3 8401 6830 8832 
3 15559 8659 13299 
3 8521 2703 9888 
3 12274 12289 15744 
3 8871 4300 5279 
3 13558 15860 2466 
3 5210 14657 16204 
3 16149 16454 11829 
3 6244 3328 2706 
3 2915 5497 6244 
3 6010 3679 16380 
3 9274 4179 9763 
3 8738 3824 13714 
3 10787 3210 14349 
3 14703 6976 11098 
3 14100 11214 290 
3 14951 2714 8210 
3 16550 15579 6678 
3 14216 3108 12185 
3 7415 3533 14647 
3 13361 2712 3833 
3 14866 9372 8305 
3 5021 2713 15610 
3 9261 4496 8801 
3 2676 11745 11293 
3 14241 2157 7526 
3 12303 3908 10612 
3 2997 2415 2715 
3 11375 2716 5966 
3 7976 5163 7530 
3 5770 9495 2027 
3 13487 11759 14055 
3 1489 7102 1490 
3 5282 2506 2718 
3 16100 5122 14022 
3 15174 1740 4199 
3 15411 2720 3364 
3 3364 841 842 
3 4403 6387 7979 
3 12783 171 3548 
3 16238 2722 2967 
3 7551 1842 3227 
3 13148 2086 1716 
3 1998 10572 13986 
3 4840 6889 15288 
3 10313 1998 9825 
3 14945 2725 9265 
3 9265 6853 2566 
3 2994 2726 13070 
3 6493 1885 13186 
3 9932 12009 6278 
3 199 8661 198 
3 12541 2728 11706 
3 10824 2018 3671 
3 6208 9896 5724 
3 3667 3519 11450 
3 11564 9426 1749 
3 2422 1975 3255 
3 15950 2731 4863 
3 8834 12580 8075 
3 12194 5676 11743 
3 11453 2127 3641 
3 6811 6617 10304 
3 9015 3056 6068 
3 11309 2734 2506 
3 1504 1503 2734 
3 13065 15691 2494 
3 12237 2337 5160 
3 15365 4079 15295 
3 6094 13318 5562 
3 15400 12625 6231 
3 5267 16556 3418 
3 11481 5347 10001 
3 16353 5507 6732 
3 13705 10169 7456 
3 4995 5208 4338 
3 2937 2740 2850 
3 4880 6093 10466 
3 2995 2741 6020 
3 9060 14577 3683 
3 14477 10208 13322 
3 8355 4940 3310 
3 4896 3660 7827 
3 3062 1738 1912 
3 3872 10592 2744 
3 10472 2658 1810 
3 7989 12002 2125 
3 10969 2983 3192 
3 13463 2746 2569 
3 1931 12721 2746 
3 15991 2747 8007 
3 14491 3805 2747 
3 2044 2748 11060 
3 14492 16406 10395 
3 9300 3285 3540 
3 13351 14532 12382 
3 7593 15623 10008 
3 7235 14536 2594 
3 10263 2751 10465 
3 10821 3921 12902 
3 12095 2752 2288 
3 1744 9881 5042 
3 7750 14105 11004 
3 13298 3868 7421 
3 12149 10696 14806 
3 2820 13375 6007 
3 12352 2755 8852 
3 7120 7244 7299 
3 12977 2996 6597 
3 4313 2492 10353 
3 9800 8190 1836 
3 2328 3462 7617 
3 16322 8345 15583 
3 3849 2066 9204 
3 13673 12711 5630 
3 13125 10309 2759 
3 15999 15337 10633 
3 14274 2102 3723 
3 2811 3513 2166 
3 15189 12543 2383 
3 5726 9900 13190 
3 11728 3596 5270 
3 14874 6952 2763 
3 15668 1675 10191 
3 14066 2604 4369 
3 6164 5279 12345 
3 15165 2765 8582 
3 14791 2249 2778 
3 2978 3182 2201 
3 5138 4464 12048 
3 2885 3109 1854 
3 3852 2721 3490 
3 7010 2768 4602 
3 2747 3805 5947 
3 13413 2287 10544 
3 16149 11829 12872 
3 12687 2770 16224 
3 12687 8001 2770 
3 5518 8294 3924 
3 3924 9191 11421 
3 3264 15425 15204 
3 13736 1847 5153 
3 824 825 13028 
3 10148 824 13028 
3 16435 14996 9601 
3 7081 7872 2649 
3 7342 2775 3042 
3 2877 5015 2775 
3 3576 3897 1984 
3 1825 2696 2776 
3 2438 5046 15864 
3 16289 5751 6963 
3 7617 3462 10398 
3 16309 6300 15806 
3 14580 1630 8695 
3 4451 2076 5107 
3 14427 12322 2780 
3 792 793 7520 
3 15710 5025 9902 
3 8267 1957 4720 
3 6931 14361 6813 
3 12034 15508 16514 
3 11708 8837 9438 
3 3134 9977 13618 
3 12004 3772 4552 
3 4180 4976 9140 
3 296 297 10506 
3 10506 297 15746 
3 1336 14884 1337 
3 12539 6468 2146 
3 13588 2787 10553 
3 15918 4784 13304 
3 13442 11497 3280 
3 9707 8857 5077 
3 7842 4783 4920 
3 2950 5030 7122 
3 11718 2919 16442 
3 11850 10512 5015 
3 15287 8171 12906 
3 6741 2715 2415 
3 1715 5662 13934 
3 4557 11433 16554 
3 14415 2793 10423 
3 4041 2628 15592 
3 3106 2794 2861 
3 10730 665 666 
3 4156 2795 14161 
3 2353 4049 13090 
3 14759 13750 7396 
3 13450 16577 11595 
3 10929 2797 6907 
3 12558 2429 4565 
3 14617 2798 2044 
3 966 967 2798 
3 5378 6313 10331 
3 15721 6705 10094 
3 4955 3922 11319 
3 9036 4830 9446 
3 1802 4067 8733 
3 5074 10690 8177 
3 8463 2802 5000 
3 2456 14732 5000 
3 12903 4701 2519 
3 12640 5230 5056 
3 15928 3732 3785 
3 13259 1946 2953 
3 10135 3934 4692 
3 2229 6830 8401 
3 16123 2881 10400 
3 8965 2434 13100 
3 4835 4775 2807 
3 12871 3287 1937 
3 13659 9274 2808 
3 9763 8743 2680 
3 6351 3791 2809 
3 15255 16086 2178 
3 9012 14689 9902 
3 7317 14061 15710 
3 13638 2875 2383 
3 2166 16404 10165 
3 6986 10029 2424 
3 14395 11113 2916 
3 16291 5096 10235 
3 6619 13270 3925 
3 13200 4244 4770 
3 9359 13710 11082 
3 14149 12827 2815 
3 7116 5639 4548 
3 14751 2816 2084 
3 14937 6979 13134 
3 8058 3163 14932 
3 10698 3277 12732 
3 10175 14444 7383 
3 10196 2230 6636 
3 656 657 14857 
3 16218 6772 2918 
3 11107 7007 4926 
3 12024 3494 9314 
3 5288 2821 3575 
3 3169 2984 6044 
3 9544 6607 2822 
3 7681 14972 9956 
3 12112 2823 1906 
3 4531 1906 2823 
3 12701 15301 10147 
3 14695 15185 12520 
3 11577 7929 2825 
3 16231 1176 1177 
3 11380 13268 2860 
3 11678 5581 1704 
3 16290 2827 2077 
3 13612 2543 2827 
3 12047 12266 6834 
3 15949 3836 11424 
3 10247 8830 3494 
3 8827 6007 8141 
3 10567 2830 3163 
3 12101 2725 14945 
3 1611 10871 2632 
3 15269 2167 3459 
3 12605 3201 10258 
3 2090 4335 2832 
3 7485 3739 5137 
3 8664 15461 10218 
3 16194 14029 15873 
3 10357 13396 14434 
3 3341 16126 4239 
3 12476 11980 2835 
3 15661 4805 12390 
3 9265 2566 8693 
3 13729 2837 12581 
3 12894 3259 4691 
3 10032 7373 8270 
3 16506 4034 9042 
3 10275 2839 6221 
3 6455 10998 14046 
3 4057 2840 13342 
3 6971 5882 9760 
3 5894 3132 3632 
3 7992 2596 10924 
3 4438 3250 14431 
3 11416 10401 3297 
3 16002 11770 2843 
3 5920 7398 2843 
3 3343 3832 10750 
3 7009 12895 14473 
3 6196 7784 9634 
3 2128 5270 3895 
3 4198 2846 5736 
3 13370 14562 16172 
3 5078 6975 1345 
3 1348 1347 2847 
3 2143 7562 9775 
3 12235 14153 123 
3 14040 13953 11266 
3 12922 6661 6522 
3 10212 16418 9667 
3 7759 11353 4880 
3 15006 4718 5468 
3 12576 3121 4724 
3 10138 7660 15600 
3 12100 6472 7860 
3 11677 14003 15915 
3 15322 4797 16171 
3 4747 2854 4735 
3 7876 10922 12327 
3 2943 4173 6389 
3 2623 15865 12051 
3 8205 3863 7582 
3 2463 6741 14737 
3 12108 8498 2857 
3 13086 878 879 
3 15234 5763 4989 
3 13417 3901 8648 
3 11828 3306 8649 
3 6910 6665 7447 
3 12858 4865 15378 
3 2826 3516 3576 
3 9819 4981 14959 
3 2861 14339 3106 
3 14432 3611 8765 
3 13122 7628 8334 
3 1468 2863 1469 
3 1468 1467 2863 
3 5278 2160 3823 
3 2953 4562 13259 
3 2607 8300 9591 
3 2534 2180 2865 
3 2393 6544 4067 
3 5328 14698 6088 
3 4973 5823 2327 
3 3223 10373 10362 
3 3814 3881 16587 
3 12895 7009 12452 
3 3886 2869 5023 
3 2869 6533 5023 
3 5200 2870 3665 
3 4138 1810 2658 
3 9534 2880 15697 
3 15697 15354 12932 
3 13986 5660 14910 
3 16325 3130 12771 
3 14687 10521 4571 
3 2472 3707 7622 
3 1229 7219 8572 
3 8695 1630 7817 
3 2811 4147 13638 
3 16451 1770 8201 
3 14071 3008 2560 
3 6781 16423 2380 
3 6064 2385 1669 
3 15701 6064 1669 
3 3263 14807 5996 
3 12898 9733 3096 
3 14430 4770 10119 
3 14975 4495 2538 
3 13758 3131 9534 
3 7847 8185 15161 
3 3447 15964 1671 
3 9547 2074 7144 
3 1134 1135 12074 
3 12074 1135 2882 
3 5659 2883 6085 
3 7543 6061 16354 
3 14491 11389 14476 
3 3297 10401 3456 
3 6644 7930 10371 
3 7636 7069 9932 
3 2450 2886 1827 
3 14135 1861 7722 
3 14610 2887 1664 
3 2003 12159 3738 
3 7820 4861 5006 
3 9763 4179 2112 
3 12417 6027 10084 
3 14567 1945 14467 
3 5606 3325 9155 
3 12871 1937 2224 
3 15226 13957 4289 
3 7056 4414 6424 
3 5657 6426 15557 
3 16295 7387 10719 
3 4076 3214 2893 
3 16209 11215 3706 
3 9440 1648 10230 
3 11040 6296 6891 
3 8344 2655 5281 
3 9134 2895 2390 
3 11631 6693 8007 
3 3218 15025 10901 
3 5255 9321 5461 
3 5281 2655 4700 
3 6514 9478 2898 
3 4992 6712 4336 
3 9601 5835 11896 
3 6478 4006 14333 
3 2963 2900 2281 
3 4792 2036 2209 
3 12637 2901 2127 
3 7342 2877 2775 
3 9299 7791 5929 
3 7134 13909 3170 
3 2903 15685 4312 
3 4312 6785 2903 
3 14079 4225 12820 
3 11352 2410 2443 
3 10410 5658 9697 
3 8860 5658 16504 
3 12321 2906 11268 
3 2746 2698 2906 
3 10306 8455 5203 
3 14930 7218 10253 
3 14545 6890 14979 
3 9958 1876 8167 
3 15873 5470 3911 
3 11454 72 8583 
3 13354 6695 5341 
3 13770 2086 12298 
3 4953 2911 743 
3 1958 739 2911 
3 15837 2912 9954 
3 14449 5727 12188 
3 6878 3252 4049 
3 14786 2058 4176 
3 13650 7170 2914 
3 14240 1977 14316 
3 14877 2915 6244 
3 15056 5497 2915 
3 12894 4691 11113 
3 8312 13865 6853 
3 15350 8103 2948 
3 14590 14548 2948 
3 12875 6772 16218 
3 12353 6024 2580 
3 13771 13787 2402 
3 2790 11763 13108 
3 9837 2920 2226 
3 7525 2379 6004 
3 523 2921 15825 
3 2635 3728 2921 
3 14288 2922 2467 
3 937 938 8515 
3 9546 2923 4512 
3 7931 7255 2429 
3 4185 2924 10645 
3 11936 10856 3437 
3 8685 2925 6749 
3 3815 1917 4897 
3 13894 2926 4420 
3 4435 1708 4010 
3 15369 2927 3963 
3 11931 1757 9607 
3 10439 6571 9901 
3 8607 3204 5938 
3 14068 2929 7017 
3 11297 6367 5966 
3 13527 2930 3488 
3 5626 9539 15325 
3 1702 2931 2392 
3 1702 15401 13743 
3 4710 3457 11547 
3 9220 3917 4315 
3 4696 12682 9079 
3 8411 8836 5816 
3 4249 8779 14819 
3 6549 6882 4866 
3 10276 5330 10655 
3 2537 8346 15030 
3 7967 13227 8239 
3 5069 6929 4060 
3 2291 4948 1853 
3 11636 11339 4582 
3 13867 3128 4207 
3 7773 3920 4360 
3 15678 6822 4560 
3 16425 7393 7841 
3 8541 2940 1761 
3 11985 1737 11363 
3 6670 2941 12386 
3 5323 14948 8443 
3 4515 7261 1811 
3 8854 1949 14329 
3 4173 2943 11869 
3 2943 15074 10070 
3 12779 3031 2944 
3 2385 5967 8447 
3 10538 13800 15422 
3 13945 2367 9981 
3 3490 5790 7072 
3 11286 180 181 
3 6212 2947 2560 
3 11973 1879 8852 
3 15349 15350 14548 
3 2917 5009 14590 
3 2620 5319 1700 
3 11050 7962 8137 
3 7052 7122 5030 
3 5465 6678 12652 
3 9035 12134 12677 
3 10769 6003 9074 
3 14368 6582 4257 
3 16046 4427 11033 
3 15586 3349 11018 
3 12091 7367 6737 
3 8762 13688 2974 
3 5693 2202 4800 
3 4577 2069 2955 
3 9569 2108 15039 
3 16049 3612 5604 
3 8474 2363 9332 
3 16077 1697 3371 
3 7603 1815 2062 
3 6215 8290 14991 
3 4538 4587 10003 
3 6784 5781 8600 
3 6390 8613 15987 
3 4060 3265 4145 
3 4656 12135 3353 
3 2188 5698 9075 
3 15629 11277 10621 
3 13159 2962 4019 
3 12829 8086 11675 
3 7085 2963 6261 
3 2281 6856 13237 
3 6637 5927 2964 
3 14385 12878 3781 
3 12622 2965 2938 
3 8178 10473 5746 
3 605 2966 1874 
3 3178 611 8998 
3 14623 16238 13717 
3 2722 11424 2967 
3 2978 2968 1913 
3 16353 10124 5507 
3 486 2969 485 
3 15087 487 14862 
3 9811 2216 12251 
3 11553 2749 13058 
3 8476 2971 6686 
3 3710 6528 6997 
3 9247 4234 2972 
3 14237 6575 4355 
3 6626 2973 2145 
3 12749 5268 4366 
3 5693 6025 13004 
3 8878 3199 5608 
3 9379 2975 4627 
3 15081 1647 10161 
3 62 2976 61 
3 12784 3933 7926 
3 164 10225 163 
3 159 13842 15012 
3 13549 3527 4514 
3 2201 2968 2978 
3 12420 15803 1870 
3 9511 14108 3566 
3 14246 8409 4891 
3 8921 4159 11064 
3 5758 14526 2267 
3 14338 13585 3531 
3 12935 2982 5228 
3 9916 4204 8096 
3 3068 16059 1930 
3 15308 15568 11970 
3 12182 2984 5021 
3 10409 12318 3142 
3 9486 12039 2985 
3 9027 4687 3854 
3 15853 4834 14918 
3 2266 5075 6089 
3 10782 13592 10348 
3 8496 2084 5873 
3 11984 7510 3606 
3 12204 12531 13032 
3 453 2989 8704 
3 14128 454 455 
3 690 691 7727 
3 16546 15844 5089 
3 13601 5355 2777 
3 7060 10484 7804 
3 7460 10046 1823 
3 7303 14922 769 
3 16239 2993 1958 
3 3754 736 737 
3 15450 10487 13070 
3 15317 2180 16250 
3 9083 4849 14577 
3 8155 1818 12844 
3 14041 5810 10732 
3 14187 4090 7434 
3 2463 8929 2715 
3 4836 1791 4630 
3 12746 4267 14053 
3 8127 12360 2295 
3 15856 13346 15724 
3 15633 15724 10368 
3 13431 3518 9931 
3 2078 8230 14584 
3 3664 12016 1699 
3 14837 10049 12596 
3 13719 3360 10879 
3 16330 4946 16363 
3 8188 10755 13256 
3 16164 5202 14794 
3 14271 8049 6980 
3 16583 3811 12167 
3 15424 6773 2695 
3 2541 2165 6390 
3 11807 4898 2305 
3 8084 8560 14281 
3 6902 4158 5885 
3 4613 10839 8680 
3 8806 4524 3008 
3 2876 2560 3008 
3 4002 11997 3130 
3 8800 7768 7787 
3 5942 15607 5678 
3 7659 2186 7505 
3 10447 3171 16456 
3 16311 8833 2081 
3 248 5602 247 
3 6168 245 246 
3 9012 5025 11081 
3 10106 7802 3323 
3 4197 3014 11507 
3 16101 2659 3989 
3 2766 7361 14767 
3 6440 2065 3243 
3 15934 3592 7136 
3 3372 1731 3016 
3 11076 3017 12911 
3 10905 7182 7756 
3 4468 3018 7685 
3 14005 6019 4348 
3 12630 6197 7996 
3 4925 2091 13217 
3 16150 11882 4142 
3 6925 11947 2988 
3 11683 3021 7223 
3 2882 1139 3021 
3 12507 3022 10179 
3 397 398 10179 
3 6121 4225 4101 
3 6984 2576 5249 
3 14305 3633 7369 
3 7637 4030 14638 
3 15217 5114 3004 
3 16472 2197 12566 
3 8532 13340 15177 
3 12160 2897 3086 
3 6708 5260 3502 
3 8389 6133 12971 
3 13858 3028 1980 
3 5059 13159 4019 
3 16150 1722 11882 
3 11282 13848 3029 
3 16010 3030 5051 
3 9025 12749 2109 
3 4938 5142 11362 
3 11302 2385 3031 
3 2361 10286 10375 
3 14114 8030 2690 
3 12432 3033 3692 
3 4348 2462 14005 
3 8943 4271 3670 
3 7713 9441 2126 
3 3512 6410 2615 
3 13641 6410 2871 
3 10651 3248 7213 
3 8633 6270 13678 
3 16290 14489 7696 
3 4853 3028 4825 
3 14531 13607 13669 
3 14447 7744 8500 
3 6533 3039 1920 
3 15834 6189 4522 
3 13149 4250 2338 
3 6250 3443 9310 
3 6861 3041 14847 
3 2133 7288 11764 
3 13400 7197 5685 
3 8039 4347 5080 
3 2273 13137 9389 
3 2082 2054 7213 
3 15946 3937 14298 
3 14071 15258 3008 
3 15277 13438 3808 
3 3864 11347 2378 
3 3587 3046 3079 
3 7631 7634 5767 
3 12118 3144 6187 
3 6198 12118 6187 
3 11768 3644 3665 
3 15738 11537 6724 
3 14804 5536 5597 
3 14426 1924 3049 
3 13026 6800 10699 
3 9703 8484 1787 
3 1874 15353 1734 
3 10616 3178 8998 
3 4722 4757 1679 
3 16594 2838 11611 
3 7631 3053 4479 
3 3487 14418 3046 
3 8743 3598 5982 
3 12348 4646 3133 
3 3504 3055 2029 
3 15613 3755 3131 
3 3292 3056 9015 
3 8193 1972 3056 
3 6470 3057 4486 
3 14883 9906 11556 
3 5844 10497 15954 
3 11557 1917 4088 
3 8547 10693 3485 
3 16101 6266 11388 
3 11679 3060 3118 
3 14714 11996 5975 
3 10183 3424 3761 
3 7394 1795 6415 
3 8383 4883 10786 
3 7339 4661 11952 
3 4506 3063 7307 
3 10425 6308 12995 
3 4512 3481 4565 
3 12976 14911 3064 
3 1189 11695 3065 
3 1188 1189 3065 
3 13156 3066 12645 
3 10137 1519 1518 
3 786 3067 7518 
3 787 788 3067 
3 4501 3068 1930 
3 14041 2101 3068 
3 12273 3069 4632 
3 3069 12135 11862 
3 15269 3070 3742 
3 10522 2632 2831 
3 9302 14191 8311 
3 5518 11421 13969 
3 9526 3072 16529 
3 9526 4424 5696 
3 6788 4375 14624 
3 15940 9673 1649 
3 1946 3074 2953 
3 5834 2980 4509 
3 11940 3075 8869 
3 15423 12853 5045 
3 10091 3076 10023 
3 703 704 4453 
3 12857 7801 8492 
3 10852 2807 9540 
3 4371 3078 2908 
3 4715 11645 2855 
3 5172 7972 3079 
3 1813 14418 3749 
3 11315 6840 3080 
3 8923 6515 7975 
3 13818 14038 3081 
3 14541 7547 2471 
3 5216 11495 13850 
3 12112 5862 2823 
3 7546 3083 9195 
3 11205 7864 4200 
3 1898 13404 6891 
3 14678 9573 6505 
3 8167 4645 5100 
3 14790 11009 11561 
3 6726 4086 3086 
3 14402 7726 12869 
3 8731 3087 1772 
3 10934 3188 5645 
3 4669 3088 2063 
3 2046 12313 4352 
3 10681 14805 1066 
3 4492 4364 2526 
3 15535 15590 13286 
3 14641 12781 5259 
3 6192 3637 3091 
3 13284 9751 10333 
3 5474 7649 5029 
3 13813 3107 5703 
3 674 675 11121 
3 15145 3406 8527 
3 1451 3094 1452 
3 10560 2402 6406 
3 7209 3095 5957 
3 14232 8508 2838 
3 8398 10753 10145 
3 9733 1993 12198 
3 2030 7429 2956 
3 8214 5742 5772 
3 13509 13491 3098 
3 6653 10315 13793 
3 8102 14346 3208 
3 16472 4707 2197 
3 9474 9750 11612 
3 14575 9570 2098 
3 12049 5317 7968 
3 3243 4033 6440 
3 6284 3102 3653 
3 15769 9121 15622 
3 9034 3103 6254 
3 2492 4313 16458 
3 14045 3104 13435 
3 5606 2890 8307 
3 5375 6251 11348 
3 13219 13513 14982 
3 16301 6398 4927 
3 2794 4927 8098 
3 15864 5355 2438 
3 2546 11261 3107 
3 15988 13164 6872 
3 12999 9826 5641 
3 3852 3109 2668 
3 4043 1854 3109 
3 13746 9402 13143 
3 12183 4459 12511 
3 3902 8911 15877 
3 14715 3252 5634 
3 14360 5132 7940 
3 14788 10989 2314 
3 12885 4942 11553 
3 14781 15785 12946 
3 8769 3114 2549 
3 4482 14826 12784 
3 3332 3115 11039 
3 5623 2883 4087 
3 8824 3116 11186 
3 10298 11018 5195 
3 14101 4664 5539 
3 14963 5906 14675 
3 13841 11679 14557 
3 11523 5669 8752 
3 7666 3119 7141 
3 13160 13171 7141 
3 5164 3120 1632 
3 11795 3993 7777 
3 8099 9338 12576 
3 9871 8377 3458 
3 15246 7615 11217 
3 6851 12000 11294 
3 12387 3480 720 
3 721 722 3123 
3 13941 9813 12014 
3 11168 6362 16270 
3 8813 3768 7212 
3 8045 2690 8030 
3 5557 3536 4915 
3 5172 3079 1813 
3 12963 569 15988 
3 3108 10335 3127 
3 5711 5278 14451 
3 6433 4207 3128 
3 1048 6285 11354 
3 11044 4431 14601 
3 4002 3130 16325 
3 13241 8180 4224 
3 1659 16343 3189 
3 8907 15141 12736 
3 12544 5768 14256 
3 3532 814 815 
3 10623 4317 3133 
3 5269 12936 7534 
3 11708 7553 8837 
3 13107 12880 3427 
3 8770 5688 9630 
3 12713 4590 2315 
3 1815 5054 2062 
3 4828 15037 10974 
3 12053 9002 7919 
3 6163 15227 2581 
3 6732 5507 8446 
3 14670 2642 5665 
3 3474 1704 4161 
3 15378 4865 10190 
3 11963 3140 11091 
3 8944 4603 1829 
3 16264 7760 14923 
3 8433 7070 14872 
3 14887 10826 12254 
3 10978 5021 2984 
3 13361 3143 2712 
3 10448 2336 9135 
3 8374 14015 8703 
3 1873 2743 6187 
3 13460 3793 8841 
3 14276 3196 4380 
3 13146 5862 6531 
3 3146 12112 9206 
3 11006 6500 10752 
3 12597 2278 7036 
3 16479 6604 3230 
3 2367 13945 3148 
3 9876 3539 6554 
3 2134 9083 6020 
3 9818 4357 2171 
3 10378 16138 2735 
3 4558 10494 1638 
3 347 11750 346 
3 11901 4614 7768 
3 7014 2470 3558 
3 12366 9807 11894 
3 7588 15169 4740 
3 10678 16049 5742 
3 5489 15394 4988 
3 11632 3171 11341 
3 13775 12263 6431 
3 6292 3156 3471 
3 13236 7475 9740 
3 9520 3157 6650 
3 4349 9646 6650 
3 5901 15174 1788 
3 6859 1952 11530 
3 13431 13548 10388 
3 4857 14584 10026 
3 3217 8311 14761 
3 8942 16083 8683 
3 13229 4543 12882 
3 10290 3470 4871 
3 14136 14230 12376 
3 16495 15094 7783 
3 15661 12390 7601 
3 14932 3126 5998 
3 10654 7261 16407 
3 12372 9252 13495 
3 15945 3165 13508 
3 15962 13624 7410 
3 13378 12059 5913 
3 13962 9106 6678 
3 4228 10918 10238 
3 16087 1979 8768 
3 6567 7095 13983 
3 14214 1654 11473 
3 5288 12271 2821 
3 14543 15910 8189 
3 13909 11849 7084 
3 2424 2812 10014 
3 16456 3171 2177 
3 13287 10447 5558 
3 3426 3172 5858 
3 7810 3168 3172 
3 10369 12169 13289 
3 9101 12512 4860 
3 7432 5185 12993 
3 11352 2443 16165 
3 11722 3175 4520 
3 15501 3626 14346 
3 13210 7271 3876 
3 16481 444 445 
3 15681 3177 8652 
3 16359 10540 11552 
3 611 3178 610 
3 611 612 8998 
3 4725 6763 12825 
3 14020 11938 9606 
3 9878 3180 7567 
3 12692 10516 5131 
3 8507 6161 3181 
3 13206 3102 9631 
3 13854 3182 2978 
3 3289 9179 3182 
3 4474 4723 8047 
3 8178 13259 4562 
3 6927 8940 3184 
3 8356 15747 8940 
3 7956 3185 3256 
3 9676 4421 2636 
3 14938 7669 13057 
3 7665 15382 12400 
3 1961 4528 15306 
3 12755 3112 4058 
3 10934 13555 3188 
3 8926 4813 10731 
3 6410 3512 6485 
3 11467 2188 2169 
3 16402 15042 9197 
3 14354 2690 8045 
3 3241 3191 2437 
3 5811 10380 2869 
3 10969 3192 9879 
3 15568 16059 12728 
3 15140 3054 10383 
3 5265 6160 7180 
3 11777 15899 9290 
3 15272 5561 2442 
3 3609 6743 2875 
3 8794 14537 5611 
3 12648 13951 2025 
3 16336 2664 16145 
3 7520 3197 2780 
3 12358 2644 6506 
3 7583 4467 2637 
3 14110 6809 8097 
3 3572 5473 7786 
3 12087 5693 4800 
3 3478 6032 2010 
3 12294 6933 9554 
3 9209 4730 4824 
3 5719 1810 4138 
3 13815 11745 5990 
3 12008 7190 1907 
3 9107 3203 2040 
3 5766 2040 3203 
3 8607 5129 3204 
3 3204 9969 13505 
3 10679 3205 5705 
3 8016 14313 12279 
3 13983 2203 6567 
3 14542 16431 7329 
3 10541 15751 5820 
3 9540 2807 4343 
3 5049 15314 12061 
3 12656 3308 12301 
3 14653 3209 8289 
3 13065 2494 9481 
3 4340 14349 2567 
3 12429 6945 12247 
3 12186 14907 8169 
3 11496 7378 2642 
3 16018 3565 9408 
3 3565 5393 9408 
3 7951 3213 14530 
3 11200 2469 9452 
3 12565 1159 10058 
3 7226 6704 10010 
3 14886 3215 1986 
3 3215 14886 8077 
3 3397 2670 15699 
3 11227 2386 9405 
3 12071 9302 8311 
3 15739 3816 8015 
3 12996 10669 11021 
3 12102 5469 7617 
3 13477 15891 2956 
3 2956 3097 8474 
3 10940 5779 8035 
3 14392 1826 2361 
3 9290 2548 13182 
3 11905 4944 14039 
3 10220 14752 16569 
3 728 12639 727 
3 7249 11794 10373 
3 10362 10373 10467 
3 6974 6541 5663 
3 1872 7442 3224 
3 4809 3225 10772 
3 1371 12038 1372 
3 5007 10972 1912 
3 3047 1912 5105 
3 7551 3227 2404 
3 12550 5239 16032 
3 10347 3228 5915 
3 15613 5915 10068 
3 11176 3876 3229 
3 13852 2638 6542 
3 15190 11458 4862 
3 3148 2782 3230 
3 7305 13022 2065 
3 11752 7435 8299 
3 10048 15932 2831 
3 9939 2520 5138 
3 4120 3554 3583 
3 3662 14999 13919 
3 13001 3234 2888 
3 13001 5824 11084 
3 16303 5473 3572 
3 7668 2556 14252 
3 8920 7035 6012 
3 4450 8673 3526 
3 5816 16561 2053 
3 4008 1732 3237 
3 4731 3238 4743 
3 12995 4289 4140 
3 8089 3239 4629 
3 12789 4080 4629 
3 8639 7485 5137 
3 12207 5740 14495 
3 3764 3621 5158 
3 9881 12194 5042 
3 14713 10537 3242 
3 7914 1922 7015 
3 15890 10580 7968 
3 3586 12337 4033 
3 6407 9604 13983 
3 13983 3244 6407 
3 2494 15660 2542 
3 15660 13490 1714 
3 7767 12297 3710 
3 3246 8060 3419 
3 4109 13096 12058 
3 5108 2178 5883 
3 14586 8106 8618 
3 1640 12278 3248 
3 13725 13660 14523 
3 11989 2778 11681 
3 12884 12600 9024 
3 12679 1836 12115 
3 13605 6448 3251 
3 2357 11728 16154 
3 4049 3252 2518 
3 11577 5365 8325 
3 5481 6315 12076 
3 16020 10621 6613 
3 3786 10927 9267 
3 8007 13731 15709 
3 14601 5401 1975 
3 9587 14690 8699 
3 15186 8306 10381 
3 14103 1643 6521 
3 960 3257 959 
3 960 961 3257 
3 8275 2088 10007 
3 15941 9674 4680 
3 10392 3889 4152 
3 15838 7529 4122 
3 4715 3260 8021 
3 11177 3950 6659 
3 11300 3261 1862 
3 8354 1743 16016 
3 11180 5088 10305 
3 3618 12785 10200 
3 13472 6848 7419 
3 16187 13361 11114 
3 8318 9076 5909 
3 14713 3242 2113 
3 11657 3265 14019 
3 15717 1797 11921 
3 9873 3266 2207 
3 1604 10499 11610 
3 8278 7004 2535 
3 7343 6850 2124 
3 8199 3268 5634 
3 5400 10490 3454 
3 7861 3269 5837 
3 6024 2055 5924 
3 9081 3392 5351 
3 15888 9081 13515 
3 8438 3271 4984 
3 238 16308 14170 
3 6165 5799 14838 
3 14490 3085 2851 
3 9746 16279 11812 
3 14383 2800 9036 
3 3722 3274 3247 
3 9731 5439 16526 
3 2405 3275 373 
3 2405 375 13789 
3 12423 5150 13626 
3 3276 14701 7920 
3 4302 6917 10698 
3 14418 3487 3702 
3 9392 3278 14173 
3 2748 2044 14173 
3 5132 16473 6343 
3 13097 7521 10989 
3 14169 16369 11541 
3 11664 2788 9628 
3 15636 3281 7763 
3 7763 7251 2213 
3 16049 5604 5742 
3 10739 2307 8404 
3 3468 4758 7212 
3 11869 15696 3655 
3 16099 9970 4634 
3 15317 8671 7347 
3 10232 15882 15770 
3 14982 14878 2381 
3 7456 6519 3460 
3 2350 7786 8878 
3 9155 16364 2890 
3 7047 7394 3287 
3 9580 3288 4602 
3 8606 14798 12240 
3 9179 3289 2766 
3 12753 4514 3527 
3 5559 3290 10314 
3 7614 6844 10479 
3 3140 11963 8358 
3 3602 10965 11178 
3 3495 3292 1927 
3 12375 13250 13033 
3 13685 9764 3293 
3 16314 14416 3326 
3 13923 5523 13319 
3 11547 2932 9220 
3 3375 4624 6455 
3 10998 4624 5913 
3 13934 3296 6822 
3 6822 9921 4560 
3 2249 3297 3456 
3 14791 2778 8582 
3 7110 4242 11118 
3 13692 13971 5846 
3 2477 3299 7616 
3 9479 4479 3053 
3 14242 3300 5786 
3 5324 3954 11089 
3 13612 7696 12891 
3 9464 2420 5380 
3 9804 3986 8997 
3 15807 6475 9625 
3 10791 3303 7515 
3 1388 9581 1389 
3 15526 6228 9521 
3 2958 7008 10003 
3 15684 3840 3305 
3 8790 2701 10933 
3 2121 8666 11828 
3 8122 6862 9079 
3 16427 7509 9342 
3 13272 12321 3307 
3 12656 4520 3308 
3 3175 3391 5248 
3 14059 11370 3309 
3 9934 3509 8028 
3 3726 3888 6045 
3 1985 10781 5003 
3 5061 4928 15201 
3 8944 11312 4603 
3 14539 13390 13016 
3 10248 3301 7696 
3 7203 11780 11360 
3 12606 7653 14496 
3 8116 5971 7599 
3 11973 7254 15647 
3 4958 3315 1752 
3 3744 14628 1826 
3 6125 5556 3316 
3 7570 2741 2995 
3 11347 15277 2330 
3 12684 2904 7279 
3 9488 3318 3860 
3 5422 2973 3318 
3 13830 5963 9723 
3 14135 15793 13015 
3 9117 2105 3711 
3 3281 3613 7763 
3 212 213 14569 
3 12176 13974 5607 
3 3445 4169 2154 
3 185 186 3322 
3 13554 8676 3323 
3 12063 2592 13557 
3 13574 11974 11235 
3 7721 10122 10670 
3 9540 4876 10852 
3 14386 1795 7394 
3 11659 4746 6804 
3 1656 12306 3326 
3 12445 5036 3327 
3 8814 10792 8191 
3 2706 3328 2573 
3 12481 7001 7120 
3 15660 3329 13490 
3 15660 6716 227 
3 10264 4475 7688 
3 12725 2920 9837 
3 6441 6130 12983 
3 4692 9503 7448 
3 12573 3332 2487 
3 5450 12758 6085 
3 5991 3333 13896 
3 16333 2662 16204 
3 9211 3334 15717 
3 9430 2376 2821 
3 268 3523 1758 
3 13855 13707 3345 
3 7861 13728 3269 
3 14116 2918 9691 
3 1433 1432 6909 
3 9275 15395 15464 
3 5444 418 3593 
3 15839 6894 3338 
3 9218 3339 3893 
3 13063 5219 14540 
3 9719 3340 5900 
3 10191 3431 13832 
3 2419 5082 15715 
3 9909 12050 3087 
3 12733 11715 15508 
3 8327 6905 10219 
3 6675 3343 2432 
3 12918 4487 6250 
3 2415 3344 11328 
3 11964 2661 4836 
3 13968 3784 8033 
3 14570 13855 11696 
3 2265 6845 13807 
3 13762 6291 708 
3 11682 11192 6645 
3 15438 3036 6294 
3 4870 3348 8994 
3 14646 6020 2741 
3 3074 15586 11018 
3 5440 7765 3672 
3 1996 11914 2618 
3 12674 3191 11562 
3 6181 4549 3964 
3 15798 14499 10018 
3 14510 13639 13336 
3 11465 5894 15562 
3 12836 5116 4164 
3 15480 9406 8239 
3 14485 9543 3838 
3 8088 15493 3845 
3 13469 3423 7029 
3 11233 8925 14905 
3 10208 12181 14814 
3 11110 1931 1891 
3 13045 11401 4020 
3 5406 4463 2407 
3 13831 3358 15268 
3 5247 1440 1439 
3 9727 14851 5647 
3 11556 7044 2282 
3 9776 4335 10868 
3 11880 1888 10590 
3 13352 3940 8413 
3 13119 6056 6211 
3 10929 3362 11815 
3 14702 2610 8262 
3 16192 11928 14650 
3 14847 11764 3363 
3 1919 3364 2720 
3 1919 840 3364 
3 7924 3365 5203 
3 13907 12596 10049 
3 14331 6410 5953 
3 10793 6265 13657 
3 9657 3367 9402 
3 7844 2280 15540 
3 12862 1781 2559 
3 1537 9717 11100 
3 11430 3369 885 
3 883 884 3369 
3 6181 15520 6791 
3 3964 6310 7449 
3 4632 3371 1697 
3 15497 7931 12558 
3 15934 16197 3016 
3 13752 14266 8803 
3 12834 3373 6998 
3 1988 5770 6014 
3 12054 3374 2774 
3 107 108 7936 
3 10021 3489 6968 
3 14046 5913 3931 
3 5797 3376 13519 
3 13119 1943 5222 
3 16462 7265 7502 
3 6373 5097 3377 
3 5569 8211 5694 
3 11063 14821 2087 
3 8271 9148 7515 
3 2181 9476 12241 
3 7182 16278 2093 
3 3380 16468 4712 
3 11663 3381 6287 
3 4123 16547 11206 
3 6589 5973 6364 
3 928 8727 927 
3 9944 3383 2624 
3 16139 2283 1794 
3 11041 11326 3384 
3 4215 6218 1826 
3 9120 3799 4957 
3 11361 2779 11269 
3 16305 3603 15054 
3 1783 4974 7105 
3 15585 8819 3387 
3 15673 1249 1248 
3 4250 1850 12893 
3 14521 2261 11154 
3 15219 3389 10638 
3 7630 5727 6158 
3 1963 3390 1901 
3 12109 4133 15358 
3 5735 7566 7232 
3 5248 3308 4520 
3 4308 15569 9915 
3 2574 2233 3392 
3 10832 6559 6630 
3 11100 1532 5977 
3 3571 7137 11054 
3 3191 3241 11562 
3 12130 16430 2126 
3 8756 8694 2310 
3 14545 2683 9492 
3 4371 13160 3396 
3 6384 3397 2571 
3 2670 4502 15699 
3 9578 3398 1673 
3 5782 7714 8031 
3 10555 12770 2588 
3 286 287 3399 
3 10595 16219 4332 
3 3585 2960 11921 
3 14569 7285 14433 
3 12416 1957 4639 
3 5851 9724 11881 
3 8861 11957 12709 
3 3636 5577 8740 
3 7243 8787 10930 
3 6823 3404 9411 
3 6709 2986 14412 
3 8696 8547 6118 
3 11332 12757 6139 
3 11121 15181 7602 
3 9522 671 672 
3 14607 10789 4687 
3 9220 4315 7593 
3 2009 3408 11185 
3 13729 2009 11185 
3 8923 9016 6515 
3 3409 15036 9409 
3 2072 6596 5880 
3 13184 6551 2052 
3 3140 9316 3311 
3 12192 13720 16507 
3 695 3412 2300 
3 15105 699 13366 
3 4729 4837 2905 
3 13099 7722 1861 
3 14740 3414 1780 
3 4982 11746 3414 
3 3153 5783 11147 
3 6556 15979 12687 
3 6821 6644 3416 
3 7919 13185 3137 
3 9262 3417 7716 
3 16574 11941 13288 
3 10384 3418 14738 
3 2466 6058 14738 
3 16031 3419 3203 
3 8060 3246 12944 
3 8681 8258 2547 
3 1988 3373 3420 
3 7851 13845 15619 
3 11566 12842 6668 
3 3694 3422 4361 
3 1759 3483 9579 
3 10309 7029 7986 
3 15521 848 849 
3 11292 11307 3424 
3 15445 2930 6994 
3 11580 14850 8820 
3 3302 8495 3425 
3 14799 3426 15989 
3 2412 7810 3426 
3 13009 7069 12880 
3 12009 5123 10365 
3 10032 3428 10303 
3 13920 1604 3266 
3 14939 3429 12380 
3 13924 10253 13000 
3 12292 3430 10223 
3 9147 2776 3430 
3 9042 10463 14683 
3 10234 9820 6082 
3 14030 10514 9030 
3 14909 4248 1775 
3 384 8615 383 
3 2598 1789 3433 
3 7709 3434 8690 
3 3351 3370 10018 
3 11967 7267 6510 
3 12571 10759 11536 
3 7597 3508 7672 
3 10356 2312 12379 
3 8594 10525 2241 
3 11936 2742 10856 
3 3273 12557 9142 
3 2351 13377 3438 
3 7642 9817 15008 
3 13971 13741 5164 
3 12099 3440 9267 
3 9267 4280 9367 
3 1614 3441 8009 
3 12752 1746 3347 
3 2106 7691 12139 
3 2106 3229 7691 
3 9306 13672 6250 
3 16509 10661 4679 
3 13074 13210 8339 
3 3176 6213 16481 
3 7072 8215 12649 
3 4385 2767 3852 
3 15176 11183 4017 
3 11066 9068 832 
3 2434 3447 1671 
3 14563 14203 1798 
3 14549 5826 13349 
3 10099 3790 3159 
3 14334 12021 8868 
3 12285 311 312 
3 145 14443 144 
3 16377 14599 7742 
3 10701 11387 10570 
3 11516 3395 3451 
3 5107 3452 9563 
3 5107 2076 3452 
3 2373 14425 1928 
3 1666 7136 3453 
3 16047 3454 3214 
3 10058 1162 1163 
3 14787 11005 9156 
3 16005 14197 6964 
3 10454 14697 10172 
3 2842 2249 3456 
3 4367 3407 4677 
3 13933 2016 4230 
3 5262 3458 8377 
3 14599 3962 9295 
3 9339 8208 8885 
3 15155 3015 6417 
3 8748 3664 5853 
3 13705 3572 7786 
3 6668 15229 6652 
3 14015 5344 7698 
3 2328 12126 10398 
3 4434 10669 12996 
3 6965 3463 5159 
3 6717 1961 3415 
3 4113 6067 6174 
3 14572 5123 11324 
3 5285 10524 7897 
3 15276 13271 4437 
3 15130 8918 10558 
3 10050 2743 1665 
3 9075 5698 6265 
3 9134 16084 2895 
3 15528 8237 13708 
3 16528 11274 3125 
3 15190 422 423 
3 13800 2945 15422 
3 16074 8219 15148 
3 9507 10455 15553 
3 1925 6292 2035 
3 4917 10125 4205 
3 16042 8354 2593 
3 8354 5390 2952 
3 15026 3473 8719 
3 5969 7375 3473 
3 2292 4999 2465 
3 1704 5581 7580 
3 4412 1844 15763 
3 14195 3177 11571 
3 312 313 12285 
3 16197 5939 3372 
3 7524 3477 2461 
3 15909 11816 3569 
3 13179 4325 4879 
3 13179 1752 3315 
3 9814 15444 10790 
3 16532 3315 2623 
3 12040 10214 3123 
3 15902 718 3480 
3 4565 3481 12558 
3 16191 10517 12860 
3 5430 7348 6432 
3 13928 9494 15748 
3 15825 520 521 
3 11213 7910 2921 
3 10755 5336 5978 
3 9281 2718 3520 
3 7609 4084 11512 
3 3059 4653 6118 
3 14322 12994 2719 
3 11551 1999 6816 
3 7631 6127 12262 
3 14418 12141 3749 
3 11757 11542 16403 
3 8828 2194 15957 
3 12652 3489 5465 
3 14951 2710 12246 
3 12792 7412 2721 
3 10674 2946 6766 
3 16487 6311 5327 
3 13672 3443 6250 
3 5340 3492 3858 
3 12455 11411 3219 
3 16312 16179 12543 
3 4425 1913 4097 
3 8966 13915 10247 
3 12024 10233 15171 
3 2733 5661 1927 
3 15642 2900 4791 
3 16558 15732 4655 
3 15282 5785 3881 
3 15107 11489 12497 
3 9616 2525 12715 
3 11963 4928 5672 
3 8869 1662 11940 
3 2092 6496 11832 
3 15454 10945 10118 
3 15657 8910 13084 
3 12992 1131 12854 
3 1774 4490 3441 
3 12613 12681 16229 
3 12868 3502 16538 
3 12833 1626 6843 
3 9929 3503 15380 
3 10785 16133 14803 
3 7207 3504 9052 
3 15354 3755 15088 
3 2217 16429 7873 
3 6668 4299 9600 
3 12325 3539 14672 
3 5817 8331 3506 
3 15724 2999 15856 
3 12073 16186 11142 
3 14955 16237 9821 
3 7163 2612 4827 
3 10943 3866 12788 
3 8460 2563 9714 
3 5639 4218 4548 
3 14622 11972 11905 
3 16047 13530 3454 
3 14522 1157 12565 
3 13657 3512 10793 
3 2615 8067 3512 
3 13638 16404 2811 
3 2383 12543 16404 
3 5233 7320 13674 
3 15517 1852 7604 
3 8150 7183 7488 
3 1732 4008 4684 
3 5581 11678 2187 
3 3576 2860 2826 
3 12323 3688 7874 
3 10218 15461 8881 
3 13803 9802 5918 
3 12485 4802 2078 
3 6625 11450 5695 
3 7838 3528 11864 
3 1493 1492 5895 
3 9665 3003 6572 
3 9795 3537 10070 
3 2015 6416 5472 
3 9013 7642 4766 
3 9904 5491 7110 
3 9165 3523 11696 
3 8602 270 3523 
3 5456 420 421 
3 14732 1831 5000 
3 9531 5731 3525 
3 1729 9736 15713 
3 12422 3526 280 
3 278 279 3526 
3 7860 6472 3527 
3 3935 8691 7883 
3 2190 8949 10986 
3 6625 12821 2301 
3 3660 4896 1862 
3 11251 13497 1614 
3 3806 3530 5476 
3 1673 3398 5782 
3 14338 5176 13585 
3 14810 14019 3265 
3 5371 3532 815 
3 1783 810 15813 
3 1602 12097 1810 
3 11606 16135 5027 
3 7761 3534 7468 
3 11699 4114 13960 
3 11330 3535 13748 
3 12177 4154 3566 
3 5265 5557 4915 
3 12309 3299 3587 
3 12053 3537 9002 
3 3961 3704 3982 
3 13036 2749 9300 
3 14789 10240 14878 
3 10757 3539 12325 
3 10402 10466 6093 
3 9300 3540 13036 
3 15770 7627 10232 
3 6950 2408 15532 
3 10396 2058 5476 
3 16063 3542 9434 
3 2631 4747 3542 
3 8458 7172 8334 
3 5063 2862 4002 
3 11899 15626 3400 
3 5266 3265 3544 
3 3546 3545 16343 
3 10213 2369 13965 
3 7899 15561 1659 
3 13049 14649 7621 
3 15770 6038 7627 
3 13468 9619 4240 
3 13881 11589 3548 
3 172 173 3548 
3 11058 3549 3731 
3 2691 3573 10565 
3 6486 5444 3550 
3 5256 12385 3550 
3 15890 4033 12337 
3 6370 4457 11398 
3 10819 3552 9320 
3 7505 10640 14037 
3 1053 1054 8480 
3 5401 3255 1975 
3 6040 8234 9373 
3 10389 11063 11250 
3 4252 5431 16096 
3 5220 7298 9110 
3 11915 15296 10493 
3 11845 1601 3748 
3 10980 3557 5743 
3 9164 3082 8621 
3 16297 7699 15173 
3 15202 4360 8580 
3 15450 3559 1814 
3 2534 2865 6634 
3 2772 3560 7124 
3 2772 4600 3560 
3 4205 10125 6918 
3 9400 7984 13818 
3 14575 3713 3562 
3 4070 7249 9354 
3 11197 11463 12906 
3 16588 12648 6759 
3 4621 3564 6906 
3 5884 3760 4792 
3 16018 8072 3565 
3 15648 3267 13254 
3 2843 7398 15704 
3 13706 4759 12740 
3 5236 10942 4305 
3 13419 9375 3313 
3 5031 12378 4117 
3 5304 15013 8826 
3 15909 8348 11816 
3 3569 11816 9373 
3 2502 11730 9284 
3 14631 4590 8110 
3 7705 3571 7954 
3 2041 2608 3571 
3 16143 8648 13422 
3 16303 4338 15606 
3 1547 3573 2691 
3 1545 1544 10565 
3 12676 4942 14659 
3 7624 6953 3547 
3 6224 6876 12566 
3 2821 2376 12282 
3 3430 3897 10223 
3 3897 2776 1984 
3 13527 13644 4203 
3 7995 10579 15884 
3 7799 8638 11502 
3 12957 6095 10327 
3 7600 16181 2214 
3 13399 7252 13865 
3 14314 8856 12761 
3 10215 11320 12687 
3 6218 3581 3479 
3 14933 8328 12477 
3 12453 3582 9774 
3 12778 8534 11768 
3 11250 16370 7620 
3 3554 10389 3583 
3 7691 3584 3442 
3 5680 3444 4762 
3 7967 3585 3400 
3 2960 5276 11921 
3 2065 14611 3243 
3 7968 6076 12049 
3 7972 3587 3079 
3 16497 7732 15140 
3 10942 5236 8622 
3 14496 7653 3724 
3 10040 3589 9941 
3 9318 650 651 
3 2867 12542 3223 
3 13327 7998 1646 
3 13806 5602 3591 
3 248 249 3591 
3 1731 6605 3016 
3 10799 3453 3592 
3 6154 3593 5456 
3 419 420 3593 
3 2054 4206 5225 
3 12126 2328 8190 
3 6603 15579 3941 
3 15688 2950 7122 
3 11591 3596 8539 
3 8274 6562 2762 
3 14728 3597 8983 
3 16301 3106 2055 
3 15553 2112 14613 
3 7448 4092 4692 
3 14182 5446 7734 
3 7734 7804 3599 
3 7670 3600 15069 
3 13600 15663 11762 
3 10913 3601 2210 
3 13156 12645 10137 
3 8944 3602 3291 
3 4193 10668 15019 
3 16305 10170 10374 
3 14893 3980 9890 
3 4982 14740 8099 
3 14469 9679 14452 
3 913 3605 912 
3 913 914 16102 
3 6491 3606 7510 
3 9978 6608 4142 
3 6799 3607 3283 
3 9768 3994 7674 
3 4887 3608 16019 
3 10444 15519 13610 
3 13638 4147 7872 
3 2649 1770 3609 
3 3004 11739 7280 
3 2527 14845 4828 
3 13986 3611 8260 
3 9081 2233 13515 
3 2030 4778 16049 
3 6888 10528 4186 
3 3281 8633 3613 
3 6471 14323 9195 
3 242 3614 11134 
3 10841 15855 5916 
3 7748 3615 16013 
3 12760 13093 9380 
3 9152 5752 3616 
3 16335 2140 2490 
3 12359 3617 10682 
3 7683 5880 15984 
3 2159 11180 12939 
3 16342 2512 10731 
3 13411 11230 3769 
3 3075 11940 15265 
3 9582 12415 3168 
3 15958 3966 4365 
3 2437 3764 10002 
3 8164 6781 2380 
3 14354 8313 5914 
3 14188 2453 11327 
3 8314 10051 6983 
3 10051 2069 15299 
3 14707 3624 7544 
3 7496 3624 7464 
3 16536 3625 8229 
3 9568 12475 8229 
3 16389 4965 11301 
3 7772 11301 8744 
3 14349 3627 2567 
3 3210 3821 6202 
3 7521 3628 9968 
3 14036 4134 4324 
3 15912 6939 13537 
3 11602 546 547 
3 10120 4564 15431 
3 16157 3258 13922 
3 9746 4844 5802 
3 10203 2854 4489 
3 7260 3386 5894 
3 11130 3132 8961 
3 10888 5812 10096 
3 12642 6055 3830 
3 15609 5552 13061 
3 2729 3519 3634 
3 13395 3635 11089 
3 5358 6360 3810 
3 10445 4763 4135 
3 9367 3932 9267 
3 11929 4025 6192 
3 12395 4779 7708 
3 3638 15085 13943 
3 12355 9418 9728 
3 11586 3639 5048 
3 12410 3832 6777 
3 2085 4012 3217 
3 4037 5518 3071 
3 3350 11562 1996 
3 12930 3621 8172 
3 11498 6612 3303 
3 9388 6910 13948 
3 8276 4292 3643 
3 10499 1604 3313 
3 4428 13124 3872 
3 15966 8340 7349 
3 11920 6902 2585 
3 2585 13566 3645 
3 13656 3646 14026 
3 12604 2655 6230 
3 9382 14075 2335 
3 13029 4318 11282 
3 2270 7854 13493 
3 10711 3936 8896 
3 5665 4573 14670 
3 16324 2431 4181 
3 3443 13672 8763 
3 11226 3736 4046 
3 11444 7766 6362 
3 5686 11168 3651 
3 4333 3652 2285 
3 1909 6591 3652 
3 6284 3653 1896 
3 3102 9623 3653 
3 12921 8393 5275 
3 13402 4226 5736 
3 4811 4173 3655 
3 14410 6349 5472 
3 3889 3656 5631 
3 5804 6860 14030 
3 6183 14445 2002 
3 14661 4125 1742 
3 12881 3658 2619 
3 15798 10018 3370 
3 16419 10043 10492 
3 15971 2510 4439 
3 2743 1873 7827 
3 7827 1873 4896 
3 3333 3708 6790 
3 10203 13093 14763 
3 7855 13919 7552 
3 3851 13946 3662 
3 13038 3663 7372 
3 2153 1982 8432 
3 16286 4232 8510 
3 12016 3001 1699 
3 10460 3665 3644 
3 8636 3201 4138 
3 7685 3666 2801 
3 3018 12694 14005 
3 11450 13376 3667 
3 7131 4477 3634 
3 8983 3668 5308 
3 16043 658 659 
3 14552 3669 2047 
3 13868 1806 6962 
3 16190 6539 8170 
3 11875 4682 8170 
3 15268 3671 2018 
3 8989 4519 1974 
3 9516 8710 5440 
3 5440 4595 1903 
3 3609 7081 2649 
3 12026 8702 4449 
3 4527 10851 2118 
3 5984 1668 12984 
3 9580 4602 2768 
3 5038 2884 4146 
3 5409 5835 12261 
3 14996 3970 9601 
3 4736 5640 6029 
3 4535 16220 11934 
3 10996 3678 10147 
3 14128 4078 13857 
3 16168 5127 15392 
3 6447 16005 5986 
3 14527 6810 3680 
3 9614 6808 4977 
3 3280 9707 3681 
3 14566 5409 12261 
3 1101 3682 1100 
3 2455 7573 3682 
3 4856 7570 3716 
3 8959 9467 15468 
3 8810 15276 4437 
3 14908 10989 14788 
3 3293 15852 8976 
3 4654 3402 13150 
3 3019 3686 9236 
3 10917 3773 2091 
3 10174 3687 1693 
3 16405 2481 10556 
3 5752 7874 3616 
3 15390 3692 3033 
3 10913 1507 1506 
3 1506 1505 3689 
3 9480 3690 7082 
3 9411 4834 15853 
3 7626 5313 2628 
3 7153 5795 8461 
3 15390 13384 3692 
3 6540 5729 6347 
3 14803 3693 7499 
3 14425 4026 13637 
3 8415 3694 4361 
3 12658 2162 15869 
3 9127 16084 7150 
3 3796 13821 11570 
3 12385 3696 12421 
3 6486 8895 413 
3 7418 3697 3623 
3 14653 5274 2735 
3 14961 6436 10261 
3 11191 11593 4625 
3 13437 3699 5734 
3 3208 3099 3699 
3 12227 3700 12221 
3 2645 1904 3700 
3 8961 4974 5371 
3 9068 12711 4858 
3 12262 6127 3702 
3 12732 8083 7990 
3 13531 6697 9955 
3 12446 8663 3890 
3 12371 3704 3961 
3 11645 4715 9639 
3 13921 3898 5546 
3 6202 3627 3210 
3 6854 5453 2521 
3 12632 9519 1145 
3 16574 13288 9626 
3 9140 4976 7388 
3 14763 3708 5991 
3 5991 12267 14763 
3 8056 4215 3709 
3 6218 3858 3581 
3 7767 9928 12297 
3 5937 12944 5972 
3 8466 3973 7140 
3 2105 15016 3711 
3 8176 6046 5725 
3 9635 4330 7202 
3 10101 14575 3562 
3 9354 2421 4924 
3 6689 9445 5452 
3 12700 5828 6507 
3 12470 3715 11246 
3 16174 6013 7050 
3 14577 11446 7570 
3 8090 4075 2741 
3 13906 6627 9536 
3 6361 15284 8342 
3 15836 7280 16397 
3 7280 4667 10728 
3 7797 6690 11719 
3 10344 1860 6776 
3 10833 4081 5459 
3 12199 2048 2634 
3 16217 1962 4653 
3 10067 3606 3721 
3 12058 3722 3247 
3 3247 7370 12058 
3 13876 10182 16280 
3 14833 9780 5430 
3 4739 7704 7653 
3 7855 13163 6441 
3 3577 11757 3061 
3 14778 6415 11710 
3 7665 3945 5605 
3 6045 3310 2654 
3 13058 3727 11553 
3 3429 3677 4535 
3 7798 3728 10916 
3 2635 527 3728 
3 11704 7764 12485 
3 6253 4558 16341 
3 16537 7542 3730 
3 6459 5051 1828 
3 15184 3731 8454 
3 10565 3573 1545 
3 16589 3732 15928 
3 8018 2257 6418 
3 3411 7024 3389 
3 5968 7863 14616 
3 12372 11755 9252 
3 9176 12514 2251 
3 12663 3735 6683 
3 8758 8008 5492 
3 2176 11226 4046 
3 6613 4089 10983 
3 12226 3737 8018 
3 13059 2257 3737 
3 4605 3738 1763 
3 6144 3380 12659 
3 4569 7266 7485 
3 6530 10673 15152 
3 3142 12318 3740 
3 12629 6804 4259 
3 14858 6077 11787 
3 9810 7063 6318 
3 9994 3742 3070 
3 13362 2167 3742 
3 3944 3743 15711 
3 4756 633 634 
3 6991 3744 1826 
3 15199 15857 2361 
3 13523 10279 7126 
3 3745 11033 2075 
3 14205 6352 9164 
3 16091 14338 2047 
3 11603 16210 3747 
3 7201 2564 7771 
3 3556 3748 3147 
3 3556 11845 3748 
3 10698 11721 3749 
3 5172 1813 3749 
3 969 970 16406 
3 973 974 3750 
3 11960 9664 13176 
3 5959 1704 3474 
3 16144 5515 3988 
3 12499 2669 4748 
3 11601 7702 12450 
3 14075 7955 4196 
3 3977 5183 2993 
3 2479 736 3754 
3 5915 15613 3131 
3 4702 3055 3504 
3 7436 5520 10127 
3 5520 1890 10505 
3 5574 3757 3719 
3 9086 8018 7205 
3 12989 3758 12685 
3 4372 12326 5497 
3 12082 15739 4012 
3 9414 4390 7359 
3 4792 3760 2036 
3 7911 5474 7328 
3 14397 9011 3761 
3 3424 10159 12189 
3 463 464 15488 
3 2508 12610 7596 
3 12434 3110 4359 
3 15386 1013 1014 
3 1639 3764 2437 
3 6408 8172 10893 
3 16484 5072 3765 
3 11793 7633 9897 
3 15957 14511 4533 
3 6101 15073 13013 
3 10214 3767 3123 
3 2265 15902 3767 
3 8040 11910 14247 
3 5942 1632 3120 
3 3869 9360 12531 
3 10022 3923 13411 
3 620 7739 619 
3 620 621 7739 
3 3057 5349 9390 
3 6593 3847 8721 
3 13034 12456 6393 
3 8799 4918 3330 
3 13217 5246 4925 
3 15133 15339 1658 
3 7647 9883 6288 
3 9883 2824 3774 
3 10064 4378 5159 
3 6717 3415 6328 
3 10495 3776 2426 
3 4642 396 3776 
3 11010 3777 2817 
3 16173 5692 4915 
3 9318 3778 9941 
3 652 653 3778 
3 15809 3779 3004 
3 15196 5323 8443 
3 11635 8804 2447 
3 11627 3011 13775 
3 7804 15925 2991 
3 3781 13033 14385 
3 2038 3782 1692 
3 2038 2200 6331 
3 11684 3783 11242 
3 9296 7675 1718 
3 12762 6578 8033 
3 7514 3236 8277 
3 5839 6123 3732 
3 16026 1894 3785 
3 7970 9245 3440 
3 3844 5754 3786 
3 5936 3787 2173 
3 15069 3600 8564 
3 13716 3788 11996 
3 11996 11464 1655 
3 16130 16466 15267 
3 8351 4102 4956 
3 3159 3790 10388 
3 10099 11734 4802 
3 6351 10217 3791 
3 6319 3849 9204 
3 13056 16405 2374 
3 15533 10926 7491 
3 13460 16145 12078 
3 2489 11142 14047 
3 7738 4150 3862 
3 3393 1725 3794 
3 11386 3795 9585 
3 2908 2622 9585 
3 16081 7150 10534 
3 4264 8519 4041 
3 8611 7991 5965 
3 12548 3463 8562 
3 7526 3798 14241 
3 5030 2950 2070 
3 12418 4957 3799 
3 8501 9571 5284 
3 14107 3800 8860 
3 13576 11309 2506 
3 10631 9172 6769 
3 1234 1233 3801 
3 16177 11088 3802 
3 11088 2885 10966 
3 7586 10252 13180 
3 11806 1830 8031 
3 11425 8975 6524 
3 7374 8351 6826 
3 5947 3805 1841 
3 11389 3594 4054 
3 2448 3806 1748 
3 2448 3530 3806 
3 15533 3807 2185 
3 3792 2185 3807 
3 14649 13049 13965 
3 2620 1700 3808 
3 5482 9673 1960 
3 14709 4607 9761 
3 10041 3810 3916 
3 13395 11182 8359 
3 11257 3025 14890 
3 8744 11301 2271 
3 6014 14310 6998 
3 2971 1801 12630 
3 902 8360 901 
3 902 903 8360 
3 10959 5443 6893 
3 3881 2868 16587 
3 5387 3815 4897 
3 11575 11802 3815 
3 4312 9637 16271 
3 14102 9815 8015 
3 14820 4420 13515 
3 15634 5186 7341 
3 10813 3818 2312 
3 15422 8246 11791 
3 1755 14238 8486 
3 14238 11617 4627 
3 14671 3530 3820 
3 8927 1673 5782 
3 14802 8853 3821 
3 4142 13714 9978 
3 8823 3822 15365 
3 13414 2423 9806 
3 9760 13303 3823 
3 2160 7054 3823 
3 16388 8991 3824 
3 15170 11882 14848 
3 13783 6357 12333 
3 14306 4183 2420 
3 5484 12212 13145 
3 1482 1481 3826 
3 13688 7003 2974 
3 3235 7614 7881 
3 9994 7362 8011 
3 13356 12330 7981 
3 14207 3829 2359 
3 3826 1479 3829 
3 10749 5583 3674 
3 13728 9343 3336 
3 5776 3831 1653 
3 15122 3119 12341 
3 16122 11618 5048 
3 12918 3040 4487 
3 9783 4912 6792 
3 5084 7129 11114 
3 9058 8372 11456 
3 14504 4266 4097 
3 14214 5858 3172 
3 5301 11473 7812 
3 7202 7229 16070 
3 13551 7551 11424 
3 11165 9500 10456 
3 15207 2334 3837 
3 9543 14485 4368 
3 11435 3009 8321 
3 4576 3839 7300 
3 11550 4489 2854 
3 4276 16535 3305 
3 16535 2701 3840 
3 10081 3841 8444 
3 3027 4095 7655 
3 4664 3842 5539 
3 5077 5432 3681 
3 5055 16553 4333 
3 1761 2940 10995 
3 9245 6932 4745 
3 5754 8310 3786 
3 5896 13241 4224 
3 15493 2656 2152 
3 12145 12392 14327 
3 16021 1615 13157 
3 16367 9390 5349 
3 11005 14787 7377 
3 15187 12151 16236 
3 11892 10451 4460 
3 12338 3849 2758 
3 12338 2066 3849 
3 10051 3861 2955 
3 3623 3697 6892 
3 3233 3851 3662 
3 3233 11538 13946 
3 2721 3852 2668 
3 12649 3445 2154 
3 14533 14275 3853 
3 13510 1900 7830 
3 4367 4591 3407 
3 14278 2335 16293 
3 15402 6896 15677 
3 12737 3855 8465 
3 10737 2131 6372 
3 16197 3372 3016 
3 9344 6743 14133 
3 13565 2852 13555 
3 14792 3858 8223 
3 3492 3581 3858 
3 5273 3859 1751 
3 6679 2301 4314 
3 10231 9971 5803 
3 3860 6271 4897 
3 12460 3861 1880 
3 5510 10051 8314 
3 12862 4150 7738 
3 12735 14012 5252 
3 7582 3863 10092 
3 12798 6275 4000 
3 2949 5709 2378 
3 5709 6177 11365 
3 1296 5748 1297 
3 15062 2226 4262 
3 13078 9256 13358 
3 3355 2023 12122 
3 10046 3867 14922 
3 10046 2434 14373 
3 15814 5072 5531 
3 15328 3868 1950 
3 12872 3869 12531 
3 14357 3213 9360 
3 6555 7173 1760 
3 4397 2888 4163 
3 15707 3871 11567 
3 13327 6011 7998 
3 12374 11966 15398 
3 3665 10460 4628 
3 5549 4016 2194 
3 4016 2057 3873 
3 4501 4534 14041 
3 16526 8978 4350 
3 10918 14191 3875 
3 8683 4027 5135 
3 2106 4121 11176 
3 11176 11702 3876 
3 3797 8562 15525 
3 12414 6204 5612 
3 2161 3878 1942 
3 1466 1465 5005 
3 6161 3879 3181 
3 16462 9121 13949 
3 4771 3880 1967 
3 12998 4189 3952 
3 16136 4047 10959 
3 5785 2868 3881 
3 14931 11436 9137 
3 13391 16570 8361 
3 14062 16300 12884 
3 9188 2539 6577 
3 15549 13101 14991 
3 15350 2948 14548 
3 4885 11798 11859 
3 1611 2632 3885 
3 2876 8614 2560 
3 9092 1639 2437 
3 408 3887 407 
3 16156 2426 13603 
3 3310 6045 1985 
3 6950 5891 10252 
3 6881 12001 1775 
3 10509 2360 6149 
3 3890 15897 11040 
3 8663 6323 15897 
3 4401 3891 14153 
3 12817 10426 111 
3 13821 11836 3892 
3 4264 2793 8519 
3 6107 10816 5666 
3 15400 2737 14316 
3 11658 4549 6941 
3 9848 3963 2927 
3 2128 3895 2845 
3 7572 4044 5524 
3 13481 5751 13590 
3 12378 3938 3568 
3 10223 3897 3576 
3 3430 2776 3897 
3 11200 10319 13921 
3 10270 14559 14699 
3 7867 3899 9137 
3 12893 4007 3899 
3 9794 8730 4931 
3 4931 8911 13441 
3 9285 3901 6780 
3 7375 3286 3473 
3 8730 15877 8911 
3 1833 4168 3902 
3 3665 3903 11768 
3 14691 2870 11529 
3 12540 3904 13565 
3 1739 2852 3904 
3 10874 5648 2347 
3 2347 4384 3905 
3 6330 3906 2548 
3 4218 8533 3906 
3 14647 12097 6835 
3 15194 8575 6018 
3 2661 14267 10612 
3 11311 2997 8929 
3 9335 9587 8699 
3 12571 7130 3435 
3 6687 3910 4376 
3 13963 1830 11806 
3 11472 7287 8769 
3 9482 2976 62 
3 10173 4055 5471 
3 11045 2211 10322 
3 16396 15331 3913 
3 9060 7171 11366 
3 7037 4272 9200 
3 8412 11917 1746 
3 11472 14029 2834 
3 14434 81 82 
3 8130 3105 7907 
3 3810 3300 3916 
3 4677 4235 3917 
3 4235 2016 11448 
3 14183 3918 9156 
3 12573 3992 3332 
3 3169 9502 2984 
3 13235 7170 9559 
3 5180 4562 16262 
3 5243 16262 8824 
3 4816 12902 2116 
3 16531 9563 11221 
3 10635 9999 8540 
3 9429 5437 11741 
3 11230 13411 4469 
3 10249 3705 11605 
3 13119 6211 1943 
3 13119 5222 3924 
3 13326 12773 10061 
3 13270 5096 12089 
3 5850 6856 6200 
3 2281 2900 3926 
3 4692 6135 9503 
3 4094 7185 5269 
3 4486 3928 5564 
3 15586 1946 9738 
3 15353 10616 3929 
3 12424 2568 7007 
3 6549 3930 2777 
3 11567 3871 6002 
3 4597 4685 12059 
3 7327 5138 2520 
3 15014 3636 13926 
3 6294 7762 3932 
3 14995 3933 2196 
3 9270 8539 3596 
3 12355 3934 12213 
3 12882 10246 11628 
3 6417 14767 15155 
3 4934 6220 4813 
3 8896 8936 7673 
3 11102 5666 10816 
3 16200 3937 3758 
3 10025 3044 14539 
3 11412 2934 4103 
3 2449 4778 15818 
3 11396 3939 985 
3 2483 981 3939 
3 13352 14074 3940 
3 11038 1911 9325 
3 15366 4673 3941 
3 9567 3375 11343 
3 9017 3942 6863 
3 5743 3557 1719 
3 13787 5814 6586 
3 6883 2790 13108 
3 7436 10349 10708 
3 14785 7004 8278 
3 3726 3945 3888 
3 16269 7344 7293 
3 4605 11152 8880 
3 7971 13580 3946 
3 208 209 15978 
3 8267 3321 5607 
3 6233 9912 13182 
3 14144 9448 5954 
3 7573 13738 14312 
3 2765 11416 8582 
3 15406 3078 6574 
3 11177 5955 3260 
3 8963 6783 4688 
3 8223 9013 10542 
3 12998 3952 6557 
3 5271 11574 13360 
3 10768 14771 3953 
3 12854 1131 1132 
3 12130 4510 5324 
3 13320 13828 8275 
3 4669 9849 16307 
3 15846 2528 14957 
3 8010 8861 2713 
3 9261 8801 9671 
3 11026 3957 8318 
3 13155 4499 15951 
3 8557 6677 6732 
3 4789 11481 13189 
3 2027 3959 2717 
3 12665 4796 7117 
3 14510 802 803 
3 12899 3352 6825 
3 1603 15385 16474 
3 1603 2943 6389 
3 14934 3962 9677 
3 152 14157 151 
3 10564 16491 15627 
3 5419 2315 3570 
3 10129 3964 8051 
3 6310 7563 7449 
3 11540 7097 10066 
3 15927 2868 5785 
3 12415 10295 13781 
3 5702 1923 8975 
3 9623 7680 1767 
3 9484 2290 7275 
3 4190 3968 2751 
3 2148 3921 3968 
3 4825 3969 4853 
3 4019 4136 3969 
3 5835 10947 11896 
3 14742 5872 10243 
3 2250 12612 1691 
3 11549 5071 16339 
3 11554 5242 13129 
3 5533 11013 4329 
3 9117 15343 4416 
3 7140 13091 7878 
3 12982 3974 8490 
3 15135 9384 1712 
3 13531 3975 9139 
3 3703 9139 3975 
3 7457 3976 10994 
3 11243 7533 1009 
3 10891 5183 3977 
3 5183 3754 2993 
3 11814 13646 9843 
3 12824 3477 13811 
3 1810 3979 10472 
3 4649 2339 9128 
3 11358 10545 5540 
3 15889 3352 7260 
3 12441 9548 4293 
3 11300 9287 8703 
3 11645 3982 3704 
3 9492 2683 3416 
3 830 4858 829 
3 4593 12041 16000 
3 9757 16348 3984 
3 5685 10999 15280 
3 5356 3985 1670 
3 11830 3423 10643 
3 9804 2097 15525 
3 8562 3463 6965 
3 6062 12106 2704 
3 16476 1794 3987 
3 2121 16144 3752 
3 4009 1834 13901 
3 5185 7959 2659 
3 9396 9861 3020 
3 3359 3771 13616 
3 7765 1903 11767 
3 15810 4883 9748 
3 8459 10284 2857 
3 16387 11661 12573 
3 2199 14297 3992 
3 12873 12966 7777 
3 9768 7175 3994 
3 8159 3994 6148 
3 11729 11573 3993 
3 8872 14960 3842 
3 7276 14250 7234 
3 10622 7145 9956 
3 4265 3796 3695 
3 12114 14766 5925 
3 16212 1889 7442 
3 15737 6382 4096 
3 15705 895 896 
3 3080 6840 12154 
3 9454 1778 6847 
3 8245 4000 2254 
3 6275 12798 13213 
3 2531 4001 1620 
3 6954 3662 15575 
3 8846 6262 4536 
3 7865 13792 4002 
3 14550 4003 6742 
3 16233 9517 14062 
3 6996 7625 9655 
3 16422 4384 15901 
3 4409 15377 2664 
3 8397 3925 2397 
3 8120 8300 6478 
3 7671 11273 5792 
3 5809 4803 16503 
3 14040 3882 6069 
3 9605 4008 3237 
3 11565 3515 9449 
3 5515 4009 3988 
3 4009 7515 4809 
3 4420 13451 4614 
3 7471 9208 7038 
3 8482 4011 3471 
3 5152 13236 9740 
3 3217 4012 12265 
3 2085 12082 4012 
3 9657 9402 13746 
3 4013 6754 12511 
3 10657 4014 1699 
3 14781 5016 13392 
3 14401 4764 9048 
3 10454 2842 3456 
3 2194 4016 3873 
3 3654 15726 4016 
3 13292 7027 9427 
3 12041 4593 9702 
3 16235 4480 4124 
3 14422 5240 6930 
3 5059 4019 3969 
3 10985 9640 9112 
3 16441 4020 6842 
3 15311 3700 6092 
3 12960 4061 4500 
3 7160 1982 2153 
3 7297 14842 4022 
3 5321 3428 6789 
3 2297 15496 11137 
3 15070 2521 11215 
3 5190 16019 3952 
3 5156 8068 8611 
3 14067 7187 9558 
3 15029 13169 4471 
3 9855 8382 9553 
3 14935 5291 7957 
3 13470 6654 10897 
3 5628 2219 15608 
3 9506 4028 2824 
3 9782 8528 6840 
3 8556 4029 10709 
3 14960 2834 7276 
3 15677 7861 14638 
3 6955 10134 4943 
3 1843 16545 3711 
3 7243 12506 5715 
3 15882 5300 15852 
3 9764 15852 3293 
3 6440 4033 6793 
3 3243 3586 4033 
3 15471 4171 5111 
3 5433 5483 6449 
3 3752 3988 8222 
3 10613 4116 4035 
3 13094 3580 8705 
3 12419 8856 13094 
3 6238 4037 3071 
3 3875 4886 4037 
3 2576 14079 10321 
3 7428 6842 8985 
3 4222 16068 1805 
3 4216 2368 12379 
3 14060 4457 5878 
3 16383 4413 6606 
3 3796 4264 11836 
3 2451 4526 7626 
3 13731 4042 13757 
3 6707 5935 13731 
3 3852 4043 3109 
3 2767 1854 4043 
3 47 5524 4073 
3 7262 2116 5831 
3 9529 4045 2820 
3 13375 2042 10335 
3 14212 4046 7108 
3 14454 2176 4046 
3 12076 5443 10959 
3 12412 14098 16587 
3 7178 14280 7446 
3 11258 3206 4328 
3 13090 4049 2518 
3 16022 6922 16253 
3 12809 4050 12447 
3 6234 13763 4050 
3 8122 5022 6862 
3 14291 11973 8852 
3 9722 15868 7113 
3 6475 3302 4139 
3 5879 13387 6685 
3 16443 8241 15099 
3 9024 12600 13459 
3 11389 2747 15991 
3 2011 4055 1959 
3 1352 1351 6257 
3 38 10241 37 
3 12361 7535 4190 
3 11986 8701 5542 
3 6966 6690 2840 
3 3279 6884 15477 
3 7888 4997 1882 
3 2385 11302 1669 
3 12332 15499 10351 
3 3265 4060 3544 
3 4683 2936 4650 
3 13478 7160 4061 
3 7160 2153 5205 
3 4566 10441 10403 
3 9170 3728 7798 
3 9864 9893 4375 
3 10595 2936 4683 
3 3007 4191 1644 
3 15773 8748 4064 
3 12504 4958 6306 
3 2855 3704 12371 
3 12313 2046 13947 
3 14455 12124 7181 
3 2393 4067 1802 
3 6088 13309 502 
3 7122 5635 15688 
3 11368 3304 9521 
3 13829 8931 10808 
3 2666 8811 11120 
3 13206 14875 7502 
3 7249 3590 9354 
3 12493 8114 6897 
3 6897 10 11 
3 10233 13550 15730 
3 14784 2394 8356 
3 48 5524 47 
3 4044 7139 4073 
3 3224 4074 8665 
3 3224 7442 8082 
3 9283 4075 8090 
3 10157 5710 4075 
3 11223 4076 14016 
3 2521 6112 11215 
3 15093 4408 9470 
3 2079 5280 4077 
3 14128 6692 11216 
3 5744 15210 4078 
3 10121 15295 4521 
3 4079 15365 7088 
3 2586 10722 10146 
3 3275 2405 4080 
3 10833 7068 15895 
3 5272 3357 6685 
3 8152 4617 4843 
3 8742 4109 5226 
3 9237 5778 7338 
3 2738 4394 4987 
3 8791 4084 2584 
3 11512 12227 10060 
3 10617 4085 16583 
3 5114 8744 3004 
3 3646 13656 3086 
3 9523 10421 9501 
3 7021 6293 10312 
3 13114 5659 6561 
3 10140 7523 11557 
3 1917 3815 4088 
3 15886 4089 9561 
3 16020 7401 15629 
3 16521 5883 11975 
3 11754 2756 1897 
3 7032 8161 9189 
3 14432 8765 4091 
3 10135 4092 9538 
3 7782 8822 12936 
3 9922 8759 1652 
3 16354 6061 13332 
3 16447 4094 15027 
3 14221 1855 9908 
3 5644 12971 10345 
3 10345 16347 10513 
3 15737 4096 9352 
3 891 892 4096 
3 6632 4097 2968 
3 15472 3493 14014 
3 9109 4530 4098 
3 9888 13711 8521 
3 10916 4099 13260 
3 8751 533 7629 
3 13283 8685 4100 
3 15175 5220 4550 
3 2136 5950 6121 
3 13613 14079 2576 
3 7374 6601 7019 
3 7908 3405 2203 
3 6924 12011 2934 
3 16245 3938 4103 
3 7583 7135 11241 
3 8795 10003 6236 
3 14609 5384 12657 
3 8462 4566 8254 
3 16135 4106 5027 
3 2832 1768 4106 
3 16008 14020 4107 
3 4107 7633 7831 
3 13506 7199 9752 
3 3298 5526 4108 
3 4184 8024 15743 
3 10756 3209 5916 
3 9386 4560 4789 
3 15263 2384 8446 
3 9065 4111 6103 
3 2733 7459 4111 
3 10616 5475 9562 
3 12577 2394 2568 
3 4141 9182 14984 
3 15550 6067 4113 
3 703 4453 6887 
3 7020 707 6291 
3 15124 14307 11939 
3 13174 5408 1460 
3 7862 12920 13498 
3 12028 6508 3752 
3 9570 4117 3568 
3 6235 11397 15707 
3 7717 7163 12952 
3 12006 4466 1683 
3 12849 6449 12951 
3 9231 2021 7297 
3 12436 8646 13355 
3 13355 9394 4120 
3 3176 3876 11702 
3 2106 2480 12666 
3 4263 5338 7529 
3 16354 6541 6829 
3 5859 7059 3381 
3 12503 2490 11924 
3 3141 4480 2059 
3 4018 2309 5170 
3 3657 14661 1742 
3 2881 6643 9596 
3 4612 13535 14975 
3 5861 2574 7465 
3 13334 4127 6411 
3 5075 3649 4573 
3 16284 12043 9429 
3 9551 2189 15508 
3 16551 12212 5484 
3 16348 9757 3943 
3 10584 11692 13326 
3 2195 4279 5227 
3 11336 14681 11609 
3 11384 3503 10152 
3 4873 11394 2456 
3 12030 15256 4407 
3 7152 7390 4133 
3 2428 11288 4133 
3 15542 10895 4324 
3 14398 3684 10185 
3 9358 11855 4631 
3 6294 3932 9910 
3 2962 11867 4019 
3 11675 2063 3088 
3 12491 10870 14952 
3 11105 10000 8777 
3 8636 4138 2658 
3 9378 4253 8272 
3 14850 4139 3302 
3 12761 4740 15169 
3 2398 4140 2685 
3 11089 3635 5324 
3 16420 10076 3137 
3 15550 3802 6067 
3 15695 4142 4689 
3 15695 12726 16150 
3 6700 4143 3460 
3 7693 3572 7456 
3 16050 4144 15805 
3 3158 4910 4144 
3 13023 4531 4145 
3 13802 16219 4145 
3 5038 4146 12884 
3 12600 4054 13459 
3 2166 12308 2811 
3 4804 10464 11848 
3 9761 4148 9233 
3 4607 4167 4148 
3 11146 4149 14806 
3 15783 3907 7752 
3 7738 5737 5610 
3 2559 4052 4150 
3 12994 5277 2719 
3 11812 11558 9746 
3 1775 12001 15241 
3 5155 12894 4152 
3 15143 4153 13128 
3 13128 15270 16309 
3 9216 9350 12177 
3 2252 3566 4154 
3 2562 6662 4231 
3 9757 3984 7197 
3 6229 4156 14161 
3 16411 2352 2353 
3 6660 5741 11731 
3 9494 1756 7775 
3 1644 2585 6902 
3 14818 6083 8285 
3 14344 14514 8470 
3 6915 6564 3074 
3 4183 5380 2420 
3 10862 6956 16044 
3 5682 10859 7580 
3 8990 3474 4161 
3 3766 4704 2470 
3 15470 6967 8653 
3 7194 6719 4397 
3 7194 2681 6803 
3 13778 4164 5116 
3 12273 1995 3069 
3 9975 7891 2323 
3 12196 2417 6885 
3 5502 10993 14366 
3 2267 14526 4166 
3 4375 4167 9864 
3 11471 2306 3809 
3 1593 4168 1594 
3 1833 1596 4168 
3 12649 8215 4169 
3 9880 184 185 
3 4483 4990 10636 
3 8543 2294 4170 
3 5111 4171 16594 
3 3052 2234 4171 
3 5459 4463 5406 
3 12179 1765 9953 
3 3032 4811 3655 
3 4705 11262 4173 
3 9979 5664 8065 
3 13822 2512 10878 
3 10094 16008 3162 
3 6722 7831 9967 
3 9349 5139 15760 
3 2344 2913 4176 
3 5489 4988 6339 
3 9412 15318 9552 
3 9609 4178 6976 
3 9553 4026 10713 
3 2606 6721 2707 
3 4284 2112 4179 
3 11372 8840 4244 
3 14860 5487 3735 
3 16554 7934 7030 
3 4181 2431 12186 
3 5472 6416 2675 
3 12225 5881 8005 
3 2077 4485 2420 
3 9747 9779 16044 
3 7922 4184 2498 
3 8314 3850 8024 
3 12329 4185 10645 
3 14290 4379 13742 
3 12526 8707 4186 
3 10364 5959 3474 
3 3395 7713 2126 
3 16417 13604 2673 
3 13371 12296 2156 
3 2561 1626 6275 
3 4887 4189 2697 
3 5190 3952 4189 
3 33 7220 32 
3 7535 3968 4190 
3 7792 4191 15773 
3 3007 15214 4191 
3 10872 9243 3168 
3 1796 4430 9243 
3 1829 10965 3602 
3 4751 6879 7235 
3 12625 8937 14066 
3 16476 3987 16222 
3 16198 4195 1857 
3 16524 2835 1840 
3 12287 4803 4196 
3 7955 14075 13397 
3 13473 12184 3317 
3 12184 9336 4197 
3 11337 11466 2110 
3 6207 2846 4198 
3 14480 4199 8381 
3 15502 14980 12080 
3 5196 11205 2184 
3 5196 13910 15736 
3 6971 9760 3823 
3 14451 2965 6433 
3 12456 2786 14884 
3 12810 2786 12456 
3 3488 13644 13527 
3 12727 3061 10579 
3 16575 4204 12339 
3 8589 8825 10876 
3 12224 3007 1644 
3 10553 1651 13588 
3 10543 4206 5191 
3 2054 2082 4206 
3 15292 13867 10926 
3 2938 4619 7773 
3 13897 4208 1992 
3 16464 3670 12828 
3 5789 5161 5294 
3 4209 10806 13064 
3 14133 4210 9344 
3 3195 2875 6743 
3 10712 16437 6332 
3 16374 5660 11520 
3 12628 8181 4212 
3 13447 9620 3856 
3 4294 15831 10575 
3 16465 1934 3690 
3 6937 10059 4795 
3 2573 3328 4795 
3 14013 7106 8056 
3 3951 7642 9013 
3 11116 7320 3514 
3 16013 3615 4489 
3 5136 4610 11439 
3 4939 2047 4217 
3 10782 10348 14149 
3 8533 5815 3906 
3 5163 8062 2502 
3 4219 9330 8591 
3 1458 4220 13174 
3 1458 1457 4220 
3 6771 14146 6461 
3 11241 6110 6817 
3 4773 4222 1805 
3 13786 16068 10910 
3 4488 5791 8044 
3 9687 4799 6987 
3 5896 4224 3354 
3 5896 8793 13241 
3 7101 6679 4314 
3 12820 7279 2904 
3 4198 5736 2110 
3 5736 12601 13370 
3 4808 4227 2459 
3 14870 6259 14468 
3 16083 8942 10483 
3 1695 10201 4228 
3 318 5017 12568 
3 7938 3856 2648 
3 12912 4230 10789 
3 11448 4315 4235 
3 2562 4231 2041 
3 4155 11693 16106 
3 8748 16286 8510 
3 6700 8206 4995 
3 10609 4233 3971 
3 7003 3235 5403 
3 15731 9247 2972 
3 7513 16396 5556 
3 3457 16241 3917 
3 3407 9456 4235 
3 4606 16431 15338 
3 13714 4142 11882 
3 11053 16568 5950 
3 9227 3006 12896 
3 7766 11444 14726 
3 15795 13883 5374 
3 15947 4239 16524 
3 16126 14783 15600 
3 6126 8932 2858 
3 11688 12251 9285 
3 4241 15985 11946 
3 3439 9768 11573 
3 11118 4242 5340 
3 14168 6048 7346 
3 13528 15871 3482 
3 8317 15694 15986 
3 15638 4244 13200 
3 3788 2803 11996 
3 9153 4245 1212 
3 13699 1217 1216 
3 12790 5244 15854 
3 13616 3771 7044 
3 12378 4247 11612 
3 9474 9437 9750 
3 3889 5631 1775 
3 14909 3432 9030 
3 7663 6824 4249 
3 14916 12532 1963 
3 2338 4250 3040 
3 13149 4270 1850 
3 8465 3855 10370 
3 2535 5940 9005 
3 6560 16221 1617 
3 13773 12641 5740 
3 11529 5200 9209 
3 7793 2832 4253 
3 14697 4254 4919 
3 12475 9568 15506 
3 14905 4255 15578 
3 15578 3866 12122 
3 13587 4256 6458 
3 6458 10693 8547 
3 3397 4652 14399 
3 5197 5390 6582 
3 5461 4258 5255 
3 7753 14270 5281 
3 8189 4662 7170 
3 14066 13466 8147 
3 11531 4806 9877 
3 9786 15703 5793 
3 15728 5310 12909 
3 11264 4476 16525 
3 14090 4262 7525 
3 15062 6836 7789 
3 15436 10637 8674 
3 3259 4832 6146 
3 11836 4264 4041 
3 3796 4265 9599 
3 10417 10423 11942 
3 9599 5854 3796 
3 6632 14504 4097 
3 9497 9202 4266 
3 4554 4972 2323 
3 9956 16079 7681 
3 3375 6455 8729 
3 7083 1964 9421 
3 7155 4269 1624 
3 3720 4172 4269 
3 6066 4270 2985 
3 12287 4196 7733 
3 11195 10212 4271 
3 16519 6532 7712 
3 14755 4272 7037 
3 14776 5911 9200 
3 2424 4273 3170 
3 16483 12870 13399 
3 1886 11358 8521 
3 12233 8627 1650 
3 14053 9975 12746 
3 5454 8516 4275 
3 7816 4276 7667 
3 9991 6420 4276 
3 4103 9437 11412 
3 9474 4247 5031 
3 11707 11038 9325 
3 12954 10474 7304 
3 14602 15633 3507 
3 10368 15724 2636 
3 2005 8924 6457 
3 9267 3440 3786 
3 3695 4281 11942 
3 7900 12052 15049 
3 5059 3115 15503 
3 3115 3332 4949 
3 9228 6027 12417 
3 14514 7832 6547 
3 13659 16170 4179 
3 14613 6497 9277 
3 6712 10604 15084 
3 14735 2694 4807 
3 16052 4286 8264 
3 7913 856 857 
3 9506 4287 4028 
3 12520 12608 9016 
3 2139 8052 5641 
3 12577 4112 8265 
3 9062 8268 4506 
3 11616 5993 11672 
3 3054 4290 2680 
3 13225 3536 4448 
3 4797 4291 14165 
3 7443 3669 4291 
3 3643 4292 12965 
3 11538 3233 8276 
3 12441 4293 14015 
3 7698 3529 5979 
3 12448 15831 4294 
3 1642 11999 12714 
3 4295 12291 9313 
3 9385 6837 8686 
3 12800 5847 15719 
3 3482 1973 4296 
3 15085 8160 8585 
3 13449 3978 13646 
3 6996 9655 14000 
3 16422 13522 2076 
3 13264 4299 6668 
3 8918 3822 8960 
3 13242 7146 13230 
3 8571 16281 5279 
3 9748 9099 6198 
3 8945 1665 5868 
3 3363 11764 2221 
3 2817 3777 6917 
3 10285 4456 5101 
3 9018 5348 5836 
3 9940 4304 10453 
3 12502 2416 4589 
3 10151 7185 3567 
3 8622 2444 10877 
3 6022 4306 3143 
3 6022 10795 4306 
3 13849 7070 5199 
3 10880 6296 4307 
3 12077 4308 12981 
3 15348 5861 7465 
3 545 10879 3360 
3 10738 2050 6018 
3 11955 4310 5081 
3 1019 1020 4310 
3 14383 4311 2800 
3 6623 2486 4955 
3 6785 4312 2263 
3 2903 2318 15685 
3 12160 4313 10353 
3 16458 4313 13138 
3 6679 5706 2301 
3 2301 3045 10975 
3 9220 3457 3917 
3 3917 4235 4315 
3 16233 14062 1610 
3 9048 4919 4254 
3 3054 10623 3133 
3 14115 1728 8219 
3 13029 11804 4318 
3 10836 6258 12450 
3 15569 4319 6186 
3 10313 2724 1998 
3 8434 10413 15728 
3 16248 5296 10644 
3 15776 4321 3202 
3 11293 1611 2676 
3 13398 12508 4322 
3 13755 16473 5132 
3 14906 6223 6208 
3 10103 13970 8792 
3 9095 9950 10895 
3 9393 2129 3684 
3 4884 4325 8143 
3 11398 6032 3478 
3 10088 4441 4326 
3 11171 5855 11181 
3 9861 11619 12726 
3 16150 11282 4318 
3 10576 5001 4328 
3 6139 10073 6072 
3 12224 4329 11013 
3 13051 1651 6083 
3 12293 7229 4330 
3 8306 15186 7729 
3 14426 9617 6730 
3 16543 9518 12032 
3 8974 4332 16219 
3 1649 5482 4332 
3 5055 4333 8950 
3 5636 4899 3652 
3 10204 10992 15562 
3 5768 7916 10077 
3 10868 4335 2090 
3 2694 4760 6494 
3 8652 10216 7982 
3 11552 1844 4412 
3 9906 14883 9721 
3 13858 15973 6827 
3 11124 4338 2739 
3 13688 3235 7003 
3 10144 4339 2259 
3 14220 6459 9331 
3 11470 12754 4591 
3 16246 10744 3294 
3 6260 5118 5600 
3 6747 14621 10128 
3 4694 4342 13472 
3 10503 1978 4607 
3 8660 4343 8503 
3 4775 5903 4343 
3 6869 7343 11303 
3 11868 5877 7283 
3 12042 8255 4953 
3 10156 744 745 
3 4824 4346 5919 
3 9478 4818 16103 
3 8947 5080 4347 
3 5685 15280 13400 
3 3694 6488 3422 
3 12658 8043 13384 
3 5085 4349 3157 
3 15439 9656 6346 
3 6597 4350 8978 
3 7922 2498 7370 
3 3504 8131 9052 
3 11942 4265 3695 
3 16366 4352 10229 
3 8017 5774 1639 
3 9440 10230 14422 
3 8472 5034 6377 
3 11689 15405 8596 
3 12960 11917 4061 
3 15235 5541 7569 
3 2972 4234 5541 
3 3465 12332 12653 
3 11803 2141 4170 
3 12968 7317 9593 
3 8831 16511 2781 
3 15055 4358 8136 
3 10695 4015 12475 
3 15412 7457 3110 
3 10994 3763 8969 
3 7773 4360 4207 
3 11186 3116 2370 
3 10870 12491 3422 
3 14336 5637 8777 
3 12752 4362 4717 
3 16398 13020 9271 
3 14851 4486 6120 
3 5647 4297 11349 
3 1065 14805 2526 
3 16009 14739 4768 
3 1892 4365 7095 
3 3966 12717 4365 
3 12749 4366 2109 
3 16482 4148 6788 
3 4235 4677 3407 
3 16147 4537 7755 
3 9543 4368 2656 
3 8249 3152 10900 
3 13235 4369 2604 
3 12566 5949 3575 
3 9457 8295 9246 
3 2546 3107 4370 
3 13171 13160 4371 
3 14545 13344 2683 
3 12326 7001 12481 
3 5497 2155 4372 
3 5745 4631 11855 
3 8343 1621 2316 
3 5438 4374 2851 
3 2419 2851 4374 
3 14624 4375 3073 
3 6788 4167 4375 
3 9326 5534 5218 
3 6687 6170 3910 
3 9073 11376 1948 
3 11334 3205 5359 
3 13247 4378 6348 
3 10064 5159 3463 
3 8166 8780 2349 
3 5003 3310 1985 
3 1750 4380 3196 
3 1750 1821 14276 
3 4661 4381 12165 
3 15078 8945 5868 
3 15516 4382 443 
3 15516 442 4382 
3 12723 10236 9238 
3 14859 11993 7449 
3 9643 11221 15901 
3 8670 5970 12356 
3 2154 7537 10104 
3 11324 5123 7676 
3 11267 4386 6358 
3 1939 3946 4386 
3 4341 4387 13409 
3 13556 8887 6814 
3 12910 8781 16111 
3 14328 13779 11736 
3 13186 6478 6988 
3 14101 3995 5432 
3 7359 4390 10133 
3 11220 3376 5797 
3 11984 4391 5395 
3 10319 10102 2988 
3 11684 4392 3783 
3 5553 14519 4676 
3 13676 15990 9838 
3 15827 7641 4393 
3 4110 13189 2738 
3 15263 8446 5507 
3 10520 6369 6521 
3 4395 2856 14103 
3 15008 8726 4688 
3 16517 3994 7175 
3 15767 4397 4163 
3 7820 6504 13729 
3 1636 4398 2218 
3 1636 5651 4398 
3 14249 4399 14828 
3 637 6252 636 
3 3412 4400 2300 
3 3412 15105 11075 
3 4859 9072 16207 
3 9496 4741 3891 
3 12479 13010 11086 
3 9320 3552 4686 
3 3831 15122 16265 
3 10225 2977 163 
3 2580 6024 3269 
3 5877 2731 8075 
3 10831 4405 6374 
3 8958 3990 11767 
3 14944 10112 16028 
3 6334 11732 9077 
3 13681 12030 4407 
3 15256 8336 12704 
3 8987 4408 7179 
3 12687 11320 14574 
3 5756 6353 7403 
3 15377 8469 8684 
3 8735 10884 6736 
3 10806 4209 2329 
3 6730 10586 4419 
3 10151 3567 5673 
3 2898 10604 4285 
3 1844 3475 15763 
3 15051 9636 12680 
3 4709 6156 6606 
3 11392 7470 13664 
3 7697 16395 15178 
3 12275 4415 8179 
3 6672 5108 16521 
3 3711 13091 9117 
3 8308 1882 4997 
3 13907 2970 12596 
3 13542 11753 4547 
3 4771 4418 3880 
3 16061 1631 2071 
3 6730 4419 8326 
3 9527 2510 15971 
3 13515 4420 4614 
3 13451 4435 4010 
3 14047 11142 4421 
3 1633 10368 4421 
3 12502 4589 8595 
3 6756 3090 6169 
3 11746 4423 10243 
3 16004 14509 3673 
3 15555 5380 10862 
3 15598 4891 11647 
3 4266 4425 4097 
3 9586 3493 15504 
3 12091 6737 9992 
3 5876 2151 16044 
3 5306 6748 5464 
3 4675 3170 2075 
3 11966 4428 3872 
3 13124 10482 12037 
3 14853 5504 6604 
3 11458 6931 3524 
3 11338 4430 1796 
3 7446 4048 7178 
3 14601 4431 3553 
3 8982 2284 10808 
3 10692 4432 9810 
3 13134 11999 1642 
3 1327 4433 1328 
3 1327 1326 4433 
3 10901 15635 3043 
3 6843 1626 2561 
3 4614 13451 4010 
3 2926 8407 14052 
3 12095 4436 2752 
3 12426 2215 5874 
3 13274 10351 13271 
3 9629 4812 15542 
3 10454 10172 4438 
3 10172 15044 3250 
3 8576 4439 11824 
3 9509 6005 5673 
3 14769 4440 15752 
3 13261 7420 3918 
3 7837 4441 5264 
3 12940 8757 2540 
3 15361 4442 8066 
3 14391 3000 2078 
3 13636 7758 4443 
3 10820 2760 16195 
3 12849 4444 6449 
3 12849 12951 13832 
3 5245 6768 2452 
3 10235 11626 16291 
3 4671 4446 3953 
3 6973 4936 5731 
3 5766 4447 2040 
3 9903 9881 1744 
3 12252 7858 9763 
3 5557 8280 13225 
3 10947 5193 15537 
3 8962 8715 12312 
3 10858 8022 8883 
3 2168 5337 4450 
3 11919 4451 5107 
3 9304 4004 2076 
3 4713 4452 7838 
3 6899 2342 4452 
3 706 6887 705 
3 6887 3076 13366 
3 6360 5358 3954 
3 6308 10425 3063 
3 15434 4529 6234 
3 9953 16130 5329 
3 2854 4747 8996 
3 15371 2650 14692 
3 7114 4413 5528 
3 13179 3315 4325 
3 3063 15222 7307 
3 11256 4731 4743 
3 5962 4459 7904 
3 11651 11316 1733 
3 11892 4460 6086 
3 3141 2059 11399 
3 10272 15065 4461 
3 15640 8668 7823 
3 5375 4734 7144 
3 3556 3147 5034 
3 8985 4463 7428 
3 2407 2048 12199 
3 12048 4464 3124 
3 13726 8148 14595 
3 16065 6812 2625 
3 13079 10890 15045 
3 10608 7672 11622 
3 4466 12006 11420 
3 2637 4467 3198 
3 4104 10293 13702 
3 13505 4468 2801 
3 8733 5328 5573 
3 11779 4469 13411 
3 11517 8946 3498 
3 14634 5316 15805 
3 15805 4144 13916 
3 15029 6746 11800 
3 9857 7450 4624 
3 1701 10429 2513 
3 13149 2985 4270 
3 13930 4473 2074 
3 6251 4838 3105 
3 3785 6123 11428 
3 9086 3757 8107 
3 9886 13535 7688 
3 8494 9825 1998 
3 6039 7413 12868 
3 16525 9942 5644 
3 15609 13061 12890 
3 13061 8792 13970 
3 796 4478 2206 
3 796 797 4478 
3 3299 9479 3053 
3 2477 4733 7634 
3 4124 4480 4018 
3 16516 14320 1648 
3 11252 4481 10541 
3 12857 3207 11402 
3 5470 4482 3911 
3 12784 14826 3933 
3 12508 11023 4322 
3 5434 14398 4483 
3 12680 6097 5528 
3 7039 5532 7479 
3 14817 4485 8242 
3 14306 2420 4485 
3 5647 4363 16137 
3 1705 6470 4486 
3 9248 4487 3040 
3 7483 3388 13532 
3 13172 4488 11929 
3 11929 6192 3091 
3 7748 14747 11649 
3 14763 13093 6790 
3 12257 7873 12320 
3 9753 3914 16229 
3 9102 4491 8848 
3 9608 1743 2952 
3 15495 7267 4492 
3 8899 4768 4364 
3 9021 4493 7294 
3 3039 2107 5189 
3 5449 9276 2375 
3 15656 14962 15623 
3 2538 4495 4126 
3 5113 6683 6801 
3 12709 4496 3956 
3 9671 13925 2202 
3 9912 4497 1981 
3 1981 13676 9912 
3 12034 16514 2247 
3 16580 13857 6566 
3 15951 4499 12324 
3 12040 3123 9442 
3 13218 11917 12960 
3 4061 3914 13478 
3 8797 5810 4534 
3 14041 3874 2101 
3 15357 14057 5718 
3 5718 1774 13497 
3 9763 4503 7469 
3 4503 9763 7858 
3 7365 4504 10320 
3 8747 5922 9051 
3 14333 8761 6988 
3 14333 14459 10709 
3 4458 10110 2667 
3 8359 4454 9207 
3 3946 7597 4386 
3 8162 6421 15517 
3 2207 11610 3643 
3 15618 9375 7653 
3 13682 16025 4509 
3 2080 5834 4509 
3 9207 11089 3954 
3 2126 4187 4510 
3 12706 12734 6852 
3 10374 3960 7414 
3 6596 16242 2558 
3 2923 3481 4512 
3 4513 15507 12462 
3 11563 13686 10977 
3 1913 9364 12454 
3 3527 13549 7860 
3 14394 7261 4515 
3 7321 1988 5929 
3 12159 5377 1763 
3 14130 6818 11198 
3 9922 11167 8759 
3 11167 6169 4517 
3 1416 4518 1417 
3 1416 1415 7571 
3 12534 4519 9475 
3 10766 11782 4155 
3 10672 5537 10115 
3 3175 5248 4520 
3 11172 2736 13776 
3 5562 1762 15252 
3 3039 4522 2107 
3 6334 9077 4406 
3 5126 4698 4523 
3 4698 797 798 
3 3008 4524 2876 
3 8806 3008 15417 
3 1096 1097 11002 
3 14312 3249 7573 
3 6959 7275 2451 
3 5313 8424 9701 
3 12409 7498 6473 
3 10851 1951 10037 
3 15512 9470 8987 
3 7943 8815 15306 
3 6234 4529 4455 
3 13158 11139 16252 
3 9109 6496 4530 
3 15454 10118 6506 
3 2627 13023 4145 
3 2144 1906 4531 
3 2534 4532 2726 
3 2534 3559 4532 
3 10900 15634 7341 
3 15885 9515 14163 
3 1930 9505 4501 
3 15039 13575 3150 
3 6029 5640 3677 
3 16220 3727 11934 
3 8846 4536 15483 
3 8036 4091 5750 
3 4340 11601 7755 
3 12403 16246 4710 
3 8290 5990 4906 
3 8795 13231 1696 
3 9235 5707 8370 
3 15278 7005 13310 
3 31 15448 30 
3 4190 2751 4540 
3 9773 9427 11351 
3 3701 4769 5701 
3 10327 9589 11234 
3 6639 2551 6520 
3 12882 4543 10246 
3 9185 13701 10135 
3 510 511 15095 
3 11650 1759 11852 
3 8685 4545 4100 
3 11575 3815 5387 
3 7992 7740 10764 
3 4546 6789 3428 
3 11104 13542 9853 
3 8387 1661 10329 
3 16440 7116 4548 
3 4218 3906 4548 
3 6513 4549 1607 
3 7563 1923 5702 
3 5092 15175 2334 
3 14088 3555 16096 
3 13886 7406 8393 
3 5544 4895 6342 
3 13035 4552 3772 
3 12298 13148 8494 
3 11630 4553 5522 
3 13474 8778 16060 
3 12616 4554 11161 
3 11161 14325 5385 
3 12089 13845 1688 
3 12842 4951 2423 
3 12150 10666 11208 
3 11140 11208 9784 
3 7030 7378 11496 
3 4181 8645 4557 
3 10494 4558 6740 
3 1638 16341 4558 
3 11746 4892 4559 
3 16451 11980 13866 
3 10603 4635 4789 
3 6822 15678 6026 
3 5483 10610 2021 
3 15507 4513 8211 
3 4619 5180 3920 
3 13259 15588 15878 
3 7825 4563 16522 
3 7596 3762 2508 
3 8839 12272 7144 
3 3916 3630 4564 
3 15060 4565 2429 
3 11531 4512 4565 
3 14609 15539 15808 
3 520 15825 10054 
3 1753 4567 2610 
3 9488 5422 3318 
3 12260 5342 7835 
3 10046 7460 2434 
3 9152 7409 4569 
3 7815 10291 3033 
3 16527 4570 12675 
3 16527 27 28 
3 15327 9541 4571 
3 2920 12725 13633 
3 6371 4572 15165 
3 13084 1948 11376 
3 14670 4573 3649 
3 14918 2986 15853 
3 12773 13326 6819 
3 11912 2813 10235 
3 14437 15831 2987 
3 12857 8492 9834 
3 4216 4576 2368 
3 16013 3514 7748 
3 12460 4577 3861 
3 2108 2069 4577 
3 9790 9229 16453 
3 2428 3390 6594 
3 16064 13232 5136 
3 15620 3669 9261 
3 5325 1954 7595 
3 12110 3278 8900 
3 16039 12716 4581 
3 8430 4477 7131 
3 11636 7712 11339 
3 15547 3340 9719 
3 8649 6665 6612 
3 6612 3642 6948 
3 8627 12774 1650 
3 13407 14253 4414 
3 6142 4585 8049 
3 13960 4114 1966 
3 6496 4586 4530 
3 16057 4568 14637 
3 6215 4587 4538 
3 6951 5499 2475 
3 8069 4753 4588 
3 4753 9448 7785 
3 11562 3241 5158 
3 6580 7942 10453 
3 10646 13050 13760 
3 12713 6751 1667 
3 13923 4591 12830 
3 3854 3407 4591 
3 10407 4592 2660 
3 2007 7578 14762 
3 10992 5721 4334 
3 15562 3632 11451 
3 7014 6464 3766 
3 14163 9515 15193 
3 9738 8865 11767 
3 5440 3672 9516 
3 15816 4596 14370 
3 16591 2759 2430 
3 16037 12805 7187 
3 14954 2839 14044 
3 6339 5632 5047 
3 7640 8247 7152 
3 11273 4599 13605 
3 8120 6478 6761 
3 12656 12301 2772 
3 10271 8894 1847 
3 16409 14998 14713 
3 1953 12236 5596 
3 6499 7864 5162 
3 14798 5947 1841 
3 5133 4603 4742 
3 1829 3602 8944 
3 15929 8169 13989 
3 11000 12186 2431 
3 4516 4605 1763 
3 7971 1939 11267 
3 6414 4606 3721 
3 7476 16217 4653 
3 4342 4694 11796 
3 7511 11669 4607 
3 8796 9929 10799 
3 10815 1928 3693 
3 10805 4609 2114 
3 2422 3255 6128 
3 10260 4939 7230 
3 14109 4579 12351 
3 6422 8291 4611 
3 15307 7475 1925 
3 10683 7688 4612 
3 9886 3330 11335 
3 12310 12747 8680 
3 7475 13236 6292 
3 7787 4614 4010 
3 3817 13515 4614 
3 9108 4615 7985 
3 5634 3268 5365 
3 387 4616 386 
3 387 388 10762 
3 13875 8600 4617 
3 9365 2695 3005 
3 12819 12912 4945 
3 4230 2016 10789 
3 2965 4619 2938 
3 2965 7240 5180 
3 14077 10349 12589 
3 14728 10292 14424 
3 7162 10100 15802 
3 16490 6489 11660 
3 12933 10477 3155 
3 5558 3780 6966 
3 9585 4623 11386 
3 2622 15406 4623 
3 4699 4624 3375 
3 14046 3931 2520 
3 6372 3856 10737 
3 2522 9802 11191 
3 11103 4626 4399 
3 12751 1899 5201 
3 11900 5485 15068 
3 14293 1647 10899 
3 12037 4628 13124 
3 5200 3665 4628 
3 7613 12789 3239 
3 4080 2405 13789 
3 8245 4630 1791 
3 2254 9499 13464 
3 9358 4631 4975 
3 5987 3036 4763 
3 9257 12273 1697 
3 13499 4980 1960 
3 5722 8792 15447 
3 14633 2613 15918 
3 3221 11972 11493 
3 15090 9477 2032 
3 12904 4635 10603 
3 2939 2120 6026 
3 15171 14279 15863 
3 14235 2568 2394 
3 13764 4637 4596 
3 13543 14138 12229 
3 6023 4638 2920 
3 15518 2414 7538 
3 9977 3134 12702 
3 12562 6278 4639 
3 11475 11020 4640 
3 9622 4895 11484 
3 8917 4641 13328 
3 7842 4920 5852 
3 395 4642 3776 
3 395 396 4642 
3 9756 4643 2235 
3 11857 10923 14913 
3 5624 4644 2663 
3 3145 15665 4644 
3 2529 11284 1876 
3 15352 9781 6764 
3 4317 12348 3133 
3 11030 5982 3598 
3 1146 4647 12632 
3 1146 1147 4647 
3 10719 11979 16295 
3 15501 10605 4520 
3 3533 4649 3979 
3 3533 7415 4649 
3 11642 4656 4650 
3 4656 13516 4650 
3 14667 4651 9542 
3 13710 1655 11464 
3 4427 6748 15415 
3 6748 6583 12315 
3 16101 4653 14560 
3 1962 6118 4653 
3 4823 4654 3740 
3 5614 3402 4654 
3 15487 4655 12825 
3 14020 3496 7633 
3 13516 4656 3353 
3 4650 2936 11642 
3 15249 4657 6731 
3 14929 5055 8950 
3 10430 4658 15347 
3 15784 1745 12768 
3 8456 5642 14845 
3 8376 5140 15037 
3 6958 4660 2319 
3 2843 2252 4660 
3 4301 4661 7339 
3 4301 4381 4661 
3 7170 6099 8189 
3 10090 6804 4746 
3 7008 8290 6215 
3 4902 5499 4663 
3 10709 4664 4505 
3 4029 5332 8872 
3 12744 6775 8880 
3 12192 6358 2564 
3 11172 6874 4666 
3 3998 15875 4666 
3 2271 11739 3004 
3 3610 5323 4667 
3 9220 14961 11547 
3 3698 2516 6396 
3 9936 7416 14571 
3 15535 10242 5904 
3 1898 12042 2488 
3 1898 11485 12042 
3 12131 4671 9649 
3 3500 6973 4671 
3 13746 4672 2362 
3 13746 12511 5962 
3 10021 10189 3489 
3 3941 3595 15366 
3 5953 6021 7899 
3 13836 11467 2169 
3 15415 10684 4427 
3 10684 7134 4675 
3 11351 5553 4676 
3 8326 1687 14426 
3 13471 4677 3917 
3 3294 11470 4677 
3 12617 6645 11740 
3 12505 2340 11626 
3 7539 9138 3965 
3 13583 6613 4679 
3 9674 5786 4680 
3 5786 7493 10743 
3 2589 4681 12743 
3 15046 5091 1218 
3 2740 4682 2850 
3 8236 12064 7809 
3 6929 5069 6535 
3 5069 4145 16219 
3 9605 14458 4008 
3 4008 14458 4684 
3 6507 5828 15414 
3 6987 5712 7327 
3 10393 9320 4686 
3 3552 11290 12398 
3 14278 16293 9027 
3 12912 4618 4945 
3 8726 8963 4688 
3 6783 15465 4688 
3 8579 4689 6608 
3 16150 4327 1773 
3 5582 9211 2212 
3 3334 7387 15717 
3 14180 4691 13347 
3 11113 10202 2360 
3 6130 6135 3934 
3 7534 4094 5269 
3 3312 4693 2439 
3 12708 5827 10025 
3 1753 5844 15954 
3 10497 2306 10503 
3 13765 7098 6060 
3 14571 4669 9936 
3 2755 4696 4051 
3 12682 2933 9079 
3 3180 9878 15859 
3 10727 5599 7441 
3 797 4698 4478 
3 4523 4511 5126 
3 2710 5898 9567 
3 8760 4673 10189 
3 3086 11474 3646 
3 3086 2897 5352 
3 15183 4701 9837 
3 6598 10047 6920 
3 8907 5759 2599 
3 5073 6166 7891 
3 1685 4703 3642 
3 7016 1403 1402 
3 10962 6640 4704 
3 15479 10086 4704 
3 15531 4705 4811 
3 15385 3961 16474 
3 9053 9907 4706 
3 7125 3623 6892 
3 14472 1922 7914 
3 15333 5040 6463 
3 11756 13540 9550 
3 7104 9550 4916 
3 7114 7806 4709 
3 14611 3586 3243 
3 10744 4340 4537 
3 16246 9660 10744 
3 4499 13155 10747 
3 9076 13040 12522 
3 2093 16468 3380 
3 3151 6866 4712 
3 6899 4713 6324 
3 8949 7186 3228 
3 12108 4714 8498 
3 872 873 4714 
3 11459 4715 2855 
3 8535 5088 5788 
3 14000 4716 3385 
3 10777 13190 9199 
3 12752 4717 1746 
3 6734 16274 14871 
3 16376 1857 15006 
3 15947 4195 6113 
3 3394 4719 3191 
3 11054 7954 3571 
3 9835 5618 14656 
3 8267 5607 9977 
3 10585 12129 15010 
3 5460 5793 15703 
3 6340 4722 1679 
3 8972 5993 8057 
3 2804 4474 8047 
3 1860 4801 6776 
3 2403 4724 2524 
3 2403 12576 4724 
3 13713 4472 13007 
3 12825 4655 8993 
3 15187 6500 9847 
3 12597 14568 1601 
3 14962 5209 8796 
3 10008 8402 2750 
3 1613 11415 7983 
3 11162 488 489 
3 15850 9947 6427 
3 2905 2051 4729 
3 4824 4730 4346 
3 6303 6173 4818 
3 6350 4731 5714 
3 11844 5995 10079 
3 11131 4732 6599 
3 15432 323 6474 
3 10725 15649 4733 
3 8586 2511 7634 
3 4734 8839 7144 
3 7144 2074 5375 
3 10203 4735 2854 
3 8408 3542 4747 
3 2173 11133 2907 
3 9894 3113 8455 
3 2736 5562 11129 
3 8708 4555 5441 
3 11292 16480 4738 
3 2224 1937 11542 
3 10942 10287 4305 
3 7704 3724 7653 
3 12590 5252 7284 
3 14330 6965 8654 
3 4401 9496 3891 
3 7936 3374 107 
3 10955 4742 4882 
3 16457 3498 15671 
3 16394 4743 7382 
3 12697 4458 8279 
3 1876 4744 8065 
3 11284 13816 15128 
3 16566 4745 6932 
3 8782 2468 6270 
3 16515 5851 5614 
3 12866 3740 3919 
3 1859 8408 4735 
3 8996 4456 7903 
3 2096 4748 2669 
3 2096 15056 4748 
3 9175 7840 5064 
3 13711 1886 8521 
3 13568 10301 6526 
3 7886 3004 3779 
3 10668 4751 7235 
3 13993 11594 2400 
3 5715 4752 7243 
3 8523 13285 4031 
3 9448 4753 5954 
3 12703 7785 7650 
3 12774 4754 7065 
3 2017 15788 15797 
3 15664 8303 16440 
3 4548 3906 6281 
3 14750 8581 6252 
3 8204 12751 4788 
3 1679 4757 3052 
3 11125 2228 7639 
3 9948 6799 3190 
3 3468 3125 4758 
3 3106 4927 2794 
3 13902 8983 2819 
3 15763 4760 2694 
3 6042 15007 16505 
3 11811 7146 4761 
3 13141 4300 7454 
3 4831 16285 3444 
3 4498 6049 14282 
3 10445 4975 4763 
3 16401 3841 7655 
3 15742 4764 14774 
3 15044 15129 3250 
3 4378 6343 9759 
3 2182 3112 12755 
3 9013 4766 5079 
3 4766 12742 16261 
3 9262 9541 15327 
3 4571 10521 4918 
3 13859 8899 4364 
3 16368 5401 14601 
3 11451 3132 11130 
3 11981 3983 12711 
3 14836 4770 4244 
3 13369 13716 11996 
3 5442 6729 4771 
3 4833 4418 4771 
3 15635 14879 4434 
3 14001 6239 6798 
3 4039 4773 1805 
3 4039 12379 4773 
3 12181 10208 11149 
3 5376 2654 4774 
3 2807 4775 4343 
3 2807 10852 4835 
3 6644 10371 15975 
3 2885 11088 4776 
3 12272 5067 7144 
3 9641 4777 12731 
3 15818 4778 15565 
3 2449 6078 4778 
3 4025 13368 12395 
3 7389 12433 5830 
3 16319 4914 9445 
3 16319 1693 4780 
3 2771 5518 3924 
3 12071 8311 3640 
3 6585 8549 4782 
3 10944 6170 6687 
3 12933 4783 4641 
3 4920 2789 5852 
3 7463 4905 14324 
3 10837 14448 8973 
3 2912 9313 9954 
3 10987 3518 13431 
3 11866 4786 11893 
3 1773 4327 11619 
3 2793 5854 10423 
3 5854 4264 3796 
3 628 8042 15003 
3 628 629 8042 
3 5778 10603 4110 
3 4635 9386 4789 
3 5725 6383 13835 
3 12110 2748 3278 
3 3495 10299 15642 
3 2900 4792 4791 
3 2963 8863 2900 
3 5884 3564 1724 
3 11765 10282 11068 
3 13991 12929 6474 
3 11816 4794 14719 
3 14095 11635 2447 
3 8610 6937 4795 
3 4214 2573 4795 
3 5932 4796 4752 
3 3403 13877 4796 
3 16171 12182 5021 
3 14189 9404 15610 
3 13945 9981 2945 
3 14199 12288 7099 
3 6124 14428 9687 
3 10237 7565 8225 
3 11322 4800 2202 
3 9987 3199 8762 
3 15780 12603 4801 
3 13687 5848 9738 
3 8230 4802 4793 
3 2078 3000 6253 
3 6066 4803 5809 
3 3647 4196 4803 
3 11211 8034 4804 
3 15237 4449 7749 
3 3579 4805 15309 
3 13399 16181 16483 
3 2237 8368 3064 
3 14143 5320 13860 
3 10868 4807 9776 
3 14797 4412 14735 
3 6838 16087 2459 
3 1979 11524 13207 
3 4009 4809 1834 
3 4009 5515 10791 
3 14731 13197 8052 
3 3180 7519 10582 
3 14392 15531 14013 
3 4705 4173 4811 
3 11141 10563 5142 
3 10267 14070 7437 
3 3087 15935 1816 
3 10731 2142 8926 
3 9323 15543 5066 
3 9772 1639 4814 
3 10749 4815 5583 
3 10708 3944 15711 
3 12902 4816 1848 
3 10777 4959 2762 
3 11998 10869 9830 
3 14865 2091 4925 
3 1737 11985 6303 
3 6712 1900 4336 
3 15477 6884 12242 
3 10158 2094 6188 
3 16059 3192 2983 
3 7718 8151 4820 
3 4695 5904 10004 
3 10578 6434 15503 
3 8262 7159 4822 
3 12018 5649 9661 
3 3919 10710 15556 
3 4746 14204 4823 
3 10258 9209 4824 
3 9209 7013 4730 
3 6827 5059 4825 
3 5059 3969 4825 
3 6719 13504 6059 
3 10300 3870 7173 
3 8463 4827 2264 
3 13820 12765 6727 
3 11717 4828 10974 
3 4659 8376 15037 
3 5919 9340 2090 
3 6514 4285 14797 
3 2322 4830 2800 
3 2322 3080 4830 
3 16285 4831 4498 
3 4831 8339 7167 
3 3889 15241 4152 
3 11048 12486 5338 
3 10559 5442 4771 
3 9757 8218 6317 
3 2266 4834 3404 
3 2266 6089 14918 
3 4860 4835 2605 
3 15828 4846 13193 
3 1791 4836 2661 
3 4630 3344 4836 
3 2356 4837 4729 
3 7722 6427 14135 
3 15222 4838 2286 
3 3063 4506 6308 
3 16221 4839 12800 
3 16315 2575 6432 
3 5035 4840 4552 
3 14849 6186 9805 
3 3070 4841 3231 
3 3651 11168 4841 
3 15581 4842 6081 
3 10007 2088 7731 
3 16384 13875 4617 
3 4843 4082 9419 
3 8504 5802 4844 
3 13976 12847 13891 
3 5948 10434 2957 
3 1779 2072 4845 
3 11710 6415 13193 
3 5903 4775 4835 
3 2486 13377 5233 
3 16533 3438 13733 
3 7649 4848 5029 
3 5832 15098 12844 
3 9083 7301 4849 
3 1929 9467 4849 
3 4651 8569 2814 
3 5621 13200 14430 
3 11522 7760 8957 
3 11884 4601 4851 
3 14252 4852 15136 
3 11638 1691 4852 
3 3028 4853 1980 
3 15944 9640 10985 
3 12706 7840 9175 
3 14630 9557 9175 
3 16312 8995 16179 
3 13357 2761 7492 
3 2741 4856 3716 
3 14577 4849 3683 
3 6740 7423 4442 
3 5576 329 330 
3 831 9068 830 
3 831 832 9068 
3 10326 4859 12235 
3 14740 3604 8099 
3 10692 14228 4432 
3 13134 1642 5538 
3 9133 6201 3679 
3 15100 2888 4397 
3 5256 4862 11458 
3 5456 421 4862 
3 15950 4863 12940 
3 11181 5855 4441 
3 13754 6689 3091 
3 3091 4465 4864 
3 5893 4865 2311 
3 12858 2826 2860 
3 6549 4866 3930 
3 2964 11567 4866 
3 10189 4867 6226 
3 8198 13378 7450 
3 8361 11834 3882 
3 11834 11443 4868 
3 9401 14494 2523 
3 5023 1920 4869 
3 5261 4870 2028 
3 10954 1618 9255 
3 14613 4871 9507 
3 3470 15148 10455 
3 15177 4872 8532 
3 15886 2868 5130 
3 2598 8362 11394 
3 2456 2802 4873 
3 9734 4874 85 
3 86 87 9356 
3 14602 5522 4553 
3 10648 3382 13412 
3 12857 4876 3207 
3 3077 10852 4876 
3 11410 10238 6654 
3 15936 2089 14841 
3 6635 5026 14862 
3 5026 5628 4878 
3 3200 4879 4325 
3 11398 3478 2010 
3 15650 4880 15879 
3 2377 6093 4880 
3 13524 8138 13116 
3 1799 350 13116 
3 9858 13067 6720 
3 4742 16457 4882 
3 7339 7478 3991 
3 14479 7632 4299 
3 4325 4884 3200 
3 15959 3581 12477 
3 7190 4885 11859 
3 2676 1611 4885 
3 8294 4886 4781 
3 14191 4228 3160 
3 4418 8451 2697 
3 13799 3608 4887 
3 12702 4888 12562 
3 6278 2727 4639 
3 7413 6624 7281 
3 12822 11491 11823 
3 8658 5838 8612 
3 15016 2105 4890 
3 8409 7790 5418 
3 12340 5633 12137 
3 4718 7314 3121 
3 1840 4559 4892 
3 1825 4893 2696 
3 11261 2546 5182 
3 8410 4894 13878 
3 9498 2962 15123 
3 12169 7474 10126 
3 5544 6268 11484 
3 6187 13739 1873 
3 3981 11300 4896 
3 11557 4897 1917 
3 3860 3318 6271 
3 12206 4898 2677 
3 15291 4611 7472 
3 13220 4899 10995 
3 1909 3652 4899 
3 15010 12129 12877 
3 9710 4260 9786 
3 3167 10297 4877 
3 16415 7482 10675 
3 4906 12319 4663 
3 6951 2475 6184 
3 15778 5162 7864 
3 5162 3288 5386 
3 2550 4904 8689 
3 9539 9363 2930 
3 2613 13566 11676 
3 10881 5117 4905 
3 8290 4906 14991 
3 5990 3202 13815 
3 15368 9367 4280 
3 13120 6467 10606 
3 1206 1205 15253 
3 1203 15253 1204 
3 3853 6957 2220 
3 4336 1900 4909 
3 12881 13173 9383 
3 1999 13916 4910 
3 12943 4911 7166 
3 10777 8330 4716 
3 5397 8305 9372 
3 10167 5593 3739 
3 14633 4913 4633 
3 11395 11898 2684 
3 1712 7829 12264 
3 13754 3091 4864 
3 7972 16584 3587 
3 14804 16497 5536 
3 4967 4916 1794 
3 4967 7104 4916 
3 11513 5533 8554 
3 13051 5885 4158 
3 4571 4918 4767 
3 7191 4475 5035 
3 7678 9048 4254 
3 10401 10454 3456 
3 3155 4920 4783 
3 3155 5635 8637 
3 13482 4921 6808 
3 11056 15717 7387 
3 4379 15659 4922 
3 5303 7723 8798 
3 9326 5218 5372 
3 4923 8838 8549 
3 9459 5423 9354 
3 2421 4070 4924 
3 3773 13217 2091 
3 15771 14941 6197 
3 8288 5643 8827 
3 6333 14731 11107 
3 16301 4927 3106 
3 8027 4759 8098 
3 15370 3389 15219 
3 11517 14159 8946 
3 16107 11488 8728 
3 8884 15491 5912 
3 14035 10707 5589 
3 4930 9611 5028 
3 1588 4931 1589 
3 6290 9794 4931 
3 14928 14966 2190 
3 11749 3528 7838 
3 2599 5759 1851 
3 10771 11749 7838 
3 6017 4934 8926 
3 6220 1816 4813 
3 2034 4978 9611 
3 6715 2034 5980 
3 1932 4936 3500 
3 1932 11376 10507 
3 5614 5851 11881 
3 7138 1710 5969 
3 12779 4938 3031 
3 11871 4812 2258 
3 12612 5822 10260 
3 3746 16091 4939 
3 2401 12905 13675 
3 4379 4922 9328 
3 6116 4941 5058 
3 13419 7203 5555 
3 3365 8775 12885 
3 8902 3574 14659 
3 10134 4404 5264 
3 11171 15749 5855 
3 9754 8772 7880 
3 14039 2158 11905 
3 16152 4945 2699 
3 2699 8175 14994 
3 15786 16448 6939 
3 9709 16363 4946 
3 2645 4020 11401 
3 10206 3059 4947 
3 13461 6532 10149 
3 16418 9984 10149 
3 3115 4949 4282 
3 3332 14297 5654 
3 1884 9992 10548 
3 4283 5418 7790 
3 11566 5441 7427 
3 3421 8142 4951 
3 7841 4952 2095 
3 15678 9386 4635 
3 12042 11485 8986 
3 12083 9451 5170 
3 15565 16090 15818 
3 8507 3220 6161 
3 6623 4955 4311 
3 9999 5437 8540 
3 11425 6407 12717 
3 10564 5419 3570 
3 2418 9663 1721 
3 6996 5496 9120 
3 13179 7210 1752 
3 6579 13647 5206 
3 10310 8330 10777 
3 13484 7262 7257 
3 12495 12372 5086 
3 13495 9812 4960 
3 6789 4961 5321 
3 4941 7992 6525 
3 7742 9295 2591 
3 10211 7994 6795 
3 10298 4963 8115 
3 6547 9516 12691 
3 2250 9422 8423 
3 7846 15212 7062 
3 3626 16389 11301 
3 16389 12656 9832 
3 8592 14080 3376 
3 4012 15739 8015 
3 2283 14513 1794 
3 13540 5134 9022 
3 1945 4968 14467 
3 1945 6245 4968 
3 14679 8243 8265 
3 9194 15747 15413 
3 13005 4970 4542 
3 1790 8619 5037 
3 11819 6403 8055 
3 8611 8108 8565 
3 6103 4972 6484 
3 12928 4275 9975 
3 2867 10362 2327 
3 11509 8193 3599 
3 5894 7105 3132 
3 1783 3532 4974 
3 9358 4975 5389 
3 4631 4763 4975 
3 14860 4976 2879 
3 4180 2879 4976 
3 4921 5697 6808 
3 5697 7387 16295 
3 12354 4978 4935 
3 2034 12467 5980 
3 11922 8155 1637 
3 13571 5182 8315 
3 13856 10929 6907 
3 11862 2936 4332 
3 14339 11655 3106 
3 2861 2794 9819 
3 14740 4982 3414 
3 2524 4724 11746 
3 3058 4983 7419 
3 3058 15954 4983 
3 6006 8722 11074 
3 3271 11825 4984 
3 4435 4985 1708 
3 4435 2926 4985 
3 5011 4986 5212 
3 5011 1721 4986 
3 8964 10997 5112 
3 13300 5818 8812 
3 7695 14004 4177 
3 14916 7121 10053 
3 5930 4989 5763 
3 2858 7624 8902 
3 14398 4990 4483 
3 6343 4378 5132 
3 12893 4991 4007 
3 1850 9755 4991 
3 7982 4992 4336 
3 15119 1844 11552 
3 5598 10761 5255 
3 14098 4047 3253 
3 9574 10010 6978 
3 9131 10490 8139 
3 11124 4995 4338 
3 16225 5297 16424 
3 2146 12719 4202 
3 6257 4055 2011 
3 11265 7091 10834 
3 15676 10491 2314 
3 16370 4998 9241 
3 11427 12462 13295 
3 6888 4999 2292 
3 4186 8707 16421 
3 2456 5000 2802 
3 1831 10937 5000 
3 10073 5001 6567 
3 4328 3206 10576 
3 2320 10262 6595 
3 14048 1984 12808 
3 10245 5941 7093 
3 8355 3310 5003 
3 8292 5004 8055 
3 7177 2141 5004 
3 1464 5005 1465 
3 1464 1463 5005 
3 5127 13114 15392 
3 3679 6638 16380 
3 1738 5007 1912 
3 6382 1657 4096 
3 4763 8444 5987 
3 13329 7655 12971 
3 4133 11288 2917 
3 15980 4578 9790 
3 6034 9574 13463 
3 6102 4049 2353 
3 7625 5011 5212 
3 12418 3799 9240 
3 6980 6762 7331 
3 7489 10809 13807 
3 15669 9525 5013 
3 12065 5323 3610 
3 316 12568 14285 
3 12394 6599 8868 
3 16564 15614 8363 
3 2877 7342 8817 
3 9023 5016 12946 
3 10956 12478 6125 
3 322 15432 321 
3 4229 14285 5017 
3 5579 5018 10147 
3 15154 2638 4498 
3 11381 5019 6015 
3 9949 6770 10812 
3 11673 5020 7225 
3 9713 6222 12171 
3 2892 7250 3680 
3 10978 3919 9040 
3 14396 5022 5971 
3 6937 8116 10059 
3 2608 6533 2869 
3 14494 9401 10865 
3 1012 5024 1011 
3 1012 1013 15386 
3 11081 5025 2810 
3 5609 15710 16410 
3 13917 5628 5026 
3 15608 2219 11949 
3 8575 12814 6070 
3 5198 10738 6018 
3 14283 9611 4930 
3 2037 5230 5567 
3 5474 5029 2150 
3 11560 10527 10961 
3 3798 7052 8706 
3 12650 8544 6696 
3 6235 6637 4117 
3 13590 5334 8529 
3 12394 7574 13031 
3 10390 2522 4625 
3 8411 5033 7355 
3 8411 5816 5033 
3 16452 10752 14816 
3 8472 12166 16452 
3 13035 5035 4552 
3 4475 14849 5035 
3 14502 5036 12445 
3 10792 7941 12896 
3 15363 11367 15911 
3 4970 1790 5037 
3 9168 8606 16300 
3 12240 2884 5038 
3 7717 5039 7163 
3 4516 1763 5377 
3 6463 5040 1922 
3 9291 12334 14513 
3 10492 16112 12081 
3 15971 4439 8576 
3 1744 5042 8755 
3 5311 9633 6169 
3 14511 11968 5043 
3 11968 11625 2057 
3 11679 3118 14557 
3 2815 8533 5044 
3 8853 12480 10249 
3 11662 11594 12113 
3 5355 14385 2438 
3 8295 5087 9246 
3 6339 5047 4177 
3 10227 11231 15735 
3 12410 16122 3639 
3 3639 10750 12410 
3 2821 12282 3575 
3 15314 4648 10672 
3 1541 10199 1542 
3 1543 1542 5050 
3 14251 16010 6459 
3 12749 12136 7247 
3 11462 12245 14620 
3 5037 2551 5545 
3 5221 5053 1867 
3 14681 5780 12017 
3 2062 5054 7683 
3 1815 2072 5880 
3 7830 16553 11207 
3 1822 2435 5055 
3 9611 5056 5230 
3 11253 5250 4497 
3 2287 5057 2208 
3 12964 2769 11224 
3 6789 5058 4961 
3 4941 6525 5058 
3 3028 6827 4825 
3 3115 4282 15503 
3 10407 8322 5060 
3 8322 2007 5060 
3 10638 9545 8253 
3 7889 10341 14233 
3 4406 5062 3671 
3 9475 6051 12534 
3 7172 5063 3543 
3 12365 6262 8846 
3 4749 9175 1619 
3 13589 15054 9890 
3 13314 5065 15404 
3 6858 1324 1323 
3 5811 8614 9323 
3 11054 4719 3394 
3 9547 5067 4462 
3 10041 10493 6151 
3 14124 5068 10351 
3 7253 5285 2258 
3 6535 5069 4683 
3 4060 4145 5069 
3 5538 2358 6411 
3 15787 11475 9171 
3 15870 5071 11549 
3 7230 4217 5071 
3 1950 13759 2753 
3 16484 6315 14528 
3 15894 9778 5214 
3 9975 2323 4972 
3 11085 10690 5074 
3 12088 3666 14005 
3 11962 6089 5075 
3 2266 15554 5075 
3 9158 5076 16053 
3 2149 15133 5076 
3 14101 5432 4389 
3 5432 2899 3681 
3 7440 5078 6517 
3 1342 1341 5078 
3 10919 9013 5079 
3 12742 3439 10122 
3 8947 7026 11914 
3 11933 5967 6064 
3 1020 15478 4310 
3 12434 4672 13746 
3 4374 5082 2419 
3 8524 5100 7884 
3 10729 9527 5083 
3 14893 9084 7107 
3 11592 8252 6054 
3 7129 9003 11114 
3 8624 5085 3157 
3 12768 1745 9656 
3 9252 9450 7351 
3 7084 8013 6986 
3 13307 7961 11228 
3 5339 12621 7649 
3 11177 5788 5088 
3 6680 4715 5532 
3 9301 11736 5345 
3 6849 16546 5819 
3 1860 8909 13634 
3 2257 2530 6418 
3 9085 5091 2589 
3 1812 1222 5091 
3 15175 5092 8855 
3 2334 15207 5092 
3 7418 10377 3697 
3 8289 3209 5554 
3 12004 5094 3772 
3 12004 12759 5094 
3 15115 5095 2487 
3 11661 15973 9156 
3 13270 6619 5096 
3 10235 8684 11626 
3 13692 5097 7777 
3 1956 9777 5097 
3 14722 14892 12336 
3 15668 6563 1675 
3 8626 9743 5099 
3 559 560 5099 
3 8379 12068 3795 
3 4645 8065 7884 
3 10638 6158 9545 
3 4456 2631 15371 
3 16244 9899 8487 
3 16151 3472 8354 
3 5310 5404 12909 
3 11689 4678 15405 
3 12363 11894 6053 
3 10224 7610 8001 
3 11747 6874 5309 
3 5309 5369 5105 
3 4467 5184 3198 
3 12776 14548 14590 
3 10821 5107 9563 
3 1848 11919 5107 
3 3722 6672 3274 
3 2809 2686 15255 
3 7292 5109 4212 
3 7938 2648 5939 
3 5737 5110 5610 
3 10812 6770 7818 
3 16506 14683 13496 
3 10074 1679 3052 
3 10997 4987 5112 
3 4987 4394 9026 
3 9886 11976 13535 
3 10288 8689 4904 
3 9183 7772 5114 
3 14346 4085 10617 
3 9312 5115 7553 
3 13536 5881 10803 
3 5948 7232 7556 
3 5116 12836 9257 
3 9528 6489 5117 
3 13614 5474 1724 
3 6260 3845 5118 
3 3845 15493 5118 
3 5013 5345 4388 
3 5345 11736 5119 
3 14931 6661 5120 
3 7097 3491 3736 
3 5 5121 15158 
3 5 6 13075 
3 2719 5277 16100 
3 14022 14657 10097 
3 7619 7676 10885 
3 11587 7358 8124 
3 15280 8039 14263 
3 10524 15701 4059 
3 4991 9755 4007 
3 7733 7955 14924 
3 7520 5126 3197 
3 9175 5064 1619 
3 2883 13114 10312 
3 15111 12581 2837 
3 5723 5128 1936 
3 9781 5590 6764 
3 6654 2928 9556 
3 5129 14151 16415 
3 13140 5130 12895 
3 15886 9561 2868 
3 585 5131 584 
3 585 586 12692 
3 2141 7940 4170 
3 10185 3684 8023 
3 11779 10476 15601 
3 13899 4603 5133 
3 6463 9124 15333 
3 9124 12236 9022 
3 16083 10483 3875 
3 4027 8656 13175 
3 11549 14109 11439 
3 2202 5693 16064 
3 6479 7368 8639 
3 3739 6530 10167 
3 3931 7327 2520 
3 7327 7302 5138 
3 2344 5139 1891 
3 2344 4176 5139 
3 15757 11175 8376 
3 5140 6943 13249 
3 15938 2136 16477 
3 14281 1905 10273 
3 11302 11362 10563 
3 4938 1658 6868 
3 4583 5143 2859 
3 16144 9566 5515 
3 9245 3786 3440 
3 10226 9942 4889 
3 10531 14421 14523 
3 13660 2455 7258 
3 15924 5146 9588 
3 1786 10842 5146 
3 1426 5147 1427 
3 1426 1425 5147 
3 5569 6461 8211 
3 14146 7297 5148 
3 12836 5149 9257 
3 3353 12135 5149 
3 15949 5150 3836 
3 6080 7956 10186 
3 11994 7200 3633 
3 13728 3336 3269 
3 8680 5152 4613 
3 4011 8482 5152 
3 12959 5153 8456 
3 1847 8894 14299 
3 11718 16442 3943 
3 13787 13771 2018 
3 15241 5155 4152 
3 4832 3259 5155 
3 8292 8055 13316 
3 3797 2097 5156 
3 6818 5157 4118 
3 14130 14201 7717 
3 16243 7745 11562 
3 10002 3764 5158 
3 3775 8654 4378 
3 4378 8654 5159 
3 243 5160 3614 
3 2337 4984 11825 
3 7051 8970 11886 
3 12365 16596 2872 
3 7546 9735 4903 
3 4602 3288 5162 
3 9284 10646 2502 
3 16185 2517 13373 
3 15319 5164 1632 
3 13741 7777 3993 
3 16431 2313 7329 
3 10318 3989 2659 
3 3374 12312 2774 
3 16435 4449 8702 
3 6314 5167 8551 
3 1893 11891 15184 
3 15499 11665 5285 
3 9629 4437 5168 
3 8848 5169 8028 
3 9714 15097 16016 
3 10192 5170 9451 
3 2687 14886 16239 
3 11758 6155 5171 
3 16099 4634 11493 
3 3277 10698 3749 
3 11721 9695 7972 
3 10730 8527 8032 
3 12569 3566 15704 
3 5606 11897 13435 
3 11897 13715 11082 
3 5262 11673 15766 
3 150 15566 149 
3 14526 5176 2981 
3 5176 14019 13585 
3 2279 11482 1668 
3 12811 1856 1838 
3 1560 1559 8457 
3 14671 1830 10948 
3 15579 5179 7337 
3 7893 2070 5179 
3 2965 5180 4619 
3 10473 8426 2024 
3 14512 8174 8672 
3 4017 11183 5181 
3 6031 8315 2546 
3 7171 3683 8959 
3 2993 16239 3977 
3 2479 3754 5183 
3 12469 5184 15349 
3 5749 1696 5184 
3 11388 16443 2659 
3 3174 12993 5185 
3 3766 6464 4594 
3 10900 3152 7787 
3 15824 5187 12654 
3 2841 5041 12081 
3 6024 12353 2055 
3 4927 6398 12875 
3 15101 5189 13302 
3 4493 3039 5189 
3 4887 5190 4189 
3 8849 10444 13610 
3 10543 5191 6193 
3 4206 2082 5191 
3 1207 5192 1208 
3 1207 1206 5192 
3 16202 5193 10947 
3 11896 5166 8715 
3 7716 15604 9262 
3 4767 12725 5194 
3 4595 5195 3349 
3 5440 8710 5195 
3 6328 8897 2184 
3 4903 13788 3083 
3 1743 8354 2952 
3 8630 6404 16223 
3 6070 5198 6018 
3 15912 4946 15786 
3 11399 5765 6086 
3 13404 1898 2488 
3 12634 5200 4628 
3 9209 10258 11529 
3 4788 5201 3846 
3 8042 630 631 
3 1485 6444 1486 
3 1485 1484 6444 
3 16220 7350 3365 
3 14236 4736 11133 
3 5533 5204 5402 
3 4205 3561 5204 
3 3663 5205 2153 
3 14380 2340 14192 
3 2240 5206 12070 
3 2240 4709 5206 
3 14239 5207 14442 
3 4044 7572 10745 
3 11554 5208 5242 
3 4995 11124 6700 
3 8197 14962 8796 
3 10152 9276 11384 
3 16204 2662 6655 
3 2662 7231 12239 
3 9410 6831 14403 
3 11641 12516 2006 
3 12162 5212 2779 
3 4986 2779 5212 
3 3050 5213 2320 
3 2311 4865 5213 
3 7891 15161 5073 
3 8185 13819 6132 
3 12953 8802 11115 
3 4221 6082 14097 
3 6282 11495 2147 
3 9164 15599 3082 
3 8166 5217 14313 
3 11317 2137 8229 
3 6314 5372 5218 
3 9326 6106 6585 
3 6325 5219 16556 
3 13558 2466 13359 
3 14088 7298 5220 
3 15548 1709 5958 
3 1928 5221 2373 
3 11400 7011 11609 
3 11738 5222 6162 
3 9506 15036 2303 
3 8338 7993 5223 
3 11077 7094 5223 
3 5101 14692 5061 
3 14692 2650 5224 
3 15991 5225 3594 
3 12575 5935 11982 
3 15743 8024 5226 
3 3850 4706 5226 
3 7960 5227 16186 
3 4279 10368 5227 
3 7352 11536 2982 
3 11681 2778 6935 
3 5149 12836 3353 
3 9406 2960 3585 
3 9611 5230 2037 
3 12035 5669 13544 
3 116 5231 115 
3 116 10530 5231 
3 1555 10688 16321 
3 1555 1554 10688 
3 2486 5233 1609 
3 11116 3514 10922 
3 8237 5234 2690 
3 3607 9039 14114 
3 8096 11528 2273 
3 6999 15025 5488 
3 16447 5236 4305 
3 4094 7534 12551 
3 9433 5237 7969 
3 16485 4352 8017 
3 13338 10696 16276 
3 2829 9314 5238 
3 9771 9315 6316 
3 11316 8900 10958 
3 3141 6930 4480 
3 14422 4460 10665 
3 12393 5241 2517 
3 11373 4545 6749 
3 16512 13129 15206 
3 3972 11013 11554 
3 3920 5243 4360 
3 16262 4562 6564 
3 4486 16058 3928 
3 3359 4246 5244 
3 1746 11682 3347 
3 11822 3027 7655 
3 3019 5246 3686 
3 3019 4925 5246 
3 6334 8587 8385 
3 1441 1440 5247 
3 13130 6873 3391 
3 15215 1847 7577 
3 6984 5249 1905 
3 10321 14079 6487 
3 11253 11202 5250 
3 12501 6715 9066 
3 5560 5251 2496 
3 14282 12034 16285 
3 14012 9722 5252 
3 13365 3877 9804 
3 4899 6649 1909 
3 5253 12699 15538 
3 2491 5254 3887 
3 2491 6894 5254 
3 2897 10353 4258 
3 6622 7892 5481 
3 12385 5256 3524 
3 3550 6154 5256 
3 1865 14427 13964 
3 6852 3197 12706 
3 4539 13006 7148 
3 13006 4443 11355 
3 12990 5259 9922 
3 14641 2732 7694 
3 10644 9829 9925 
3 7973 6039 16538 
3 6554 10757 10954 
3 8421 13942 4842 
3 10863 11673 1635 
3 12171 16121 10222 
3 13463 5263 14756 
3 11621 8139 8199 
3 10134 5264 4943 
3 4404 5924 14725 
3 6160 5265 5692 
3 5557 4448 3536 
3 5657 5266 6426 
3 3544 3400 14150 
3 9329 3893 16115 
3 13558 5219 13063 
3 2973 9616 10431 
3 12715 9233 14123 
3 13547 6460 16543 
3 12624 10163 5613 
3 5405 5270 2128 
3 5405 11728 5270 
3 10342 5271 6557 
3 4024 3319 6427 
3 16441 5272 6685 
3 11769 2904 12684 
3 15399 5273 1751 
3 2014 5706 5273 
3 3697 10377 10378 
3 14653 9001 8200 
3 4016 5549 3654 
3 10923 11857 6503 
3 11921 11899 3585 
3 2960 15168 5276 
3 13661 10544 2769 
3 2769 2705 11224 
3 12584 5711 14451 
3 5711 2160 5278 
3 3987 11983 2704 
3 4300 8571 5279 
3 12905 5280 2079 
3 7058 13030 5280 
3 14341 5352 7997 
3 12250 7843 2615 
3 3484 9281 3520 
3 2164 2506 5282 
3 5506 6263 7710 
3 1550 1549 15917 
3 7166 4911 9571 
3 2762 4959 8274 
3 15499 5285 7253 
3 2258 5168 7253 
3 16242 10639 5286 
3 12187 4512 11531 
3 10397 14018 12193 
3 1945 2152 5287 
3 9944 5479 5288 
3 12271 3169 2821 
3 6596 5289 5880 
3 5320 6900 10774 
3 9882 7403 6353 
3 12909 4320 15728 
3 13730 5291 8920 
3 12585 5535 9716 
3 10378 5093 3697 
3 9646 4658 10430 
3 2244 5377 9067 
3 2003 2887 5293 
3 12724 5294 11831 
3 11789 14538 11196 
3 3134 15453 15223 
3 12892 11652 13107 
3 12290 8431 1869 
3 9925 7973 5260 
3 8129 16424 14072 
3 14964 8844 9347 
3 12359 10682 9986 
3 15429 6958 2587 
3 4301 6698 15061 
3 14749 4883 3466 
3 1793 15882 15852 
3 1656 3326 5300 
3 11001 9238 13433 
3 14214 4192 1654 
3 15595 5302 662 
3 661 662 5302 
3 14579 16549 5303 
3 10221 2117 6854 
3 9570 8826 15013 
3 16381 15891 13477 
3 16444 9084 9424 
3 12899 10374 7414 
3 7504 5306 2225 
3 13523 6583 5306 
3 5985 14811 3475 
3 11468 15522 4309 
3 14728 14424 7322 
3 14156 2819 11304 
3 15295 5369 4521 
3 10972 5007 11747 
3 15728 10413 5310 
3 12461 4445 13475 
3 12781 5311 11167 
3 11167 9922 12781 
3 13592 10782 14211 
3 11402 3207 5312 
3 2290 5313 7925 
3 8424 1956 7153 
3 5525 12655 4503 
3 13476 11084 13659 
3 15418 7330 12132 
3 15986 4157 8317 
3 6859 10236 14634 
3 3486 2372 12994 
3 3262 10305 5317 
3 10526 2240 3551 
3 5609 5318 2781 
3 16410 9902 10141 
3 13655 5319 9927 
3 16378 15211 12396 
3 6926 13860 5289 
3 6900 12187 11531 
3 11052 5321 8736 
3 4961 5058 6525 
3 13354 5322 3912 
3 2910 13979 5322 
3 11717 10974 6670 
3 9029 2293 13426 
3 12130 5324 3635 
3 4510 3954 5324 
3 15047 946 15753 
3 1954 5424 7595 
3 14721 5448 9917 
3 10010 6034 7226 
3 8526 5327 3491 
3 7108 4046 3736 
3 2866 5328 4067 
3 6088 505 506 
3 11510 12179 12513 
3 12179 9953 5329 
3 2982 12935 2935 
3 13684 15761 7617 
3 6533 5331 3039 
3 2621 3039 5331 
3 9678 7287 4029 
3 5332 11472 8872 
3 13032 9360 3213 
3 9452 2708 5333 
3 3100 5334 4277 
3 13481 2777 5751 
3 12729 11095 11628 
3 15156 4363 5647 
3 12579 5336 3880 
3 9462 13360 8468 
3 270 271 5360 
3 272 273 5493 
3 6146 5338 4263 
3 12486 5615 10107 
3 13392 5339 7649 
3 16323 5832 6031 
3 11639 5491 9904 
3 4242 3492 5340 
3 12719 6157 6695 
3 2910 5322 13354 
3 7118 5342 10239 
3 13100 6036 8965 
3 16210 11744 4665 
3 1939 4386 11267 
3 16429 5344 14015 
3 2217 7643 5344 
3 14840 5345 5119 
3 13037 13779 14328 
3 9565 5346 12021 
3 305 306 7866 
3 10599 5347 3958 
3 11481 4560 5347 
3 5571 14449 2299 
3 6341 15517 5836 
3 16367 5349 7656 
3 3057 6470 7906 
3 14616 10694 16507 
3 14174 5343 7796 
3 8765 7465 9081 
3 3392 2233 5351 
3 4700 11474 13671 
3 12869 4258 5461 
3 1712 12745 7829 
3 13172 5452 9445 
3 13747 5354 11813 
3 7351 8258 9252 
3 3930 13601 2777 
3 16356 11567 6002 
3 9934 14370 1670 
3 2430 3985 5356 
3 9806 5357 12797 
3 5205 3663 5357 
3 6151 5358 3810 
3 9207 7907 8359 
3 14286 10641 7245 
3 14313 2297 8166 
3 270 5360 3523 
3 5337 2168 5360 
3 8901 14635 14493 
3 7289 9807 15955 
3 12404 6555 10044 
3 4263 13347 3259 
3 16567 5363 16273 
3 4005 15377 8684 
3 10086 15479 9222 
3 6640 5043 5364 
3 2665 10490 3268 
3 8325 7929 11577 
3 8864 10272 14891 
3 3425 1947 5366 
3 13609 5367 8829 
3 6538 6620 8711 
3 5568 5368 2682 
3 14051 4912 6490 
3 5105 5369 3226 
3 13776 4521 5369 
3 15783 5370 11409 
3 8333 10988 15034 
3 818 9144 817 
3 14855 3701 9583 
3 5167 6314 5218 
3 5019 6946 11247 
3 11394 5373 1789 
3 13199 2802 8463 
3 7302 13726 15893 
3 3124 4464 5374 
3 4473 5375 2074 
3 9698 2286 4838 
3 13054 5543 12181 
3 12721 2698 2746 
3 8250 14343 2244 
3 14201 14130 4516 
3 7055 5498 5378 
3 16455 2513 14353 
3 8221 11460 4817 
3 9950 9288 4324 
3 9464 5380 4160 
3 16529 8095 4424 
3 8423 5381 2250 
3 1719 3557 5381 
3 12034 3584 13109 
3 3229 3876 7271 
3 12331 5436 2629 
3 15837 11704 3729 
3 12657 5384 7371 
3 16029 9856 12125 
3 10016 11161 4554 
3 5385 10005 7043 
3 12172 10224 6053 
3 6499 5162 5386 
3 11127 14068 10704 
3 7142 8855 5387 
3 14583 5388 10951 
3 11477 4550 9110 
3 10445 15427 5389 
3 7127 4373 1849 
3 10279 5390 5197 
3 6582 3261 4257 
3 14134 12811 7477 
3 10817 9684 9840 
3 14616 5392 10694 
3 3017 2093 16278 
3 14305 9408 5393 
3 7112 1668 5984 
3 7834 5394 2464 
3 4403 1653 16265 
3 4192 14280 13244 
3 11984 3606 14559 
3 5653 10327 1707 
3 10244 5396 13824 
3 2712 10951 3833 
3 12748 14866 5368 
3 3096 7204 10500 
3 12374 11019 14688 
3 13258 7952 6037 
3 14996 10354 11497 
3 3268 5400 5365 
3 3454 2617 5400 
3 3553 16368 14601 
3 2497 8590 13255 
3 9311 6871 5402 
3 10314 1871 8967 
3 3827 5403 4233 
3 7614 3290 7881 
3 15484 12909 12962 
3 13475 4445 4678 
3 9634 2357 16154 
3 15451 8274 4959 
3 16158 5406 12199 
3 5459 4081 7428 
3 13330 5407 1714 
3 221 222 5407 
3 1462 5408 14655 
3 1461 1460 5408 
3 5409 14566 2899 
3 16202 9628 5193 
3 4055 5410 5471 
3 8079 6257 6581 
3 9586 7934 8995 
3 4855 3857 5411 
3 12328 15306 7061 
3 3187 11265 5412 
3 15143 5413 4153 
3 1080 1081 5413 
3 13639 800 13336 
3 800 801 13336 
3 6551 8829 12391 
3 5367 11876 5415 
3 4671 6973 4446 
3 10531 3525 1729 
3 16456 14084 5417 
3 2447 3780 10447 
3 12465 5876 8548 
3 4283 6737 5418 
3 1667 10564 15627 
3 6751 2315 5419 
3 6660 7383 2140 
3 11206 6287 4123 
3 13954 5421 6445 
3 10246 4543 5952 
3 13472 5422 9488 
3 13844 2973 5422 
3 14384 8507 5423 
3 3181 11188 5423 
3 13984 10838 7595 
3 9398 955 956 
3 8715 8962 9601 
3 2413 5757 7749 
3 13257 6043 6857 
3 3693 8273 13637 
3 7057 5427 3621 
3 12313 2380 4352 
3 438 5428 437 
3 438 439 5428 
3 390 5429 389 
3 390 391 5429 
3 2575 14839 6432 
3 16195 3723 16280 
3 16096 5431 14088 
3 14300 4252 16006 
3 4389 5432 5077 
3 11153 7276 9973 
3 5690 5433 12849 
3 5690 13095 5433 
3 4322 11023 4483 
3 12244 4134 9288 
3 9075 8532 2169 
3 11276 6033 2600 
3 2629 5436 5383 
3 4785 8113 5436 
3 1609 11321 2486 
3 8327 16068 6905 
3 13331 8232 5438 
3 5100 4374 5438 
3 10734 5439 9501 
3 12564 1880 7922 
3 4595 5440 5195 
3 1903 7765 5440 
3 11049 7427 5441 
3 9600 4299 7632 
3 8188 7776 11295 
3 6656 2227 8184 
3 15814 5531 13298 
3 13812 11781 3881 
3 417 5444 5730 
3 417 418 5444 
3 1436 15242 1437 
3 5247 1439 5445 
3 10898 2209 2036 
3 10718 2209 10898 
3 10191 5447 8097 
3 12277 4221 11241 
3 9917 5448 6802 
3 9096 16253 6102 
3 10429 5449 2375 
3 1701 15245 7011 
3 12758 5450 14297 
3 14297 2199 12758 
3 119 5451 118 
3 119 120 12438 
3 5353 13172 4914 
3 4488 3714 11929 
3 13853 5453 2117 
3 10679 5359 3205 
3 6103 11533 4972 
3 9544 10601 6607 
3 11032 15149 8970 
3 5294 5161 11831 
3 6154 5456 4862 
3 3593 420 5456 
3 2424 5457 9035 
3 3432 14909 6149 
3 15068 5458 9379 
3 15674 7615 9377 
3 11486 9119 14502 
3 3720 7155 7813 
3 5793 5460 4900 
3 2445 9361 5460 
3 14098 6153 16587 
3 10013 12861 6175 
3 15108 13679 14050 
3 14668 2044 968 
3 16065 7096 10890 
3 13303 9760 8426 
3 5306 5464 2225 
3 5306 6583 6748 
3 7337 6678 15579 
3 16550 3595 15579 
3 9894 5466 3113 
3 14674 8298 11709 
3 13906 12788 6627 
3 7757 5299 8945 
3 11561 5468 4718 
3 16376 2419 1857 
3 10398 12102 7617 
3 13137 2273 11528 
3 2909 15873 3911 
3 15162 10723 4482 
3 10173 5471 10894 
3 5410 3912 15089 
3 7025 8045 2675 
3 11869 3655 4173 
3 2739 4338 16303 
3 15606 8207 15490 
3 14111 5474 10052 
3 2150 7328 5474 
3 14679 5475 10625 
3 8998 614 615 
3 3806 5476 1748 
3 10948 7558 3541 
3 8431 5477 5865 
3 7958 6239 6039 
3 12327 6647 8183 
3 4303 8253 9018 
3 5949 9944 5288 
3 14888 4662 9502 
3 1607 4549 8770 
3 2575 6437 5480 
3 13233 5481 12076 
3 12076 16071 5443 
3 9673 5482 1649 
3 4980 11862 5482 
3 6449 5483 2021 
3 9447 3428 5570 
3 16551 5484 5650 
3 1942 3878 10867 
3 11617 11900 15068 
3 3578 11502 8638 
3 2418 5486 11877 
3 1721 5011 5486 
3 14265 5487 2879 
3 14265 10159 16357 
3 8561 11518 6359 
3 16595 5235 15994 
3 14004 7121 15394 
3 8821 1963 1901 
3 6252 5490 10840 
3 3743 1615 5490 
3 6518 10765 11700 
3 5779 2039 6048 
3 2574 8378 14832 
3 14052 9208 14163 
3 275 5493 274 
3 5337 272 5493 
3 15536 5795 5494 
3 1956 5097 5494 
3 15492 11501 8353 
3 7939 1922 6509 
3 11281 5496 8330 
3 3385 4716 5496 
3 3758 5827 12326 
3 2616 3328 6244 
3 2799 9151 5378 
3 8012 5048 11618 
3 15573 5499 4902 
3 1820 6256 10062 
3 5663 7999 1872 
3 16212 15024 14645 
3 1798 14024 14573 
3 4458 2667 7307 
3 4939 8145 3746 
3 8621 3082 2267 
3 9534 15697 2871 
3 13641 2390 3035 
3 2496 5504 3442 
3 13151 4429 13104 
3 4898 5505 2305 
3 14710 13818 8678 
3 6263 5506 2693 
3 3549 11058 6629 
3 15263 5507 11694 
3 16353 9179 2365 
3 6793 5508 3231 
3 12070 5206 10470 
3 7643 5509 3529 
3 7643 12257 5509 
3 7922 5510 4184 
3 1880 3861 5510 
3 6473 8966 15250 
3 9314 2829 10233 
3 16449 5512 12307 
3 12011 2449 16245 
3 4392 5513 3783 
3 4392 12032 14519 
3 2660 9632 12111 
3 10261 1769 2131 
3 3752 16144 3988 
3 11498 4583 6612 
3 13628 12976 15060 
3 4806 4565 5516 
3 8769 15303 3114 
3 6839 12669 6179 
3 11421 5518 2771 
3 8294 4781 3924 
3 6631 9641 2343 
3 10437 2104 10120 
3 10127 5520 3756 
3 1890 8776 10505 
3 6442 5521 7662 
3 732 733 5521 
3 11201 11948 14809 
3 7575 4875 2999 
3 16147 7411 5523 
3 14075 3647 2335 
3 50 5926 49 
3 50 51 5926 
3 9603 5525 13115 
3 10323 16559 3234 
3 16462 12173 14775 
3 3298 8766 12897 
3 8402 5527 13895 
3 15781 4230 5548 
3 16383 14902 4413 
3 8092 6306 7210 
3 15259 10082 12753 
3 8916 6220 4934 
3 9688 5530 14950 
3 1828 5051 5530 
3 15372 5531 5072 
3 13759 3868 13298 
3 4065 7479 2855 
3 7039 2579 6159 
3 11013 5533 5402 
3 4329 4917 8554 
3 5167 5534 1893 
3 5534 9326 7161 
3 14935 13280 8382 
3 16334 14524 7326 
3 15858 9348 7732 
3 3133 4646 12222 
3 11083 9875 4648 
3 10115 5582 7700 
3 5873 14412 1642 
3 14412 13913 5538 
3 13805 4664 14101 
3 3842 3995 5539 
3 11358 5540 8448 
3 9471 4511 4523 
3 7513 5541 4234 
3 11159 9785 15118 
3 14625 11341 5720 
3 11514 2354 7774 
3 6807 5543 4940 
3 14477 3356 13507 
3 10369 13289 3173 
3 6210 11710 7869 
3 15545 13162 5545 
3 15911 5037 5545 
3 16346 5546 8738 
3 16388 8605 8991 
3 15509 5547 2606 
3 10290 1711 3470 
3 9276 15781 2375 
3 4494 10689 15781 
3 9590 5549 12921 
3 2194 8828 11119 
3 14757 6713 4973 
3 10362 2867 3223 
3 12091 1884 5796 
3 15658 2889 14567 
3 15447 5552 10553 
3 7645 3471 14122 
3 9773 11351 4676 
3 5513 4392 5553 
3 10973 5781 6784 
3 13111 6892 3697 
3 13419 5555 9375 
3 3588 7653 9375 
3 3913 7508 3316 
3 7569 5541 5556 
3 8617 8280 5265 
3 12252 13115 7858 
3 9647 14352 14625 
3 10447 5417 2447 
3 9070 3561 11634 
3 7881 5403 3235 
3 3584 5560 2496 
3 3584 12034 5560 
3 9959 13209 9181 
3 2418 2442 5561 
3 12570 11129 12956 
3 2736 6094 5562 
3 6058 5563 14738 
3 14186 12345 12046 
3 12766 5564 3928 
3 10510 14435 2700 
3 3177 11184 11571 
3 10403 4105 14952 
3 14049 2541 8847 
3 14570 11696 5360 
3 11996 14714 11464 
3 9166 2037 5567 
3 16006 15826 14300 
3 6030 13454 10976 
3 14089 5569 3378 
3 15507 5148 4561 
3 4561 7297 4022 
3 12444 9447 5570 
3 12243 5727 5571 
3 7771 2564 6358 
3 6757 5572 4490 
3 13478 7372 8432 
3 6088 5573 5328 
3 6141 506 507 
3 11576 7096 16065 
3 11719 6690 7353 
3 10481 5575 11991 
3 9870 5559 1883 
3 10026 5576 4857 
3 3448 6074 5576 
3 15734 6457 8740 
3 7452 1971 3636 
3 15022 9577 9280 
3 3174 8818 11352 
3 3774 5579 3678 
3 2824 6760 5579 
3 5670 12349 3939 
3 2483 10395 10045 
3 5959 11678 1704 
3 2187 12362 5581 
3 13130 7700 2212 
3 3391 3175 7700 
3 6055 5583 3830 
3 8278 2535 9005 
3 2554 5584 3194 
3 9181 5561 8772 
3 750 16203 749 
3 16203 12042 4345 
3 3674 5586 2118 
3 8301 11598 6055 
3 8781 10554 8512 
3 5089 15844 5587 
3 11653 6280 3014 
3 14377 12945 5272 
3 8935 5589 1284 
3 16268 1290 1289 
3 12408 5590 4174 
3 6289 10200 13333 
3 8307 13715 2653 
3 13710 2814 7506 
3 15289 8478 15092 
3 14593 6241 10091 
3 6758 8984 1747 
3 5137 3739 5593 
3 9085 9850 5091 
3 1812 5091 5594 
3 15029 10687 5595 
3 3637 4025 13216 
3 1953 5596 4601 
3 13879 9675 3242 
3 5146 9796 1786 
3 14965 4646 8471 
3 16458 9034 5598 
3 5598 9034 16086 
3 14497 15988 6872 
3 9381 575 576 
3 14621 8163 4426 
3 14744 2889 14621 
3 14307 8939 12197 
3 12931 1444 10112 
3 247 5602 3012 
3 3591 11298 15018 
3 14688 5603 12374 
3 12986 1909 6649 
3 6078 5604 3612 
3 3612 4778 6078 
3 3726 5605 3945 
3 3726 2654 15382 
3 11897 5606 2653 
3 3104 3325 5606 
3 14656 12176 3321 
3 13618 15652 15784 
3 8719 5608 2611 
3 12087 2954 6025 
3 15453 8831 2781 
3 15710 8992 5025 
3 4923 11505 7738 
3 5110 9407 5610 
3 6919 9364 1846 
3 4425 8794 5611 
3 10205 5612 4740 
3 3877 13110 9625 
3 4317 5982 11030 
3 13954 16074 6671 
3 4823 16515 4654 
3 7138 1606 1710 
3 16413 5615 11048 
3 6974 3224 6829 
3 11361 5616 7652 
3 6409 7817 5616 
3 690 7727 689 
3 6301 687 5617 
3 12941 6104 8497 
3 7076 2565 12176 
3 10006 9791 9105 
3 16455 13386 2513 
3 5799 5620 15393 
3 14490 2851 13834 
3 2814 8569 4850 
3 13353 10159 14265 
3 13645 10945 5622 
3 2644 14630 9889 
3 6293 5623 4087 
3 5654 5450 6085 
3 15435 6936 9882 
3 6353 4644 5624 
3 16337 5625 14102 
3 9637 1911 9741 
3 2550 5626 16017 
3 14397 3761 11307 
3 9082 5627 9101 
3 7063 4640 6318 
3 13917 8656 4027 
3 13658 10098 16327 
3 16207 5629 14723 
3 7549 2413 12219 
3 15847 15294 6482 
3 12711 3983 4858 
3 1775 5631 14909 
3 3656 10509 5631 
3 9282 5632 4598 
3 4988 1901 5632 
3 6820 12137 2080 
3 12691 5551 6547 
3 9108 5634 11577 
3 11621 6878 10733 
3 4920 3155 8637 
3 7852 2672 11627 
3 3843 5636 4333 
3 3843 10995 5636 
3 10441 5637 10403 
3 8777 14275 14336 
3 4037 5638 3875 
3 4037 6238 5638 
3 14032 5639 7116 
3 8427 15992 5639 
3 9894 10597 14236 
3 4535 3677 5640 
3 8764 14731 8052 
3 15926 4697 582 
3 2062 5806 8456 
3 3136 8376 14845 
3 16412 16276 12149 
3 2820 4045 13375 
3 16525 5644 11264 
3 10345 10513 11264 
3 9009 10138 13555 
3 5645 15819 6472 
3 6328 11147 6717 
3 13961 2601 11320 
3 8717 16137 4363 
3 3638 13943 5647 
3 1630 14580 13749 
3 2347 3905 10874 
3 16175 16492 2610 
3 9661 3058 7419 
3 16551 6729 12212 
3 5484 1942 13290 
3 15018 5651 2268 
3 254 255 6225 
3 11977 6395 9183 
3 7466 14423 12324 
3 7799 6684 8006 
3 9589 6850 7343 
3 6293 8038 13635 
3 4949 3332 5654 
3 4898 14038 5505 
3 10024 2555 7472 
3 9351 5656 8881 
3 9351 7408 5656 
3 15915 8111 10436 
3 3265 5266 5657 
3 9682 5658 3800 
3 11953 15416 1804 
3 12758 5659 6085 
3 6877 6201 9133 
3 6262 10184 4536 
3 14910 1998 13986 
3 6811 7495 7045 
3 13401 3495 5661 
3 11858 5662 5665 
3 2792 13934 5662 
3 5615 5663 10107 
3 5615 7999 5663 
3 8065 5664 4174 
3 9979 15128 6195 
3 16471 5665 1715 
3 16471 6137 5665 
3 3540 15770 8858 
3 1793 4032 13021 
3 9999 14362 11248 
3 13674 7320 11116 
3 12590 9726 8195 
3 10667 3986 10676 
3 10057 13544 5669 
3 14149 2815 5044 
3 11654 5670 2332 
3 12349 9564 8287 
3 14509 5671 2649 
3 1770 2649 5671 
3 11312 5672 11517 
3 14159 5061 10561 
3 16211 6005 9509 
3 10151 4331 7185 
3 10863 5674 11673 
3 7657 2848 9514 
3 8493 14953 5925 
3 11260 1811 1858 
3 9158 10511 4304 
3 11743 2732 12194 
3 13492 5677 6346 
3 13873 7064 13490 
3 8813 5678 3768 
3 13010 4402 11086 
3 3285 15770 3540 
3 1793 5666 5679 
3 14231 5680 4762 
3 5382 10569 5680 
3 15676 9968 8658 
3 15016 1843 3711 
3 13734 5682 3139 
3 10859 4161 7580 
3 8224 7270 5683 
3 4188 2561 13213 
3 15409 13469 15521 
3 852 853 5684 
3 13888 9161 16106 
3 2728 7026 8039 
3 7018 12405 3651 
3 7305 10878 2512 
3 2103 7923 14541 
3 14541 11407 9422 
3 9630 5688 15225 
3 7079 2575 8770 
3 3155 5689 15021 
3 3155 11632 5689 
3 11611 5690 4034 
3 2678 9447 13095 
3 6495 5691 4045 
3 9983 6527 7278 
3 7882 5692 13944 
3 5265 4915 5692 
3 13004 1806 16064 
3 16064 5136 2202 
3 5569 5694 3378 
3 6552 11427 10915 
3 2729 10440 3519 
3 4452 2342 12821 
3 7360 8244 4337 
3 13294 4891 8409 
3 6808 5697 4977 
3 4921 7387 5697 
3 3366 5698 2188 
3 13340 11534 3026 
3 16304 5699 10071 
3 13724 7741 9828 
3 5010 5700 1931 
3 5010 2913 5700 
3 4769 13572 5701 
3 15294 2759 12229 
3 14799 11788 14553 
3 15999 3370 3351 
3 16352 8886 7426 
3 3107 1825 9147 
3 3734 8258 8452 
3 14953 5675 5925 
3 15457 5705 12131 
3 3205 1932 12131 
3 5273 5706 3859 
3 2014 6625 5706 
3 13136 6838 2459 
3 12025 4539 10717 
3 4057 5708 2354 
3 9370 7797 5574 
3 2378 5709 3864 
3 9927 5319 15211 
3 4870 10954 3348 
3 14646 2741 4075 
3 15298 5711 12584 
3 2130 2248 5711 
3 8003 8388 13300 
3 13977 7302 1997 
3 10422 5713 7903 
3 8996 9037 4456 
3 12697 5714 11256 
3 14830 11832 9109 
3 2027 5715 3959 
3 2027 5932 5715 
3 14968 5716 13087 
3 12092 3515 10324 
3 9578 6802 13311 
3 1625 1562 5717 
3 2670 15357 4502 
3 14057 14755 13615 
3 3201 5719 4138 
3 1602 1810 5719 
3 5542 6147 9647 
3 11341 3171 5720 
3 15562 10992 4334 
3 10077 5825 1924 
3 7043 5722 1741 
3 12890 4477 2433 
3 4374 5723 5082 
3 4374 8524 5723 
3 13970 6208 5724 
3 9842 4323 6208 
3 1645 14466 15469 
3 3712 2636 8176 
3 14000 5726 4716 
3 14470 4816 9199 
3 2299 12243 5571 
3 8132 5968 7201 
3 8040 11801 1754 
3 12614 10141 9902 
3 15869 5729 12658 
3 8904 5074 7345 
3 416 5730 14896 
3 416 417 5730 
3 6973 5731 5416 
3 10507 3525 5731 
3 10135 5732 9185 
3 5421 5335 5952 
3 12530 9204 7094 
3 7892 6622 4993 
3 5049 5734 3575 
3 3699 3099 14890 
3 7566 12836 7232 
3 2957 14299 5735 
3 2110 5736 4226 
3 14562 2657 6269 
3 11505 5737 7738 
3 11505 9949 5110 
3 2214 5738 2133 
3 15772 2493 8058 
3 7848 8054 3825 
3 4387 4341 8887 
3 14495 5740 12641 
3 1747 15997 9729 
3 12323 15615 16335 
3 7383 6611 11148 
3 15612 7429 10678 
3 7429 7730 2956 
3 12695 8651 5743 
3 8651 2458 10980 
3 9576 5744 6546 
3 6760 2824 4028 
3 6143 16251 1849 
3 6710 4362 12752 
3 16358 2864 13303 
3 1894 2804 5746 
3 1941 5747 4015 
3 11317 2349 2137 
3 10707 14027 2020 
3 14027 6836 1299 
3 4467 5749 5184 
3 4467 4104 5749 
3 13792 7032 5750 
3 9081 5351 2233 
3 5355 15864 2777 
3 16153 8349 8707 
3 7409 9152 3616 
3 11148 4157 9174 
3 9091 7312 12787 
3 12356 12787 2501 
3 4745 5754 3844 
3 10927 6117 6167 
3 10127 5755 14424 
3 10127 9006 10040 
3 6353 5756 4644 
3 3145 4644 5756 
3 12458 15794 7549 
3 13632 3414 1877 
3 3082 7310 2267 
3 1906 2144 11035 
3 11959 5759 8907 
3 11959 12961 14906 
3 1793 5760 6107 
3 13021 9218 10816 
3 1972 11144 4973 
3 14488 7060 1646 
3 3550 5762 6486 
3 15281 15839 8891 
3 5930 5763 2970 
3 15234 4942 12885 
3 15520 5764 15225 
3 16195 10182 14833 
3 11892 5765 5199 
3 8255 16235 9451 
3 3419 5766 3203 
3 10557 9236 2671 
3 9595 5767 2511 
3 12262 3702 3487 
3 12544 7916 5768 
3 8326 1924 1687 
3 13185 5769 4776 
3 15975 4776 5769 
3 9495 5770 7321 
3 2027 2717 14310 
3 9272 3859 5706 
3 4314 9154 13473 
3 6924 5772 12011 
3 5742 5604 5772 
3 6806 12710 13047 
3 9420 12209 5773 
3 1639 5774 14087 
3 1639 8692 8017 
3 2862 5775 4002 
3 8846 13631 12365 
3 11193 5776 1653 
3 1866 6821 13344 
3 15294 11183 15176 
3 4541 9598 15142 
3 7338 5778 4083 
3 12904 4952 4635 
3 14168 5779 6048 
3 11164 6190 3220 
3 12302 7783 13421 
3 12802 8112 12017 
3 4843 5781 4082 
3 8600 4706 6784 
3 9453 7714 5178 
3 3820 8927 5782 
3 11147 5783 6787 
3 3153 12363 6787 
3 14515 5784 2331 
3 2278 6631 5784 
3 15282 10746 5785 
3 12975 15927 5785 
3 9674 9425 14242 
3 3300 6360 7493 
3 12457 5787 3220 
3 7273 5779 7199 
3 11180 11177 5088 
3 3260 4715 5788 
3 2609 10322 10914 
3 11196 2499 7528 
3 2721 5790 3490 
3 11589 16129 3548 
3 12745 8044 5791 
3 8044 7187 13317 
3 14745 5792 1612 
3 14137 5517 7671 
3 12877 13071 4900 
3 15703 9877 2239 
3 1738 10981 5007 
3 14589 7623 11430 
3 5846 15319 5494 
3 9298 9592 8424 
3 7367 5796 6747 
3 14744 6814 5600 
3 3759 13352 4966 
3 6515 15977 7975 
3 13090 14347 6744 
3 16460 1184 1185 
3 14838 5799 16586 
3 6794 8232 5799 
3 15854 8865 12646 
3 15780 5090 6122 
3 7422 5801 2326 
3 9225 14913 13886 
3 5210 6655 12239 
3 16279 3661 3631 
3 7523 10140 9488 
3 9661 5649 4567 
3 6149 5804 3432 
3 12677 13594 8126 
3 2509 5850 2684 
3 7495 8675 7045 
3 5642 5806 3136 
3 2062 7683 13905 
3 5373 10411 1789 
3 8089 4629 5807 
3 16157 10652 2193 
3 8275 10007 12316 
3 4270 5809 9755 
3 4270 6066 5809 
3 3874 14041 10732 
3 4534 4501 9505 
3 3886 5811 2869 
3 10380 3571 2608 
3 11994 6172 10888 
3 15166 5984 10096 
3 3218 10901 3043 
3 9118 14033 4476 
3 10971 12510 5814 
3 16442 5154 3943 
3 6633 5815 13323 
3 6633 8919 5815 
3 5033 5816 2053 
3 16561 9605 3237 
3 14672 10568 12325 
3 14672 9876 8331 
3 8121 5908 6657 
3 9026 6320 13761 
3 13640 6849 5819 
3 13779 5089 12055 
3 11402 10541 4481 
3 15751 9970 5820 
3 15351 8897 7664 
3 9230 3613 8633 
3 2250 5822 12612 
3 2250 5381 15315 
3 11144 5823 4973 
3 5761 14345 5823 
3 12269 5824 13001 
3 2707 4284 16170 
3 6283 6401 10408 
3 4676 1924 5825 
3 5576 5826 328 
3 13349 6074 10391 
3 3937 10025 3758 
3 12326 12481 5497 
3 4597 6507 4685 
3 4223 10117 14954 
3 15686 6959 8248 
3 8519 2793 5829 
3 12633 7389 5830 
3 13378 3166 12059 
3 7535 5831 2148 
3 9270 9212 9923 
3 16475 9246 10920 
3 5087 7961 16344 
3 10670 5833 7721 
3 3220 13279 6161 
3 5633 5834 2080 
3 5633 3672 5834 
3 3676 12261 3970 
3 5409 16202 10947 
3 4303 9018 5478 
3 5348 11022 5836 
3 14638 7861 5837 
3 3269 4404 10134 
3 2236 5838 5681 
3 8867 1801 2971 
3 9086 5839 3757 
3 6123 3785 3732 
3 12659 5840 2507 
3 14897 6866 11750 
3 15441 6742 12155 
3 14981 8473 16536 
3 7709 5842 7898 
3 15313 3370 9173 
3 11576 5882 7096 
3 16065 11856 15617 
3 11623 10497 1960 
3 15954 4694 13472 
3 14603 5845 13249 
3 11770 2317 8757 
3 15319 5846 5164 
3 5494 13692 5846 
3 15871 5847 7890 
3 16315 16260 7407 
3 13687 4723 6776 
3 13444 4801 12603 
3 1861 13665 4971 
3 16184 1723 7177 
3 2684 5850 5805 
3 6856 3926 13401 
3 14204 7325 10588 
3 9724 12572 7138 
3 13584 5852 2789 
3 8475 6728 3378 
3 8073 5853 12066 
3 3664 1699 7100 
3 10423 5854 4787 
3 2793 4264 5854 
3 15749 5264 4441 
3 4441 10088 13381 
3 11908 5856 5548 
3 2375 5548 5856 
3 15220 7076 7286 
3 7285 215 5857 
3 14214 13433 5858 
3 13433 3835 11001 
3 12599 5859 3381 
3 14151 6571 16415 
3 15160 5860 5575 
3 2556 7668 16072 
3 4495 10990 9915 
3 9458 14832 8758 
3 6531 5862 3146 
3 13455 2823 5862 
3 5900 16267 9719 
3 14722 3050 2320 
3 15347 8948 5864 
3 8489 15660 2494 
3 8431 5865 5296 
3 5477 9499 7973 
3 6810 15557 2892 
3 14150 1797 11056 
3 4528 7943 15306 
3 14219 2213 7251 
3 15078 5868 2593 
3 12496 2743 7827 
3 10800 7068 11698 
3 15179 7977 14502 
3 12396 11515 10039 
3 4674 6021 9798 
3 14190 15582 13797 
3 12334 13418 5040 
3 10243 5872 10488 
3 5399 6037 8479 
3 14412 5873 15391 
3 16128 4294 12714 
3 8082 5874 2215 
3 8082 12347 16579 
3 12666 5875 7805 
3 435 436 5875 
3 6027 8548 9779 
3 8409 5418 6702 
3 4943 15749 11868 
3 11171 2731 5877 
3 6370 5878 4457 
3 13647 5528 6097 
3 5272 12945 3357 
3 13387 6280 9054 
3 1815 5880 5054 
3 12626 5320 10774 
3 8005 5881 3715 
3 12554 13809 6545 
3 7096 5882 5463 
3 13629 2024 8426 
3 7909 5883 1902 
3 6297 4090 16521 
3 2900 8863 4792 
3 8863 7085 6906 
3 1644 6902 12224 
3 13051 6083 11174 
3 14448 5886 11395 
3 9510 13237 6856 
3 13896 7487 16454 
3 13126 13896 16454 
3 14212 16399 5888 
3 2600 6033 14454 
3 11888 5889 10608 
3 4507 4386 7597 
3 14099 13106 10716 
3 12488 3582 12453 
3 2408 6950 10252 
3 9038 12400 8520 
3 12515 5892 8729 
3 14664 11293 14561 
3 6688 5893 2311 
3 16453 14895 15980 
3 15562 5894 3632 
3 7105 4974 8961 
3 1493 5895 1494 
3 3520 2718 5895 
3 8088 8793 3354 
3 13241 2324 8235 
3 10911 5897 10705 
3 9797 560 7711 
3 3941 13439 8240 
3 13439 4699 9567 
3 13739 11204 5899 
3 3981 4896 5899 
3 6563 5900 3340 
3 5098 9703 14722 
3 10860 5901 1788 
3 4151 16100 14022 
3 16093 5902 1320 
3 1322 1321 5902 
3 15828 11774 8903 
3 12370 7269 10452 
3 6060 5904 13765 
3 6060 9839 10004 
3 2868 5905 5130 
3 14473 6989 16247 
3 15572 14921 8667 
3 7779 10165 5906 
3 12358 5907 2582 
3 4586 6379 7118 
3 14428 5908 8121 
3 10237 5112 9026 
3 14008 6307 12473 
3 5909 9076 10776 
3 5931 5910 2495 
3 13605 3251 1612 
3 6757 5911 5572 
3 12320 12127 13994 
3 11644 5912 2147 
3 2147 5216 11644 
3 7450 5913 4624 
3 3166 4597 12059 
3 4182 7025 2675 
3 15762 7189 3190 
3 10849 5915 3131 
3 3228 7186 14966 
3 6711 10756 11825 
3 3209 12855 5916 
3 1115 5917 5145 
3 1117 1118 5917 
3 13548 5918 11765 
3 11734 9258 4802 
3 4824 5919 7793 
3 6205 9340 5919 
3 6381 7398 9819 
3 2843 15937 5920 
3 15126 9138 10066 
3 7097 3736 11369 
3 8398 12898 5922 
3 4542 4970 11367 
3 9168 11666 8606 
3 13198 9443 5386 
3 3269 6024 4404 
3 2055 4326 14725 
3 5929 7791 5675 
3 3997 2246 9264 
3 10846 7572 5926 
3 5524 49 5926 
3 6882 6637 2964 
3 6235 15904 11397 
3 4355 6575 9785 
3 7100 1699 5928 
3 7321 5929 5675 
3 1988 3420 5929 
3 6126 5930 2970 
3 6126 4989 5930 
3 2180 16155 2495 
3 1698 8501 9297 
3 5715 5932 4752 
3 14587 6846 8396 
3 9002 5933 7919 
3 6114 3982 6111 
3 12773 5934 7960 
3 14809 14602 3507 
3 13731 5935 12575 
3 6707 11982 5935 
3 6029 7670 2907 
3 12382 8564 13600 
3 8060 5937 14640 
3 9236 3686 2671 
3 8607 5938 10690 
3 7482 16415 6571 
3 7938 5939 16197 
3 2648 11055 14266 
3 12589 5940 2535 
3 16116 10292 16218 
3 10856 13742 9224 
3 12905 2401 7058 
3 6913 8159 3120 
3 5678 9988 5942 
3 366 6185 365 
3 14610 2478 5943 
3 5170 5944 2687 
3 5170 2309 5944 
3 5679 15770 15882 
3 1656 5300 5945 
3 5178 10256 9453 
3 10647 8457 5232 
3 12240 14798 1841 
3 16277 14420 11631 
3 10434 5948 7556 
3 2957 7232 5948 
3 3575 5949 5288 
3 3575 16472 12566 
3 15938 5950 2136 
3 9272 5706 6679 
3 13700 3578 5485 
3 1755 8486 15238 
3 6445 5952 9185 
3 4543 4363 5952 
3 2188 11467 3366 
3 13758 2871 6410 
3 15827 9838 15990 
3 4753 8069 8774 
3 5788 11177 3260 
3 15200 4371 3396 
3 13743 5956 1785 
3 2872 16596 11196 
3 7209 5957 15788 
3 3095 15976 5957 
3 7915 5958 1709 
3 6758 1747 5740 
3 5703 5959 7770 
3 5703 11678 5959 
3 11352 14712 3174 
3 14712 11016 13263 
3 813 5961 812 
3 813 814 5961 
3 12434 5962 3110 
3 12511 6754 8988 
3 4024 6391 13610 
3 2886 2450 5963 
3 7267 5964 4492 
3 8971 2497 4768 
3 6326 5965 3413 
3 8108 9196 11568 
3 12393 7976 7530 
3 6134 3030 11375 
3 16131 3042 13400 
3 8447 2944 2385 
3 3389 7024 3733 
3 16507 10694 10953 
3 4937 5969 3473 
3 5969 10629 7375 
3 5648 5970 2347 
3 5648 6755 5970 
3 8122 5971 5022 
3 1887 8420 5971 
3 12944 6997 5972 
3 12377 3019 9236 
3 11599 2308 921 
3 16142 922 923 
3 3752 6949 2121 
3 1887 5971 8122 
3 12636 11478 6985 
3 6985 15700 14714 
3 9685 5976 3648 
3 2381 10711 10177 
3 9801 5977 2033 
3 6630 8000 10832 
3 13360 9462 12998 
3 6572 3003 5978 
3 11204 11434 8703 
3 14369 5509 14057 
3 9831 14746 15995 
3 6715 12501 4978 
3 13210 5981 8339 
3 447 448 5981 
3 2680 8743 3054 
3 11030 14115 10163 
3 12178 5983 2304 
3 10896 2921 3728 
3 5391 15048 5177 
3 6055 10096 5984 
3 11046 14811 5565 
3 3475 1844 14195 
3 15820 5986 10251 
3 15820 6830 8074 
3 4631 8444 4763 
3 16401 7655 13329 
3 3808 5988 2620 
3 2369 8373 8709 
3 764 5989 763 
3 13531 15164 15334 
3 3202 5990 2157 
3 11745 2676 10908 
3 12267 5991 2231 
3 3708 3333 5991 
3 7901 5992 7915 
3 1756 5656 5992 
3 11672 16489 11616 
3 14166 4414 7056 
3 5245 5994 3347 
3 13627 2452 10413 
3 12826 10079 5995 
3 9132 10130 13407 
3 3263 5996 6806 
3 12710 5773 13047 
3 3743 5997 1615 
3 3743 3944 5997 
3 15772 14932 5998 
3 13944 5692 7651 
3 13084 11376 15657 
3 11382 3205 11334 
3 10631 6000 9172 
3 5753 5648 14580 
3 926 6001 925 
3 926 927 6001 
3 4866 11567 3930 
3 6002 3871 16162 
3 15079 16365 10769 
3 9892 8693 2566 
3 11135 6004 2379 
3 2503 6836 6004 
3 11414 9509 5673 
3 13651 14140 10151 
3 12900 6006 1914 
3 12200 8553 9966 
3 2355 10335 2042 
3 3108 5599 12185 
3 6640 10962 5043 
3 10671 7787 4010 
3 4108 6009 3298 
3 13279 8754 6161 
3 15100 6059 12269 
3 11925 3679 6010 
3 2421 9354 5423 
3 15933 14345 5761 
3 9266 8277 3236 
3 2709 13730 8920 
3 14984 7966 7050 
3 16174 4113 6545 
3 2027 6014 5770 
3 14310 1678 13430 
3 3393 6015 3368 
3 5019 11247 6015 
3 11614 12919 9205 
3 15212 4929 7062 
3 7883 6017 11988 
3 5529 4934 6017 
3 11350 13833 15194 
3 8575 6070 6018 
3 3666 3018 14005 
3 11852 6141 4544 
3 15589 6020 14646 
3 8584 2134 6020 
3 7899 6021 4674 
3 5953 3366 6021 
3 9662 6022 3143 
3 3837 2334 10795 
3 12725 6412 13633 
3 15345 15518 7568 
3 4404 6024 5924 
3 12353 3336 9691 
3 5608 9987 12087 
3 13004 2974 6962 
3 13934 6822 2120 
3 7092 9921 3958 
3 5739 6944 13556 
3 10548 4950 8548 
3 16259 6795 9993 
3 13798 168 169 
3 4736 6029 2907 
3 3677 3600 6029 
3 12641 7298 11544 
3 5368 14885 14051 
3 10920 6031 2546 
3 10920 9246 16323 
3 3200 6032 4879 
3 3200 2010 6032 
3 13082 8532 4872 
3 2961 7401 6033 
3 12321 9689 2569 
3 6704 2893 6536 
3 7951 15900 6035 
3 2988 10102 11254 
3 13066 6036 6379 
3 8965 3447 2434 
3 13258 6037 5399 
3 6451 3280 10354 
3 14659 6038 12676 
3 15882 10232 14869 
3 6624 6039 6239 
3 16538 5260 7973 
3 3662 6040 3233 
3 8234 3569 9373 
3 16537 6041 7542 
3 13593 6380 2716 
3 11685 12803 11108 
3 15522 8269 4309 
3 9368 6043 3453 
3 13257 7499 11278 
3 9404 11821 16171 
3 9614 16295 6044 
3 3726 6045 2654 
3 3888 1985 6045 
3 7595 9683 2341 
3 5725 15469 8176 
3 3927 8822 1855 
3 10372 12624 16074 
3 12455 8328 11411 
3 2039 9865 6048 
3 9551 14282 7512 
3 4498 2638 13153 
3 14468 6050 7304 
3 12647 4278 9325 
3 15834 10195 11778 
3 4519 8989 9475 
3 4003 14550 3675 
3 5361 9443 6052 
3 9443 6053 9807 
3 12363 3153 9223 
3 9136 6054 8252 
3 11592 3833 8257 
3 8301 6055 5984 
3 3830 9744 12642 
3 3376 6056 13519 
3 9409 1943 6211 
3 6458 6057 13587 
3 10073 6139 5001 
3 6058 15860 14186 
3 14186 5563 6058 
3 12269 6059 11925 
3 15436 4826 5362 
3 12107 6434 11156 
3 14829 8786 8805 
3 3408 7494 11185 
3 10107 5663 6541 
3 14540 6325 6231 
3 16222 3987 2704 
3 4388 6063 5013 
3 4388 2293 9029 
3 11933 6064 5124 
3 5967 2385 6064 
3 14887 6065 10826 
3 13282 8050 10778 
3 12039 14994 2985 
3 2335 3647 6066 
3 7966 16177 3802 
3 16597 3464 7069 
3 1927 6068 2733 
3 3056 1972 6068 
3 2849 14931 4868 
3 9137 4007 13953 
3 1768 9530 5027 
3 10566 9530 12635 
3 8009 9749 2386 
3 14329 1949 10257 
3 9190 6264 6072 
3 8375 11332 13267 
3 9316 6073 10539 
3 12927 2629 5383 
3 12929 13991 10391 
3 13991 325 326 
3 15051 7479 15605 
3 15199 2361 1826 
3 8773 6076 9150 
3 6606 4413 4709 
3 7841 6077 4952 
3 3741 6295 14308 
3 12011 6078 2449 
3 12011 5604 6078 
3 12918 6250 3832 
3 9310 2504 9221 
3 13072 13626 5150 
3 12906 2791 11197 
3 9441 6081 4187 
3 15581 13092 6681 
3 4119 6255 9820 
3 6255 16326 11115 
3 14818 4917 4329 
3 14818 4329 6083 
3 7466 6084 8134 
3 9442 726 727 
3 5623 6085 2883 
3 5623 13635 6085 
3 10880 13849 5199 
3 4460 3141 6086 
3 9774 8534 12778 
3 8340 2658 7349 
3 14698 13309 6088 
3 504 505 6088 
3 4573 6137 11962 
3 13913 2986 14918 
3 7788 6090 12108 
3 868 869 6090 
3 15942 12119 14172 
3 12119 4357 9403 
3 8577 6993 11080 
3 13039 4463 8985 
3 7809 12064 4582 
3 7236 10402 6093 
3 4521 13776 2736 
3 12782 15527 8360 
3 6376 9589 5653 
3 9333 15010 5460 
3 11559 14447 6370 
3 5206 13647 6096 
3 4413 14902 5528 
3 14576 6075 15605 
3 12989 6098 10985 
3 14489 4372 10248 
3 2914 7170 4662 
3 10090 4746 4823 
3 149 6100 148 
3 14443 145 146 
3 12611 11968 6101 
3 2057 4016 6101 
3 2352 9096 2353 
3 5326 10733 6102 
3 7045 9065 4165 
3 4111 2998 6103 
3 15978 6104 9996 
3 210 211 8497 
3 6105 15085 9044 
3 3638 6120 9044 
3 6585 6106 8549 
3 5372 6015 6106 
3 1793 6107 5666 
3 11102 3893 9329 
3 13417 6108 10169 
3 7456 3460 4143 
3 5505 6109 2305 
3 15998 5655 8291 
3 14184 10703 7028 
3 7583 2637 7135 
3 10740 6114 7357 
3 6114 13827 3982 
3 11215 6112 3706 
3 2521 5453 6112 
3 3341 6113 4195 
3 3341 4239 6113 
3 15923 6114 10740 
3 16474 9002 1603 
3 3536 15140 12309 
3 15924 9796 5146 
3 15976 10469 4546 
3 10469 16419 7821 
3 7546 6117 10927 
3 6471 5821 6131 
3 8696 6118 1962 
3 3485 3059 6118 
3 7677 6119 1265 
3 1268 1267 6119 
3 5564 9044 4486 
3 15085 6105 14724 
3 2136 6121 3023 
3 11909 3859 9272 
3 6418 6122 5090 
3 13444 5800 12790 
3 15774 6123 5839 
3 11428 14505 3785 
3 6507 15414 4685 
3 15414 5908 14428 
3 10961 11071 11922 
3 12478 14119 7569 
3 7561 12251 2970 
3 2858 4989 6126 
3 9595 6127 5767 
3 1713 13239 11865 
3 10805 12978 4609 
3 3255 7192 6128 
3 4783 6129 4641 
3 6817 6110 9178 
3 1620 6441 3331 
3 6135 4692 3934 
3 13910 15351 13089 
3 12258 2468 6167 
3 12932 6132 4702 
3 15570 2599 14325 
3 6932 9245 5144 
3 16401 8444 3841 
3 6367 6134 11375 
3 13373 10532 13073 
3 13791 14221 6130 
3 12551 5236 15027 
3 9063 6136 1996 
3 9353 2901 12856 
3 5665 6137 4573 
3 6137 13913 11962 
3 7635 8439 11232 
3 10222 15965 5175 
3 6264 6139 6072 
3 7589 4606 6414 
3 2912 6837 4295 
3 2093 3017 6140 
3 6088 6141 5573 
3 507 508 15095 
3 7761 7468 6142 
3 7468 6762 6142 
3 4373 14518 1849 
3 16251 4362 6710 
3 7473 6144 2507 
3 7756 7182 3380 
3 14853 6145 13151 
3 3230 15563 16479 
3 3259 6146 4263 
3 6146 14651 14440 
3 4622 11341 14352 
3 5542 3011 7592 
3 13847 6148 3994 
3 8159 15607 3120 
3 10509 6149 14909 
3 2360 10202 6149 
3 7029 6150 1736 
3 2545 2720 6150 
3 10041 6151 3810 
3 7644 11348 8130 
3 11310 6152 11725 
3 2611 8050 13282 
3 9765 14652 9292 
3 3253 16136 6153 
3 5256 6154 4862 
3 3550 5444 6154 
3 14437 6155 15831 
3 16030 2032 9439 
3 5317 6156 7968 
3 4709 2240 6156 
3 5341 6157 13979 
3 2146 6468 6157 
3 9018 8253 2299 
3 15370 3411 3389 
3 5532 6159 6680 
3 5532 7039 6159 
3 7882 6160 5692 
3 8617 3193 8280 
3 6190 13506 3220 
3 8754 3879 6161 
3 474 475 9309 
3 11738 9191 5222 
3 6545 13536 6529 
3 15227 1782 2581 
3 14186 6164 1895 
3 15860 2704 6164 
3 7143 5394 10574 
3 6794 5799 6165 
3 5214 9778 5073 
3 9778 15666 7891 
3 10927 6167 10606 
3 6117 12258 6167 
3 3012 6168 246 
3 3012 12237 6168 
3 10405 6169 4422 
3 3090 4517 6169 
3 11956 7586 10031 
3 7344 9038 7293 
3 8888 16113 9998 
3 11826 1683 8063 
3 3565 6172 5393 
3 6172 13670 7112 
3 2321 6173 14733 
3 2321 4818 6173 
3 15227 6174 1782 
3 6067 7619 16597 
3 10387 6175 9874 
3 8067 2615 7843 
3 6397 6176 1635 
3 8099 3604 2460 
3 14729 11365 6178 
3 5709 2949 9927 
3 14729 9336 3864 
3 6177 6311 7962 
3 9591 9690 2607 
3 7671 5517 16552 
3 1041 10278 1040 
3 13753 8811 7453 
3 10633 15337 14456 
3 15225 5688 6791 
3 8083 6439 7990 
3 11797 9934 8028 
3 14373 14445 3867 
3 14661 10400 4125 
3 14991 4587 6215 
3 6501 12109 15358 
3 364 6185 5943 
3 367 368 14113 
3 15569 6186 10683 
3 14849 6889 4840 
3 13697 14269 10050 
3 13739 5899 4896 
3 9117 10334 15343 
3 4997 10158 6188 
3 3039 15834 4522 
3 9077 2436 4406 
3 15591 13279 4108 
3 3220 5787 11164 
3 9042 8546 10463 
3 13897 1992 15082 
3 5452 11929 3091 
3 4025 3637 6192 
3 2082 15635 15025 
3 16595 14273 5235 
3 14477 13507 6194 
3 7669 9349 13057 
3 5664 6195 8773 
3 5664 9979 6195 
3 7784 6196 1983 
3 14826 10723 14137 
3 8867 6336 1801 
3 6336 11998 15197 
3 10050 6198 6187 
3 14269 15290 15810 
3 4790 6199 7308 
3 10958 3278 9392 
3 5850 6200 5805 
3 3926 10299 13401 
3 6561 3455 14185 
3 14185 8537 6201 
3 10078 6202 3821 
3 9533 3627 6202 
3 3938 6203 3568 
3 15565 2030 15891 
3 5612 6204 4740 
3 8562 3797 12548 
3 4346 6205 5919 
3 16508 4730 9478 
3 9395 16172 12482 
3 3687 2602 6206 
3 2110 6207 4198 
3 11466 12982 2657 
3 1851 14906 4323 
3 9896 2729 12529 
3 11356 14303 2282 
3 6593 8721 6209 
3 6268 9711 11484 
3 9824 3725 16403 
3 4781 13119 3924 
3 15036 3409 6298 
3 3886 11578 2560 
3 14494 5023 4869 
3 11702 6213 3176 
3 15516 443 6213 
3 3242 6214 14008 
3 6214 8506 6307 
3 10003 7008 4538 
3 4906 4663 14991 
3 16450 16567 7871 
3 5363 11912 16273 
3 7746 14588 13736 
3 3560 4600 15215 
3 1826 6218 3479 
3 4215 11500 6218 
3 2454 7283 7853 
3 8915 3410 6219 
3 5529 8916 4934 
3 14009 14139 6220 
3 8545 10275 1712 
3 10117 4223 8044 
3 14450 6222 9713 
3 139 140 6222 
3 14906 12961 6223 
3 4933 2190 10632 
3 15582 14148 6224 
3 12566 3383 5949 
3 5651 6225 4398 
3 5651 15018 6225 
3 12433 13744 7450 
3 8760 9857 4673 
3 9490 6227 7945 
3 13091 3711 4031 
3 9521 6228 6696 
3 13147 14184 6817 
3 15822 6615 8165 
3 1574 1573 12907 
3 3695 6230 4281 
3 12604 7718 2655 
3 14686 6231 14066 
3 14316 1977 8937 
3 12414 11600 8195 
3 11766 6344 7179 
3 8919 6633 6233 
3 15433 11202 11253 
3 6429 6234 4455 
3 8577 2584 4084 
3 6637 6235 5927 
3 15904 10101 3562 
3 16082 6236 4587 
3 10003 4587 6236 
3 15711 6237 8776 
3 8581 5490 6252 
3 8683 6238 10098 
3 3071 5518 13969 
3 7973 7958 6039 
3 13929 4000 6798 
3 5274 10378 2735 
3 6240 9201 14227 
3 7481 11506 14593 
3 15105 11838 698 
3 2397 11521 13121 
3 10529 3605 16102 
3 2461 14724 7524 
3 2530 13811 6243 
3 14877 6244 2706 
3 5497 2616 6244 
3 10818 7491 8061 
3 11064 4159 8405 
3 5147 6246 3337 
3 5147 8450 6246 
3 6000 6247 5753 
3 9850 5594 5091 
3 12080 10097 12427 
3 7682 13976 6248 
3 10707 2020 5589 
3 12594 12636 6985 
3 3832 6250 6079 
3 13532 5120 12922 
3 11348 6251 3105 
3 9698 4473 2286 
3 635 6252 4756 
3 14750 11103 6237 
3 4558 6253 3000 
3 7764 8128 6337 
3 16458 13138 13201 
3 15962 12160 4086 
3 14097 6255 11115 
3 4119 10677 14696 
3 1907 6256 1820 
3 6256 15735 13380 
3 1349 6581 1350 
3 8079 5410 4055 
3 13397 11601 6258 
3 12248 1722 10085 
3 11069 13861 9767 
3 9767 12881 9383 
3 6814 14152 5600 
3 2324 9745 6260 
3 2281 13237 2963 
3 11932 7085 16463 
3 7528 10184 8350 
3 16374 6332 4211 
3 5946 6263 2693 
3 7710 5283 6629 
3 6139 6264 2313 
3 9190 6057 6458 
3 6485 13657 5698 
3 3512 8067 10793 
3 14560 11401 13780 
3 11388 2659 16101 
3 8925 6267 2275 
3 16052 8264 7788 
3 12431 6268 5544 
3 14301 15273 5801 
3 16172 6269 13042 
3 13042 12982 8490 
3 7251 9230 13678 
3 8633 3281 6584 
3 2973 6271 3318 
3 2973 11489 15107 
3 10072 6272 3455 
3 8659 6964 6272 
3 7278 6273 3629 
3 15522 4946 6042 
3 15413 6274 9194 
3 3184 2387 6927 
3 8245 12798 4000 
3 13213 3908 3863 
3 7632 6276 9600 
3 8960 5441 6276 
3 943 15047 2012 
3 5325 2388 8499 
3 3427 6278 4888 
3 10885 3464 7619 
3 678 6279 677 
3 15181 9511 3406 
3 6685 13387 4053 
3 13387 3014 6280 
3 6330 6281 3906 
3 4755 4548 6281 
3 15491 6282 2147 
3 12112 3146 5862 
3 5721 6401 4334 
3 10408 4676 5825 
3 8555 8608 10467 
3 7249 4070 14875 
3 1049 6285 1048 
3 1049 1050 8329 
3 4894 8086 3937 
3 7969 2528 15846 
3 16310 6287 11206 
3 3381 4123 6287 
3 15036 6298 12608 
3 3774 3678 10996 
3 6309 6289 5590 
3 13333 14808 2512 
3 1585 6290 1586 
3 3900 9794 6290 
3 710 13762 709 
3 12057 4114 9905 
3 2035 6292 3471 
3 1925 7475 6292 
3 10312 6293 4087 
3 8038 9413 13635 
3 15438 6294 4135 
3 3036 7762 6294 
3 11787 3741 14308 
3 3741 7393 10111 
3 5765 6296 5199 
3 5765 8986 11485 
3 11975 9523 7434 
3 4090 3274 16521 
3 8923 7975 3999 
3 15036 9506 9883 
3 1936 6299 14783 
3 1936 10194 6299 
3 1878 1088 15270 
3 4525 5228 11536 
3 689 7727 5617 
3 6301 10873 9718 
3 12388 6332 6302 
3 6332 8574 6302 
3 4730 6303 9478 
3 4730 1737 6303 
3 9588 6304 4733 
3 11351 5513 5553 
3 3221 7333 11668 
3 16426 3510 15755 
3 14716 10907 12504 
3 4958 7210 6306 
3 11799 8353 11237 
3 8506 11026 6307 
3 2667 10110 9062 
3 7907 3105 4838 
3 5664 6309 4174 
3 5664 3618 6309 
3 5702 7449 7563 
3 3964 4549 6310 
3 15146 6311 6177 
3 9927 15211 6311 
3 14434 6312 10357 
3 4874 86 9356 
3 13386 6313 5498 
3 5378 5498 6313 
3 6015 6314 3368 
3 6015 5372 6314 
3 2640 6315 5481 
3 12530 5733 11404 
3 13569 6316 3227 
3 9239 12266 1733 
3 9621 6573 13002 
3 11718 12750 2919 
3 11484 6318 9622 
3 7063 5070 4640 
3 16433 6319 15440 
3 2758 3849 6319 
3 10599 13761 10001 
3 4394 2738 13189 
3 4015 6321 8229 
3 5747 5217 11317 
3 13592 6322 14045 
3 5312 3207 6322 
3 1742 4125 13689 
3 15897 14643 11040 
3 6899 6324 3045 
3 14171 3545 3546 
3 3339 6325 16115 
3 3339 2737 6325 
3 1804 15416 3413 
3 11574 4837 2356 
3 11559 6327 7744 
3 12070 12588 14734 
3 11024 8897 6328 
3 2184 3153 11147 
3 7571 1414 7488 
3 6912 13215 14458 
3 9290 6330 2548 
3 11777 15887 9181 
3 10362 6331 2200 
3 10467 7214 1896 
3 12388 10712 6332 
3 13048 16374 11520 
3 15730 6333 4926 
3 7319 10650 6333 
3 3358 8076 4406 
3 14626 1436 1435 
3 851 15521 850 
3 15521 13469 13996 
3 1801 6336 6197 
3 2236 5681 11926 
3 10987 6337 4785 
3 3790 4802 12485 
3 13449 6338 3978 
3 2700 2461 7887 
3 14004 6339 4177 
3 4988 5632 6339 
3 9146 6340 1679 
3 9087 6340 15082 
3 6355 7771 11022 
3 6358 4386 8162 
3 15787 7393 16425 
3 3173 13289 6342 
3 8023 13755 5132 
3 4765 7605 9759 
3 10523 9759 8153 
3 8987 7179 6344 
3 8003 13300 8812 
3 11441 5507 10124 
3 14987 15439 6346 
3 9656 1745 6346 
3 7345 6347 12007 
3 5729 16335 6569 
3 3463 8543 13247 
3 13247 5132 4378 
3 3521 6349 2943 
3 3521 2015 6349 
3 3499 14830 5714 
3 4098 13645 7697 
3 12275 6351 6672 
3 2809 15255 6672 
3 15364 2458 6352 
3 2458 5216 6352 
3 9882 6353 5624 
3 12078 16145 2664 
3 11384 7606 15529 
3 1928 10815 15529 
3 14449 6355 11022 
3 12188 7630 7794 
3 13562 6832 6970 
3 12012 1901 3390 
3 13409 6357 7628 
3 7848 3825 12333 
3 7771 6358 6341 
3 8395 5350 14174 
3 11656 7270 9322 
3 9389 2583 2273 
3 7493 6360 3954 
3 3300 3810 6360 
3 12165 9536 8078 
3 15305 7757 5467 
3 12405 6362 5686 
3 11988 3935 7883 
3 13294 12340 12137 
3 16025 11633 9721 
3 12764 8525 6589 
3 5973 8941 6364 
3 13525 10039 16094 
3 12346 5435 8532 
3 9458 7490 2574 
3 6366 14975 16095 
3 11297 9330 12393 
3 13373 12678 6134 
3 14879 7281 14001 
3 14001 6798 7944 
3 4395 6369 2856 
3 13213 5683 4188 
3 15446 6370 2010 
3 6096 5878 6370 
3 9736 6371 9428 
3 15055 14388 11011 
3 3856 6372 2648 
3 2131 1769 6372 
3 13262 10020 6373 
3 2391 5097 6373 
3 5696 9650 12592 
3 4891 15598 8095 
3 15464 8737 6375 
3 10784 6375 11047 
3 1707 6376 5653 
3 6850 13254 10178 
3 14568 16578 3147 
3 5034 3147 6377 
3 11717 12065 15836 
3 13736 7577 1847 
3 2092 6379 4586 
3 2092 13066 6379 
3 9293 7019 6380 
3 7019 15779 6380 
3 9050 7398 8098 
3 8098 4927 8027 
3 1657 6382 5794 
3 3998 4666 6874 
3 7308 1645 13835 
3 5725 6046 6383 
3 14399 6384 2603 
3 4652 3397 6384 
3 15142 6482 5777 
3 13846 9598 4017 
3 15248 1676 13178 
3 3167 4877 6386 
3 7412 6387 11589 
3 13887 2464 7143 
3 7331 9232 3264 
3 11937 3957 11799 
3 11262 6389 4173 
3 4065 12371 15385 
3 11455 8613 6390 
3 15987 3005 8085 
3 5271 10342 4024 
3 16019 3608 8849 
3 15795 12545 4238 
3 14726 3015 7766 
3 14884 6393 12456 
3 1333 1332 6393 
3 14819 6394 8380 
3 9790 14520 8380 
3 13582 6395 12167 
3 6526 11937 11799 
3 14536 6396 2516 
3 14536 11547 6396 
3 15489 14790 8377 
3 1635 5262 6397 
3 9691 6772 6398 
3 13188 12875 7689 
3 15367 8338 15330 
3 2345 2163 12338 
3 2866 6400 14698 
3 2866 499 13309 
3 4334 6401 6283 
3 5721 10992 13846 
3 13743 15401 5956 
3 1702 7002 6570 
3 5156 6403 3797 
3 11819 5004 2141 
3 12096 6404 7090 
3 5979 3529 12005 
3 16192 14650 6405 
3 3363 2221 6405 
3 8320 11784 13139 
3 14129 15679 8939 
3 4365 12717 3244 
3 12717 8643 11425 
3 10405 7433 13500 
3 13500 3090 6756 
3 11422 11212 16035 
3 8266 1976 1243 
3 5503 13641 2871 
3 13641 12249 2390 
3 5627 9082 11494 
3 2358 13334 6411 
3 15344 13633 6412 
3 14768 10363 2414 
3 10308 6413 10750 
3 2432 3343 10750 
3 6491 13267 7576 
3 3721 3606 7576 
3 8367 7394 6415 
3 13193 11774 15828 
3 2675 6416 16420 
3 2015 3521 10070 
3 4238 6417 3015 
3 2766 3289 7361 
3 8018 6418 5090 
3 2530 6243 7524 
3 15621 16490 15708 
3 10329 8094 15974 
3 3942 6420 6282 
3 9991 3840 6420 
3 5889 11888 11927 
3 12623 3436 13869 
3 11378 6422 7661 
3 10591 5655 10024 
3 12315 7090 8536 
3 2670 3397 8536 
3 4584 6424 4414 
3 4584 7065 6424 
3 9490 9700 6584 
3 4907 10382 13120 
3 15557 6426 5866 
3 5266 3544 6426 
3 11568 15850 7722 
3 9947 4024 6427 
3 10879 8304 3629 
3 2232 1875 6428 
3 12056 13763 2634 
3 12286 1765 6429 
3 6812 6430 2625 
3 10333 2081 6430 
3 6147 7592 2672 
3 16311 10742 8833 
3 7890 6432 7348 
3 6437 2796 16436 
3 4207 6433 2938 
3 3128 12584 6433 
3 4821 15231 9417 
3 12107 9849 14571 
3 5248 6873 9615 
3 11270 9836 13130 
3 7156 12111 14961 
3 3698 4668 11547 
3 7890 16260 16315 
3 16260 4839 9122 
3 5245 9078 5994 
3 8434 4261 7822 
3 11842 12609 10767 
3 12141 3277 3749 
3 7430 6440 6793 
3 4841 2065 6440 
3 14999 3662 13946 
3 7552 3724 7704 
3 730 6442 1720 
3 9919 732 5521 
3 5237 11405 2528 
3 11426 15970 3044 
3 1486 6444 14794 
3 1483 1482 6444 
3 10135 6445 5732 
3 5421 5952 6445 
3 12386 10330 6446 
3 11736 9525 14328 
3 7703 6969 6447 
3 16380 5824 6010 
3 14006 9234 6448 
3 9234 2357 13098 
3 5433 6449 4444 
3 10162 6771 7690 
3 7793 6450 2832 
3 5919 2090 6450 
3 15939 6451 10354 
3 13538 8034 9707 
3 7657 10326 12235 
3 15639 14723 4401 
3 5906 8588 14675 
3 15929 4604 2761 
3 14458 6454 6329 
3 13680 7953 3337 
3 4268 6455 3295 
3 8729 5892 12246 
3 7514 6456 3236 
3 12084 2168 8883 
3 6425 9700 4907 
3 6227 2005 6457 
3 7609 6458 4256 
3 10693 3059 3485 
3 7542 11620 14220 
3 16010 11375 3030 
3 16543 10842 5597 
3 5597 5536 13547 
3 14089 7690 10941 
3 7690 5215 14696 
3 591 6462 590 
3 591 592 6462 
3 15492 6463 5495 
3 9124 5134 10847 
3 7341 6464 15861 
3 7341 4594 6464 
3 11308 6465 3200 
3 6465 14531 6565 
3 12117 6466 6375 
3 6189 11778 6466 
3 3786 8310 10927 
3 10606 2468 8782 
3 4202 12539 2146 
3 7222 1716 2086 
3 13988 6469 6609 
3 14721 16253 12003 
3 13467 6470 1705 
3 11374 7656 7906 
3 13089 13678 6131 
3 13788 4903 7864 
3 15259 6472 15819 
3 15819 3188 14139 
3 8914 6473 2387 
3 7498 9130 6473 
3 12471 6474 12929 
3 323 324 6474 
3 1947 8495 15807 
3 4139 14850 9625 
3 6999 10751 14273 
3 10751 12845 6476 
3 12822 6932 5144 
3 8389 6701 10226 
3 6761 6478 1885 
3 14333 10709 8513 
3 7368 6479 2833 
3 3240 7408 9351 
3 4487 11385 9306 
3 9369 9248 3899 
3 7541 6481 5333 
3 15996 12247 10022 
3 3446 13125 15847 
3 15142 9598 6385 
3 12919 6483 6016 
3 14318 8728 6483 
3 6103 6484 4165 
3 4972 4554 12616 
3 3366 14614 5698 
3 5953 6410 6485 
3 8891 6486 5762 
3 14896 5730 5444 
3 11492 6487 11769 
3 10321 5249 2576 
3 3422 6488 4348 
3 11885 8635 12521 
3 1989 9528 5117 
3 13246 7100 16167 
3 10028 6490 4912 
3 5368 10976 14885 
3 13267 11332 7589 
3 7576 3606 6491 
3 3578 6492 5485 
3 10244 10114 5396 
3 14921 15572 14963 
3 6553 15611 6493 
3 11685 6494 4760 
3 11209 4335 9776 
3 9529 6495 4045 
3 13833 2711 15194 
3 11832 6496 9109 
3 2092 4586 6496 
3 5547 9277 2606 
3 6497 14613 9469 
3 1619 6498 7686 
3 1619 10545 6498 
3 7289 6499 5386 
3 7864 4903 9735 
3 9847 6500 4726 
3 8472 16452 5034 
3 2475 6501 6184 
3 8247 6970 6356 
3 2763 6502 12615 
3 6800 1868 1684 
3 9699 6503 2614 
3 8419 7879 13277 
3 13729 6504 10796 
3 13504 6719 8674 
3 7917 6505 7399 
3 11126 1742 10171 
3 13964 8004 2582 
3 15454 5622 10945 
3 3166 10624 15000 
3 7187 4223 5828 
3 3988 7109 8222 
3 13666 8154 6508 
3 3099 10617 11257 
3 5495 7939 6509 
3 8890 8346 6510 
3 8346 8890 7527 
3 7470 9087 15082 
3 15396 3451 6511 
3 15564 6512 2184 
3 2184 11205 12366 
3 3135 8634 1607 
3 6941 4549 6513 
3 10868 9340 4829 
3 9478 6303 4818 
3 11220 6515 3376 
3 9782 6840 1778 
3 6648 10316 14370 
3 10316 16355 6516 
3 7440 6517 15106 
3 5078 1341 6517 
3 10670 7737 8913 
3 10810 9752 7110 
3 16143 6519 7456 
3 3901 8118 9059 
3 10736 8578 1790 
3 10620 6639 6520 
3 8133 6521 1643 
3 14103 2856 14701 
3 12922 6522 9138 
3 7962 6178 6177 
3 14198 6523 12572 
3 9210 3574 8902 
3 9090 9898 7158 
3 14223 8956 6941 
3 4961 6525 14741 
3 13350 7203 13419 
3 11331 4750 3264 
3 15706 8559 13040 
3 2232 7751 1875 
3 7340 6018 2050 
3 14983 6528 3710 
3 12630 1801 6197 
3 13536 10803 7400 
3 7400 4141 14984 
3 7266 6530 3739 
3 10673 4333 2285 
3 13683 6531 3146 
3 10933 14624 13146 
3 7712 6532 14058 
3 10149 2850 14636 
3 5023 6533 1920 
3 2608 11820 6533 
3 1941 13337 12279 
3 9056 5999 11382 
3 4650 7658 4683 
3 13654 5229 12836 
3 10010 6536 4994 
3 6536 10490 9131 
3 6523 6537 1606 
3 6523 3547 6537 
3 11965 6538 13184 
3 11175 5140 8376 
3 11353 12492 11403 
3 11195 4271 4208 
3 6488 10015 4348 
3 12521 12466 10035 
3 8665 12786 3224 
3 16354 13332 6541 
3 13857 16580 12490 
3 6760 4028 13852 
3 15537 6543 10947 
3 15120 5166 11896 
3 9198 6544 2393 
3 2866 4067 6544 
3 5115 11930 14582 
3 16174 7050 15550 
3 12701 6546 1807 
3 5744 4078 7833 
3 9516 6547 8710 
3 14514 7367 12253 
3 2905 10410 10619 
3 14436 13576 2164 
3 3896 6882 2777 
3 2777 6882 6549 
3 16035 6550 6409 
3 3387 1976 6550 
3 2317 6551 2540 
3 6551 13184 13609 
3 10662 6552 6865 
3 5694 4513 11427 
3 15842 7082 1814 
3 13605 16576 7896 
3 10757 6554 3539 
3 10954 9255 6554 
3 4826 7173 12404 
3 4691 15079 2916 
3 8194 6344 13052 
3 13030 1832 1681 
3 13360 6557 5271 
3 3952 10342 6557 
3 7180 12101 9603 
3 15767 4163 16559 
3 16230 6559 11329 
3 14529 1893 15184 
3 3555 6560 1617 
3 13450 14631 8110 
3 10072 14873 12758 
3 14185 6201 6877 
3 2357 14006 8274 
3 11417 5931 9297 
3 16134 8428 6563 
3 6563 15668 8435 
3 2953 6564 4562 
3 6915 10298 8115 
3 6465 6565 2010 
3 13607 14531 7695 
3 15210 6566 4078 
3 5018 5579 6760 
3 13587 10073 10471 
3 5001 7095 6567 
3 13999 6568 15149 
3 7051 11886 5294 
3 5729 6569 12007 
3 15765 2089 15936 
3 13625 12724 13308 
3 11325 11590 8458 
3 11239 14486 9556 
3 15654 5135 9254 
3 5282 9281 2164 
3 9665 3484 3003 
3 11548 16551 9621 
3 7379 2227 6656 
3 2138 6574 3950 
3 13816 11284 9852 
3 10254 6575 9023 
3 14237 7569 14119 
3 4410 6576 10139 
3 4410 2505 6576 
3 9024 9188 12679 
3 2539 12126 14976 
3 8033 6578 1600 
3 15721 5780 14136 
3 10080 13406 6097 
3 5206 4709 6579 
3 16105 8595 4589 
3 8364 7694 11743 
3 6695 6581 6975 
3 6695 13354 6581 
3 8354 6582 5390 
3 16042 3261 6582 
3 7126 6583 13523 
3 14399 4652 6384 
3 9490 6584 3281 
3 6425 8633 6584 
3 10944 14465 4782 
3 14465 7161 6585 
3 5814 11371 6586 
3 11671 5685 7197 
3 1652 4093 8558 
3 7181 1994 15134 
3 10063 6588 9560 
3 10063 11723 16224 
3 7646 11015 6364 
3 9366 10529 6682 
3 7467 6590 4741 
3 12219 8962 12312 
3 12986 6591 1909 
3 16036 11697 8984 
3 8077 6592 3215 
3 7754 12639 7662 
3 15559 7656 9669 
3 16367 14303 11356 
3 12532 6594 1963 
3 4578 12938 6594 
3 5213 10262 2320 
3 5002 7384 6595 
3 1779 15195 2072 
3 6926 5289 6596 
3 8522 4350 13503 
3 11393 5810 8797 
3 13567 9626 6920 
3 3417 9262 11941 
3 13031 6599 12394 
3 11945 13599 6599 
3 3225 7515 3379 
3 9610 2296 9581 
3 3789 9293 6380 
3 9330 4219 8062 
3 12732 6602 10698 
3 6182 2563 8460 
3 15776 8210 16379 
3 15776 3202 14535 
3 9125 6604 5504 
3 9125 3230 6604 
3 8803 6605 1731 
3 10519 8197 8796 
3 5317 6606 6156 
3 10305 3262 9020 
3 6831 9544 2822 
3 5550 14972 7681 
3 8579 6608 4236 
3 4689 4142 6608 
3 12631 13988 9578 
3 6469 1910 14721 
3 16240 8344 9127 
3 12250 2615 6410 
3 11731 6611 6660 
3 13343 3517 6694 
3 2859 8649 4583 
3 1685 3642 6612 
3 13652 6613 13583 
3 8928 2961 4872 
3 8820 3425 5366 
3 14642 12673 6614 
3 12907 8165 1574 
3 14409 15967 13732 
3 9806 6616 13414 
3 12797 3663 10804 
3 5805 6811 2684 
3 4165 6484 12196 
3 5064 7066 8149 
3 7066 8875 16305 
3 11912 10235 6619 
3 10235 5096 6619 
3 5298 7828 15125 
3 15984 5880 11094 
3 7518 14427 1865 
3 12260 10239 5342 
3 4993 6622 7078 
3 4993 5733 7892 
3 3438 13377 4311 
3 13377 2486 6623 
3 4772 14879 6368 
3 9118 10255 14033 
3 12821 6625 5695 
3 2301 5706 6625 
3 4342 6626 2145 
3 11637 9616 6626 
3 15284 6627 9071 
3 14453 3717 9899 
3 10481 6628 7984 
3 14038 14710 8026 
3 11058 7710 6629 
3 5283 2691 6629 
3 3393 8000 9061 
3 10832 3368 8551 
3 5784 6631 2343 
3 1601 11845 6631 
3 8746 6677 6632 
3 3834 3138 9497 
3 10475 11202 5056 
3 6233 13182 8919 
3 7896 6634 2865 
3 4599 9591 12023 
3 492 6635 491 
3 492 493 6635 
3 11355 6636 15745 
3 14274 3723 13055 
3 3896 14773 6882 
3 5031 4117 6637 
3 6201 6638 3679 
3 16005 6964 10251 
3 12718 8262 4822 
3 7391 15545 6639 
3 15479 6640 5364 
3 4704 4594 10962 
3 16193 3841 12607 
3 10889 5994 11907 
3 14311 12934 8415 
3 8953 7982 4909 
3 9547 12086 13930 
3 2881 14563 6643 
3 2683 6821 3416 
3 6821 7979 6644 
3 11682 6645 6768 
3 12617 4445 9460 
3 12591 10592 3048 
3 10592 3644 6646 
3 8996 10422 2854 
3 13238 7604 1852 
3 4637 7736 4596 
3 10316 6516 14370 
3 13220 6649 4899 
3 13927 15188 6792 
3 6240 6650 5292 
3 9201 6091 8324 
3 6582 6651 5197 
3 12096 8876 6404 
3 3461 6652 15229 
3 13264 8374 10892 
3 15330 8623 15103 
3 8623 10071 11073 
3 15654 10439 2928 
3 11410 3167 15651 
3 16204 6655 5210 
3 12239 9057 8504 
3 13002 6656 6317 
3 16416 9621 16551 
3 13839 6657 8388 
3 9026 5112 4987 
3 4884 10790 3200 
3 15444 6933 12294 
3 3078 6659 3950 
3 3078 5955 6659 
3 7383 6660 6611 
3 2140 5741 6660 
3 3388 14931 5120 
3 11443 2261 6661 
3 7954 8908 6662 
3 11914 6136 8947 
3 4929 15212 6995 
3 14064 9205 8912 
3 15440 10217 2165 
3 13740 10686 13096 
3 3237 9712 2053 
3 6612 4583 8649 
3 7363 6666 2156 
3 9612 2730 16124 
3 11646 6667 3635 
3 3451 16430 6667 
3 7937 15229 6616 
3 6652 13264 6668 
3 11100 6669 1538 
3 1540 1539 6669 
3 9525 15669 13494 
3 10974 2941 6670 
3 6047 16074 9538 
3 1711 12729 6671 
3 12275 6672 4415 
3 6351 2809 6672 
3 5154 16442 9345 
3 14407 9161 13888 
3 15273 6268 10788 
3 10923 6503 8419 
3 7031 6675 2432 
3 2338 3343 6675 
3 16494 16225 8510 
3 16424 8129 15324 
3 6632 6677 3834 
3 6632 2968 8746 
3 5635 10108 15688 
3 8341 6968 3489 
3 13473 7101 4314 
3 7101 9272 6679 
3 2579 8535 6159 
3 7932 4715 6680 
3 15581 6681 8421 
3 15581 6081 2310 
3 9366 6682 2308 
3 16102 914 915 
3 13535 7388 13838 
3 12663 14860 3735 
3 1707 7799 6376 
3 3024 10518 15648 
3 5879 6685 3357 
3 15801 11388 13780 
3 1843 6686 2256 
3 2971 13430 6686 
3 14465 10944 6687 
3 10944 3803 6170 
3 1787 9007 2311 
3 12776 14895 6688 
3 10265 6689 2533 
3 5452 3091 6689 
3 14608 10228 6750 
3 11719 3737 8107 
3 13668 6691 1252 
3 11216 6692 457 
3 456 457 6692 
3 8296 6693 3254 
3 6477 11823 6693 
3 13343 12216 3517 
3 12974 5656 1756 
3 12719 6695 6975 
3 5341 2910 13354 
3 9521 6696 4068 
3 9103 2395 6696 
3 761 7555 760 
3 6697 13531 9149 
3 15061 6698 10050 
3 15810 3991 10786 
3 4826 12404 5362 
3 13347 4691 3259 
3 14964 4995 8206 
3 13422 6519 16143 
3 11491 8389 10226 
3 12971 4095 10345 
3 12691 12340 5418 
3 6702 13294 8409 
3 7741 6703 1758 
3 7741 4398 6703 
3 2893 6704 4076 
3 9689 1727 11223 
3 8059 10094 3162 
3 16558 4655 15428 
3 11686 12349 5670 
3 14460 10395 9841 
3 13757 6707 13731 
3 10283 7213 11982 
3 4320 6708 13132 
3 6708 16248 10644 
3 15391 6709 14412 
3 15853 2986 6709 
3 1849 11810 5745 
3 11810 16251 6710 
3 10756 6711 8550 
3 10973 8438 5781 
3 16359 6712 10602 
3 10604 2321 15084 
3 7291 14757 4973 
3 14757 8516 7459 
3 1367 6714 1368 
3 1367 1366 6714 
3 15995 9705 14919 
3 12501 5250 15969 
3 227 6716 226 
3 1714 5407 6716 
3 10027 14730 9692 
3 4528 1961 6717 
3 1357 6718 1358 
3 1357 2011 6718 
3 15767 7194 4397 
3 2681 4826 6803 
3 3498 8946 13324 
3 16076 14233 3542 
3 2707 6721 4284 
3 2606 6497 6721 
3 3162 6722 4175 
3 15587 3496 9606 
3 13811 6723 15463 
3 14095 2447 5417 
3 1856 6724 1838 
3 6724 1856 15738 
3 12813 6902 11920 
3 3645 2613 14633 
3 15945 6726 13656 
3 15511 2756 11754 
3 6813 7687 11145 
3 7819 10903 14926 
3 13060 12804 6728 
3 3378 5694 8475 
3 4771 6729 11548 
3 5442 12212 6729 
3 14426 6730 8326 
3 14120 13651 10038 
3 15249 6731 15080 
3 4657 6530 6731 
3 8746 6732 6677 
3 3958 5347 7092 
3 6508 6733 6949 
3 6508 8154 6733 
3 14518 16228 6143 
3 16229 10829 9753 
3 14762 7578 6735 
3 8358 11963 6735 
3 3379 12241 3225 
3 2505 11406 8640 
3 12691 6737 5551 
3 4283 4950 9992 
3 7582 14701 2856 
3 13072 5150 6738 
3 4510 6739 3954 
3 4510 4187 7731 
3 11289 10494 6740 
3 4558 3000 6740 
3 14737 6741 2415 
3 2463 2715 6741 
3 12807 14927 12155 
3 4003 3675 9517 
3 3904 11271 14133 
3 9344 3195 6743 
3 13090 6744 11969 
3 5798 3111 15877 
3 753 6815 752 
3 16203 5585 749 
3 3637 13216 5595 
3 12395 7708 9951 
3 14621 6747 8163 
3 5796 1884 8163 
3 14399 15415 8536 
3 4427 5464 6748 
3 8685 6749 4545 
3 2925 3555 14088 
3 7353 6750 11719 
3 10228 13059 6750 
3 1667 6751 5419 
3 10587 16577 4590 
3 7951 15208 15900 
3 11947 4391 2988 
3 5281 6753 8344 
3 7753 14341 7997 
3 11511 9192 11225 
3 9771 6316 12550 
3 6247 6755 5753 
3 6247 5970 6755 
3 10405 6756 6169 
3 13500 7433 6408 
3 1774 13615 4490 
3 13615 5718 14057 
3 12207 6758 5740 
3 15228 7461 11155 
3 14947 6759 4421 
3 2025 4421 6759 
3 6566 6760 16580 
3 6566 5018 6760 
3 6493 6761 1885 
3 9591 4599 9690 
3 8559 6388 15425 
3 8771 6142 6762 
3 5378 10331 4725 
3 10331 10006 15428 
3 8731 6764 7248 
3 9242 15352 6764 
3 1915 6765 3340 
3 14904 11772 12849 
3 181 6766 2946 
3 183 184 9880 
3 10036 6951 6767 
3 15358 4133 2917 
3 4021 11136 1746 
3 6645 2452 6768 
3 1235 15011 15426 
3 15718 5648 10874 
3 11381 6770 5019 
3 8538 5366 1947 
3 7690 6771 6461 
3 10162 11555 9680 
3 5188 9691 6398 
3 2918 9005 15667 
3 2695 6773 8085 
3 15583 3098 16322 
3 10037 6774 15001 
3 2067 3944 6774 
3 8880 6775 3738 
3 9766 11240 13580 
3 13687 6776 10361 
3 4723 4474 10344 
3 12767 6777 9221 
3 3832 6079 6777 
3 11773 11625 14511 
3 12509 2457 13511 
3 9658 6779 16144 
3 5143 4583 9566 
3 1606 6537 14665 
3 9285 8118 3901 
3 14087 6781 5427 
3 5774 8017 16423 
3 12762 6782 6578 
3 14158 15367 6578 
3 8726 7439 8963 
3 11974 6799 12791 
3 4706 9907 6784 
3 10973 15672 8438 
3 13785 7540 11990 
3 7540 1676 2903 
3 8486 6786 3819 
3 12852 14293 10899 
3 5646 16146 11092 
3 5783 3153 6787 
3 10385 16482 2701 
3 4148 4167 6788 
3 6116 6789 4546 
3 6116 5058 6789 
3 13541 6790 13093 
3 10912 7231 9162 
3 4549 6791 8770 
3 4549 6181 6791 
3 9783 6792 2633 
3 15188 12986 6833 
3 7430 6793 3231 
3 14734 3551 12070 
3 10574 7000 7666 
3 13171 4371 2908 
3 16259 11232 6795 
3 9677 13887 10763 
3 13273 6796 5046 
3 3092 13307 11228 
3 14010 6797 9433 
3 5237 13123 16485 
3 13929 6798 6239 
3 4000 6275 6798 
3 3190 6799 3283 
3 9948 8104 7212 
3 5863 10699 6502 
3 16226 14892 2320 
3 10990 14975 6366 
3 6683 3735 16499 
3 1845 6802 5448 
3 15822 6229 8259 
3 6719 6803 8674 
3 6719 7194 6803 
3 4259 6804 6099 
3 12629 1977 11140 
3 8473 6805 3625 
3 6742 4003 11687 
3 3263 6806 2289 
3 5996 12000 6806 
3 13675 12085 8355 
3 11065 5543 6807 
3 9614 7250 6808 
3 2892 5866 13482 
3 10191 8097 15668 
3 5106 1682 6809 
3 3680 6810 2892 
3 14527 14003 11677 
3 6617 6811 7045 
3 5805 7495 6811 
3 3091 9374 4465 
3 6812 16065 10890 
3 10019 14361 6931 
3 15804 12385 3524 
3 8511 5600 14152 
3 13556 6027 2262 
3 754 6815 753 
3 754 755 6815 
3 13173 6816 4910 
3 4470 11551 6816 
3 7842 13147 6129 
3 14184 6228 10703 
3 13756 16414 4118 
3 14955 9821 11152 
3 9937 6819 8397 
3 7871 6216 6819 
3 12137 6820 6363 
3 2080 4509 6820 
3 13344 6821 2683 
3 11193 7979 6821 
3 2120 6822 6026 
3 9921 10794 3958 
3 14675 6823 9480 
3 6453 13170 13488 
3 9229 8779 6824 
3 4249 7824 7663 
3 16439 10630 5305 
3 9084 5187 7107 
3 10535 6826 4956 
3 9848 8591 7374 
3 15115 6827 15973 
3 11039 5059 6827 
3 594 6828 1734 
3 596 597 8505 
3 6587 6829 3224 
3 15376 7181 16354 
3 8832 6830 10251 
3 2229 8074 6830 
3 15172 7164 14403 
3 14403 4275 9410 
3 15573 6832 5499 
3 13380 5632 12012 
3 10706 7778 11067 
3 11532 5603 12170 
3 13569 6834 6316 
3 13569 13432 6834 
3 7415 6835 3907 
3 12097 16135 11606 
3 12210 7789 6836 
3 2503 1301 6836 
3 3151 7193 8598 
3 9385 6140 3017 
3 5707 11299 13136 
3 15260 4877 12599 
3 16552 6839 7671 
3 6839 11273 7671 
3 12154 6840 8528 
3 3080 2322 11315 
3 11145 7687 6841 
3 15410 1921 8309 
3 16441 7402 5272 
3 14471 16441 6842 
3 4188 11656 2561 
3 12833 6368 1626 
3 13688 6844 3235 
3 10479 3290 7614 
3 14257 6845 4711 
3 13807 2396 2265 
3 5932 9435 14319 
3 1858 1811 15953 
3 3922 10902 11259 
3 13153 2638 13852 
3 10456 9500 6848 
3 7391 6639 4822 
3 3535 11330 13640 
3 15844 11527 2183 
3 11303 2454 15203 
3 9589 8006 6850 
3 7365 9003 12245 
3 9693 12428 9203 
3 9308 6852 5257 
3 2780 3197 6852 
3 13865 8843 13399 
3 9074 6003 2566 
3 7509 6854 2521 
3 2117 5453 6854 
3 11285 6855 8685 
3 6560 3555 6855 
3 2509 9510 5850 
3 5850 9510 6856 
3 9368 6857 6043 
3 16539 10748 2785 
3 8053 6858 8286 
3 4433 1326 6858 
3 15359 10236 6859 
3 4470 1952 6859 
3 5457 14030 12134 
3 5804 6149 13594 
3 14650 11928 6861 
3 3745 2214 6861 
3 9079 6862 6937 
3 11579 7447 3306 
3 8728 10486 14302 
3 13276 6459 1828 
3 2125 6864 7989 
3 15592 2628 9701 
3 10662 6865 2087 
3 6552 5694 11427 
3 9493 11750 10649 
3 344 345 11750 
3 6958 6867 11429 
3 12386 6446 6670 
3 4938 6868 5142 
3 1658 4812 6868 
3 13071 12877 6869 
3 10327 5653 9589 
3 2646 6870 1823 
3 5342 7118 7460 
3 13992 13127 6871 
3 5402 5204 11667 
3 3108 14497 7441 
3 573 574 6872 
3 3308 5248 9615 
3 5248 3391 6873 
3 2222 11172 4666 
3 5309 5105 11747 
3 12258 6875 2468 
3 14323 6131 6875 
3 14148 6876 6224 
3 14148 9559 13650 
3 15392 6877 9133 
3 13114 6561 6877 
3 6102 6878 4049 
3 11621 6978 8139 
3 7235 6879 4710 
3 14349 2400 10787 
3 8780 12547 13168 
3 8798 4023 7728 
3 3997 6881 1775 
3 16212 14645 12347 
3 4866 6882 2964 
3 3896 13590 14773 
3 11763 12010 13108 
3 15701 5015 8817 
3 4058 6916 4819 
3 13296 8284 13097 
3 7870 6885 2417 
3 7870 15645 6885 
3 14441 6886 9524 
3 12295 10963 8677 
3 705 6887 4453 
3 9905 4114 3076 
3 7663 6888 2292 
3 14819 8380 6924 
3 14849 9805 6889 
3 10313 3270 2724 
3 3416 7357 9492 
3 6111 3982 6890 
3 11040 6891 3890 
3 6296 11485 6891 
3 13111 10294 6892 
3 9053 3850 7125 
3 11793 8437 7633 
3 13814 11781 13812 
3 12704 6894 15839 
3 2491 3338 6894 
3 13281 6895 2581 
3 16255 1782 12880 
3 15677 6896 3855 
3 11994 5393 6172 
3 10939 12493 4071 
3 9153 4681 4245 
3 12816 6898 14903 
3 11120 7198 9129 
3 2342 6899 3045 
3 4452 4713 6899 
3 8368 9877 4806 
3 10774 4260 13501 
3 12168 11350 13375 
3 13408 8333 5370 
3 12224 6902 5885 
3 2585 3645 13623 
3 8711 15984 11876 
3 11094 14414 6219 
3 14245 8732 12158 
3 10121 4521 2736 
3 4773 16012 4222 
3 11132 4798 9981 
3 5884 8863 3564 
3 7085 11932 6906 
3 4632 8366 12860 
3 15597 1960 10497 
3 14748 6908 9648 
3 6224 2197 9648 
3 11906 6909 3337 
3 1434 1433 6909 
3 15112 6910 7447 
3 1685 6612 6910 
3 472 12712 11604 
3 16522 4563 7596 
3 8477 6912 6329 
3 3515 10011 13215 
3 3324 8159 6148 
3 13971 5164 2482 
3 12823 9742 11029 
3 14805 4492 2526 
3 10298 6915 3074 
3 8470 8921 10770 
3 3112 6916 4058 
3 3112 3279 6916 
3 14899 12304 6917 
3 11721 7972 5172 
3 4205 6918 3561 
3 4011 5152 6918 
3 13854 6919 13549 
3 1846 7860 13549 
3 13567 6920 10047 
3 12903 2519 11109 
3 13387 6921 4053 
3 8241 9054 15099 
3 14786 15756 16022 
3 5263 5326 6922 
3 10357 6923 13396 
3 2834 3915 6923 
3 4186 10528 2934 
3 14819 8779 6394 
3 6035 6925 2988 
3 6035 6752 6925 
3 2558 6926 6596 
3 13860 5320 10109 
3 7233 6927 2387 
3 2394 12577 8356 
3 13802 6928 15646 
3 15646 9893 9864 
3 4683 7658 6535 
3 8239 3585 7967 
3 16264 6930 5240 
3 3141 4460 6930 
3 7385 10019 15563 
3 6813 3524 6931 
3 3844 9245 4745 
3 12822 6477 8417 
3 8474 7730 7522 
3 9860 2307 9554 
3 16117 9547 11222 
3 11222 4462 8414 
3 12060 11681 6935 
3 12638 4525 10462 
3 15689 6936 5103 
3 7115 4409 2664 
3 9079 6937 8610 
3 6862 5022 14396 
3 8251 10446 15489 
3 14490 11903 3085 
3 10738 12635 6273 
3 10566 6070 9530 
3 218 6940 217 
3 218 5857 6940 
3 10457 14223 6513 
3 3894 1923 7563 
3 9384 9244 6942 
3 10997 2738 4987 
3 12359 6943 5140 
3 13249 5845 11429 
3 8054 6944 5739 
3 13556 6814 10084 
3 3705 10249 6481 
3 12853 8081 12247 
3 8549 11247 11505 
3 5019 6770 9949 
3 357 9884 356 
3 13226 7473 2507 
3 6612 6948 3303 
3 15811 4703 12525 
3 6508 6949 3752 
3 6949 10059 7599 
3 5003 6950 2401 
3 3945 7665 6950 
3 15549 6951 13101 
3 6767 15350 10036 
3 14874 7236 7809 
3 13102 7712 1915 
3 14665 6953 9285 
3 6537 3547 6953 
3 2531 6954 4001 
3 2531 6040 6954 
3 6850 6955 4943 
3 10178 4030 7637 
3 4183 6956 5380 
3 16044 2151 8095 
3 15681 6957 3853 
3 3853 11184 15681 
3 2587 6958 2319 
3 11965 2052 2317 
3 8248 6959 5829 
3 12815 3967 7275 
3 9157 6960 8202 
3 4446 5416 6960 
3 9831 7677 7650 
3 7677 2572 6961 
3 13004 6962 1806 
3 2974 9995 6962 
3 16153 6963 3751 
3 8807 7961 5087 
3 6272 6964 3455 
3 2641 10251 6964 
3 8654 6965 5159 
3 10676 3986 8562 
3 10830 6966 4057 
3 15271 1991 14608 
3 13402 7879 4226 
3 13402 5736 6967 
3 12263 13775 8341 
3 4471 5830 10021 
3 13698 6969 7703 
3 13698 8537 14197 
3 5499 6970 7640 
3 6970 13380 12012 
3 7054 11051 3823 
3 5463 5882 6971 
3 11711 14652 6972 
3 12449 3467 12861 
3 4446 6973 5416 
3 3500 4936 6973 
3 3224 6974 1872 
3 6829 6541 6974 
3 12719 6975 4996 
3 6581 2847 6975 
3 290 291 14100 
3 4178 11098 6976 
3 8256 6977 3405 
3 7404 10485 6977 
3 5263 9574 11621 
3 8139 2665 3268 
3 9114 9260 9082 
3 14882 6411 16471 
3 15205 16392 14271 
3 4585 8771 6980 
3 301 13690 12559 
3 14736 6043 13257 
3 15245 6982 7055 
3 15245 2513 6982 
3 7125 6983 3623 
3 3850 8314 6983 
3 3023 6984 1905 
3 4101 4225 6984 
3 15342 15700 11478 
3 15700 9166 14714 
3 8123 11849 13909 
3 10029 5457 2424 
3 12059 9687 6987 
3 4799 9687 14428 
3 13186 6988 8323 
3 13428 13805 11042 
3 16247 6989 2844 
3 1970 15587 9606 
3 12021 6990 3476 
3 7866 309 13275 
3 16532 8143 3315 
3 16532 2623 3744 
3 1605 10484 15933 
3 9354 4924 4070 
3 13763 6993 12447 
3 11080 6092 8791 
3 11773 15957 2194 
3 6778 10056 15445 
3 2471 6995 6663 
3 8019 4929 6995 
3 5496 6996 3385 
3 9120 15442 7625 
3 3812 12630 6528 
3 12630 7996 6997 
3 3420 3373 12834 
3 3373 6014 6998 
3 10751 6999 5488 
3 11219 5191 2082 
3 6794 13248 7666 
3 5394 4403 7000 
3 12908 7001 12326 
3 7120 4795 2616 
3 7560 10957 2392 
3 5455 6570 7002 
3 3827 7003 5403 
3 3827 9995 7003 
3 13212 8542 14077 
3 12464 6774 3944 
3 15768 7277 15278 
3 13591 2760 10302 
3 4703 9388 13087 
3 9388 1685 6910 
3 4926 7007 4636 
3 4288 15326 7007 
3 4538 7008 6215 
3 2958 7526 8290 
3 9221 7009 16247 
3 12895 5130 5905 
3 2768 7010 3254 
3 4602 5162 7010 
3 7071 11336 11609 
3 11400 12439 7011 
3 13073 7012 12678 
3 13694 2245 12678 
3 4730 7013 1737 
3 1717 12037 10482 
3 7425 9788 7014 
3 8226 14485 7014 
3 9648 9918 13418 
3 1922 5040 7015 
3 14374 11565 9449 
3 1402 1401 7016 
3 15960 7017 13864 
3 7017 7836 13864 
3 3070 15269 3651 
3 15723 12545 15795 
3 15779 7019 6601 
3 9962 16252 9960 
3 707 7020 8037 
3 6291 15523 12057 
3 15231 11156 9417 
3 13479 4949 5654 
3 7568 11135 2379 
3 1309 1308 7022 
3 15093 11092 14901 
3 14901 15712 7023 
3 3733 7024 5968 
3 7201 14616 13720 
3 14354 8045 7025 
3 4182 12225 14680 
3 12541 7026 2728 
3 4347 8039 7026 
3 11242 7027 12342 
3 11480 6401 5721 
3 13784 7028 10003 
3 14184 11241 6817 
3 6150 7029 2545 
3 1736 13996 7029 
3 14795 8372 7030 
3 2792 2642 7378 
3 12819 15815 4472 
3 2338 6675 7031 
3 14326 14406 5750 
3 12174 13801 11520 
3 10959 7033 13233 
3 4047 9376 13012 
3 2329 16349 2609 
3 13955 15089 7034 
3 7195 8112 12561 
3 3345 13251 7035 
3 16571 8571 4300 
3 3147 16578 6377 
3 6757 7037 9200 
3 6757 13615 7037 
3 10056 7038 12509 
3 9208 7471 14163 
3 15051 7039 7479 
3 4040 2579 7039 
3 14453 7040 13906 
3 16227 9102 15624 
3 6593 7041 3847 
3 14303 6209 15072 
3 3434 7277 15337 
3 7005 10302 14456 
3 14121 7043 1741 
3 5385 1634 10005 
3 3990 8958 13774 
3 3771 11356 7044 
3 6617 7045 4165 
3 5661 4111 9065 
3 237 7046 236 
3 10841 13065 9481 
3 16364 7047 11158 
3 7089 14386 7047 
3 9112 7048 9186 
3 4160 15777 9464 
3 14234 7049 10359 
3 7049 14766 11837 
3 6529 7400 14984 
3 7966 3802 7050 
3 12724 7051 5294 
3 6568 8601 8970 
3 8706 7052 5030 
3 9307 9739 11368 
3 10027 7053 3775 
3 4740 6204 7053 
3 2248 7054 2160 
3 4864 2277 7054 
3 15245 7055 4131 
3 6982 5498 7055 
3 2228 12289 6424 
3 8057 7268 13407 
3 1639 7057 3764 
3 1639 5427 7057 
3 15532 7058 2401 
3 1832 13030 7058 
3 3381 7059 4123 
3 14486 9869 9556 
3 12878 7060 2991 
3 15933 6011 8631 
3 12328 7061 8739 
3 5412 1882 7061 
3 8728 7062 4929 
3 8884 5912 7846 
3 7869 9810 6318 
3 5627 5070 7063 
3 10132 7064 2565 
3 13490 3329 8720 
3 6424 7065 14002 
3 15867 13643 12801 
3 8149 7066 6618 
3 5064 7840 14127 
3 9613 7067 9176 
3 7417 8396 12514 
3 1800 10273 10800 
3 16015 7402 15895 
3 16438 7069 7636 
3 13009 16597 7069 
3 11892 7070 10451 
3 13105 4353 11583 
3 7055 9151 11609 
3 9151 8993 14230 
3 4169 3445 12649 
3 5790 7412 11589 
3 14181 14674 11709 
3 8298 10427 7073 
3 11230 13067 3619 
3 10418 16076 3542 
3 3858 9279 5340 
3 13900 3384 11700 
3 3401 7286 5618 
3 7285 5857 2255 
3 8570 12437 6071 
3 8343 2316 12062 
3 4993 7078 5255 
3 6622 5481 7078 
3 5480 8770 2575 
3 9630 10820 7079 
3 14575 7080 3713 
3 12457 3220 7080 
3 2875 7081 3609 
3 7952 7149 13932 
3 3559 15842 1814 
3 15790 6493 14921 
3 3295 7083 4268 
3 3295 1964 7083 
3 13982 8013 7084 
3 14909 2246 4248 
3 3564 8863 6906 
3 6261 13237 15240 
3 9863 7086 7211 
3 3835 5301 7812 
3 16568 11053 7087 
3 12716 15291 9273 
3 5369 7088 3226 
3 5369 4079 7088 
3 10452 7269 7089 
3 7269 14386 7089 
3 8630 7090 6404 
3 12096 4257 8876 
3 12755 7091 3187 
3 4819 12242 10491 
3 4560 7092 5347 
3 9854 8557 6732 
3 2241 7093 5941 
3 2241 3437 10856 
3 14528 5733 12530 
3 2163 5223 7094 
3 10576 7095 5001 
3 4365 3244 13983 
3 10890 7096 5463 
3 5843 5574 11576 
3 10066 7097 5921 
3 11540 7612 3491 
3 9849 7098 2046 
3 15590 15535 4695 
3 11111 7099 10656 
3 12288 2496 7099 
3 3664 7100 5853 
3 15355 10254 9023 
3 7279 12820 5771 
3 13597 6121 8845 
3 1492 7102 5895 
3 1491 1490 7102 
3 13304 7103 5886 
3 16463 8070 7463 
3 4708 7104 4967 
3 7611 1648 13266 
3 3386 7105 5894 
3 7927 7414 3960 
3 15759 7106 3032 
3 3951 9013 16298 
3 12081 7107 5187 
3 12487 3603 9028 
3 7208 7108 3736 
3 12396 15211 2620 
3 10613 8222 7109 
3 13901 1834 10139 
3 10810 7110 5491 
3 7110 14168 4242 
3 5708 7111 15283 
3 5708 5843 7111 
3 6172 7112 15166 
3 6172 3565 13670 
3 9722 7586 14673 
3 16375 2559 15807 
3 7806 7114 5528 
3 4709 4413 7114 
3 13840 11359 7115 
3 12505 7501 14192 
3 16426 7116 6305 
3 15992 5044 8533 
3 6457 8924 8740 
3 3403 5932 16544 
3 12260 12707 10239 
3 6379 7460 7118 
3 11452 7119 14263 
3 2901 12924 12856 
3 12908 7120 7001 
3 8610 3314 14291 
3 14004 10739 7121 
3 3154 10053 7121 
3 9307 12650 7052 
3 12650 2395 8637 
3 12362 13734 3139 
3 10190 9229 7123 
3 6217 7124 3560 
3 14588 2271 7124 
3 9053 7125 6892 
3 3850 6983 7125 
3 6651 7126 5197 
3 6651 12315 7126 
3 9926 7127 16361 
3 9926 12832 12215 
3 3101 13022 2512 
3 10878 11168 9584 
3 15505 11543 7129 
3 10145 3122 9003 
3 8441 7259 12571 
3 8346 2537 11967 
3 4581 7131 3667 
3 8430 2433 4477 
3 2562 7954 6662 
3 3394 12674 7132 
3 11377 7133 10598 
3 16530 13902 14156 
3 4675 7134 3170 
3 11849 5086 13982 
3 10234 7135 2637 
3 4221 8802 11241 
3 10340 7136 1666 
3 4212 5109 8669 
3 3886 8614 5811 
3 5066 7587 11054 
3 11881 9724 7138 
3 4937 11881 7138 
3 42 7139 2639 
3 42 43 7139 
3 15906 7140 7878 
3 15343 8308 6188 
3 6794 7141 8232 
3 6794 7666 7141 
3 7988 7142 5387 
3 15247 4100 9624 
3 4962 7143 2591 
3 13887 9677 10211 
3 9547 7144 5067 
3 10493 7644 6151 
3 10432 9052 8131 
3 6831 2822 16079 
3 4353 11811 4761 
3 14515 2278 5784 
3 13295 7147 13686 
3 13350 14741 10924 
3 13416 7148 5258 
3 1676 9167 2903 
3 3673 7872 13258 
3 11848 13436 4804 
3 9134 7150 16084 
3 16240 6230 8344 
3 3947 9835 4720 
3 14656 3321 8267 
3 2475 7152 12109 
3 6356 3390 7390 
3 8424 7153 9298 
3 13872 5795 7153 
3 12546 7154 8832 
3 1705 2805 8401 
3 11218 9119 11150 
3 3720 4269 7155 
3 9324 7156 5514 
3 16062 14961 10261 
3 5411 12540 1938 
3 12100 5645 6472 
3 13293 7908 8922 
3 15336 3894 7158 
3 4822 7159 7391 
3 16175 5649 12018 
3 7501 11437 5205 
3 4500 4061 7160 
3 3910 11017 15244 
3 12958 9911 8698 
3 16463 11676 8070 
3 16490 5117 6489 
3 2612 7163 5039 
3 4827 7168 7163 
3 14403 7164 12746 
3 5211 4267 12746 
3 15309 7165 5738 
3 15309 15661 7165 
3 14039 7166 2158 
3 11281 3799 9120 
3 2638 7167 6542 
3 4831 3444 8339 
3 12472 12952 7819 
3 12765 1831 6727 
3 10964 11771 8002 
3 10453 5676 7169 
3 9944 13650 2914 
3 13235 2604 9943 
3 13571 7171 8959 
3 1818 11366 7171 
3 13122 11615 7628 
3 8458 10848 7172 
3 10300 7173 4826 
3 3870 10536 7173 
3 10206 14560 4653 
3 10206 4947 11401 
3 12742 7175 3439 
3 16517 13574 7769 
3 1034 7176 1033 
3 1034 1035 15540 
3 16184 7177 5004 
3 13398 4322 2141 
3 12104 7178 5395 
3 9243 4430 11258 
3 13961 11320 10215 
3 13052 6232 8194 
3 7882 12101 6160 
3 12101 6558 9603 
3 7654 7905 15376 
3 7181 7905 14455 
3 12911 10694 11076 
3 2093 3380 7182 
3 1406 7183 1407 
3 1406 1405 7183 
3 1755 11617 14238 
3 15081 15716 14085 
3 3567 7185 4305 
3 4331 5269 7185 
3 12736 14928 2190 
3 14597 10347 3545 
3 12700 7187 5828 
3 15541 3714 4488 
3 9737 12449 3026 
3 11711 5461 11841 
3 5914 15762 3190 
3 12470 8005 3715 
3 1907 7190 2132 
3 12008 1820 15573 
3 13633 7191 13314 
3 15344 16178 7191 
3 9575 9612 16124 
3 8905 6128 7192 
3 6140 8686 2093 
3 8598 1638 10494 
3 16338 7194 2253 
3 3870 2681 7194 
3 9855 7195 5535 
3 1867 5053 12017 
3 10363 8286 7196 
3 6858 1323 7196 
3 6317 3943 9757 
3 3984 11671 7197 
3 13753 7198 8811 
3 9129 3553 3129 
3 13602 7199 11057 
3 6190 7273 7199 
3 3855 6896 10370 
3 10370 3633 7200 
3 7794 8132 6355 
3 5968 7024 7863 
3 7229 7202 4330 
3 3256 3185 7202 
3 11780 7203 10924 
3 10287 5673 3567 
3 15505 8750 7311 
3 10500 5398 2427 
3 4801 13634 5090 
3 15774 5839 9086 
3 6273 7206 2050 
3 9983 1875 7751 
3 12343 7207 3996 
3 12343 2871 15697 
3 9357 7208 5327 
3 11588 16378 12396 
3 7242 7209 2017 
3 16419 3659 7821 
3 14060 7210 4457 
3 4958 1752 7210 
3 9863 7211 2372 
3 7086 3835 7812 
3 3190 8104 9948 
3 4758 3125 7212 
3 11982 7213 2054 
3 12278 11499 7264 
3 3590 7249 10373 
3 11794 1896 7214 
3 9720 7215 11032 
3 7109 13901 14555 
3 13022 7216 14611 
3 7216 3101 10715 
3 13265 7217 10942 
3 11824 2510 9527 
3 14930 13493 12380 
3 3429 11934 13000 
3 8572 7219 2874 
3 1229 1228 7219 
3 12361 7220 10855 
3 4190 4540 7220 
3 16460 7221 1184 
3 14997 7985 9362 
3 9982 7222 6468 
3 9982 2784 12841 
3 1142 14222 1141 
3 2692 11683 7223 
3 16332 7224 9884 
3 8138 5840 13234 
3 11673 7225 15766 
3 5020 7562 9713 
3 6536 10010 6704 
3 6034 2569 7226 
3 11440 7227 15020 
3 14958 8870 11701 
3 8955 7228 11711 
3 16587 9292 12412 
3 2828 12293 4330 
3 16070 3836 12423 
3 15870 7230 5071 
3 4939 4217 7230 
3 9162 7231 7487 
3 2473 12239 7231 
3 5735 7232 2957 
3 5735 6435 13502 
3 6473 7233 2387 
3 15171 4072 14279 
3 16205 9973 11025 
3 11153 5432 7856 
3 10668 7235 2594 
3 4710 11547 14536 
3 2377 8236 6093 
3 7809 6952 14874 
3 13265 7237 3588 
3 10287 3567 4305 
3 11413 7238 12604 
3 11263 2111 9879 
3 11065 7239 5543 
3 9328 4922 10932 
3 2864 7240 7455 
3 2864 8700 7240 
3 497 7241 9198 
3 497 498 7241 
3 13696 13552 2017 
3 11761 16112 10492 
3 11759 12506 10930 
3 4752 4796 8787 
3 3312 7244 7120 
3 3312 2439 7244 
3 13269 7245 8213 
3 10221 6854 7509 
3 10130 9132 9549 
3 12201 9889 1886 
3 12749 7247 10431 
3 7247 13694 10431 
3 15935 8731 10731 
3 6764 5590 15800 
3 11794 7249 6284 
3 3590 6992 9354 
3 12182 7250 6044 
3 2892 6808 7250 
3 13089 7251 13678 
3 2213 3320 7763 
3 13399 7601 12390 
3 1784 2812 9035 
3 4437 10351 5168 
3 11665 8363 8573 
3 7299 13016 13390 
3 13390 14539 7254 
3 11815 7255 14989 
3 14702 1753 2610 
3 15065 8864 13727 
3 3794 1725 8668 
3 14442 10745 13245 
3 13484 15451 9199 
3 1108 7258 2455 
3 1109 1110 7258 
3 13379 12339 9916 
3 15030 2045 2537 
3 6283 15889 11465 
3 3352 3386 7260 
3 5704 14394 4515 
3 2547 3164 7261 
3 11379 7262 5831 
3 7257 3596 13484 
3 15862 10446 8251 
3 9033 15489 8377 
3 9946 7264 5813 
3 11499 4889 14033 
3 7502 7265 13206 
3 9121 15769 5526 
3 7815 15080 4569 
3 6731 6530 7266 
3 8346 11967 6510 
3 2570 5964 7267 
3 16283 7268 8057 
3 16395 3238 15178 
3 12370 8503 12031 
3 15221 5903 4835 
3 9322 11479 8561 
3 11656 11390 6843 
3 13109 7271 10569 
3 3876 3176 13210 
3 3231 7272 3070 
3 10522 3828 2632 
3 5787 9337 11164 
3 8035 5779 7273 
3 12320 7274 7372 
3 12797 6616 9806 
3 9777 7275 3967 
3 2290 7925 7275 
3 14960 7276 7856 
3 2834 6923 10357 
3 13861 11069 10626 
3 13006 4539 13636 
3 6273 7278 7206 
3 3629 1875 7278 
3 14079 12820 2904 
3 5771 3317 7279 
3 16397 7280 3718 
3 3610 4667 7280 
3 14001 7281 6624 
3 14033 7264 11499 
3 2061 13880 4944 
3 14387 5486 12418 
3 8834 8075 2731 
3 2454 15279 9710 
3 7113 12033 5252 
3 9726 5668 8195 
3 7286 14433 15220 
3 12941 9996 6104 
3 5618 7286 7076 
3 14433 7285 15220 
3 4029 7287 5332 
3 2549 8502 14029 
3 12304 11764 7288 
3 5738 7165 7288 
3 9443 7289 5386 
3 15955 4200 6499 
3 8586 7290 2511 
3 13292 9427 9773 
3 2327 7291 4973 
3 10601 8516 10866 
3 8181 7292 4212 
3 8868 6599 5032 
3 7558 7293 3541 
3 5605 15382 7665 
3 9021 7294 2523 
3 4493 5189 7294 
3 4197 9336 3014 
3 15498 2410 7295 
3 7087 14844 16039 
3 4581 3667 13376 
3 5148 7297 4561 
3 14842 5570 4022 
3 11383 9110 7298 
3 5220 6749 14088 
3 7120 7299 4795 
3 13390 7254 3314 
3 9976 8101 3436 
3 9976 10356 7300 
3 12325 16470 2134 
3 11742 10583 7301 
3 5712 13977 1997 
3 15893 5374 4464 
3 3867 7399 14922 
3 770 771 7303 
3 10626 14870 7148 
3 12647 4199 7590 
3 13022 7305 7128 
3 13822 2142 10731 
3 5171 7306 11758 
3 5171 7701 15090 
3 4506 7307 2667 
3 6643 5501 7307 
3 4790 15362 12029 
3 6199 1694 7308 
3 12193 7309 10397 
3 11469 2656 7309 
3 9164 13850 15599 
3 16041 5758 2267 
3 9920 7311 8750 
3 12198 1993 10921 
3 2501 7312 9085 
3 6247 6000 10631 
3 5651 7313 2268 
3 5651 1636 7313 
3 15947 7314 4718 
3 16524 1840 7314 
3 4213 16030 7332 
3 9411 3404 4834 
3 6509 16445 5495 
3 13619 6395 11237 
3 14779 8324 13911 
3 13557 2592 8992 
3 5502 14366 16091 
3 15866 5176 14338 
3 15730 7319 6333 
3 13550 5238 16276 
3 4847 7320 5233 
3 15789 9303 11812 
3 14953 11260 5675 
3 11260 1858 9080 
3 7689 10292 14728 
3 11304 10040 9941 
3 12824 7323 8348 
3 15463 11635 14095 
3 14206 12477 8328 
3 10861 7346 6048 
3 12150 8976 10666 
3 16515 5614 4654 
3 7035 7326 3345 
3 14093 8920 12585 
3 6987 7327 3931 
3 1997 7302 7327 
3 16541 10589 14585 
3 1724 15449 3760 
3 14542 7329 16217 
3 2313 6264 7329 
3 4808 8768 8866 
3 9397 12132 7330 
3 6980 7331 3264 
3 9232 6762 11699 
3 16030 9439 7332 
3 7315 9924 7332 
3 16440 10415 6305 
3 3221 3510 7333 
3 10369 7334 2235 
3 3173 6342 8906 
3 8634 11595 12667 
3 1667 5419 10564 
3 7926 7336 12784 
3 58 59 7336 
3 5465 16550 6678 
3 5179 2070 7337 
3 16488 7338 4083 
3 14765 2095 12904 
3 9123 7339 8263 
3 3991 4301 7339 
3 6901 7340 6527 
3 6901 11350 15194 
3 7787 10671 10900 
3 5186 4594 7341 
3 16131 14831 11933 
3 5124 8817 7342 
3 4344 11303 2124 
3 6869 9589 7343 
3 6170 16269 7293 
3 10480 3803 4782 
3 8177 7345 5074 
3 6540 6347 7345 
3 15849 7346 14933 
3 14168 7110 11057 
3 3284 15317 10487 
3 9045 12538 7347 
3 7890 7348 4243 
3 9780 10182 11992 
3 4649 9128 3979 
3 15966 8682 6087 
3 3365 7350 5203 
3 10597 5640 14236 
3 14889 10257 5354 
3 1949 3164 7351 
3 2935 8441 2982 
3 12571 3435 7946 
3 6966 10459 6690 
3 14608 6723 13811 
3 6176 7354 1635 
3 2460 12401 10326 
3 2053 7355 5033 
3 15112 11579 2933 
3 6495 12149 11872 
3 2754 8333 7356 
3 15975 15923 10740 
3 6114 6111 7357 
3 194 195 11503 
3 11503 195 196 
3 3940 11707 7359 
3 9431 2532 12217 
3 9186 8244 7360 
3 4337 1980 7360 
3 3182 7361 3289 
3 3182 13854 10082 
3 3231 7362 7272 
3 5508 8713 15775 
3 11564 8224 15057 
3 1749 9612 7363 
3 11810 7364 5745 
3 6710 6641 7364 
3 9003 7365 11114 
3 14620 8747 9051 
3 13043 8449 15944 
3 8182 2077 2420 
3 4159 8470 14514 
3 5551 6737 7367 
3 14592 7368 2833 
3 8639 5137 7461 
3 2179 14305 10518 
3 3633 6896 15402 
3 12058 7370 2498 
3 4090 14187 7370 
3 10187 7910 11213 
3 5384 15808 7371 
3 8432 7372 2153 
3 16429 2217 5344 
3 15797 4754 2017 
3 10032 4546 3428 
3 9848 7374 6826 
3 9960 4102 8351 
3 1710 10629 5969 
3 10169 3286 7375 
3 13341 10278 7376 
3 6285 10946 7376 
3 14787 8721 3847 
3 16432 7041 13299 
3 4181 4557 16554 
3 7030 2792 7378 
3 6573 16416 6656 
3 7725 2227 7379 
3 14167 15560 9006 
3 14167 647 15560 
3 13133 7381 11826 
3 8063 1683 4466 
3 3238 7382 4743 
3 7382 11584 7781 
3 11148 9174 7383 
3 14444 5420 16547 
3 14413 7384 9885 
3 13068 2860 3576 
3 10019 7385 3469 
3 3230 2782 7385 
3 15682 7386 7464 
3 15563 10019 13443 
3 11979 9430 2821 
3 9875 11083 9430 
3 13838 7388 14860 
3 9140 8968 3707 
3 12633 9951 7708 
3 10624 3166 8198 
3 6356 7390 7152 
3 3390 2428 7390 
3 16492 7391 7159 
3 15545 15086 13047 
3 13013 15073 2366 
3 7879 8419 15494 
3 16125 7393 3741 
3 16125 7841 7393 
3 16403 7394 9824 
3 1937 3287 7394 
3 11742 16470 1965 
3 14413 5817 3506 
3 6855 9686 13750 
3 10646 9346 5163 
3 7127 7397 4373 
3 12215 7067 9613 
3 15704 7398 12569 
3 9819 2794 6381 
3 769 7399 768 
3 3867 2002 7917 
3 2242 7400 10803 
3 2242 4141 7400 
3 13652 7401 16020 
3 2176 6033 7401 
3 16441 15895 7402 
3 4038 5272 7402 
3 5756 7403 3145 
3 16336 9882 8390 
3 7908 12835 3405 
3 10485 11640 6977 
3 8557 7405 6677 
3 3834 13598 11456 
3 12980 7406 7392 
3 8393 12921 13886 
3 9122 7407 16260 
3 14759 13760 4590 
3 7915 7408 5958 
3 8984 15228 5593 
3 10291 7815 15076 
3 15461 2833 6479 
3 13201 13138 15962 
3 15511 3165 2756 
3 3627 7702 2567 
3 13319 5523 7411 
3 2721 7412 5790 
3 7979 1653 4403 
3 6624 7413 6039 
3 16428 4476 11264 
3 14510 7927 3960 
3 3386 3352 12899 
3 11409 7415 15783 
3 2339 4649 7415 
3 2063 9936 4669 
3 15503 4282 10578 
3 3636 7417 7067 
3 3636 1971 14587 
3 2108 15299 2069 
3 16138 6240 5292 
3 13472 7419 4983 
3 6848 12018 9661 
3 6363 9721 4405 
3 10658 8721 12072 
3 11793 7421 8437 
3 3868 15328 16254 
3 7394 8367 9824 
3 7780 6268 7422 
3 4857 14391 2078 
3 4857 12533 14391 
3 5165 15338 11157 
3 12867 7476 3989 
3 7699 7491 10818 
3 9788 8061 5287 
3 9457 7426 8295 
3 10935 11960 8789 
3 4555 11049 5441 
3 3421 4951 7427 
3 4020 8985 6842 
3 4463 5459 7428 
3 15612 13718 7429 
3 13723 7462 7522 
3 4841 7430 3231 
3 4841 6440 7430 
3 4069 10808 2666 
3 2404 3227 7431 
3 14125 14215 16201 
3 10350 12867 3989 
3 5427 8172 3621 
3 5427 6781 8164 
3 6297 7434 4090 
3 11975 5883 7909 
3 9552 8299 6327 
3 8299 3828 11752 
3 10349 7436 1968 
3 10708 5520 7436 
3 10267 7437 10895 
3 13617 13837 15632 
3 11607 7438 1888 
3 534 535 15840 
3 16298 16140 7439 
3 9039 3607 8963 
3 6975 7440 4996 
3 6975 5078 7440 
3 9381 11163 6872 
3 5599 3108 7441 
3 5500 7442 1872 
3 3997 15024 13514 
3 15063 7443 4291 
3 3956 9261 7443 
3 2540 8757 2317 
3 4981 5920 15937 
3 10470 7445 12588 
3 13415 5508 6793 
3 3206 11258 4430 
3 11332 6139 2313 
3 15112 7447 11579 
3 6665 3306 7447 
3 8822 7448 1855 
3 6047 4092 7448 
3 14859 11788 11993 
3 15798 2689 8593 
3 4699 9857 4624 
3 6226 4867 12433 
3 10742 7451 8833 
3 15283 7111 15059 
3 8740 7452 3636 
3 15687 3403 16544 
3 15593 7453 9192 
3 2666 8931 9694 
3 8871 7454 4300 
3 4916 7611 13230 
3 14451 7455 12518 
3 5278 4201 7455 
3 13938 7456 4143 
3 13705 3286 10169 
3 3110 7457 4359 
3 5962 7904 7457 
3 6127 9595 2536 
3 4637 7648 14512 
3 4111 7459 2998 
3 2733 6068 7459 
3 14637 7460 6870 
3 6379 6036 13100 
3 3240 7461 7408 
3 3240 6479 8639 
3 7522 7462 9860 
3 3282 3154 10739 
3 16463 7463 10100 
3 8070 8893 10881 
3 426 427 9963 
3 15922 427 428 
3 9081 7465 3392 
3 8765 15348 7465 
3 14423 7466 8134 
3 12324 4499 15224 
3 9496 7467 4741 
3 7549 12219 7467 
3 1803 7761 6142 
3 3534 10438 7468 
3 5314 7469 4503 
3 5314 2808 7469 
3 11672 8972 11392 
3 15082 1992 8785 
3 10056 7471 7038 
3 15885 11546 6008 
3 7661 4611 15291 
3 10591 8291 5655 
3 5840 13226 2507 
3 7224 7868 10123 
3 2614 11857 4643 
3 4551 6674 10788 
3 2433 15307 1925 
3 15307 8430 12716 
3 16217 7476 7424 
3 4653 3989 7476 
3 12984 11482 14134 
3 15631 6724 13106 
3 1912 7478 3062 
3 3047 8383 7478 
3 6389 11262 15823 
3 6075 4484 15051 
3 3916 7480 3630 
3 3916 3300 7480 
3 10554 8781 7481 
3 14593 11075 6241 
3 8733 10675 1613 
3 6571 9254 11415 
3 5120 13532 3388 
3 11385 4487 9248 
3 10936 7484 8679 
3 6505 7917 15387 
3 14592 7485 7368 
3 7266 3739 7485 
3 10764 7486 11780 
3 8576 11824 13912 
3 2662 7487 7231 
3 16454 12098 5887 
3 12092 7488 9449 
3 1411 1410 7488 
3 14257 7489 6845 
3 10809 10155 3346 
3 5861 8378 2574 
3 8758 5492 8407 
3 15173 7699 10818 
3 10926 13867 8442 
3 3195 9344 15189 
3 11496 16554 7030 
3 10743 7493 3954 
3 5786 3300 7493 
3 4263 7494 3408 
3 12295 6061 7543 
3 6200 7495 5805 
3 8675 5661 7045 
3 429 7496 15922 
3 13443 6931 11458 
3 1607 7826 3135 
3 2796 7407 14631 
3 8914 10311 6473 
3 9130 2122 13915 
3 9089 14803 6857 
3 5426 10748 7499 
3 8724 7500 7016 
3 1398 1397 7500 
3 15653 7501 12505 
3 4354 11437 7501 
3 5423 11188 12203 
3 15622 3879 15769 
3 9604 8922 7503 
3 10485 12835 15397 
3 2198 7504 2225 
3 2597 2952 10131 
3 10819 7659 7505 
3 9508 8676 13554 
3 13710 7506 1655 
3 4850 5621 14430 
3 11608 15101 2115 
3 13709 14462 15395 
3 3316 7508 6125 
3 11366 1818 8155 
3 11223 13291 9342 
3 7245 10641 7509 
3 11097 7510 11984 
3 4048 6491 7510 
3 1978 7511 4607 
3 1978 2306 11471 
3 14551 11259 10902 
3 10902 3922 8712 
3 8293 15109 4234 
3 16396 3316 5556 
3 7035 7514 6012 
3 7035 6456 7514 
3 8271 7515 3303 
3 6600 3379 7515 
3 8384 7516 4696 
3 1730 2933 7516 
3 14078 7517 6889 
3 4319 4308 7517 
3 16057 7518 1865 
3 14427 2780 9308 
3 10582 16350 3180 
3 12692 5131 585 
3 794 7520 793 
3 4478 4698 7520 
3 10989 7521 9968 
3 2129 9393 13577 
3 2363 8474 6933 
3 13723 3282 7462 
3 4897 11557 3860 
3 4088 5092 15207 
3 3477 7524 6243 
3 2461 8160 14724 
3 4638 7525 4262 
3 4638 2379 7525 
3 5990 8290 2157 
3 2958 3304 7526 
3 7259 7527 7130 
3 7259 10876 7527 
3 11196 7528 2872 
3 2499 10184 7528 
3 4263 7529 7494 
3 15838 6541 13332 
3 8816 7530 5163 
3 2929 5241 7530 
3 8587 8158 8385 
3 10379 14162 7531 
3 8853 11605 10078 
3 16346 7541 2708 
3 1006 7533 15981 
3 1006 1007 7533 
3 1855 14221 3927 
3 12551 14365 5236 
3 3968 7535 2148 
3 4190 7220 12361 
3 5192 7536 4908 
3 15253 1205 1204 
3 10104 7537 10550 
3 11587 8124 7537 
3 1315 7538 8445 
3 1315 1314 16317 
3 9138 7539 8763 
3 3965 9341 7539 
3 13785 13046 7540 
3 13178 1676 7540 
3 5546 16346 2708 
3 16346 6481 7541 
3 2406 16130 16537 
3 11620 6459 14220 
3 15134 8156 7543 
3 14704 9217 6886 
3 14478 7544 430 
3 14478 433 14707 
3 3101 10580 15890 
3 10526 3551 14734 
3 9735 7546 7584 
3 4903 3083 7546 
3 2305 9205 11807 
3 2471 11407 14541 
3 13353 7548 13200 
3 2879 4180 10968 
3 9496 7549 7467 
3 5757 2413 7549 
3 4722 12274 4757 
3 12442 8972 10360 
3 11424 7551 2967 
3 11424 3836 13551 
3 7855 7552 13163 
3 14496 2260 12606 
3 8014 9312 11708 
3 5115 6163 8837 
3 2399 12204 5887 
3 1662 8869 8391 
3 1616 15164 5989 
3 9955 14025 7555 
3 4845 10434 11916 
3 7232 4164 7556 
3 6300 11002 4525 
3 11002 1098 7557 
3 7293 7558 11017 
3 3541 10396 10948 
3 6717 10515 4528 
3 16003 2182 12755 
3 13743 15346 2931 
3 15383 4116 7803 
3 15791 9811 7561 
3 9811 12251 7561 
3 9713 7562 2143 
3 5020 5674 7562 
3 11658 8956 7563 
3 8956 3894 7563 
3 14712 7564 3174 
3 10802 9577 11866 
3 5908 14627 6657 
3 14044 2839 10275 
3 13502 7566 5735 
3 11270 2212 5276 
3 4810 7567 3180 
3 11107 13885 7007 
3 1315 16317 7538 
3 16317 1311 7022 
3 6125 7569 5556 
3 4355 10427 15235 
3 9060 11446 14577 
3 4856 2741 7570 
3 14160 7571 7488 
3 6454 10982 7571 
3 14995 9923 3933 
3 9212 3596 7257 
3 13660 13725 2455 
3 3249 3682 7573 
3 315 316 14285 
3 4229 11131 13031 
3 4553 8778 14602 
3 4553 3382 8778 
3 4048 13267 6491 
3 6414 3721 7576 
3 3560 15215 6217 
3 15215 10271 1847 
3 9316 8358 10394 
3 14762 3291 2595 
3 16158 8892 4172 
3 11510 10144 2259 
3 1704 7580 4161 
3 5581 3139 7580 
3 4672 11596 2362 
3 5081 4310 15478 
3 6369 7582 2856 
3 6369 8205 7582 
3 11241 10293 7583 
3 4104 4467 7583 
3 9735 7584 13202 
3 7546 8310 16566 
3 514 7585 513 
3 11194 515 516 
3 4150 8603 8838 
3 15868 4052 7113 
3 13405 7587 5066 
3 4814 9092 14780 
3 15169 7588 10027 
3 12850 7053 10027 
3 7576 7589 6414 
3 11332 2313 7589 
3 12988 7590 1740 
3 12988 12647 7590 
3 7282 7591 4944 
3 7282 7880 15272 
3 2672 7592 11627 
3 6147 5542 7592 
3 14379 7593 4315 
3 10008 11333 9220 
3 2651 8283 9485 
3 4527 2118 10311 
3 12029 9683 7595 
3 2341 5325 7595 
3 6288 10996 4563 
3 10996 10147 15301 
3 4507 7597 5889 
3 3946 15643 7597 
3 1386 7598 1387 
3 1386 1385 14419 
3 8666 7599 5974 
3 6949 6733 10059 
3 3745 7600 2214 
3 3745 2075 7600 
3 10909 7601 8843 
3 12390 3579 13399 
3 673 7602 3093 
3 673 674 7602 
3 8456 14299 2062 
3 2957 10434 13135 
3 12327 8183 8418 
3 8183 5836 7604 
3 2182 7605 4765 
3 10634 8153 7605 
3 7011 7606 5449 
3 7011 12439 7606 
3 6592 8077 16569 
3 2309 7987 11522 
3 9998 7608 11826 
3 15422 1921 10538 
3 11640 7609 4256 
3 8577 4084 7609 
3 14927 11918 7610 
3 2364 8001 7610 
3 9550 7611 4916 
3 1916 16516 7611 
3 7097 11540 3491 
3 13578 8137 7962 
3 13722 7613 3239 
3 14591 8250 2244 
3 5559 7881 3290 
3 3235 6844 7614 
3 12957 7894 12129 
3 9377 14824 7912 
3 12309 9348 7616 
3 6115 10725 7616 
3 8231 7617 5469 
3 8231 13684 7617 
3 789 7618 788 
3 789 790 12322 
3 11088 10966 6067 
3 7676 5123 10017 
3 16370 9241 7620 
3 4292 8276 12436 
3 4713 7621 6324 
3 16114 3528 9416 
3 2472 7622 12406 
3 3707 10498 10968 
3 9123 10827 1738 
3 10210 879 880 
3 8902 7624 9210 
3 13345 9619 13468 
3 9655 7625 5212 
3 6996 9120 7625 
3 2451 7626 4041 
3 7925 5313 7626 
3 14659 7627 6038 
3 14054 3547 12306 
3 14411 13534 13241 
3 6357 13783 14815 
3 10916 8751 7629 
3 533 7438 7629 
3 3733 15198 3389 
3 15198 5968 8132 
3 7634 7631 4479 
3 5767 6127 7631 
3 10892 12118 14479 
3 14479 10558 7632 
3 7831 7633 8437 
3 4107 14020 7633 
3 9479 7634 4479 
3 4733 6304 8586 
3 15421 7635 6028 
3 11106 4403 8597 
3 12880 16438 3427 
3 7069 3464 9932 
3 6955 7637 5837 
3 6955 6850 10178 
3 11732 7638 9077 
3 11047 6466 6051 
3 14002 7639 6424 
3 2228 6424 7639 
3 2475 7640 7152 
3 2475 5499 7640 
3 4393 7641 2554 
3 16035 3387 6550 
3 9817 7642 3951 
3 15008 4396 7175 
3 7698 7643 3529 
3 2217 7873 12257 
3 4734 7644 8839 
3 11348 3105 8130 
3 2035 7645 15609 
3 2035 3471 7645 
3 11201 7646 6364 
3 2577 13121 7646 
3 7825 7647 4563 
3 7825 5222 10864 
3 2536 7648 6439 
3 7458 14512 7648 
3 14111 7649 5474 
3 5339 9867 12621 
3 6715 9831 9066 
3 7650 6961 12703 
3 13606 15772 7651 
3 5998 13944 7651 
3 14580 5648 15718 
3 12162 2779 7652 
3 15462 15618 4508 
3 3588 4739 7653 
3 8558 7654 6587 
3 7905 7181 15376 
3 12971 7655 4095 
3 3841 11822 7655 
3 7906 7656 5349 
3 13299 6272 10072 
3 9775 7657 2143 
3 4859 6452 12235 
3 13388 7658 5229 
3 4650 13516 7658 
3 5678 8813 3010 
3 10332 9535 2186 
3 16213 14133 12476 
3 14783 1772 15600 
3 11053 7661 15291 
3 6422 4611 7661 
3 6442 7662 12639 
3 5521 5183 10891 
3 2465 7663 2292 
3 2465 8990 7663 
3 5196 8897 15351 
3 13573 3320 2213 
3 15382 8520 12400 
3 5891 6950 7665 
3 6165 13248 6794 
3 7000 12341 7666 
3 5530 7816 12775 
3 9513 3942 9017 
3 5403 13385 16072 
3 5403 7881 13385 
3 3356 12721 13507 
3 13057 3186 8520 
3 2907 7670 5936 
3 6029 3600 7670 
3 6179 11273 6839 
3 5792 6196 15254 
3 15641 7672 16237 
3 5889 7597 7672 
3 3418 10384 14544 
3 8896 3936 8858 
3 6913 7674 3994 
3 6913 3120 8604 
3 14512 8672 14218 
3 5181 1718 7675 
3 6067 13453 7619 
3 10550 4385 10104 
3 7650 7677 6961 
3 15995 14746 15473 
3 8136 7678 4254 
3 14401 8282 14774 
3 11133 9283 1918 
3 15731 5466 7679 
3 1767 7680 3967 
3 9623 12173 13949 
3 6607 7681 2822 
3 6607 5550 7681 
3 10549 12080 6248 
3 12239 8504 14657 
3 13905 7683 3617 
3 5054 5880 7683 
3 6194 14938 2654 
3 3186 8140 8520 
3 4468 7685 2801 
3 3018 3666 7685 
3 9889 7686 1886 
3 4749 1619 7686 
3 10538 7687 3469 
3 6841 13457 11145 
3 2538 10683 4612 
3 4475 7191 16178 
3 1968 14424 4620 
3 5308 3668 7689 
3 10941 7690 6461 
3 14696 6255 4119 
3 12139 7691 3442 
3 3229 7271 13109 
3 5676 12194 7169 
3 7948 13217 10741 
3 2739 7693 13938 
3 2739 16303 7693 
3 10453 7942 5676 
3 4422 6169 14641 
3 14004 7695 2307 
3 13607 5047 12969 
3 16290 7696 2827 
3 13612 2155 15056 
3 16395 7697 9549 
3 15178 4098 7697 
3 8703 7698 5979 
3 5344 7643 7698 
3 16297 10328 7699 
3 14498 2185 10926 
3 10115 7700 10087 
3 5582 2212 7700 
3 10735 15090 3284 
3 12538 2158 7166 
3 9533 7702 3627 
3 12450 6258 11601 
3 15509 7703 12190 
3 2707 13698 7703 
3 8622 7704 4739 
3 10877 13735 7704 
3 2041 7705 2562 
3 2041 3571 7705 
3 4884 7706 7324 
3 14933 7346 10861 
3 9293 7707 9962 
3 11931 1926 1757 
3 12633 7708 7389 
3 13892 14081 13663 
3 12211 7709 7898 
3 7277 3434 7709 
3 5232 7710 6263 
3 5232 8457 16321 
3 2355 12013 15821 
3 9797 5099 560 
3 13102 11339 7712 
3 2937 16519 7712 
3 3034 7713 3395 
3 2310 6081 9441 
3 5178 7714 5782 
3 11891 8316 15184 
3 1028 1029 14700 
3 7176 2280 7715 
3 11941 16574 3417 
3 15327 4571 4767 
3 5157 7717 4118 
3 5157 14130 7717 
3 2655 7718 4820 
3 7238 11413 15714 
3 9499 5477 13464 
3 2663 1821 11328 
3 5138 12048 9939 
3 2167 3232 7720 
3 6518 7721 5833 
3 6518 10122 7721 
3 4971 13099 1861 
3 14684 6326 7895 
3 6880 7723 5303 
3 12547 8780 2297 
3 2484 7724 5387 
3 16185 6134 6367 
3 14956 7725 7379 
3 10867 3878 10442 
3 13595 7726 13884 
3 13884 6972 12449 
3 5617 7727 6301 
3 15092 693 694 
3 7723 7859 8798 
3 8213 7509 16427 
3 13480 7729 9676 
3 12979 3563 11463 
3 6933 8474 7522 
3 3097 2956 7730 
3 6081 7731 4187 
3 13828 13320 10743 
3 7616 9348 6115 
3 15140 13225 3054 
3 16503 9755 5809 
3 14924 6258 10836 
3 3292 14682 3599 
3 5446 3781 7734 
3 13015 14992 13665 
3 2450 1969 7735 
3 4596 7736 6648 
3 4637 7675 9296 
3 11729 11795 4241 
3 8766 8913 7737 
3 12862 7738 5610 
3 3862 4923 7738 
3 12145 15552 12392 
3 621 622 7739 
3 3659 8981 9268 
3 8981 8576 13912 
3 9828 7741 1758 
3 2218 4398 7741 
3 6165 7742 2591 
3 3272 12284 14990 
3 16120 16161 12887 
3 480 481 7743 
3 7435 7744 6327 
3 14447 10143 11391 
3 12705 10405 16243 
3 11453 3641 7745 
3 2527 14581 6378 
3 3718 11739 14588 
3 13195 7747 6423 
3 15357 14369 14057 
3 7320 7748 3514 
3 16533 4847 2351 
3 15794 12555 7749 
3 15237 1877 12026 
3 16232 7750 2425 
3 1950 14105 15328 
3 7278 1875 9983 
3 2232 8626 10911 
3 9160 7752 3907 
3 9160 13408 7752 
3 12861 10013 7753 
3 14341 13671 5352 
3 14861 7754 7662 
3 15224 6084 12324 
3 4340 7755 4537 
3 4340 2567 11601 
3 7473 13240 6144 
3 3747 13161 7756 
3 14993 15305 5467 
3 4381 4301 15061 
3 15264 12025 12876 
3 7758 15418 10196 
3 9961 12492 16249 
3 11353 16190 9789 
3 8957 7760 16516 
3 11522 7607 2309 
3 8443 9029 15167 
3 15316 13426 3534 
3 5987 11504 3036 
3 7970 3440 12099 
3 15636 7763 3320 
3 3613 9230 7763 
3 3729 11704 6253 
3 6337 10388 7764 
3 4509 7765 3990 
3 2980 3672 7765 
3 14693 13941 12014 
3 11444 12231 14726 
3 9928 7767 15830 
3 3246 3419 7767 
3 14943 8321 2674 
3 8800 14943 11901 
3 15465 9049 4396 
3 3324 6148 7769 
3 10364 7770 5959 
3 3751 13813 7770 
3 11022 7771 6341 
3 6355 7201 7771 
3 15217 16392 5114 
3 3811 4085 13582 
3 2938 7773 4207 
3 4619 3920 7773 
3 15283 10742 2354 
3 11943 5542 9647 
3 14083 15748 7775 
3 13183 4157 11148 
3 11295 7776 8100 
3 14794 3826 16159 
3 2391 7777 5097 
3 13741 7674 8604 
3 11238 7778 13124 
3 10706 6833 10042 
3 7082 14963 2068 
3 10165 7492 2761 
3 9824 8367 7780 
3 9711 6268 7780 
3 12995 9062 7781 
3 16283 2652 7268 
3 8822 7782 8471 
3 12222 13208 12560 
3 13421 7783 13956 
3 15094 11122 13956 
3 1612 7784 1983 
3 3251 9634 7784 
3 7650 7785 9938 
3 12703 6961 8069 
3 13705 7786 2350 
3 5473 3199 7786 
3 8800 7787 3152 
3 7768 4614 7787 
3 16052 7788 6267 
3 866 867 7788 
3 15062 7789 15183 
3 12210 4701 7789 
3 14246 7790 8409 
3 4950 4283 7790 
3 5675 7791 5925 
3 5929 3420 9299 
3 8893 13566 4064 
3 2585 1644 7792 
3 4824 7793 4253 
3 5919 6450 7793 
3 12188 7794 6355 
3 7630 3389 15198 
3 8934 7795 6614 
3 12722 14900 7895 
3 14174 7796 8395 
3 5343 7971 11267 
3 5843 9370 5574 
3 2840 6690 7797 
3 7629 11607 4099 
3 5983 9170 7798 
3 3024 7799 2179 
3 3024 6684 7799 
3 10939 4071 14720 
3 4071 13 7800 
3 15456 11805 7801 
3 12857 9834 4876 
3 8676 10106 3323 
3 2810 8992 7802 
3 13999 16288 7109 
3 13498 7002 2392 
3 3599 7804 1605 
3 15925 3781 2991 
3 12666 7805 12955 
3 12955 4121 12666 
3 6579 7806 5528 
3 6579 4709 7806 
3 8386 7807 6277 
3 13474 7575 8778 
3 8925 11461 16118 
3 13469 10643 3423 
3 8236 7809 7236 
3 4582 11339 7809 
3 3426 7810 3172 
3 9582 3168 7810 
3 16549 7811 13322 
3 12152 2906 7811 
3 15208 7951 1935 
3 14530 2208 12925 
3 11150 7813 7155 
3 7155 1624 8531 
3 669 8527 668 
3 16530 7133 13902 
3 15080 7815 11508 
3 15076 7409 3616 
3 12775 7816 7667 
3 5530 9688 12967 
3 5616 7817 1630 
3 6409 6550 7817 
3 11381 16206 6770 
3 10812 12311 8538 
3 12472 7819 6171 
3 7168 10903 7819 
3 9133 7820 5006 
3 6059 6504 7820 
3 10469 7821 4941 
3 3659 5041 8981 
3 9078 13627 14429 
3 9696 3027 11822 
3 9801 7823 5977 
3 8668 1725 7823 
3 10528 7824 14819 
3 6888 7663 7824 
3 5222 7825 6162 
3 5222 1943 10864 
3 16436 7826 5480 
3 7497 13450 7826 
3 5868 7827 3660 
3 5868 12496 7827 
3 15125 7828 9986 
3 5298 13249 7828 
3 10275 12745 1712 
3 5353 4914 7829 
3 16553 5055 11207 
3 13510 11207 13997 
3 9967 7831 8437 
3 6722 16008 7831 
3 8710 7832 4963 
3 6547 5551 14514 
3 455 6692 14128 
3 6546 5744 7833 
3 11106 7834 8439 
3 8597 5394 7834 
3 6621 7835 4568 
3 5342 7460 7835 
3 2929 7836 7017 
3 2929 8816 7836 
3 4404 7837 5264 
3 14725 4326 4441 
3 5695 10771 4452 
3 14408 10440 6223 
3 13064 13560 4209 
3 6576 2505 14295 
3 4511 7840 5126 
3 14127 7066 5064 
3 14765 16425 2095 
3 16425 8906 9622 
3 13584 15921 5852 
3 6129 4783 7842 
3 6175 7843 6610 
3 6175 8067 7843 
3 7176 15540 2280 
3 6180 3367 10596 
3 6129 13328 4641 
3 6728 8475 11169 
3 11407 15212 8422 
3 7062 8884 7846 
3 3055 7847 2029 
3 8185 5214 15161 
3 4387 7848 6357 
3 4387 8054 7848 
3 3446 15847 5630 
3 6482 5701 7849 
3 14082 16451 8201 
3 6743 3609 7850 
3 15619 11049 7851 
3 4555 1688 7851 
3 15021 7852 9106 
3 5689 2672 7852 
3 8075 7853 7283 
3 15279 13501 4260 
3 14939 13493 13600 
3 2270 2123 14942 
3 1620 7855 6441 
3 1620 4001 15575 
3 3995 7856 5432 
3 3995 3842 14960 
3 1705 7857 2805 
3 1705 4486 7857 
3 2680 13225 12252 
3 11408 4503 7858 
3 6880 12547 7723 
3 13253 11137 4023 
3 7157 7860 1846 
3 15829 13565 13555 
3 7637 14638 5837 
3 3855 12737 13728 
3 7002 12920 5455 
3 7803 7109 7862 
3 3411 7863 7024 
3 15841 6073 8563 
3 4200 7864 6499 
3 11205 5196 10814 
3 5775 7865 4002 
3 5775 8846 8161 
3 309 7866 308 
3 14372 13690 304 
3 15300 9369 11436 
3 11385 6480 9306 
3 10376 13424 1664 
3 10123 7473 7224 
3 11484 7869 6318 
3 2474 10692 7869 
3 6484 12616 2417 
3 15645 10837 8973 
3 13326 7871 6819 
3 4574 11692 16450 
3 2649 7872 3673 
3 7081 2875 13638 
3 12320 7873 12127 
3 9200 4272 12257 
3 3616 7874 3688 
3 5752 12216 11731 
3 5586 11598 2122 
3 10817 11093 9684 
3 4216 7876 4576 
3 10922 3514 8187 
3 16090 7877 11735 
3 3568 6203 7877 
3 15906 7878 6227 
3 4031 13285 7878 
3 13402 13277 7879 
3 7392 7406 8419 
3 12205 10415 8303 
3 8772 5561 7880 
3 9870 13385 5559 
3 15136 7668 14252 
3 14063 7882 3126 
3 14063 2725 12101 
3 15155 14767 3935 
3 5529 6017 7883 
3 4645 7884 5100 
3 4174 9781 11062 
3 12917 14677 13293 
3 15341 11364 7885 
3 16392 15217 7886 
3 8049 4585 6980 
3 4794 8186 7323 
3 6338 2700 7887 
3 5412 7888 1882 
3 15384 10834 10491 
3 10341 7889 10561 
3 11517 3498 11312 
3 14083 7890 4243 
3 16315 7407 6437 
3 15161 7891 4267 
3 6166 9778 7891 
3 2640 7892 5733 
3 2640 5481 7892 
3 2070 7893 5030 
3 7893 15579 11861 
3 12957 10114 6095 
3 15010 4900 5460 
3 12722 7895 6326 
3 9803 4837 11574 
3 9891 12671 5910 
3 13605 4599 16576 
3 11302 7897 4059 
3 10563 14917 7897 
3 12211 7898 12881 
3 5842 8593 7898 
3 15561 7899 4674 
3 1659 3189 15083 
3 14270 10013 10387 
3 6175 6610 9874 
3 15826 9644 10967 
3 1973 3482 7901 
3 6987 7902 9436 
3 6987 4799 7902 
3 10422 7903 4303 
3 5713 8996 7903 
3 9564 7904 8287 
3 3976 7457 7904 
3 4093 7905 7654 
3 16180 4517 3090 
3 15043 7906 5349 
3 6470 11374 7906 
3 8359 7907 10425 
3 9207 5358 8130 
3 8922 7908 7503 
3 10485 15397 9607 
3 6254 13201 1902 
3 11975 7434 6297 
3 15825 7910 10054 
3 11213 12690 8254 
3 14585 7911 7328 
3 15845 2036 3760 
3 16329 9652 14085 
3 13824 5458 11840 
3 858 7913 857 
3 7808 855 7913 
3 11713 8091 15230 
3 8091 6509 1922 
3 7901 7915 1709 
3 5992 5656 7915 
3 4419 14256 5768 
3 6283 10408 7916 
3 3657 7917 2002 
3 15387 7484 6505 
3 5455 16288 12202 
3 16288 7215 7918 
3 2015 7919 6416 
3 5933 15923 13185 
3 8171 7920 2791 
3 3276 6738 14701 
3 13435 7921 14045 
3 14557 3118 11523 
3 9731 7922 7370 
3 1880 5510 7922 
3 12206 12536 3081 
3 11807 9205 14064 
3 8455 7924 5203 
3 12596 2970 5763 
3 4526 7925 7626 
3 4526 7275 7925 
3 7336 7926 10846 
3 3933 7572 7926 
3 3386 7927 7105 
3 3386 12899 7927 
3 8529 7928 13590 
3 9750 4103 3938 
3 1171 1172 15132 
3 2825 4615 11577 
3 10371 7930 3109 
3 6644 12792 7930 
3 10517 12558 3481 
3 14989 7255 7931 
3 6159 8535 6680 
3 5788 4715 7932 
3 15699 7933 11251 
3 12886 5718 7933 
3 15504 7934 9586 
3 14925 7492 11280 
3 12459 8347 13170 
3 12451 5906 4604 
3 15002 7936 109 
3 12312 5166 15120 
3 3505 7937 10804 
3 15229 6668 12842 
3 7292 7938 5109 
3 9620 5032 3856 
3 6463 7939 5495 
3 6463 1922 7939 
3 4483 10636 4322 
3 5132 4170 7940 
3 12896 7941 9227 
3 12919 6016 8912 
3 10502 14118 6580 
3 4422 7694 8364 
3 10515 8467 7943 
3 8815 3187 15306 
3 14001 7944 6368 
3 6798 1626 7944 
3 6457 7945 6227 
3 9700 6425 6584 
3 12535 7946 3435 
3 11536 6300 4525 
3 9361 16033 4721 
3 12129 7615 5396 
3 12281 7948 10741 
3 16302 5246 7948 
3 7295 7949 11653 
3 7949 16169 11653 
3 14903 11442 7950 
3 1975 2422 8753 
3 1935 7951 7812 
3 6035 11254 7951 
3 4147 8365 7872 
3 8365 7149 7952 
3 1771 8450 3337 
3 3337 8450 13680 
3 8908 7954 11054 
3 2562 7705 7954 
3 4196 7955 7733 
3 4196 3647 14075 
3 3185 7956 15287 
3 10186 12423 6080 
3 5426 7957 4178 
3 13637 4026 9553 
3 9499 7958 7973 
3 2254 13929 7958 
3 7432 7959 5185 
3 10350 3989 10318 
3 11716 12773 4130 
3 5934 2195 7960 
3 15476 8789 3092 
3 5029 4848 12621 
3 13578 7962 16487 
3 12950 7962 11050 
3 15417 7963 8806 
3 16366 6797 14010 
3 14771 9649 7964 
3 4671 3953 7964 
3 1009 1010 12270 
3 5024 1012 15386 
3 14984 9182 7966 
3 3137 2172 16177 
3 3544 13227 3400 
3 4060 6929 8239 
3 2240 10526 6156 
3 10580 9150 6076 
3 14298 7969 6286 
3 9433 6797 5237 
3 8618 8106 7970 
3 14106 5144 13027 
3 1939 7971 3946 
3 11152 12744 8880 
3 12019 7972 9695 
3 16584 16173 4915 
3 6708 10644 5260 
3 5865 5477 7973 
3 15693 7974 13950 
3 1690 1821 7974 
3 15977 15408 7975 
3 3999 12154 8923 
3 8062 7976 9330 
3 7530 5241 12393 
3 5459 16158 10833 
3 3720 7813 11150 
3 9432 7978 1824 
3 9432 4232 7978 
3 12792 7979 7412 
3 11193 1653 7979 
3 8012 11586 5048 
3 4472 7031 7980 
3 13356 7981 10227 
3 15735 4598 13380 
3 4909 7982 4336 
3 4909 1900 13510 
3 1802 7983 4728 
3 1802 1864 7983 
3 2103 9400 3081 
3 5575 10481 7984 
3 16231 9362 4615 
3 1182 7221 16460 
3 2430 7986 3985 
3 10309 13125 2545 
3 4018 7987 2309 
3 14923 4480 16264 
3 7724 11127 5387 
3 10704 7142 7988 
3 3691 10850 11597 
3 8517 1706 15720 
3 9483 7990 6439 
3 6182 6602 7990 
3 5965 7991 11342 
3 2097 9804 7991 
3 7821 7992 4941 
3 7821 7740 7992 
3 11950 11077 7993 
3 5223 2345 8338 
3 154 155 14157 
3 6795 11232 13887 
3 12921 7995 5801 
3 5549 2194 7995 
3 6997 7996 2409 
3 11460 15771 4817 
3 2897 9098 5352 
3 12869 7726 13595 
3 14488 7998 15933 
3 13327 3871 11397 
3 15241 7999 9627 
3 5500 1872 7999 
3 9061 8000 6630 
3 3393 3368 8000 
3 2770 8001 2364 
3 14574 5104 8001 
3 5076 8002 2149 
3 5076 9158 8002 
3 6987 9436 5712 
3 6345 2365 8148 
3 12358 8004 2644 
3 2644 8004 14630 
3 15762 14680 3622 
3 12225 2242 10803 
3 7799 8006 6376 
3 15648 10518 3267 
3 5947 16277 2747 
3 6693 4042 8007 
3 5492 8008 2457 
3 12234 6801 10288 
3 1614 8009 2386 
3 3441 3501 8009 
3 11539 8010 9040 
3 2713 5021 9040 
3 13362 8011 10522 
3 7362 5508 15775 
3 10006 9105 5619 
3 9105 11586 8012 
3 11849 13982 7084 
3 10514 9264 9030 
3 5318 8014 2781 
3 9312 7553 11708 
3 11283 8015 3759 
3 11283 4012 8015 
3 14313 8016 13825 
3 11382 5999 1932 
3 7963 15459 4524 
3 16423 6781 5774 
3 7205 8018 5090 
3 3737 2257 8018 
3 8912 8019 6995 
3 6483 4929 8019 
3 5207 8020 7139 
3 10241 38 39 
3 5955 8021 3260 
3 14979 6890 3982 
3 15534 3236 10858 
3 6456 12084 8022 
3 8284 8023 3684 
3 3279 3112 16473 
3 4109 15743 5226 
3 4184 8314 8024 
3 8243 8025 8416 
3 14754 8998 615 
3 5655 15998 10024 
3 13564 9740 7475 
3 13188 8027 4927 
3 14619 11377 4759 
3 11797 8028 6182 
3 8028 9102 8848 
3 6535 8029 6929 
3 6535 7658 8029 
3 8045 8030 14410 
3 2690 5234 14114 
3 5782 8031 3820 
3 11806 8698 13963 
3 665 8032 664 
3 15874 5173 14337 
3 3345 8033 1600 
3 3345 13968 8033 
3 11042 8034 13428 
3 14793 13436 8365 
3 11643 8035 7273 
3 2389 10940 8035 
3 9672 8036 9189 
3 14432 4091 8036 
3 707 8037 6887 
3 12057 1966 4114 
3 7021 8038 6293 
3 9417 6434 10578 
3 2728 8039 10999 
3 5080 11452 14263 
3 11910 8040 1754 
3 3125 11274 14188 
3 3411 10539 12672 
3 4295 6837 9385 
3 4788 14327 15420 
3 15003 11138 627 
3 6540 12521 5729 
3 11885 6488 3694 
3 8261 8044 6221 
3 4223 7187 8044 
3 2675 8045 5472 
3 7025 8313 14354 
3 13543 12229 8046 
3 12229 2759 16355 
3 2804 8047 3183 
3 13687 10361 12517 
3 10496 11726 1741 
3 7870 2417 8048 
3 3779 15196 14271 
3 14271 15196 8443 
3 4496 10778 8801 
3 2611 5608 11322 
3 7449 8051 3964 
3 8051 16565 9173 
3 15859 8052 11163 
3 2139 5599 10727 
3 15403 8053 5065 
3 4433 6858 8053 
3 3825 8054 5739 
3 4387 6944 8054 
3 5156 8055 6403 
3 5156 8565 8055 
3 14013 8056 3709 
3 7106 16298 8056 
3 6424 12289 14166 
3 5993 16283 8057 
3 10567 8058 2493 
3 3163 2830 14932 
3 10009 16573 3162 
3 16008 6705 14020 
3 3419 8060 5766 
3 3246 3710 12944 
3 5287 8061 6245 
3 9214 4207 4360 
3 2502 8062 4219 
3 5163 7976 8062 
3 15641 8063 11244 
3 11826 7608 1683 
3 8616 12218 12389 
3 4384 8670 12356 
3 7884 8065 4174 
3 4645 8167 8065 
3 14391 8066 4442 
3 334 335 8066 
3 3467 8067 6175 
3 3467 9737 10793 
3 2097 8068 5156 
3 2097 7991 15419 
3 13204 8819 8774 
3 8774 10504 4753 
3 13566 8893 8070 
3 10881 8073 1989 
3 13433 8071 5858 
3 15359 1881 8071 
3 2279 8072 1856 
3 2279 1668 13670 
3 10881 8893 8073 
3 4064 8748 8073 
3 15820 8074 8662 
3 2229 3161 8074 
3 5877 8075 7283 
3 8915 12626 8075 
3 12180 8076 8587 
3 3358 13831 8158 
3 5944 7607 15546 
3 16569 14752 15914 
3 2004 12165 6361 
3 12165 4381 9536 
3 13354 8079 6581 
3 4055 6257 8079 
3 3813 8360 15527 
3 12879 907 908 
3 12247 8081 11779 
3 10476 13899 15601 
3 12347 8082 1889 
3 2215 12426 8082 
3 14356 12317 1713 
3 8083 12732 12141 
3 8191 8084 14281 
3 10798 2136 1905 
3 2695 8085 3005 
3 6773 9966 15583 
3 3937 8086 14298 
3 11867 4136 4019 
3 13995 11102 9329 
3 16115 6325 16556 
3 8793 8088 3845 
3 3354 11435 8088 
3 1789 10411 5807 
3 5807 10411 8089 
3 15331 8090 3716 
3 1918 9283 8090 
3 14472 8091 1922 
3 3025 16445 8091 
3 13647 13406 8092 
3 13406 10080 10653 
3 3658 8093 2619 
3 2689 4470 8093 
3 14781 13392 1661 
3 13392 7649 8094 
3 16044 8095 10862 
3 2151 4891 8095 
3 11528 8096 4204 
3 14381 2583 9587 
3 15668 8097 6809 
3 10234 2637 3198 
3 9050 8098 5173 
3 6381 2794 8098 
3 9338 8099 6176 
3 2403 2524 8099 
3 10559 11295 5442 
3 7776 1660 8100 
3 10356 9976 3436 
3 7300 3839 9730 
3 13437 12061 3208 
3 12133 10115 10087 
3 13423 8103 6767 
3 15358 2917 8103 
3 7189 8104 3190 
3 7189 16528 8104 
3 3866 10943 3355 
3 8440 7986 3423 
3 7970 8106 13329 
3 7970 12099 8618 
3 5574 8107 3757 
3 5574 7797 8107 
3 8565 8108 7722 
3 5965 6326 9196 
3 7059 8109 15765 
3 7059 5859 8369 
3 16577 8110 4590 
3 7497 2796 14631 
3 13585 8111 3531 
3 14810 3265 5657 
3 12561 8112 12435 
3 12017 5053 14681 
3 5436 8113 8128 
3 4785 6337 8113 
3 12493 12389 13737 
3 15740 4681 9153 
3 7832 8115 4963 
3 14514 5551 7367 
3 10059 8116 7599 
3 6937 6862 8116 
3 14382 8117 12356 
3 12787 6247 9091 
3 8625 8118 9285 
3 9059 13973 12143 
3 9142 14383 3273 
3 14708 11079 9746 
3 14073 12164 15558 
3 8300 4006 6478 
3 13839 8121 6657 
3 15005 4799 8121 
3 3306 8666 11579 
3 5974 1887 8122 
3 10684 10970 15690 
3 11755 6384 9450 
3 10420 11503 8124 
3 11503 198 8661 
3 8002 9940 10964 
3 14483 3773 10917 
3 9035 8126 1784 
3 2951 13297 8126 
3 2684 8127 11395 
3 12360 6617 4165 
3 15837 8128 11704 
3 8113 6337 8128 
3 8642 8129 8625 
3 2216 12016 15324 
3 6151 8130 5358 
3 6151 7644 8130 
3 2029 8131 3504 
3 12516 11641 7164 
3 6355 8132 7201 
3 7794 15198 8132 
3 14210 8753 2243 
3 2243 12978 8133 
3 3222 8134 6084 
3 15914 14998 8134 
3 12476 8135 9009 
3 12476 4239 8135 
3 14697 8136 4254 
3 4358 7678 8136 
3 14521 11154 11050 
3 16165 5578 11352 
3 13116 8138 4881 
3 13524 7473 13226 
3 9131 8139 6978 
3 10490 6536 2893 
3 2135 8140 3186 
3 2135 7293 9038 
3 14216 8141 6007 
3 12999 5641 9455 
3 4951 8142 2423 
3 3421 7427 15619 
3 3479 15959 16532 
3 4325 3315 8143 
3 13280 14935 7957 
3 2073 8920 8144 
3 5502 8145 10993 
3 5502 3746 8145 
3 10315 13808 3335 
3 8146 13808 9827 
3 14066 8147 2604 
3 9943 6099 7170 
3 8003 8148 7302 
3 8003 6345 8148 
3 8425 8149 6618 
3 5540 5064 8149 
3 1410 8150 7488 
3 1408 1407 8150 
3 7238 8151 7718 
3 2111 2745 9879 
3 16384 8152 9365 
3 9419 4082 8722 
3 10515 8153 8467 
3 10515 7943 4528 
3 4214 8154 11748 
3 4214 6733 8154 
3 1637 8155 4979 
3 13165 3913 9060 
3 9294 8156 15134 
3 14704 9294 9217 
3 1613 10675 7482 
3 10675 5573 13952 
3 3358 8158 8076 
3 12931 1446 1445 
3 3994 8159 6913 
3 15607 3768 5678 
3 15780 14724 6105 
3 14724 6418 7524 
3 13483 8161 7032 
3 13483 5775 8161 
3 6358 8162 6341 
3 4386 4507 8162 
3 5796 8163 6747 
3 1884 4426 8163 
3 7433 8172 6408 
3 8172 5427 8164 
3 1574 8165 6615 
3 1625 5717 10468 
3 11137 13253 2297 
3 2349 5217 8166 
3 5438 12068 5100 
3 1876 8065 8167 
3 14723 8168 11279 
3 15794 8687 12555 
3 10685 8588 12451 
3 10685 12451 13989 
3 9789 8170 2377 
3 6539 11875 8170 
3 13626 8171 6080 
3 14461 7920 8171 
3 10893 8172 8164 
3 7433 12930 8172 
3 5253 8173 6591 
3 14940 15538 14051 
3 2536 8174 7458 
3 14218 13440 4017 
3 2985 8175 6066 
3 2699 14607 8175 
3 15983 8464 8176 
3 8464 6046 8176 
3 4348 12466 2462 
3 6540 7345 8177 
3 5180 8700 4562 
3 5746 3183 15878 
3 13904 13958 6664 
3 4415 3722 8179 
3 3009 8180 13534 
3 3009 11435 8180 
3 9565 9184 5346 
3 12021 3476 8868 
3 13043 8182 7366 
3 6098 12685 8182 
3 5478 8183 6647 
3 5478 5836 8183 
3 6656 8184 6317 
3 13139 11939 6406 
3 3055 8185 7847 
3 13819 4702 6132 
3 8348 8186 11816 
3 8348 7323 8186 
3 4576 7876 12327 
3 12327 10922 8187 
3 3880 10755 1967 
3 10755 3003 13256 
3 6804 10090 6099 
3 15556 10710 4662 
3 14976 12126 8190 
3 12126 13459 10398 
3 8814 8191 3327 
3 1672 3006 8980 
3 9325 8192 14480 
3 15685 9637 4312 
3 3292 8193 3056 
3 3599 1605 11509 
3 14314 8194 6232 
3 4036 6344 8194 
3 12414 10205 11600 
3 12419 13094 8705 
3 11750 8196 14897 
3 11750 347 8196 
3 13895 8197 10519 
3 8796 3592 6605 
3 6226 12433 7450 
3 7389 13663 8198 
3 3252 8199 5634 
3 3252 6878 8199 
3 14653 8200 14685 
3 15691 2001 2494 
3 11746 14082 8874 
3 14082 1840 13301 
3 9157 8202 10266 
3 6960 5416 8202 
3 12923 8203 1845 
3 8165 12907 12367 
3 631 8204 8042 
3 5490 1899 12751 
3 2114 8205 6369 
3 16124 6128 8905 
3 3460 6519 13422 
3 9347 9681 5208 
3 5208 8967 4338 
3 1871 10479 15490 
3 2167 9339 8885 
3 7720 9939 8208 
3 4790 12029 4580 
3 11210 5424 3257 
3 14561 16379 2714 
3 12027 5898 2710 
3 5694 8211 4513 
3 6461 5148 15507 
3 9858 8212 16076 
3 6720 16461 8212 
3 13269 8213 7728 
3 7245 7509 8213 
3 8380 8214 5772 
3 5512 12500 13718 
3 10674 8215 2946 
3 7072 11589 8215 
3 16226 8216 11007 
3 6595 7384 11007 
3 2130 12075 2248 
3 13339 6689 13754 
3 12010 8218 9757 
3 13002 6317 8218 
3 14115 8219 12624 
3 16074 3470 6671 
3 10639 8220 5286 
3 3371 2923 8220 
3 3019 9177 4925 
3 15771 6197 6336 
3 7803 10613 7109 
3 9043 6508 12028 
3 6218 8223 3858 
3 11500 8056 16298 
3 15057 8224 11785 
3 1749 7363 11564 
3 13937 8225 7565 
3 8225 14044 11027 
3 10397 8226 7014 
3 14485 3838 8249 
3 11309 11582 3689 
3 14289 14107 14558 
3 8004 9809 14630 
3 4749 7686 8228 
3 9568 8229 3625 
3 6321 11317 8229 
3 4802 8230 2078 
3 14584 3448 10026 
3 5235 13137 15994 
3 5330 1836 13684 
3 3085 13331 5438 
3 1677 5799 8232 
3 13802 8233 6928 
3 11669 4167 4607 
3 2531 8234 6040 
3 15909 1620 9843 
3 4341 13409 2324 
3 13409 7628 11615 
3 6093 8236 7236 
3 2377 8170 10726 
3 3190 15528 13708 
3 3283 5234 8237 
3 167 8238 166 
3 167 168 8238 
3 15480 8239 6929 
3 9406 3585 8239 
3 15035 8240 12027 
3 6603 3941 8240 
3 13387 9054 6921 
3 15099 8818 3174 
3 12333 8242 1785 
3 13112 2543 2096 
3 8356 12577 4969 
3 14679 10625 8025 
3 12147 8244 9526 
3 7360 9112 9186 
3 4630 8245 2254 
3 1791 8509 12468 
3 15422 11087 12006 
3 1683 7608 16113 
3 7152 8247 6356 
3 7640 6970 8247 
3 11357 9143 10136 
3 11346 3782 9215 
3 15861 8249 10900 
3 3838 3152 8249 
3 4827 8250 2264 
3 4827 2612 8250 
3 11431 15862 7263 
3 10446 6938 15489 
3 5084 3833 11592 
3 10028 4912 8252 
3 7903 8253 4303 
3 7903 4456 10285 
3 10187 11213 12657 
3 4062 8462 8254 
3 4345 12042 4953 
3 16235 2059 4480 
3 7404 8256 3405 
3 7404 6977 8256 
3 5397 8257 3833 
3 5397 9372 8257 
3 2547 8258 7351 
3 8452 14394 14234 
3 10702 8259 6229 
3 8952 1577 1576 
3 15883 8260 14432 
3 12174 13986 8260 
3 2839 8261 6221 
3 8261 14954 10117 
3 3064 14911 2237 
3 14986 7255 14702 
3 9123 8263 10827 
3 11952 2004 15052 
3 864 8264 863 
3 864 865 8264 
3 12577 8265 4969 
3 4112 9562 14679 
3 1238 8266 1239 
3 6550 1976 8266 
3 7151 8267 4720 
3 7151 14656 8267 
3 4506 8268 6308 
3 4506 2667 9062 
3 15007 15916 10853 
3 3002 12913 8269 
3 16594 15797 2838 
3 10303 3428 8508 
3 6948 11978 3303 
3 9148 6600 7515 
3 12300 9378 8272 
3 4253 4106 8272 
3 5426 3693 13637 
3 3693 1928 8273 
3 15451 11728 8274 
3 9891 6448 12671 
3 15941 13922 9425 
3 13828 6739 7731 
3 6040 9373 3233 
3 12436 7620 4292 
3 6012 8277 2709 
3 6012 7514 8277 
3 14564 8278 9005 
3 14785 5583 13212 
3 12686 8279 4458 
3 15216 5714 8279 
3 5265 8280 5557 
3 13115 5525 7858 
3 12898 8281 9733 
3 8398 10145 9733 
3 10695 8282 4358 
3 10695 12475 8282 
3 7594 8283 4527 
3 7594 9485 8283 
3 2129 13097 3684 
3 3279 13755 8284 
3 1651 8285 6083 
3 16408 3471 4011 
3 8053 8286 5065 
3 6858 7196 8286 
3 4459 8287 7904 
3 14202 10754 5462 
3 9455 8288 8827 
3 10650 5643 8288 
3 13111 8289 10294 
3 5554 8809 9907 
3 2958 8290 7008 
3 7526 2157 8290 
3 13177 8291 6422 
3 6109 5505 15998 
3 15058 8292 4971 
3 5849 5004 8292 
3 9247 8293 4234 
3 3913 15331 11446 
3 4037 8294 5518 
3 4037 4886 8294 
3 16475 9457 9246 
3 7426 15628 8295 
3 13202 8417 8296 
3 6477 6693 8296 
3 4197 8297 3317 
3 11507 5588 11769 
3 11709 8298 7073 
3 14674 2972 15235 
3 6327 8299 7435 
3 2643 3828 8299 
3 9591 8300 8120 
3 2607 11344 8300 
3 12984 8301 5984 
3 15048 7875 11598 
3 4076 10659 3214 
3 1933 16024 16266 
3 12205 8303 9754 
3 10415 16440 8303 
3 10093 8304 549 
3 13890 3629 8304 
3 3833 8305 5397 
3 10951 10448 8305 
3 14466 10381 8306 
3 9635 7202 3185 
3 5606 8307 2653 
3 2890 10034 8307 
3 10627 14764 3973 
3 4997 6188 8308 
3 11791 8309 1921 
3 11236 13457 9758 
3 4745 8310 5754 
3 4745 16566 8310 
3 14761 8311 14191 
3 3217 3640 8311 
3 9265 8312 6853 
3 2836 2830 10366 
3 15762 8313 14680 
3 7025 4182 14680 
3 5510 8314 4184 
3 5510 3861 10051 
3 2546 8315 5182 
3 6031 5832 8315 
3 5506 8316 15675 
3 5506 11058 8316 
3 13343 15694 13183 
3 15694 15748 11992 
3 11275 8318 5909 
3 8318 11937 13040 
3 8530 11895 13654 
3 11270 5276 15168 
3 14655 8320 10336 
3 2227 7725 10336 
3 2674 11901 14943 
3 3838 11435 8321 
3 4592 10407 5060 
3 2629 12927 8322 
3 6493 13186 3117 
3 6988 9642 8323 
3 14172 9403 8324 
3 16511 12968 9593 
3 5400 8325 5365 
3 5400 7929 8325 
3 5768 10077 4419 
3 10077 1924 8326 
3 13959 13062 2189 
3 15191 2189 9551 
3 13477 8328 10861 
3 12477 3581 3492 
3 10946 8835 7376 
3 6285 1049 8329 
3 4716 8330 5496 
3 8501 1698 7166 
3 14672 8331 5817 
3 15879 4880 10466 
3 1380 8332 1381 
3 1380 1379 9866 
3 10988 8333 2754 
3 5370 7752 13408 
3 16325 12771 8334 
3 7628 8458 8334 
3 10952 8335 6642 
3 2220 6957 8652 
3 9251 8336 4132 
3 11090 10801 5429 
3 4738 8337 2224 
3 16480 11292 12189 
3 7750 11004 2425 
3 11004 7993 8338 
3 14128 13857 16362 
3 13074 5680 10569 
3 12778 8340 6087 
3 3903 2658 8340 
3 12652 8341 3489 
3 13775 6431 11627 
3 15892 8342 14905 
3 8342 15284 9071 
3 12437 8357 8343 
3 8357 12859 8343 
3 15049 8344 6753 
3 6230 2655 8344 
3 6773 8345 8085 
3 13491 10071 8623 
3 15030 8346 7527 
3 11029 6914 12823 
3 3404 8347 2266 
3 13488 6823 6453 
3 3331 9843 1620 
3 7887 12824 8348 
3 10364 8349 7770 
3 16153 7770 8349 
3 7172 12365 5063 
3 2872 7528 8350 
3 6826 8351 4956 
3 9962 7019 9293 
3 14225 8352 14204 
3 7325 14204 8352 
3 9675 15492 5652 
3 8353 13619 11237 
3 16151 8354 5102 
3 3472 2593 8354 
3 10245 12085 13675 
3 6807 4940 8355 
3 10280 14784 8940 
3 15747 14178 3770 
3 12437 8570 8357 
3 12756 7127 12215 
3 7578 8358 6735 
3 7578 9602 13081 
3 8268 9062 12995 
3 11182 11089 4454 
3 15875 8360 3813 
3 903 904 8360 
3 13263 8361 9577 
3 16570 3029 13848 
3 2456 8362 9251 
3 10801 8615 10762 
3 9659 9845 2886 
3 10524 4059 7897 
3 7942 8364 5676 
3 7942 4422 8364 
3 7872 8365 7952 
3 11720 8323 10845 
3 2797 12860 6907 
3 4632 3069 8366 
3 9711 8367 14778 
3 7780 7422 9824 
3 3064 8368 4806 
3 2239 2445 15703 
3 7059 8369 8109 
3 9869 4901 9556 
3 9597 9093 9235 
3 5707 4227 8370 
3 1293 8371 1294 
3 2020 5748 8371 
3 7030 8372 9058 
3 14795 15504 9202 
3 10213 8373 2369 
3 8709 14175 11515 
3 10892 8374 3144 
3 4293 16429 14015 
3 9243 8375 7446 
3 11258 12757 11332 
3 14845 8376 4659 
3 15757 8399 11175 
3 7263 15489 9033 
3 6397 5262 8377 
3 9915 8378 5861 
3 14832 6366 8758 
3 15257 8379 12840 
3 12068 7141 3795 
3 6924 8380 5772 
3 14520 4578 12307 
3 14480 8381 12647 
3 13810 9383 4199 
3 2073 14935 5535 
3 14425 8273 1928 
3 3466 8383 3047 
3 3466 4883 8383 
3 8836 8411 8384 
3 1730 7516 8384 
3 6334 8385 7531 
3 8158 13831 11961 
3 10489 8386 6277 
3 13474 4875 7575 
3 15708 8387 10329 
3 6489 9762 11660 
3 13839 8388 8003 
3 6657 14627 8388 
3 12822 8389 11491 
3 5144 6133 8389 
3 5290 14604 13840 
3 7115 2664 8390 
3 1662 8391 10418 
3 7074 9858 16076 
3 14387 8392 4911 
3 5486 5011 15442 
3 12980 8393 7406 
3 5275 9590 12921 
3 4093 8394 7905 
3 4093 1652 8759 
3 6358 12192 7796 
3 7796 12192 8395 
3 9334 12514 8396 
3 14587 1971 14319 
3 9937 8397 2397 
3 6819 6216 8397 
3 12898 8398 8281 
3 10753 3122 10145 
3 5806 8399 3136 
3 5806 3617 12359 
3 4137 8400 4566 
3 14952 4105 12491 
3 1705 8401 7154 
3 2805 2229 8401 
3 8803 14266 2174 
3 16045 6372 1769 
3 13911 9000 8403 
3 16511 5609 2781 
3 7462 8404 9860 
3 7462 3282 10739 
3 15658 8405 10128 
3 14467 6245 11064 
3 2222 8406 16119 
3 2222 4666 8406 
3 14052 8407 5492 
3 2926 7490 8407 
3 4735 8408 4747 
3 9434 14763 12267 
3 12340 13294 6702 
3 12465 2151 5876 
3 12989 8410 3037 
3 16540 16313 8410 
3 1730 8411 7355 
3 1730 8384 8411 
3 4717 12613 1746 
3 3914 4061 8412 
3 12812 8413 10133 
3 12812 4966 8413 
3 12090 8414 4462 
3 4462 14753 12090 
3 10952 14311 2220 
3 13069 1608 11508 
3 4969 8416 15474 
3 4969 8243 8416 
3 8296 8417 6477 
3 7584 16566 8417 
3 12327 8418 9730 
3 8183 7604 8418 
3 14913 10923 13886 
3 15494 4226 7879 
3 7599 8420 5974 
3 7599 5971 8420 
3 13942 8657 13351 
3 6681 9961 13630 
3 8808 8651 12695 
3 12695 9422 8422 
3 1691 11638 2250 
3 4964 5381 8423 
3 9701 8424 3691 
3 5313 2290 8424 
3 8149 8425 5540 
3 15054 3603 9890 
3 2064 10473 2024 
3 16358 8178 4562 
3 14032 14211 8427 
3 15751 4634 9970 
3 6563 8428 1675 
3 6765 14669 8428 
3 1651 10553 8285 
3 14122 3471 8429 
3 4581 8430 7131 
3 4581 12716 8430 
3 16248 8431 5296 
3 13464 4630 2254 
3 7160 13478 1982 
3 13478 9753 7372 
3 2894 8433 3848 
3 2894 13105 8433 
3 6438 9078 14429 
3 2452 12617 9460 
3 5900 8435 5098 
3 5900 6563 8435 
3 11849 8436 12495 
3 15690 7134 10684 
3 13759 5531 2753 
3 7421 16254 8437 
3 9145 8438 4984 
3 4082 5781 8438 
3 11775 11106 7635 
3 7834 13887 11232 
3 12620 8440 8105 
3 3985 7986 8440 
3 14508 8441 2935 
3 7259 7130 12571 
3 7491 8442 8061 
3 10926 2185 15292 
3 8049 8443 1803 
3 6063 4388 9029 
3 5987 8444 5008 
3 12689 5745 7364 
3 1320 1319 16093 
3 1319 1318 8445 
3 3958 8446 2384 
3 3958 6732 8446 
3 14831 8447 5967 
3 2901 12637 12924 
3 16112 8448 13589 
3 5540 8425 9463 
3 9112 9640 9708 
3 15944 8182 13043 
3 1420 9180 1421 
3 15464 8999 9275 
3 4887 8451 8697 
3 4418 4833 8451 
3 14234 9812 8452 
3 9812 3734 8452 
3 6302 8453 15274 
3 6302 8574 15812 
3 3549 8454 3731 
3 3549 6629 8454 
3 10306 9894 8455 
3 15096 9853 10657 
3 6378 12959 2527 
3 5153 14299 8456 
3 5946 10647 5232 
3 5717 1561 8457 
3 10433 8458 5956 
3 10848 11590 10449 
3 10680 8459 8498 
3 2857 1628 12108 
3 6602 8460 2198 
3 6602 6182 8460 
3 9988 8461 15319 
3 12479 7153 8461 
3 8788 8462 4062 
3 8462 12178 10441 
3 13205 8463 2264 
3 13199 4873 2802 
3 2636 13346 15983 
3 15907 9683 6046 
3 5151 12737 14564 
3 12642 11994 10096 
3 15636 10627 8466 
3 3973 14764 8308 
3 7559 8467 8153 
3 16003 10634 2182 
3 15304 9665 9462 
3 14711 5978 5336 
3 5363 4005 8684 
3 14604 5290 10783 
3 14344 6915 8115 
3 10770 6915 14344 
3 8822 8471 10372 
3 7782 11712 14965 
3 13105 8472 11790 
3 11006 4726 6500 
3 12155 8473 5841 
3 11911 11687 15437 
3 2956 8474 3219 
3 3097 7730 8474 
3 6552 11169 5694 
3 11169 10662 7845 
3 9715 15071 1843 
3 5838 2236 8867 
3 6454 8477 6329 
3 6454 7571 14160 
3 7727 8478 6301 
3 7727 15092 8478 
3 5399 8479 5872 
3 13442 3280 3681 
3 1055 8480 1054 
3 1055 1056 8480 
3 13212 8481 8542 
3 4815 10037 8481 
3 3156 8482 3471 
3 3156 5152 8482 
3 314 8483 313 
3 15373 14285 7574 
3 1787 8484 6809 
3 5098 8435 15668 
3 10227 8485 11859 
3 2132 7190 8485 
3 12411 8486 3819 
3 15238 5951 1755 
3 3472 8487 3717 
3 15097 9714 2563 
3 1542 9532 5050 
3 8454 6629 8488 
3 8948 8489 5864 
3 10573 15660 8489 
3 6207 11466 2657 
3 3974 1693 9887 
3 10276 10655 2935 
3 16575 12339 8491 
3 13893 15456 7801 
3 9834 3077 4876 
3 5704 14953 14234 
3 12114 3997 9264 
3 9825 8494 2557 
3 1998 14910 16385 
3 3425 8495 1947 
3 3302 6475 8495 
3 1642 8496 5873 
3 10575 15831 8496 
3 214 215 14569 
3 12941 3401 5618 
3 2857 8498 8459 
3 13166 874 875 
3 10489 8499 8386 
3 15329 15856 13474 
3 7435 8500 7744 
3 14915 11752 8011 
3 10399 5284 9571 
3 9297 5931 16155 
3 3114 15467 2549 
3 15467 14137 10723 
3 12045 8503 3325 
3 12031 5903 15221 
3 12427 10097 8504 
3 12239 2473 9057 
3 603 15754 2514 
3 1874 6828 8505 
3 3242 8506 6214 
3 5652 8353 11799 
3 10250 14384 5423 
3 7080 3220 8507 
3 5690 11611 2678 
3 14232 10303 8508 
3 12468 8509 10612 
3 1791 2661 8509 
3 16494 13973 16225 
3 9725 3664 8748 
3 6260 8511 2324 
3 6260 5600 8511 
3 2183 15289 5587 
3 2183 2990 15289 
3 13805 13428 8761 
3 14333 6988 6478 
3 3525 9073 1729 
3 9073 1948 14880 
3 2012 8515 938 
3 2012 12314 8515 
3 11533 8516 5454 
3 2998 7459 8516 
3 11597 10850 15285 
3 4686 12398 8517 
3 7781 11584 4289 
3 11584 2652 11616 
3 6959 8519 5829 
3 6959 2451 8519 
3 13057 8520 7684 
3 12400 7344 10724 
3 10545 11358 1886 
3 4274 2703 8521 
3 9387 8522 12564 
3 13503 6597 11581 
3 16545 14867 10930 
3 8787 4796 12665 
3 5723 8524 7884 
3 4374 5100 8524 
3 6364 11015 12764 
3 15252 1762 10386 
3 13578 16487 7612 
3 16487 5327 8526 
3 11935 8527 3406 
3 7814 8032 8527 
3 12608 6298 3409 
3 8923 12154 8528 
3 3100 8529 5334 
3 3100 11412 8529 
3 12836 8530 13654 
3 7566 9615 8530 
3 12384 10792 11218 
3 11150 7155 8531 
3 2169 8532 5435 
3 4872 2961 13082 
3 15992 8533 4218 
3 2815 5815 8533 
3 12453 9774 12778 
3 3048 6646 8534 
3 7932 8535 5788 
3 7932 6680 8535 
3 12315 8536 6748 
3 13195 2670 8536 
3 6201 8537 6638 
3 3455 6964 14197 
3 9949 10812 15727 
3 14891 2272 8864 
3 9923 8539 9270 
3 11591 5270 3596 
3 10902 8712 8540 
3 14362 10635 2486 
3 2940 8541 2321 
3 15084 7830 6712 
3 15001 14077 8542 
3 14077 7004 13212 
3 13247 8543 4170 
3 3463 12548 8543 
3 9307 8544 12650 
3 4068 6696 8544 
3 9384 8545 1712 
3 6942 8964 11027 
3 5690 8546 4034 
3 11772 14904 14058 
3 6458 8547 9190 
3 3485 6118 8547 
3 7790 8548 4950 
3 5876 9779 8548 
3 3862 8838 4923 
3 11247 6946 11505 
3 10756 8550 5554 
3 6711 10973 8550 
3 6314 8551 3368 
3 5167 1893 14529 
3 7267 11967 2570 
3 14827 3909 11190 
3 15583 8553 3098 
3 1636 2218 8553 
3 11513 8554 4205 
3 5533 4329 8554 
3 9623 8555 3653 
3 9215 3782 6331 
3 14459 8556 10709 
3 14459 12669 8556 
3 3296 8557 9854 
3 3296 7405 8557 
3 12786 8558 6587 
3 2288 14400 8558 
3 13040 8559 5012 
3 15425 3264 9232 
3 8191 10798 8084 
3 10798 1905 14281 
3 9100 8561 6359 
3 8783 13485 8859 
3 14330 11059 10676 
3 15525 2097 3797 
3 9602 8563 6073 
3 12291 4295 8041 
3 13600 8564 3600 
3 12382 11762 13351 
3 13316 8565 13099 
3 8611 5965 8108 
3 10513 8566 11264 
3 13608 6708 12868 
3 3505 8567 3461 
3 13994 7274 12320 
3 11346 8608 9816 
3 12815 7275 6959 
3 16480 8569 4651 
3 12189 9415 8569 
3 2386 9749 6071 
3 8009 3501 9749 
3 14515 12220 12232 
3 12345 1895 6164 
3 6769 15426 2874 
3 3801 1231 8572 
3 10367 11850 8363 
3 10524 5285 8573 
3 2499 8574 10184 
3 15812 8453 6302 
3 7340 15194 6018 
3 16351 11606 12814 
3 7740 8981 13912 
3 5041 2841 8576 
3 11640 8577 7609 
3 8577 11080 8791 
3 8262 8578 2237 
3 10620 6520 1790 
3 12397 8579 4236 
3 12397 4689 8579 
3 13561 8580 2370 
3 4360 5243 8580 
3 15711 8581 6237 
3 3743 5490 8581 
3 13252 8582 12638 
3 3949 15165 8582 
3 3915 16194 12156 
3 11454 71 72 
3 3348 10954 5710 
3 3149 8641 8584 
3 14435 8585 2461 
3 8160 2461 8585 
3 4733 8586 7634 
3 6304 7290 8586 
3 12180 8587 6334 
3 8076 8158 8587 
3 7935 10685 13989 
3 14675 9480 2068 
3 8441 8589 7259 
3 14864 8491 12339 
3 5401 2497 13255 
3 2497 8971 8590 
3 7374 8591 6601 
3 2927 4219 8591 
3 9016 8592 3376 
3 14080 9409 6056 
3 3658 8593 2689 
3 10018 12381 3351 
3 5941 8594 2241 
3 11723 5941 16224 
3 14118 8595 4422 
3 10502 12502 8595 
3 6645 11192 15405 
3 4354 7501 8596 
3 11106 8597 7834 
3 4403 5394 8597 
3 10931 8598 7193 
3 16341 3729 6253 
3 715 8599 714 
3 2396 13807 8599 
3 4706 8600 5226 
3 5781 4617 8600 
3 13999 8601 6568 
3 14868 7839 13560 
3 269 8602 3523 
3 269 270 8602 
3 15868 8603 4052 
3 4150 4052 8603 
3 6913 8604 7674 
3 3120 5164 8604 
3 12144 10270 3898 
3 4236 6608 8991 
3 16300 8606 12240 
3 5923 9580 14798 
3 15931 8607 11085 
3 8109 11003 8607 
3 9816 8608 8555 
3 15686 8248 11346 
3 4810 8609 4288 
3 4810 3180 16350 
3 3314 8610 7299 
3 4051 9079 8610 
3 5156 8611 8565 
3 15419 7991 8611 
3 11203 14517 9715 
3 5838 8867 12153 
3 16384 15987 8613 
3 6390 2165 16034 
3 2560 8614 3886 
3 2876 8692 8614 
3 387 10762 4616 
3 3433 383 8615 
3 14292 10465 14112 
3 12389 8064 14117 
3 7180 8617 5265 
3 7180 3193 8617 
3 11504 8618 12099 
3 11504 5008 14586 
3 6520 8619 1790 
3 6520 2551 8619 
3 8663 8620 6323 
3 13689 4125 14179 
3 4166 14366 2267 
3 14366 5822 14205 
3 3588 10942 4739 
3 5236 2444 8622 
3 10823 15103 10315 
3 14049 2758 12901 
3 3157 9520 16287 
3 16287 2783 5085 
3 8642 8625 2325 
3 8129 14072 8625 
3 15482 9743 8626 
3 9743 557 14547 
3 4754 12774 13696 
3 1650 4274 12233 
3 4751 8628 6879 
3 4751 10668 8628 
3 8366 8629 6907 
3 8366 16085 8629 
3 13195 8630 7747 
3 8536 7090 8630 
3 14345 8631 6992 
3 6011 9459 8631 
3 11478 9278 8632 
3 11109 2519 12210 
3 4907 8782 6425 
3 8782 6270 8633 
3 1607 8634 6513 
3 3135 7826 13450 
3 8415 8635 3694 
3 12432 3692 8043 
3 3665 14691 3903 
3 14691 11529 3201 
3 12650 8637 7122 
3 2789 4920 8637 
3 3578 8638 6492 
3 1707 6095 8638 
3 3240 8639 7461 
3 7368 7485 8639 
3 10884 11406 2505 
3 8723 1365 1364 
3 12325 8641 10757 
3 2134 8584 8641 
3 2216 8642 2325 
3 2216 8129 8642 
3 9898 11425 6524 
3 10295 12415 2412 
3 8410 16200 3037 
3 16200 3758 8644 
3 2761 13357 15929 
3 15929 13357 8645 
3 3233 8646 8276 
3 9373 9394 8646 
3 14950 8647 12749 
3 3030 10033 12136 
3 13417 8648 6108 
3 3901 9059 13422 
3 11828 8649 2859 
3 3306 6665 8649 
3 16065 8650 11856 
3 2625 6430 9286 
3 12695 8749 8808 
3 8808 7846 5912 
3 10216 8652 3177 
3 7982 8335 8652 
3 15470 8653 4162 
3 2374 3792 8653 
3 10083 8654 3775 
3 10083 7053 14330 
3 4486 9727 7857 
3 8717 2805 8655 
3 13175 8656 13425 
3 13018 5628 13917 
3 2028 9088 5261 
3 14482 3787 5936 
3 9968 9830 10869 
3 5681 5838 8658 
3 11374 9010 9669 
3 2641 6964 8659 
3 3104 9540 3325 
3 9540 3207 4876 
3 200 11008 199 
3 10365 5123 12794 
3 5547 12190 8074 
3 6447 5986 8662 
3 6891 12446 3890 
3 11126 7484 15387 
3 3517 8664 6694 
3 3517 9152 8664 
3 8558 12786 2288 
3 4074 4436 8665 
3 6949 8666 2121 
3 5974 8122 11579 
3 13186 8667 3117 
3 12163 11211 14169 
3 9801 15640 7823 
3 8668 16206 14272 
3 7136 8669 3449 
3 5109 7938 8669 
3 2347 8670 4384 
3 2347 5970 8670 
3 16099 11493 7701 
3 11493 3510 3221 
3 9595 8672 8174 
3 12780 7290 8672 
3 278 8673 277 
3 4450 276 8673 
3 4826 8674 6803 
3 10637 10796 13504 
3 6200 13401 7495 
3 7495 13401 8675 
3 9505 9508 8797 
3 10640 3013 10106 
3 12295 10164 14704 
3 7543 8156 10164 
3 9740 12425 4613 
3 3081 14038 12206 
3 11143 8679 10171 
3 10030 10936 8679 
3 5860 11991 5575 
3 12747 6918 5152 
3 8258 8681 8452 
3 2547 7261 8681 
3 8340 15966 6087 
3 14534 11537 8682 
3 2928 14284 5135 
3 5638 6238 8683 
3 5363 8684 2813 
3 11626 2340 16291 
3 13283 11285 8685 
3 6855 2925 8685 
3 10931 8686 6837 
3 16468 2093 8686 
3 9072 12401 14469 
3 15794 7749 5757 
3 12443 8688 9498 
3 11867 2962 8688 
3 10593 10288 4904 
3 10288 16499 8689 
3 5842 8690 8593 
3 5842 7709 8690 
3 7883 8691 15259 
3 7361 3182 10082 
3 9772 8692 1639 
3 2876 8017 8692 
3 6003 9892 2566 
3 12157 14945 9265 
3 11516 15396 13931 
3 16464 12828 2310 
3 6550 8695 7817 
3 9172 6000 5753 
3 7329 15261 1962 
3 15261 9190 8696 
3 13799 8697 2071 
3 8451 4833 15455 
3 15930 15675 11891 
3 11863 7161 8698 
3 7363 9612 6666 
3 9575 13255 10551 
3 4562 8700 16358 
3 5180 7240 8700 
3 10113 8701 11514 
3 3011 5542 8701 
3 16088 8882 10488 
3 4449 16435 9601 
3 12005 14369 5979 
3 9287 11204 8703 
3 449 8704 5981 
3 450 451 8704 
3 14863 8705 3580 
3 12419 12735 11600 
3 7893 8706 5030 
3 14535 3202 2157 
3 2934 12526 4186 
3 16289 6963 16153 
3 12158 8732 8823 
3 8732 4555 8708 
3 3808 13152 5988 
3 8373 4674 8709 
3 5195 8710 4963 
3 6547 7832 8710 
3 13609 8711 5367 
3 6620 10682 15984 
3 16284 10902 8540 
3 3922 4955 8712 
3 11391 10143 13465 
3 10143 8500 14915 
3 11523 10057 5669 
3 13544 5230 12640 
3 12312 8715 5166 
3 12219 7749 8962 
3 11660 8716 15785 
3 14176 5928 15118 
3 16137 8717 8655 
3 4363 4543 13229 
3 1060 8718 1059 
3 2526 4364 8718 
3 15026 8719 2611 
3 3473 3286 8878 
3 13662 8720 15347 
3 13974 12176 13873 
3 16432 12851 14787 
3 15752 15973 13858 
3 11074 8722 8438 
3 2695 9365 9419 
3 11406 8723 8640 
3 6714 1366 8723 
3 1401 8724 7016 
3 1400 1399 15113 
3 7913 8725 13103 
3 7913 858 8725 
3 7439 8726 3951 
3 4688 4396 15008 
3 929 8727 928 
3 16060 2467 11987 
3 6483 8728 4929 
3 11488 4339 8728 
3 4268 8729 6455 
3 4268 9421 12515 
3 9859 9219 9794 
3 9219 15877 8730 
3 10731 8731 7248 
3 1772 10194 15920 
3 8823 8732 8708 
3 8732 11521 1688 
3 1802 8733 1613 
3 4067 5328 8733 
3 4535 8734 10597 
3 4535 5640 8734 
3 3225 8735 6736 
3 2181 8332 9476 
3 5570 11052 13295 
3 5321 4961 14741 
3 6189 8737 4522 
3 6189 6466 12117 
3 3705 8738 7532 
3 5546 3898 16388 
3 12328 8739 14475 
3 7664 8897 11024 
3 15734 8740 5577 
3 15687 7452 8740 
3 11017 8741 15244 
3 7558 10948 8741 
3 8600 8742 5226 
3 13096 10686 12058 
3 3054 8743 5982 
3 2680 12252 9763 
3 3004 8744 2271 
3 5114 7772 8744 
3 3969 8745 4853 
3 4136 11867 16313 
3 2201 8746 2968 
3 16353 6732 8746 
3 14620 12245 8747 
3 3122 5922 8747 
3 15792 8748 15773 
3 9725 6676 3664 
3 8422 8749 12695 
3 8422 7846 8749 
3 9920 8750 9783 
3 15505 1993 11543 
3 4099 10916 7629 
3 532 533 8751 
3 14557 8752 14149 
3 5669 12035 12827 
3 11442 8753 10012 
3 2243 8133 14210 
3 13506 9752 10765 
3 15591 3879 8754 
3 2288 8784 14400 
3 8784 1744 8755 
3 3034 8756 7713 
3 3034 8694 8756 
3 11770 8757 14196 
3 12940 4863 11569 
3 12234 8758 6366 
3 8407 7490 9458 
3 15590 15159 16180 
3 8394 4093 8759 
3 7450 8760 6226 
3 9857 3941 4673 
3 4505 13805 8513 
3 9642 6988 8761 
3 2954 8762 2974 
3 2954 12087 8762 
3 9138 8763 3650 
3 7539 3443 8763 
3 4810 9004 13885 
3 11107 4926 6333 
3 12981 16007 3611 
3 15348 9915 5861 
3 6009 8766 3298 
3 8913 5833 10670 
3 12177 9350 8767 
3 4660 2252 8767 
3 2459 16087 4808 
3 1979 9397 9537 
3 11472 8769 2549 
3 7287 9678 15303 
3 7826 8770 5480 
3 7826 1607 8770 
3 6980 8771 6762 
3 4585 6142 8771 
3 11777 9181 8772 
3 9181 5584 9959 
3 12593 8773 9150 
3 6195 3262 8773 
3 2572 13204 8069 
3 8819 8898 8774 
3 7924 13434 3365 
3 13434 5763 15234 
3 15711 8776 1890 
3 6237 11103 8776 
3 10441 11105 5637 
3 16467 4361 3422 
3 14260 16060 10648 
3 13456 14602 8778 
3 6824 8779 4249 
3 10859 5682 9229 
3 4379 14290 15659 
3 8166 2297 8780 
3 16111 8781 8512 
3 11670 1955 9069 
3 6425 8782 8633 
3 10606 6167 2468 
3 6666 16199 2156 
3 2583 9389 11518 
3 2752 8784 2288 
3 2752 1744 8784 
3 13931 8785 4271 
3 1992 4208 8785 
3 14829 10004 9839 
3 11199 6886 9217 
3 10930 8787 8523 
3 7243 4752 8787 
3 9504 8788 10896 
3 4062 8254 8788 
3 12720 9664 11960 
3 13176 3092 8789 
3 9206 10095 3146 
3 3840 2701 8790 
3 8577 8791 2584 
3 6092 3700 12227 
3 15447 8792 5552 
3 13871 10005 9842 
3 9745 8793 3845 
3 5896 3354 8793 
3 15472 14014 4425 
3 14537 1938 5611 
3 13702 8795 1696 
3 10003 3304 2958 
3 5527 14962 8197 
3 5209 10152 8796 
3 9505 8797 4534 
3 13554 3323 11833 
3 5303 8798 7728 
3 7859 13253 8798 
3 4918 8799 6412 
3 3330 9886 8799 
3 3838 14943 3152 
3 11901 2674 9008 
3 10664 10778 4496 
3 8050 11322 13925 
3 11115 8802 4221 
3 12953 14089 9178 
3 13895 10519 2174 
3 1731 3372 13752 
3 15271 8804 1991 
3 3780 2447 8804 
3 14829 9839 8786 
3 9524 4821 14441 
3 4524 8806 7963 
3 3008 6443 15417 
3 8295 15628 5087 
3 11228 7961 8807 
3 7846 8808 8749 
3 10552 8651 8808 
3 8550 8809 5554 
3 8550 10973 8809 
3 13348 15276 5434 
3 4437 9629 15542 
3 12523 13753 7453 
3 7198 11120 8811 
3 8003 8812 6345 
3 11694 5507 11441 
3 9645 8813 3125 
3 9645 3010 8813 
3 5036 8814 3327 
3 5036 10792 8814 
3 8467 8815 7943 
3 12755 4058 7091 
3 15960 15247 10704 
3 2929 7530 8816 
3 2877 8817 5015 
3 5124 6064 8817 
3 5185 16443 15099 
3 15099 12238 8818 
3 8069 13204 8774 
3 1254 1253 13668 
3 12722 15416 12305 
3 14850 1703 3877 
3 4988 15394 1901 
3 14916 10053 12532 
3 7448 8822 6047 
3 13826 5269 11712 
3 8960 8823 8708 
3 12158 11129 9793 
3 3920 16262 5243 
3 6564 6915 10770 
3 12339 13379 14864 
3 8589 8441 14864 
3 5304 8826 2389 
3 16090 6203 15818 
3 12999 8827 8141 
3 5643 2820 8827 
3 2930 13527 6994 
3 11119 7995 2194 
3 5415 8829 5367 
3 12391 1689 15950 
3 11093 7477 11809 
3 5238 3494 8830 
3 16287 9520 12121 
3 16511 9593 5609 
3 9010 8832 2641 
3 7154 8401 8832 
3 2081 8833 6430 
3 16311 15029 6968 
3 15950 8834 2731 
3 12580 8915 8075 
3 7376 8835 7198 
3 6285 8329 10946 
3 11608 8836 14663 
3 2115 5816 8836 
3 11652 8837 6895 
3 7553 5115 8837 
3 4782 8549 10480 
3 3862 4150 8838 
3 10493 8839 7644 
3 11915 4777 11845 
3 10498 11372 4244 
3 16574 7716 3417 
3 3196 14276 15665 
3 15665 1821 4644 
3 1836 11733 12115 
3 11733 5330 10276 
3 13865 10909 8843 
3 10909 10366 7601 
3 16306 9347 8844 
3 8206 6700 9808 
3 5771 12820 15510 
3 11909 5950 10501 
3 2862 9964 5775 
3 9964 13631 8846 
3 6390 8847 2541 
3 15987 8345 8847 
3 3509 9102 8028 
3 15097 16244 5102 
3 15515 8849 13610 
3 15519 2886 5963 
3 8559 8850 5012 
3 11699 6762 10438 
3 14238 15032 7184 
3 10161 1647 14598 
3 15647 2191 14071 
3 1879 12352 8852 
3 11605 8853 10249 
3 3821 10787 14481 
3 8343 12062 7077 
3 12062 1949 8854 
3 11802 11575 8855 
3 7142 4545 8855 
3 15979 8856 6232 
3 12735 1735 14012 
3 11042 8857 8034 
3 5077 3681 9707 
3 10711 13579 3936 
3 8936 5666 13995 
3 8561 9100 9322 
3 16199 8699 14690 
3 5658 8860 3800 
3 5658 8934 16504 
3 11539 8861 8010 
3 14189 3956 15063 
3 14823 8862 13980 
3 8362 2598 12763 
3 4792 8863 5884 
3 2963 7085 8863 
3 7818 13727 2272 
3 15065 16206 7256 
3 11767 8865 15854 
3 5848 12517 12646 
3 4808 8866 9537 
3 8768 1979 9537 
3 12153 8867 8476 
3 2236 6336 8867 
3 14334 8868 7292 
3 3476 13275 12394 
3 3619 8869 3075 
3 7074 8391 8869 
3 4720 8870 3947 
3 15968 4639 15116 
3 2704 8871 5279 
3 4916 7454 8871 
3 4664 8872 3842 
3 5332 7287 11472 
3 13261 8873 7420 
3 11179 4405 8873 
3 11746 8874 4423 
3 8201 5671 14509 
3 16305 8875 14367 
3 7066 4511 8875 
3 3261 8876 4257 
3 11300 3981 9287 
3 12527 8877 2159 
3 2138 11177 11180 
3 3473 8878 8719 
3 7786 3199 8878 
3 14858 8879 2939 
3 14308 1715 8879 
3 4605 8880 3738 
3 11198 14955 14130 
3 12974 8881 5656 
3 8664 9152 15461 
3 16435 8882 14996 
3 14996 11497 3676 
3 3526 12422 4450 
3 8022 12084 8883 
3 14302 8884 7062 
3 14302 3942 15491 
3 2167 8885 3459 
3 8208 9939 9813 
3 16352 13745 8886 
3 6963 12720 8886 
3 4387 8887 6944 
3 14152 6814 8887 
3 16113 8888 8246 
3 6171 7819 8888 
3 490 14862 489 
3 14862 488 8889 
3 9792 13843 6510 
3 12015 7130 7527 
3 12421 15281 5762 
3 3338 3887 8895 
3 4172 8892 7579 
3 13990 1765 12179 
3 8073 8893 4064 
3 8070 11676 13566 
3 10355 6435 8894 
3 6435 5735 8894 
3 3338 8895 8891 
3 411 412 8895 
3 10177 8896 7673 
3 10711 5976 9685 
3 2184 8897 5196 
3 6328 3415 11024 
3 14144 13321 8898 
3 10504 8774 8898 
3 5964 8899 13859 
3 5964 2570 8971 
3 4790 8900 11651 
3 4790 4580 12110 
3 10224 12161 7610 
3 1663 6052 11827 
3 15234 8902 4942 
3 4989 2858 8902 
3 7269 12370 11774 
3 8503 4343 12031 
3 12007 8904 7345 
3 6569 11085 8904 
3 9575 8905 7192 
3 16124 9473 6128 
3 4895 8906 6342 
3 9622 15787 16425 
3 12932 15088 10773 
3 12736 2190 11959 
3 7132 8908 3394 
3 7132 6662 8908 
3 14505 8909 4474 
3 13634 4801 1860 
3 13084 8910 4377 
3 15657 9056 10807 
3 13441 8911 3902 
3 4931 8730 8911 
3 12919 8912 9205 
3 6016 8019 8912 
3 6009 8913 8766 
3 14213 15023 13279 
3 3184 9485 2387 
3 7594 4527 10311 
3 12391 5415 14856 
3 12580 13790 8915 
3 8691 10082 15259 
3 14009 6220 8916 
3 10662 14821 7845 
3 10389 2177 13874 
3 10558 8918 8960 
3 8918 15130 7088 
3 3906 8919 2548 
3 3906 5815 8919 
3 2709 8920 6012 
3 2073 5535 12585 
3 8824 8921 3116 
3 8470 4159 8921 
3 3804 9604 7503 
3 15627 7885 12586 
3 12520 9016 8923 
3 9016 3376 6515 
3 7117 8924 12665 
3 7117 8740 8924 
3 14905 8925 2275 
3 11461 9997 7808 
3 12283 8926 2142 
3 4934 4813 8926 
3 3530 8927 3820 
3 3530 12631 8927 
3 9097 15629 4872 
3 7401 2961 8928 
3 2715 8929 2997 
3 2463 14701 10092 
3 12004 8930 2784 
3 4840 2557 12841 
3 10808 8931 2666 
3 13717 2404 7431 
3 15144 9619 11958 
3 11958 13345 8932 
3 15383 8933 4116 
3 2096 2669 8933 
3 14321 8934 6614 
3 16504 3066 8860 
3 14283 10207 2034 
3 10207 6249 10047 
3 5679 8936 8858 
3 5679 5666 8936 
3 12629 8937 1977 
3 4259 8147 13466 
3 11654 11243 12973 
3 15881 3976 8938 
3 1448 8939 3094 
3 12197 1808 14307 
3 10280 8940 6927 
3 15474 8416 14178 
3 11630 8941 4553 
3 5973 6589 11599 
3 5135 10483 8683 
3 10483 10897 10918 
3 3034 11516 13931 
3 13931 4271 8943 
3 11028 8944 3291 
3 6735 11312 8944 
3 7757 8945 5467 
3 5299 10050 12368 
3 16461 8946 14159 
3 6720 13067 13324 
3 10198 8947 6136 
3 4347 7026 8947 
3 10430 15347 5864 
3 8720 3329 10573 
3 14974 8949 3228 
3 10986 4932 2190 
3 14929 8950 6530 
3 14929 1822 5055 
3 9054 8951 15099 
3 16169 2410 11352 
3 1581 1580 10702 
3 1579 1578 8952 
3 13997 8953 13510 
3 8335 7982 8953 
3 15595 8954 5302 
3 14156 13902 2819 
3 15799 9376 14098 
3 9376 4047 14098 
3 6310 11658 7563 
3 6941 6513 14223 
3 9022 8957 1916 
3 11884 4851 8957 
3 13616 8958 4246 
3 13682 14973 11633 
3 13571 8959 5182 
3 3683 4849 9467 
3 10558 8960 6276 
3 3822 8823 8960 
3 11130 8961 5371 
3 3132 7105 8961 
3 5425 8962 7749 
3 5425 9601 8962 
3 16140 15759 9039 
3 3607 11974 8963 
3 14044 10275 11027 
3 16371 4083 10997 
3 13066 14203 6036 
3 2806 3447 8965 
3 15250 8966 5511 
3 13915 2122 13041 
3 15490 8967 1871 
3 8207 4338 8967 
3 12406 8968 2873 
3 7622 3707 8968 
3 12434 8969 11160 
3 4359 7457 10994 
3 11032 8970 7051 
3 13560 7839 4209 
3 5964 8971 8899 
3 16486 8552 8971 
3 10360 8972 8057 
3 15567 9087 7470 
3 14262 8973 2295 
3 6885 15645 8973 
3 13802 15940 4063 
3 1649 4332 8974 
3 6524 8975 3894 
3 15075 10295 5702 
3 3293 8976 3685 
3 5300 3326 10666 
3 16190 11353 11403 
3 12492 2310 12828 
3 12977 8978 10734 
3 4350 9387 16526 
3 7682 11418 13976 
3 13891 3273 8979 
3 10150 8980 3006 
3 5141 10798 8980 
3 9268 8981 7740 
3 5041 8576 8981 
3 3129 14903 6898 
3 7950 2284 8982 
3 14728 8983 5308 
3 3597 2819 8983 
3 7408 8984 6758 
3 11155 5137 5593 
3 2645 15311 4020 
3 13039 2407 4463 
3 12042 8986 8255 
3 5765 11399 8986 
3 4036 15169 16510 
3 12595 16510 14730 
3 12511 8988 12183 
3 10055 9192 9315 
3 15913 9475 8989 
3 15157 11820 9126 
3 6824 8990 4161 
3 2465 3474 8990 
3 8738 16388 3824 
3 8605 14699 8991 
3 7802 8992 2592 
3 2810 5025 8992 
3 12825 8993 2799 
3 4655 3179 8993 
3 2028 8994 2173 
3 3348 5710 8994 
3 14925 15374 11433 
3 4855 5411 9586 
3 10422 8996 5713 
3 9037 2631 4456 
3 10667 8997 3986 
3 3877 1703 9804 
3 10616 8998 5475 
3 613 614 8998 
3 10784 13181 6375 
3 6454 14458 8999 
3 15356 9403 4357 
3 14061 8992 15710 
3 16138 9001 2735 
3 5292 9646 11345 
3 1603 9002 3537 
3 16474 3982 13827 
3 10145 9003 7129 
3 3122 8747 9003 
3 9878 4810 13885 
3 4810 4288 9004 
3 14564 9005 4251 
3 15667 16218 2918 
3 10505 11913 3756 
3 7380 3589 9006 
3 5106 10307 1682 
3 6688 2311 9007 
3 4002 13792 2674 
3 14406 10154 10458 
3 1739 9009 2852 
3 8135 7660 10138 
3 9669 9010 2641 
3 2702 9895 9010 
3 2550 9011 5626 
3 2550 3424 10183 
3 14689 9012 9535 
3 3013 2186 9012 
3 10919 9704 10542 
3 16298 7106 16140 
3 11506 9014 5592 
3 15289 2990 8478 
3 1927 9015 6068 
3 1927 3292 9015 
3 8528 12520 8923 
3 12608 3409 9016 
3 10486 9331 9017 
3 13276 9513 9017 
3 5348 9018 2299 
3 5836 5478 9018 
3 5568 6030 10976 
3 1747 11697 15997 
3 12939 9020 3262 
3 2159 8877 11180 
3 4869 9021 2523 
3 4869 4493 9021 
3 13014 16328 12236 
3 1916 13540 9022 
3 10254 9785 6575 
3 6575 5016 9023 
3 4438 10172 3250 
3 12884 4146 12600 
3 10385 2701 16535 
3 12967 7816 5530 
3 8225 5112 10237 
3 4394 6320 9026 
3 9382 14278 3854 
3 8175 4687 9027 
3 6825 9424 12899 
3 16444 5305 16188 
3 15167 9029 15316 
3 8443 6063 9029 
3 14030 13935 10514 
3 10514 8013 13982 
3 2685 10701 2398 
3 14801 6667 9031 
3 8283 9032 4527 
3 8283 2651 9032 
3 11431 9033 3272 
3 15489 6938 11561 
3 5108 15255 2178 
3 16086 5733 10761 
3 2424 9035 2812 
3 12134 6860 12677 
3 4830 9036 2800 
3 2013 8979 9036 
3 4747 9037 8996 
3 4747 2631 9037 
3 8140 9038 8520 
3 8140 2135 9038 
3 7439 9039 8963 
3 15696 11869 8030 
3 11539 9040 3919 
3 8010 2713 9040 
3 10155 9041 3346 
3 16345 712 9041 
3 16506 9042 14683 
3 4034 8546 9042 
3 10613 9043 8222 
3 4035 8154 13666 
3 4486 9044 6120 
3 5564 6105 9044 
3 8671 9045 7347 
3 11905 11972 11668 
3 10586 13113 4419 
3 16439 5305 6825 
3 15431 9047 10120 
3 15431 4564 3630 
3 14401 9048 7678 
3 4764 4919 9048 
3 11974 9049 6783 
3 13574 16517 9049 
3 12883 11935 5173 
3 12569 9511 3566 
3 6851 11462 5052 
3 5922 7912 14824 
3 7207 9052 3996 
3 16340 10594 10136 
3 10294 9053 6892 
3 4706 3850 9053 
3 6921 9054 8241 
3 6280 8951 9054 
3 10312 9055 6886 
3 10963 2837 8677 
3 10807 9056 11382 
3 10807 6534 15657 
3 8504 9057 5802 
3 10533 9653 3661 
3 13934 9058 13598 
3 2792 7030 9058 
3 9808 12143 8844 
3 12143 13422 9059 
3 7171 9060 3683 
3 11446 3716 7570 
3 3393 9061 5977 
3 11100 16230 6669 
3 4289 12995 7781 
3 12995 6308 8268 
3 3641 9063 1996 
3 3641 2127 9353 
3 11873 13462 1628 
3 2275 6267 9064 
3 4165 9065 6103 
3 7045 5661 9065 
3 5980 9831 6715 
3 9938 5250 9066 
3 2244 9067 2269 
3 5377 5293 9067 
3 12711 9068 11066 
3 4858 830 9068 
3 4388 13192 2293 
3 13192 5587 10554 
3 11991 9070 10481 
3 6871 9311 9070 
3 8342 9071 4255 
3 6627 12788 9071 
3 12401 9072 4859 
3 2460 3604 9679 
3 1729 9073 8514 
3 11376 1932 5999 
3 6853 9074 2566 
3 7252 8126 10769 
3 13340 9075 11534 
3 2169 2188 9075 
3 10776 9076 10075 
3 8318 3957 11937 
3 11047 9077 7638 
3 11047 9475 9077 
3 5994 9078 6438 
3 5245 2452 9078 
3 4696 9079 4051 
3 2933 8122 9079 
3 9334 9435 1858 
3 5932 2027 9495 
3 4091 9081 10154 
3 4091 8765 9081 
3 9114 9082 9101 
3 6979 10546 11494 
3 6020 9083 2995 
3 2134 7301 9083 
3 9424 9084 13335 
3 16188 5083 15500 
3 2501 9085 2589 
3 7312 1812 9850 
3 9654 9086 7205 
3 8107 3737 12226 
3 15082 10414 7470 
3 7470 11392 15567 
3 5261 9088 8657 
3 13019 3787 9088 
3 9368 9089 6857 
3 16133 10815 3693 
3 9898 9090 13293 
3 7158 11364 9090 
3 7219 9091 2874 
3 1812 7312 9091 
3 4719 9092 3191 
3 4814 1639 9092 
3 11299 9093 1676 
3 10760 4539 7148 
3 10219 9094 1987 
3 6905 4222 16012 
3 14070 9095 7437 
3 2175 15197 9095 
3 2353 9096 6102 
3 14721 9917 6609 
3 15177 12489 4872 
3 10621 11277 12997 
3 5352 9098 7997 
3 2897 4258 9098 
3 14749 14479 9099 
3 15290 13697 6698 
3 11021 13767 6359 
3 11518 11479 8783 
3 9114 9101 4860 
3 5627 9810 12512 
3 15624 9102 3509 
3 16227 7040 11951 
3 6228 15921 6696 
3 6696 15921 9103 
3 14903 9104 11044 
3 3129 4431 9104 
3 5619 9105 8012 
3 13386 5498 2513 
3 13962 10108 15021 
3 7852 6431 12263 
3 15375 11117 9107 
3 4436 4074 9107 
3 14997 9108 7985 
3 14715 5634 9108 
3 6350 9109 4098 
3 14830 3499 11832 
3 11477 9110 2336 
3 4550 5220 9110 
3 15233 9111 10481 
3 8678 13818 9111 
3 8745 16540 4853 
3 16540 8410 10985 
3 4073 9113 46 
3 4073 45 9113 
3 2605 9260 4860 
3 9260 16331 9082 
3 13228 9115 2263 
3 10297 11410 4901 
3 11429 9116 6958 
3 5845 14603 9116 
3 3973 10334 7140 
3 10697 2105 9117 
3 7281 9118 7413 
3 14033 10607 7264 
3 14502 9119 5036 
3 14502 10833 11486 
3 11281 9120 5496 
3 4957 15442 9120 
3 13262 13949 9121 
3 11188 3181 3879 
3 16221 9122 4839 
3 6560 13750 9122 
3 3062 9123 1738 
3 3062 7339 9123 
3 2348 9124 6463 
3 12236 1953 13014 
3 3230 9125 3148 
3 5504 2496 9125 
3 15466 9126 11820 
3 15466 4155 11782 
3 15049 9127 8344 
3 7150 11727 16240 
3 14977 9128 13546 
3 9980 10472 9128 
3 11120 9129 3129 
3 8835 9466 9129 
3 6473 9130 8966 
3 7498 2122 9130 
3 10010 9131 6978 
3 4994 6536 9131 
3 2652 9132 7268 
3 11173 15602 11844 
3 11925 9133 3679 
3 5006 4861 16168 
3 12249 12223 2390 
3 12223 7150 9134 
3 5568 10448 6030 
3 2336 9110 9135 
3 8750 9136 8252 
3 8750 15505 9136 
3 4868 14931 6069 
3 3899 4007 9137 
3 10066 9138 11540 
3 3650 12922 9138 
3 15729 9149 13531 
3 3703 12446 9139 
3 11976 9140 7388 
3 11976 14687 9140 
3 8469 9141 8684 
3 8469 11359 14604 
3 8119 12557 3273 
3 3438 4311 9142 
3 10417 10534 14658 
3 16340 9052 10432 
3 11130 9144 15067 
3 820 821 9144 
3 11074 9145 14834 
3 4984 2337 14834 
3 10074 9146 1679 
3 13897 2291 4208 
3 3107 9147 5703 
3 1825 2776 9147 
3 14194 9148 8271 
3 9846 2296 9610 
3 15151 15729 13531 
3 757 758 9149 
3 12593 9150 3618 
3 6076 7968 10580 
3 11609 9151 7071 
3 7055 5378 9151 
3 15461 9152 14592 
3 3517 5752 9152 
3 4908 9153 5192 
3 15740 13737 2501 
3 2301 9154 4314 
3 13438 12128 12739 
3 5606 9155 2890 
3 3325 8503 12972 
3 14183 13261 3918 
3 12072 8721 14787 
3 1123 9157 1940 
3 1124 1125 9157 
3 8002 9158 4304 
3 13817 2416 12502 
3 3508 16237 7672 
3 6818 4118 9159 
3 6835 9160 3907 
3 12814 5027 6070 
3 16106 9161 10766 
3 11706 2728 5685 
3 6790 9162 3333 
3 6790 13541 9162 
3 8073 12066 1989 
3 12066 5853 13246 
3 14205 9164 8621 
3 15599 1944 9206 
3 8146 9165 3335 
3 8146 3523 9165 
3 14714 9166 5567 
3 5028 2037 9166 
3 10193 9167 7304 
3 2318 2903 9167 
3 6052 9168 3675 
3 11666 5923 8606 
3 8061 9169 6245 
3 15486 8442 9214 
3 9504 10896 5983 
3 10896 3728 9170 
3 16471 10111 9171 
3 10111 7393 9171 
3 6769 9172 14580 
3 6769 2874 12864 
3 10129 9173 10633 
3 16565 7449 11993 
3 12383 14985 15986 
3 2818 7383 9174 
3 8228 14630 4749 
3 9557 12734 9175 
3 9613 9176 2251 
3 8396 6846 9334 
3 4925 9177 14941 
3 3019 7996 9177 
3 6728 12804 3378 
3 6110 8802 9178 
3 3182 9179 2201 
3 2766 12545 15723 
3 1419 9180 1420 
3 13363 11432 9180 
3 9754 11777 8772 
3 5584 2554 9959 
3 12225 9182 4141 
3 4182 2675 16420 
3 11977 15204 10301 
3 6395 7772 9183 
3 14736 9184 1666 
3 305 14372 304 
3 6445 9185 5732 
3 13701 10835 10135 
3 3072 9186 7048 
3 3072 9526 9186 
3 3648 14930 9685 
3 13579 8858 3936 
3 12679 9188 6577 
3 9024 2539 9188 
3 7032 9189 8036 
3 15483 4536 9189 
3 6057 9190 6072 
3 8547 8696 9190 
3 11421 9191 2590 
3 3924 5222 9191 
3 3227 9315 7431 
3 10055 11225 9192 
3 9088 9193 8657 
3 9088 3787 14482 
3 8940 9194 6274 
3 15747 8356 15474 
3 7546 9195 12258 
3 3083 6471 9195 
3 14684 9196 6326 
3 8108 5965 9196 
3 3324 9197 8159 
3 12791 11235 11974 
3 494 9198 6635 
3 495 496 9198 
3 2116 9199 4816 
3 2116 7262 13484 
3 9753 14776 7372 
3 5911 6757 9200 
3 12121 14227 8324 
3 6240 14405 9201 
3 15472 9202 3493 
3 3138 11456 9202 
3 2878 12000 5996 
3 12000 6851 9693 
3 15637 9204 12530 
3 3791 12583 9204 
3 11614 9205 2305 
3 8912 6995 14064 
3 13850 11495 1944 
3 13683 8790 6531 
3 7907 9207 8130 
3 4454 11089 9207 
3 2457 9208 5492 
3 2457 12509 9208 
3 7013 9209 1717 
3 4824 4253 12605 
3 3547 9210 7624 
3 15153 14054 14822 
3 16373 9211 4690 
3 5582 3334 9211 
3 14442 5207 10745 
3 13245 7572 9923 
3 15353 9213 1734 
3 10582 4112 16350 
3 15486 9214 15202 
3 8442 4207 9214 
3 1896 8555 10467 
3 8608 11346 9215 
3 1870 9216 2979 
3 12177 8767 4154 
3 8786 11199 8805 
3 6886 9055 14704 
3 11690 9218 3893 
3 13685 3293 14240 
3 10424 9219 2795 
3 10424 15877 9219 
3 3457 9220 2932 
3 11061 2750 1769 
3 12767 9221 16247 
3 6777 6079 9310 
3 11166 9222 4162 
3 12611 5043 11968 
3 2184 9223 3153 
3 2184 6512 9223 
3 10856 9224 7093 
3 4379 7239 11065 
3 15273 10788 9225 
3 14913 4551 11857 
3 12361 15963 14239 
3 15963 37 10241 
3 16075 9227 11614 
3 12384 1835 16582 
3 1884 10548 4426 
3 8548 6027 9228 
3 7123 9229 5682 
3 15980 11151 11288 
3 13678 9230 8633 
3 7251 7763 9230 
3 14146 9231 7297 
3 6771 9680 9231 
3 15425 9232 8850 
3 7331 6762 9232 
3 5268 12715 4366 
3 2525 9985 14615 
3 2357 9234 14006 
3 2357 9634 13098 
3 11299 9235 9093 
3 12876 12025 10717 
3 5972 9236 14640 
3 5972 2409 12377 
3 10296 9237 7338 
3 1680 16089 9237 
3 12723 9238 1622 
3 15359 8071 9238 
3 5239 9239 1733 
3 9239 12550 12266 
3 9668 9240 11128 
3 9668 12418 9240 
3 10977 9241 4998 
3 16501 12965 4292 
3 15352 9242 15920 
3 6764 8731 9242 
3 14280 9243 7446 
3 4192 3168 9243 
3 16390 9244 1863 
3 4083 16371 9244 
3 3786 9245 3844 
3 13027 5144 9245 
3 3107 13813 4370 
3 5087 9327 9246 
3 14236 11133 9247 
3 4736 2907 11133 
3 4250 9248 3040 
3 3899 7867 9369 
3 2633 14688 9249 
3 5603 2031 12374 
3 10868 9250 4807 
3 4829 6514 9250 
3 2456 9251 4132 
3 8362 14823 9251 
3 3734 9252 8258 
3 14914 10970 2603 
3 10691 9253 776 
3 10691 778 9253 
3 13175 9254 5135 
3 11415 7482 6571 
3 16249 9255 1618 
3 7759 15650 9255 
3 3985 9256 1670 
3 12620 8105 13358 
3 16077 9257 1697 
3 5149 1995 9257 
3 4802 9258 4793 
3 11068 11846 12373 
3 11954 9259 12102 
3 14273 6476 5235 
3 4860 9260 9114 
3 16128 9834 8492 
3 15620 9261 9868 
3 3956 4496 9261 
3 9837 11941 5194 
3 13288 6598 6920 
3 10065 9263 10212 
3 3670 4271 9263 
3 9030 9264 2246 
3 14766 7049 8493 
3 2060 9265 2725 
3 2060 8312 9265 
3 15534 9266 3236 
3 11808 8277 9266 
3 10382 9267 6467 
3 3932 12099 9267 
3 7821 9268 7740 
3 7821 3659 9268 
3 10962 15634 12175 
3 6008 5043 9269 
3 9212 9270 3596 
3 9212 13245 9923 
3 16274 9271 13020 
3 13020 16398 10829 
3 15510 16127 7101 
3 8845 11909 9272 
3 15291 2555 9273 
3 9740 4613 5152 
3 5314 13476 2808 
3 13659 4179 9274 
3 15395 9275 13709 
3 8999 2500 13709 
3 4494 9276 5209 
3 4494 15781 9276 
3 2606 9277 6497 
3 5547 10290 9277 
3 8632 9278 6249 
3 8632 4930 11478 
3 7075 9279 14792 
3 7075 5340 9279 
3 10802 9280 9577 
3 7564 5960 9280 
3 9665 9281 3484 
3 5282 2718 9281 
3 12020 9282 11231 
3 5047 5632 9282 
3 9247 11133 1918 
3 11133 10157 4075 
3 2315 13760 13050 
3 10646 12888 9346 
3 14665 9285 6780 
3 9285 12251 8625 
3 8833 11792 6430 
3 15283 7451 10742 
3 8876 11300 8703 
3 3981 5899 11204 
3 10895 9950 4324 
3 13577 7521 2129 
3 11711 6972 14594 
3 13884 12449 12861 
3 9838 9290 3948 
3 15899 9754 8303 
3 14898 13797 14748 
3 5040 13418 7015 
3 2868 10621 12997 
3 7228 8955 12412 
3 6041 16537 3789 
3 15267 7707 9293 
3 11199 9294 8805 
3 9294 14704 10164 
3 2591 9295 4962 
3 14599 11613 3962 
3 15117 9296 1718 
3 7736 4637 9296 
3 5284 9297 8501 
3 5284 6562 11417 
3 12479 9298 7153 
3 4402 1623 10393 
3 3997 12114 11070 
3 5925 7791 9299 
3 12676 9300 2749 
3 6038 3285 9300 
3 5013 9301 5345 
3 15669 6063 10274 
3 4886 9302 12071 
3 4886 3875 9302 
3 14747 16533 9399 
3 13733 12557 14708 
3 5726 14000 4451 
3 4451 14000 9304 
3 2831 9305 3232 
3 1964 3295 11318 
3 4487 9306 6250 
3 6480 13532 13672 
3 3798 16182 7052 
3 11368 4068 8544 
3 13964 9308 5257 
3 2780 6852 9308 
3 16161 9974 9309 
3 13972 11305 6162 
3 6250 9310 6079 
3 3443 2504 9310 
3 11667 9311 5402 
3 3561 9070 9311 
3 5318 9312 8014 
3 5318 16410 9312 
3 14632 9954 9313 
3 10660 5436 8128 
3 10247 3494 12024 
3 3494 5238 9314 
3 10886 9315 9771 
3 9192 9694 9315 
3 16234 9316 3411 
3 3140 8358 9316 
3 11461 9317 9997 
3 2023 3355 12916 
3 7380 9318 3589 
3 12208 652 3778 
3 7195 9319 8112 
3 7195 1867 9319 
3 10819 9320 1623 
3 4686 8517 15285 
3 7078 9321 5255 
3 13233 12076 10959 
3 11021 11390 13767 
3 7270 9355 13485 
3 10380 9323 7137 
3 8614 8692 9772 
3 10811 2043 16496 
3 2660 15898 9632 
3 1819 11707 4278 
3 1911 15685 9325 
3 6106 9326 5372 
3 6585 7161 9326 
3 16344 11560 9327 
3 15098 4979 12844 
3 4379 9328 7239 
3 13168 6880 5303 
3 16556 13995 8087 
3 13995 5666 11102 
3 15779 9330 11297 
3 6601 8591 9330 
3 6863 10486 9017 
3 16214 12513 14220 
3 9814 9332 2363 
3 7324 7706 12455 
3 10585 15010 9799 
3 5460 4721 9333 
3 9435 9334 6846 
3 15953 12514 9334 
3 15147 9916 9335 
3 14381 2273 2583 
3 3014 9336 7295 
3 11365 6177 6178 
3 10663 9337 12457 
3 10663 7273 9337 
3 6397 9338 6176 
3 9338 14790 3121 
3 7720 9339 2167 
3 7720 8208 9339 
3 4829 9340 6514 
3 16555 4346 4730 
3 3443 9341 13140 
3 3443 7539 9341 
3 3307 11268 14718 
3 7509 2521 9342 
3 4251 9343 5151 
3 4251 14116 9343 
3 14133 11271 13766 
3 4210 15189 9344 
3 5154 9345 3943 
3 6673 16442 14407 
3 13283 9346 2000 
3 8816 5163 9346 
3 4995 9347 5208 
3 16512 13973 16494 
3 3299 12309 7616 
3 12309 7732 9348 
3 5139 9349 7669 
3 5139 4176 15760 
3 15803 9350 9216 
3 2319 4660 9350 
3 6479 9351 11447 
3 6479 3240 9351 
3 15737 9352 3998 
3 4096 10758 15705 
3 11452 9353 7119 
3 10198 3641 9353 
3 8631 9354 6992 
3 8631 9459 9354 
3 13485 9355 2156 
3 7270 8224 13371 
3 90 9356 89 
3 11101 6312 9356 
3 6311 9357 5327 
3 15211 16378 9357 
3 16069 13926 9926 
3 11855 16361 5745 
3 9542 9359 5591 
3 4651 2814 9359 
3 13427 14357 3869 
3 11254 6035 2988 
3 16033 9361 2445 
3 4721 5460 9361 
3 1181 9362 1180 
3 7985 4615 9362 
3 2930 9363 3488 
3 5626 9011 9363 
3 5611 9364 1913 
3 5611 1846 9364 
3 16384 9365 3005 
3 9419 8722 2695 
3 12795 10529 9366 
3 15252 6242 5562 
3 14660 15368 4280 
3 15368 15427 9367 
3 4608 9368 3453 
3 4608 10785 9368 
3 16023 9369 7867 
3 16176 6480 11385 
3 5708 13342 5843 
3 2840 7797 9370 
3 10857 9371 9431 
3 6248 2532 9371 
3 10028 9372 6490 
3 8305 2682 14866 
3 3233 9373 8646 
3 9373 11816 14084 
3 3637 9751 3091 
3 13284 6430 6812 
3 1604 13920 13419 
3 5555 13265 9375 
3 11711 11841 8955 
3 9321 13012 9376 
3 11367 14824 4542 
3 12116 10142 7615 
3 1602 12300 8272 
3 12300 3201 12605 
3 15068 9379 4627 
3 5458 13824 9379 
3 11649 9399 15789 
3 9303 13445 11812 
3 578 11163 577 
3 11163 8052 14463 
3 4591 9382 3854 
3 13923 3753 14075 
3 6259 11069 13810 
3 4910 3158 15174 
3 3974 15135 1712 
3 15135 9244 9384 
3 4295 9385 8041 
3 8686 6140 9385 
3 4952 15678 4635 
3 15678 4560 9386 
3 16526 9387 9731 
3 4350 8522 9387 
3 13087 9388 7006 
3 4703 1685 9388 
3 10116 9389 5235 
3 11518 8783 2583 
3 3359 9390 3771 
3 3359 16058 9390 
3 12815 9391 1767 
3 9391 15686 9816 
3 10754 9392 5462 
3 10958 8900 3278 
3 14398 9393 3684 
3 13577 3628 7521 
3 4120 9394 3554 
3 14719 7323 14084 
3 2374 10352 13056 
3 12482 13042 9887 
3 7432 16201 12867 
3 15338 5165 10067 
3 13207 9397 1979 
3 12132 11535 15418 
3 1954 9398 5424 
3 954 955 9398 
3 7320 14747 7748 
3 14747 4847 16533 
3 15160 9400 2103 
3 15160 5575 9400 
3 2947 13622 14494 
3 2523 1879 9401 
3 12523 15593 3367 
3 13143 11511 4013 
3 6091 14172 8324 
3 4357 15031 15356 
3 11255 9851 14189 
3 15610 8861 12709 
3 6071 14329 14946 
3 13497 7933 5718 
3 7658 9406 8029 
3 13388 15168 9406 
3 1781 9407 15727 
3 1781 12862 9407 
3 16018 9408 3212 
3 9408 14305 12280 
3 6056 9409 6211 
3 6056 3376 14080 
3 8516 9410 4275 
3 8516 10601 9544 
3 14145 9411 7315 
3 3690 6823 9411 
3 12969 9412 11559 
3 15318 7981 12330 
3 9417 10578 8038 
3 10578 4282 4949 
3 15408 9414 3999 
3 11487 10857 9431 
3 8569 9415 5621 
3 2238 10159 9415 
3 4713 11864 7621 
3 3528 4932 9416 
3 7021 9417 8038 
3 7021 4821 9417 
3 11814 9418 13712 
3 11291 5952 13712 
3 8152 9419 9365 
3 8152 4843 9419 
3 5052 9420 12428 
3 5052 12209 9420 
3 7083 9421 4268 
3 11490 1611 11293 
3 5687 9422 11638 
3 5687 14541 9422 
3 10779 9423 3689 
3 14558 3601 9423 
3 12899 9424 9028 
3 6825 5305 16444 
3 11438 9425 3258 
3 14242 5786 9674 
3 16124 9426 9473 
3 2730 1749 9426 
3 3783 11351 7027 
3 4676 10408 9773 
3 9736 9428 15713 
3 6371 3949 9428 
3 9551 9429 4128 
3 12043 5437 9429 
3 11979 10719 9430 
3 12846 3334 12949 
3 7359 11487 9414 
3 9371 2532 9431 
3 15214 12224 1824 
3 13129 5242 9681 
3 12829 9433 7969 
3 3955 14010 9433 
3 1859 14763 8408 
3 16063 13126 5887 
3 9080 9435 5932 
3 9080 1858 9435 
3 5712 9436 13839 
3 15005 8121 9436 
3 8529 11412 7928 
3 3100 4277 11412 
3 15453 9438 5295 
3 15453 2781 9438 
3 7332 9439 7315 
3 14086 1934 16465 
3 5240 14422 10230 
3 4761 7146 16163 
3 2126 9441 4187 
3 7713 2310 9441 
3 7466 12324 6084 
3 4499 2083 12040 
3 3288 13198 5386 
3 5361 13967 9443 
3 12349 9444 6706 
3 8287 12183 16078 
3 10265 9445 6689 
3 4914 13172 9445 
3 9414 12217 3999 
3 15580 9036 9446 
3 13095 9447 5483 
3 2678 8508 9447 
3 13321 14144 5954 
3 1981 7785 9448 
3 1404 9449 7183 
3 11565 7006 10011 
3 7351 9450 5354 
3 16001 8436 8123 
3 4018 10192 4124 
3 5170 16239 12083 
3 13804 9452 5333 
3 2469 2708 9452 
3 9945 10256 5178 
3 10928 2693 15930 
3 14551 9454 6847 
3 15185 4287 12520 
3 13197 9455 5641 
3 15571 8288 9455 
3 4687 9456 3407 
3 10789 2016 9456 
3 3751 16352 13813 
3 16352 7426 9457 
3 10990 14832 8378 
3 8758 8407 9458 
3 3713 9459 6011 
3 3713 10250 9459 
3 2452 9460 10413 
3 4445 12461 9460 
3 203 9461 202 
3 11008 8661 199 
3 12407 9462 8468 
3 6572 5978 14711 
3 13589 9463 15054 
3 8425 6618 15054 
3 15777 13043 9464 
3 7366 2420 9464 
3 11691 9465 1833 
3 13691 1189 1190 
3 16009 9466 10946 
3 3553 9129 9466 
3 15468 9467 4893 
3 8959 3683 9467 
3 11361 11269 11422 
3 13209 9959 7641 
3 4284 9469 2112 
3 6721 6497 9469 
3 11092 15093 5646 
3 4408 8987 9470 
3 799 9487 4523 
3 8875 4511 9471 
3 2408 9472 1735 
3 14012 7586 9722 
3 15057 9473 9426 
3 2114 4609 9473 
3 14773 9474 5031 
3 13936 9437 9474 
3 14142 10971 10824 
3 11854 9077 9475 
3 9866 9476 8332 
3 1377 1376 12259 
3 7306 15090 2032 
3 10487 2994 13070 
3 9340 9478 6514 
3 9340 16508 9478 
3 2477 9479 3299 
3 2477 7634 9479 
3 3690 9480 6823 
3 7082 2068 9480 
3 12138 12079 2542 
3 10841 5916 13065 
3 64 9482 63 
3 4482 7336 9482 
3 10767 12609 6439 
3 6182 7990 9483 
3 9777 9484 7275 
3 9777 1956 9484 
3 2651 9485 3184 
3 7594 8914 9485 
3 7031 9486 2338 
3 14994 16152 2699 
3 9471 9487 8875 
3 9471 4523 9487 
3 7523 9488 3860 
3 5803 6848 9488 
3 436 9489 7805 
3 5428 11702 12955 
3 15906 9490 12549 
3 7945 9700 9490 
3 564 12413 563 
3 12413 12013 7711 
3 6890 9492 7357 
3 6890 14545 9492 
3 344 9493 343 
3 344 11750 9493 
3 3482 14083 7775 
3 4243 7348 11992 
3 11260 9495 7321 
3 9080 5932 9495 
3 11279 9496 4401 
3 11279 7549 9496 
3 3834 9497 14504 
3 3138 9202 9497 
3 3955 11904 3088 
3 8688 2962 9498 
3 8431 13464 5477 
3 2254 7958 9499 
3 5803 10456 6848 
3 15545 13047 13162 
3 9523 9501 14187 
3 15722 1897 3874 
3 12271 14888 3169 
3 14888 2914 4662 
3 9908 9503 14221 
3 14221 13791 12551 
3 11046 12178 2304 
3 8462 8788 9504 
3 11545 9508 9505 
3 7505 2186 10640 
3 9883 9506 2824 
3 2303 4287 9506 
3 3470 9507 4871 
3 15553 11883 2112 
3 1930 11545 9505 
3 14501 8676 9508 
3 11360 13912 7217 
3 16211 4411 6005 
3 7103 9510 2509 
3 13237 6261 2963 
3 13748 9511 15181 
3 9511 12569 11935 
3 10234 9512 7135 
3 6082 4221 12277 
3 4276 9513 7667 
3 4276 3942 9513 
3 131 9514 130 
3 2143 7657 9514 
3 15193 9515 15038 
3 6008 9269 15004 
3 5633 16272 3672 
3 16272 12340 12691 
3 6805 11687 16233 
3 3675 9168 16300 
3 13208 9518 12560 
3 12032 4392 10842 
3 7223 3021 14222 
3 1144 1145 9519 
3 14227 9520 6650 
3 16287 8831 2783 
3 11368 9521 4068 
3 3304 10003 9914 
3 671 9522 15145 
3 7602 3406 15145 
3 13201 9523 7909 
3 7410 10421 9523 
3 11199 9524 6886 
3 8786 15231 9524 
3 14328 9525 6446 
3 9301 5013 9525 
3 12147 9526 5696 
3 8244 9186 9526 
3 10630 10729 5083 
3 4411 11824 9527 
3 9163 9528 1989 
3 9163 10346 9528 
3 12299 9529 2820 
3 10696 12350 14806 
3 5027 9530 6070 
3 1768 13537 9530 
3 1940 9531 13908 
3 10266 5731 9531 
3 1540 16230 1541 
3 14596 15184 8454 
3 10078 9935 6202 
3 14848 2578 12450 
3 13758 9534 2871 
3 3131 3755 9534 
3 5728 14689 1754 
3 9012 2186 9535 
3 14348 14453 14993 
3 6627 8078 9536 
3 4808 9537 10882 
3 8866 8768 9537 
3 6047 9538 4092 
3 16048 6445 10135 
3 13511 9539 12509 
3 5626 9363 9539 
3 12045 9540 8660 
3 3104 3207 9540 
3 2873 15604 7716 
3 15604 8968 14687 
3 13715 9542 5591 
3 4651 9359 9542 
3 8088 9543 2656 
3 11435 3838 9543 
3 9410 9544 6831 
3 9410 8516 9544 
3 8253 9545 2299 
3 8253 12948 15219 
3 15064 9546 12187 
3 8220 2923 9546 
3 14816 11222 8414 
3 12086 14179 9596 
3 8567 9548 12441 
3 8567 12127 9548 
3 14253 10130 10562 
3 9132 16395 9549 
3 11756 9550 7104 
3 1916 7611 9550 
3 16284 9551 7512 
3 2189 10991 15508 
3 8299 9552 12330 
3 6327 9412 9552 
3 7195 9855 1867 
3 8382 13637 9553 
3 14531 9554 7695 
3 6933 7522 9860 
3 3059 9555 4947 
3 12221 1904 9555 
3 5859 9869 8369 
3 4901 6654 9556 
3 12734 9557 9809 
3 9175 4749 14630 
3 12700 16037 7187 
3 4779 12395 9558 
3 2624 15275 13650 
3 2604 8147 9943 
3 12574 14705 9560 
3 6588 2364 11918 
3 6613 10621 4089 
3 10621 2868 9561 
3 3929 9562 4112 
3 10616 2966 3178 
3 11737 10821 9563 
3 3452 2076 13522 
3 9444 12349 8287 
3 8938 3976 9564 
3 12628 10340 9565 
3 10340 9184 9565 
3 10791 5515 11498 
3 6779 9658 9566 
3 13439 9567 5898 
3 4699 3375 9567 
3 6805 15506 3625 
3 1610 4316 15742 
3 9201 14405 6091 
3 15880 15299 9569 
3 14575 10101 9570 
3 3568 7877 9570 
3 7166 9571 8501 
3 11128 3799 11281 
3 6371 9572 4572 
3 6371 9736 14880 
3 7399 9573 1616 
3 7399 6505 9573 
3 11621 9574 6978 
3 5263 13463 9574 
3 9612 9575 8699 
3 13255 8590 9787 
3 11843 12701 1807 
3 10147 5018 9576 
3 15022 13263 9577 
3 16590 11016 13083 
3 3398 9578 9945 
3 6609 9917 9578 
3 15808 9579 3483 
3 16029 12125 7371 
3 16277 14798 2768 
3 5923 13198 9580 
3 1391 9581 2296 
3 14419 2181 6600 
3 2412 9582 7810 
3 2412 14296 10295 
3 5701 9583 3701 
3 11451 3632 3132 
3 10878 9584 13822 
3 16270 2142 13822 
3 2908 9585 3795 
3 2622 4623 9585 
3 1938 14014 5411 
3 14014 3493 9586 
3 9916 14381 9335 
3 14690 8859 16199 
3 15649 9588 4733 
3 5146 11242 9588 
3 11234 9589 6869 
3 6376 8006 9589 
3 15073 9590 5275 
3 3654 5549 9590 
3 15558 12164 12023 
3 13512 16576 2534 
3 11086 10393 9298 
3 10393 10850 9592 
3 9000 12968 16511 
3 7317 5609 9593 
3 10722 14113 10146 
3 370 371 9594 
3 12780 9595 2511 
3 8174 2536 9595 
3 14226 9596 4125 
3 9596 13930 12086 
3 10760 9167 9597 
3 9235 8370 12876 
3 4593 16000 6385 
3 4541 4017 9598 
3 11942 9599 4265 
3 4787 5854 9599 
3 5441 9600 6276 
3 7427 4951 11566 
3 5835 9601 3970 
3 5425 4449 9601 
3 13081 9602 6073 
3 7578 2007 9602 
3 7180 9603 3193 
3 6558 5525 9603 
3 13983 9604 3804 
3 6407 11425 9604 
3 2053 16561 3237 
3 2115 7507 14462 
3 15236 9606 11938 
3 15236 15948 9606 
3 10485 9607 12809 
3 1757 10571 9607 
3 7504 9714 2597 
3 16016 1743 9608 
3 293 294 16132 
3 13024 4178 9609 
3 14419 9610 9581 
3 9148 11978 9846 
3 5028 9611 2037 
3 12354 15969 5056 
3 6666 9612 8699 
3 1749 2730 9612 
3 1621 9613 2251 
3 12756 7397 7127 
3 16295 9614 4977 
3 6044 7250 9614 
3 8894 10271 10355 
3 6873 11895 9615 
3 10431 9616 12715 
3 2973 6626 9616 
3 6730 9617 4331 
3 3049 12032 9617 
3 6279 11330 11121 
3 3535 12985 13748 
3 11958 9619 13345 
3 4240 6953 13468 
3 7292 9620 13447 
3 7292 8868 9620 
3 4833 9621 4129 
3 14956 16551 5650 
3 4640 11020 6318 
3 8906 4895 9622 
3 9391 14782 1767 
3 3102 7265 14775 
3 10704 15247 7142 
3 4100 4545 9624 
3 13077 13110 3877 
3 6475 4139 9625 
3 3788 9626 2803 
3 13313 8840 16574 
3 5155 15241 4832 
3 7999 5615 9627 
3 16205 9628 2788 
3 95 96 9872 
3 2258 9629 5168 
3 2258 4812 9629 
3 10820 9630 5764 
3 7079 8770 9630 
3 6284 9631 3102 
3 6284 7249 9631 
3 14961 12111 3698 
3 12111 9324 2660 
3 2732 14641 5042 
3 14641 6169 9633 
3 13098 9634 3251 
3 2845 2196 9634 
3 10381 9635 15186 
3 1645 2828 9635 
3 6075 14576 4484 
3 10080 6097 12680 
3 2318 14639 15685 
3 1911 3361 9741 
3 12166 9638 11006 
3 2894 3848 9638 
3 8021 9639 4715 
3 8021 14979 9639 
3 9708 9640 8449 
3 9112 4853 16540 
3 2343 9641 5519 
3 6631 4777 9641 
3 8513 13805 8761 
3 10845 8323 9642 
3 12218 16531 12389 
3 15901 4384 11043 
3 1973 10967 4296 
3 15826 1709 11544 
3 9535 10332 11887 
3 10332 3010 9645 
3 6650 9646 5292 
3 14987 6346 5677 
3 11943 9647 5558 
3 14352 2672 4622 
3 5871 16139 14898 
3 6908 6224 9648 
3 14771 13374 9649 
3 13374 12131 9649 
3 11179 9650 6374 
3 15598 4424 8095 
3 5407 9651 6716 
3 223 224 9651 
3 14085 9652 1647 
3 16329 2427 9652 
3 9057 10533 3661 
3 10912 9162 9653 
3 8909 9654 7205 
3 15774 9086 9654 
3 12874 9655 10874 
3 4298 14000 9655 
3 4349 9656 15439 
3 4349 12768 9656 
3 9844 2280 13746 
3 2280 7844 10596 
3 2859 9658 16144 
3 2859 5143 9658 
3 8849 14255 10444 
3 14255 13799 2071 
3 8628 9660 12403 
3 8628 2400 14349 
3 3058 9661 4567 
3 7419 6848 9661 
3 13361 9662 3143 
3 3837 6022 9662 
3 4986 9663 2779 
3 2418 9468 9663 
3 5751 15864 6963 
3 5046 6796 9664 
3 9462 9665 6572 
3 15304 12407 12848 
3 13933 15656 4727 
3 15623 8402 10008 
3 11195 12987 16418 
3 14636 6539 13131 
3 8392 9668 4911 
3 8392 12418 9668 
3 15559 9669 8659 
3 7656 11374 9669 
3 14811 14565 5307 
3 3002 8269 9670 
3 9868 9671 12351 
3 13925 11322 2202 
3 3611 14432 8260 
3 9189 4536 13801 
3 1960 9673 3809 
3 15940 8974 4063 
3 10743 13320 15941 
3 15514 8275 15663 
3 3242 9675 5652 
3 2348 6463 15492 
3 13480 9676 3712 
3 14947 4421 9676 
3 14934 9677 10763 
3 15965 14157 7994 
3 8556 9678 4029 
3 8556 6839 9678 
3 14177 14452 1780 
3 14469 12458 5629 
3 2021 9680 11555 
3 2021 9231 9680 
3 13129 9681 15206 
3 5242 5208 9681 
3 8227 11582 14289 
3 10619 2051 2905 
3 7308 13835 4790 
3 6383 6046 9683 
3 13041 5391 11093 
3 13546 9128 2339 
3 3538 14930 3648 
3 10711 8896 10177 
3 12888 15137 2000 
3 13750 6560 6855 
3 3931 12059 6987 
3 4685 6124 9687 
3 12749 9025 14950 
3 9025 11776 9688 
3 7226 9689 14016 
3 7226 2569 9689 
3 11273 9690 4599 
3 6179 2607 9690 
3 6772 9691 2918 
3 5188 2055 12353 
3 12595 8153 10515 
3 16510 6344 4036 
3 12428 9693 5052 
3 12000 2878 11294 
3 2666 9694 9192 
3 8931 7431 9694 
3 3777 9695 6917 
3 13606 7651 16584 
3 4261 13132 7822 
3 13132 10513 9696 
3 9682 9697 5658 
3 13576 2506 2164 
3 5375 9698 6251 
3 5375 4473 9698 
3 9756 11337 2614 
3 2110 6503 9699 
3 6457 9700 7945 
3 6457 11902 9700 
3 5313 9701 2628 
3 3691 6864 9701 
3 12041 9702 9583 
3 4593 10204 15562 
3 14722 9703 3050 
3 5098 8484 9703 
3 13900 9704 3522 
3 14792 8223 10542 
3 1272 14919 1273 
3 1272 1271 14919 
3 11970 9706 2382 
3 12728 1897 9706 
3 6451 9707 3280 
3 6451 10464 13538 
3 7048 9708 8449 
3 7048 9112 9708 
3 13537 9709 15912 
3 16330 4335 11209 
3 4900 9710 5793 
3 15279 7853 9952 
3 8367 9711 7780 
3 6210 11484 9711 
3 1732 9712 3237 
3 1732 13948 9712 
3 5020 9713 7225 
3 2143 14450 9713 
3 2597 9714 9608 
3 10277 8848 10105 
3 15016 9715 1843 
3 12153 8476 6686 
3 16334 9716 12435 
3 5535 7195 12561 
3 1534 9717 1535 
3 16230 6630 6559 
3 685 9718 684 
3 685 686 9718 
3 6502 9719 5863 
3 15547 10339 3340 
3 12202 9720 13625 
3 7918 7215 9720 
3 14883 4405 9721 
3 6363 6820 16025 
3 5252 9722 7113 
3 14012 10252 7586 
3 13610 13830 3319 
3 5963 2450 9723 
3 10588 14007 16294 
3 12572 6523 7138 
3 8510 9725 8748 
3 8510 16225 9725 
3 16375 15807 9726 
3 15807 9625 9726 
3 3638 5647 14851 
3 8655 7857 9727 
3 3331 11306 2553 
3 11306 12355 9728 
3 11383 12641 13454 
3 13773 1747 9729 
3 12327 9730 3839 
3 8418 7604 13238 
3 7922 9731 9387 
3 7370 5439 9731 
3 11420 12006 3818 
3 14350 4798 11132 
3 3096 9733 7204 
3 8281 8398 9733 
3 86 9734 85 
3 86 4874 9734 
3 7010 15778 3254 
3 15778 7864 9735 
3 8514 9736 1729 
3 8514 9073 14880 
3 12449 9737 3467 
3 16563 6265 10793 
3 13259 9738 1946 
3 5848 8865 9738 
3 16182 9739 9307 
3 3798 3304 9739 
3 13564 12425 9740 
3 13564 8026 2446 
3 8015 9815 3759 
3 9815 9637 9741 
3 12015 13489 14920 
3 6914 3089 12823 
3 10093 553 14556 
3 14556 555 9743 
3 12642 9744 8278 
3 3830 5583 9744 
3 8793 9745 13241 
3 3845 6260 9745 
3 16279 9746 5802 
3 12427 7682 12080 
3 14306 9747 4183 
3 9779 5876 16044 
3 15810 9748 14269 
3 4883 9099 9748 
3 13088 16228 9965 
3 8570 6071 9749 
3 11612 9750 3938 
3 9437 4103 9750 
3 3091 9751 9374 
3 15029 5595 6746 
3 11700 10765 10810 
3 15023 14213 8913 
3 16229 10268 10829 
3 14776 9200 7372 
3 16320 12205 9754 
3 15899 6330 9290 
3 5125 11804 12287 
3 1850 4270 9755 
3 14777 11337 9756 
3 2614 4643 9756 
3 9345 16348 3943 
3 7197 13108 9757 
3 8309 9758 15410 
3 14926 8888 7819 
3 4765 9759 6343 
3 7605 8153 9759 
3 11576 9760 5882 
3 3719 15928 13629 
3 2525 14615 9233 
3 10503 2306 1978 
3 9528 10346 6489 
3 13246 16167 11660 
3 2808 9763 7469 
3 2808 9274 9763 
3 13021 9764 9218 
3 15852 5300 8976 
3 12489 9765 9097 
3 12489 14652 9765 
3 5343 9766 13580 
3 5343 13693 9766 
3 12881 9767 2476 
3 11069 6259 10626 
3 11573 9768 7674 
3 3439 7175 9768 
3 12375 13033 3781 
3 14385 5355 9769 
3 402 9770 401 
3 402 12507 9770 
3 8988 14825 2515 
3 14825 6754 12738 
3 5066 9772 4814 
3 15543 8614 9772 
3 7290 13292 13440 
3 13292 12342 7027 
3 3048 9774 3582 
3 3048 8534 9774 
3 10863 9775 5674 
3 10326 7657 9775 
3 2694 9776 4807 
3 16330 6042 4946 
3 7680 9777 3967 
3 3377 5097 9777 
3 5073 9778 6166 
3 15570 14325 11161 
3 15577 9779 9747 
3 2262 6027 9779 
3 5430 9780 7348 
3 16195 7079 10820 
3 5723 11062 5128 
3 4174 5590 9781 
3 9454 9782 1778 
3 9454 14695 9782 
3 9249 9920 2633 
3 8750 8252 9783 
3 12629 9784 6804 
3 14225 14204 11659 
3 15118 9785 14176 
3 11159 15104 10822 
3 9710 9786 5793 
3 4260 10774 15703 
3 8971 9787 8590 
3 14827 2045 15147 
3 14018 9788 5287 
3 7425 15173 9788 
3 4880 9789 2377 
3 16190 8977 10065 
3 6394 9790 8380 
3 6394 8779 9790 
3 14164 10006 5619 
3 10331 6313 13386 
3 15495 11029 9792 
3 9742 14920 13489 
3 12158 9793 14245 
3 13270 2397 3925 
3 14409 9794 3900 
3 9219 8730 9794 
3 15074 9795 10070 
3 1603 3537 9795 
3 14804 9796 1726 
3 5597 1786 9796 
3 12013 9797 7711 
3 5897 5099 9797 
3 13836 14175 11467 
3 6021 3366 11467 
3 10585 9799 7947 
3 9333 4721 9799 
3 2630 9800 1836 
3 2630 8190 9800 
3 10137 12645 2033 
3 15640 7256 8668 
3 9931 13803 5918 
3 2522 10390 9802 
3 14900 10410 2905 
3 2905 4837 9803 
3 13365 9804 8997 
3 1703 7991 9804 
3 4319 9805 6186 
3 4319 7517 14078 
3 8142 15619 2423 
3 14380 5357 9806 
3 9443 9807 7289 
3 11894 12363 12366 
3 8206 9808 8844 
3 6700 3460 9808 
3 4854 9809 8004 
3 4854 6852 9809 
3 10692 9810 7869 
3 5627 7063 9810 
3 4417 15791 7561 
3 3001 12016 9811 
3 8681 14394 8452 
3 10359 2902 4960 
3 12014 9813 12048 
3 8885 8208 9813 
3 15444 9814 2363 
3 4884 7324 9814 
3 3759 9815 9741 
3 5625 16271 9815 
3 9623 14782 8555 
3 9391 8568 15686 
3 8726 9817 3951 
3 8726 15008 9817 
3 15033 14717 11833 
3 3323 7802 12063 
3 5920 9819 7398 
3 5920 4981 9819 
3 9512 10234 6082 
3 5447 10191 9820 
3 12744 11152 11240 
3 11198 6818 9159 
3 13007 11586 13713 
3 15835 10429 5856 
3 9613 12859 12756 
3 8357 8570 9823 
3 2326 9824 7422 
3 2326 3725 9824 
3 15288 9825 2557 
3 6889 7517 10313 
3 12185 9826 12999 
3 2139 5641 9826 
3 8146 9827 3523 
3 13808 10315 16304 
3 9827 9828 1758 
3 16304 10071 13724 
3 5865 9829 5296 
3 5865 7973 9925 
3 11998 9830 3628 
3 15632 13837 9095 
3 9066 9831 7650 
3 5980 2333 14746 
3 7124 9832 2772 
3 2271 4965 9832 
3 14516 9833 13769 
3 6786 14238 9833 
3 16128 12714 13196 
3 13196 12714 16141 
3 4720 9835 7151 
3 10854 15978 9996 
3 13388 9836 8319 
3 11895 6873 13130 
3 15183 9837 2226 
3 5194 12725 9837 
3 3194 9838 4393 
3 15990 1981 9448 
3 12107 11156 11874 
3 11874 8786 9839 
3 7356 12149 14806 
3 14977 15662 1838 
3 6706 9841 5580 
3 10395 3750 10045 
3 13871 9842 10103 
3 1634 4323 9842 
3 15909 9843 8348 
3 2553 11814 9843 
3 2280 9844 7715 
3 2362 7581 11187 
3 16564 9845 15614 
3 2071 1631 9845 
3 9148 9846 9610 
3 15811 3642 4703 
3 15187 9847 15897 
3 4726 9638 12865 
3 3963 9848 6826 
3 2927 8591 9848 
3 7098 9849 6060 
3 16307 16366 14010 
3 7312 9850 9085 
3 1812 5594 9850 
3 14165 16171 4797 
3 16171 7250 12182 
3 15406 9852 4623 
3 13816 2159 15128 
3 7561 13907 15096 
3 4547 5928 9853 
3 6822 9854 9921 
3 6822 3296 9854 
3 1867 9855 9553 
3 5535 8382 9855 
3 516 12125 11194 
3 16029 11650 4544 
3 13439 9857 4699 
3 8760 7450 9857 
3 13067 9858 7074 
3 6720 8212 9858 
3 14409 9859 9794 
3 13732 2795 9219 
3 6933 9860 9554 
3 8404 2307 9860 
3 12867 9861 9396 
3 11619 4327 12726 
3 10437 12731 2104 
3 11915 11845 11112 
3 3486 9863 2372 
3 1622 11001 9863 
3 15646 9864 11471 
3 9893 3073 4375 
3 5779 9865 2039 
3 2389 8826 10940 
3 1380 9866 8332 
3 1379 1378 9866 
3 12621 9867 10527 
3 11071 10956 11922 
3 11549 10828 4579 
3 9261 9671 9868 
3 12552 11239 9556 
3 5859 16208 9869 
3 16072 9870 5860 
3 1883 13127 13992 
3 9033 12284 3272 
3 12284 8377 9871 
3 9628 9872 15537 
3 98 99 9872 
3 12965 16501 2207 
3 10977 13686 13920 
3 10387 9874 7900 
3 6610 16084 9874 
3 5537 9875 12846 
3 5537 4648 9875 
3 9255 9876 6554 
3 2298 15879 9876 
3 10774 9877 15703 
3 10774 11531 9877 
3 4810 9878 7567 
3 15859 10883 13221 
3 2125 12002 2745 
3 16560 11853 8151 
3 13410 9880 3322 
3 6766 182 9880 
3 4447 9903 1744 
3 12194 2732 5042 
3 1869 15435 5624 
3 6936 13840 9882 
3 6288 9883 3774 
3 15036 1943 9409 
3 356 9884 6947 
3 7224 7473 9884 
3 7395 9885 12808 
3 14554 5002 13268 
3 11976 9886 2100 
3 7688 16178 9886 
3 12482 9887 3687 
3 8490 3974 9887 
3 7246 9888 2703 
3 13711 10079 12201 
3 2644 9889 12826 
3 8228 7686 9889 
3 9084 14893 13335 
3 3980 13589 9890 
3 13939 11648 9891 
3 6562 8274 9891 
3 10769 9892 6003 
3 15332 10536 16338 
3 4531 14258 8233 
3 14258 3073 9893 
3 10597 9894 7350 
3 7679 5466 9894 
3 11374 9895 2702 
3 13467 7154 12546 
3 6223 9896 6208 
3 10440 5695 3519 
3 5443 13298 6893 
3 7633 3496 15110 
3 9604 11425 8922 
3 6524 7158 9898 
3 8487 9899 3717 
3 16244 10105 16598 
3 13190 9900 14470 
3 5726 4451 11919 
3 8607 11003 14151 
3 11239 10439 9901 
3 9012 9902 5025 
3 16410 14629 9312 
3 10557 9903 4447 
3 10557 16302 9903 
3 11118 9904 7110 
3 7075 13900 11639 
3 8037 9905 6887 
3 8037 7020 12057 
3 14973 9906 11633 
3 9721 6363 16025 
3 5554 9907 10294 
3 8809 6784 9907 
3 7448 9908 1855 
3 7448 9503 9908 
3 12050 9909 3188 
3 1816 6220 14139 
3 6294 9910 4135 
3 3932 9367 9910 
3 7161 12958 8698 
3 8741 10948 9911 
3 13182 9912 3948 
3 6233 11253 9912 
3 11357 15321 9143 
3 15321 9052 9913 
3 3304 9914 9521 
3 10703 6228 9914 
3 4319 15569 4308 
3 4126 4495 9915 
3 14381 9916 8096 
3 9335 3909 15147 
3 9578 9917 6802 
3 6609 6469 14721 
3 7015 9918 7914 
3 9648 2197 9918 
3 730 9919 6442 
3 731 732 9919 
3 2633 9920 9783 
3 9249 7311 9920 
3 4560 9921 7092 
3 10794 6732 3958 
3 14400 9922 1652 
3 12781 9633 5311 
3 3933 9923 7572 
3 3895 8539 9923 
3 7332 9924 6709 
3 7315 9411 9924 
3 10644 9925 5260 
3 9829 5865 9925 
3 13926 12832 9926 
3 12832 7067 12215 
3 5709 9927 6311 
3 13655 1700 5319 
3 12683 9928 1837 
3 12297 3812 14983 
3 10799 9929 4608 
3 11384 9276 5449 
3 7238 9930 8151 
3 11570 2111 11263 
3 2043 9931 3518 
3 13803 10811 11593 
3 3427 9932 6278 
3 3427 7636 9932 
3 9154 9933 13473 
3 9154 10975 9933 
3 14370 9934 3309 
3 1670 14606 9934 
3 6202 9935 9533 
3 14848 12450 9935 
3 15123 9936 2063 
3 15123 7416 9936 
3 7646 11201 14104 
3 14104 12773 6819 
3 7650 9938 9066 
3 7785 1981 9938 
3 9305 9939 7720 
3 13223 15932 11318 
3 10741 10964 14971 
3 8002 4304 9940 
3 9318 9941 3589 
3 3778 1641 9941 
3 1640 10226 4889 
3 6701 5644 9942 
3 4259 9943 8147 
3 4259 6099 9943 
3 13650 9944 2624 
3 2914 5479 9944 
3 3398 9945 5178 
3 9578 5717 10256 
3 2082 9946 5813 
3 12278 1640 11499 
3 7722 15850 6427 
3 15850 9803 11574 
3 3768 9948 7212 
3 12791 11760 11235 
3 5737 11505 5110 
3 6946 5019 9949 
3 5379 15632 9095 
3 13617 13577 9288 
3 13169 9951 12633 
3 6746 13216 9951 
3 8075 9952 7853 
3 6219 10109 12626 
3 4529 13325 4455 
3 16466 7707 15267 
3 12291 15841 9313 
3 5383 5436 10660 
3 1616 13981 15164 
3 13531 9139 15151 
3 1692 9956 2038 
3 16079 2822 7681 
3 8799 9957 6412 
3 16178 7688 4475 
3 12840 11386 15257 
3 11386 1876 9958 
3 7641 9959 2554 
3 7641 11422 13209 
3 7374 9960 8351 
3 7374 7019 9960 
3 12430 9961 1618 
3 14224 8657 13630 
3 7019 9962 9960 
3 16252 11139 11445 
3 16400 9963 11458 
3 7496 7464 9963 
3 5775 9964 8846 
3 13631 5063 12365 
3 13088 9965 6734 
3 9749 9271 9965 
3 15424 9966 6773 
3 12369 1636 8553 
3 16254 9967 8437 
3 4175 6722 9967 
3 10989 9968 2314 
3 3628 9830 9968 
3 4468 13505 16415 
3 3204 5129 9969 
3 6155 14437 5171 
3 2987 5820 9970 
3 13966 15086 11165 
3 5803 9488 10140 
3 14008 9972 2113 
3 15951 5909 13155 
3 11153 9973 16205 
3 7276 7234 9973 
3 13458 11949 2219 
3 12364 13972 6911 
3 5454 12928 4972 
3 4275 14403 12746 
3 9730 9976 7300 
3 9730 8418 9976 
3 8267 9977 1957 
3 15652 13492 1745 
3 8991 9978 3824 
3 8991 6608 9978 
3 4744 9979 8065 
3 15128 2159 6195 
3 14099 9980 9128 
3 7349 2658 9980 
3 2945 9981 4798 
3 2367 2496 12288 
3 12810 12456 10416 
3 2784 8930 12841 
3 10911 10705 12627 
3 10911 12627 9983 
3 9667 16418 10149 
3 16189 4948 14683 
3 4342 14615 6626 
3 2525 9616 11637 
3 15125 9986 10682 
3 7828 13249 9986 
3 12087 9987 8762 
3 5608 3199 9987 
3 5942 9988 1632 
3 5678 3010 14978 
3 5755 9989 7322 
3 5755 10127 10040 
3 7022 9990 6004 
3 1307 1306 9990 
3 3305 9991 4276 
3 3305 3840 9991 
3 4283 9992 6737 
3 4950 10548 9992 
3 158 159 15012 
3 6138 16259 9993 
3 7272 9994 3070 
3 8011 13362 9994 
3 4233 9995 3827 
3 13586 10609 13868 
3 10854 9996 12941 
3 10854 3947 15978 
3 10643 13469 15409 
3 5684 7808 9997 
3 6171 9998 7381 
3 6171 8888 9998 
3 8712 10635 8540 
3 14362 5667 11248 
3 15182 11571 10000 
3 11571 8777 10000 
3 10599 10001 5347 
3 13189 4110 4789 
3 3241 10002 5158 
3 3241 2437 10002 
3 13784 10003 8795 
3 7028 9914 10003 
3 15379 10004 14829 
3 5904 6060 10004 
3 7043 10005 13871 
3 1634 9842 10005 
3 6989 15050 2844 
3 2844 15050 15428 
3 13604 12316 10007 
3 12316 11762 8275 
3 7593 10008 9220 
3 7593 9666 15623 
3 4175 10009 3162 
3 16573 12802 15721 
3 9131 10010 4994 
3 9574 6034 10010 
3 13948 10011 7006 
3 13215 6912 3515 
3 11442 10012 7950 
3 14210 8133 13194 
3 14270 7753 10013 
3 7753 13595 13884 
3 2424 10014 4273 
3 2812 1784 12870 
3 10035 10015 6488 
3 10035 12466 10015 
3 2323 10016 4554 
3 15666 9778 15570 
3 9932 10017 12009 
3 9932 3464 10885 
3 8690 12381 14499 
3 12381 3434 3351 
3 14361 10019 3469 
3 6931 13443 10019 
3 6373 10020 2391 
3 5526 3298 12897 
3 4471 10021 6968 
3 5830 4867 10189 
3 12204 10022 3769 
3 12429 6481 6945 
3 3534 12619 10438 
3 13394 10091 10023 
3 15998 14038 10024 
3 8026 2555 10024 
3 11426 10025 14525 
3 4693 12708 10025 
3 2078 14584 4857 
3 3448 5576 10026 
3 4378 10523 14730 
3 9692 15169 10027 
3 11592 10028 8252 
3 8257 9372 10028 
3 8013 10514 13935 
3 14030 6860 12134 
3 11143 10030 8679 
3 13981 1616 9573 
3 10724 10031 7586 
3 6170 3803 10480 
3 15797 10032 8270 
3 5957 15976 10032 
3 6134 10033 3030 
3 2245 7247 10033 
3 8337 14667 2224 
3 2890 16364 11158 
3 12432 12521 8635 
3 12521 6540 12466 
3 13231 16082 3884 
3 16082 4587 10036 
3 10749 10037 4815 
3 1951 13157 14193 
3 4411 10038 6005 
3 14120 6730 4331 
3 12396 10039 13525 
3 16094 13836 10906 
3 1641 11304 9941 
3 9989 5755 10040 
3 4564 10041 3916 
3 4564 2104 10493 
3 11985 10482 10042 
3 6833 6649 10042 
3 7242 10043 7209 
3 7242 13552 11761 
3 3408 12772 4263 
3 12404 7173 6555 
3 974 10045 3750 
3 975 976 10045 
3 14970 10046 14922 
3 2434 1671 14373 
3 14035 10047 11585 
3 6249 15297 10047 
3 1964 10048 9421 
3 2831 2632 10871 
3 8455 10049 7924 
3 16215 14091 11104 
3 2743 10050 6187 
3 5299 15061 10050 
3 10700 10051 2955 
3 7418 3623 10051 
3 3564 15621 13614 
3 16490 13117 5117 
3 12500 16449 3154 
3 16449 12307 12532 
3 15320 15725 12696 
3 519 520 10054 
3 10886 10055 9315 
3 9192 11511 15593 
3 4533 15885 6778 
3 6778 15885 10056 
3 11082 10057 3060 
3 11464 5567 13544 
3 3511 10058 3454 
3 3511 12565 10058 
3 4214 10059 6733 
3 4214 4795 10059 
3 7609 10060 6458 
3 12221 3700 1904 
3 11716 10061 12773 
3 15919 2489 3793 
3 1820 10062 6832 
3 6256 2132 15735 
3 10525 10063 9560 
3 16224 5941 2079 
3 13247 10064 3463 
3 6348 4378 10064 
3 14636 13131 9667 
3 8977 12828 10065 
3 15851 15126 10066 
3 4679 10661 15126 
3 4606 15338 3721 
3 5165 14699 10067 
3 14966 10068 3228 
3 5915 3228 10068 
3 4515 10069 5704 
3 4515 11260 10069 
3 2015 10070 12053 
3 3521 2943 10070 
3 11073 10071 5699 
3 8623 14049 16322 
3 12851 16432 12758 
3 16432 13299 10072 
3 16393 10471 6567 
3 6057 6072 10073 
3 15471 10074 4171 
3 15471 9146 10074 
3 10197 10075 9076 
3 11971 15523 10809 
3 7966 16420 3137 
3 6416 7919 10076 
3 4419 10077 8326 
3 7916 5825 10077 
3 8853 10078 3821 
3 7532 15170 10078 
3 11844 10079 7246 
3 5995 5622 12826 
3 14576 10080 9636 
3 13647 8092 14060 
3 11572 10081 8444 
3 11907 6641 10889 
3 6472 15259 12753 
3 8691 7361 10082 
3 7053 10083 3775 
3 7053 6204 14330 
3 5118 14744 5600 
3 14621 4426 10084 
3 16150 10085 1722 
3 14924 7955 6258 
3 8653 13214 4162 
3 2470 4704 10086 
3 10672 10115 12133 
3 7700 3175 11722 
3 11655 11569 10088 
3 13381 11181 4441 
3 6662 16548 4155 
3 11706 5685 11671 
3 3740 10090 4823 
3 8189 6099 10090 
3 11670 14593 1955 
3 6241 13366 10091 
3 2463 10092 8929 
3 3863 3908 12303 
3 552 10093 551 
3 552 553 10093 
3 16573 12302 12802 
3 12376 14230 6705 
3 11495 10095 9206 
3 6420 3840 10095 
3 12642 10096 6055 
3 5812 15166 10096 
3 6248 12080 7682 
3 16204 16258 11224 
3 8683 10098 13420 
3 6238 3071 13969 
3 3790 10099 4802 
3 11765 5918 10282 
3 16463 10100 7162 
3 4905 5117 13117 
3 11397 15904 3562 
3 4117 9570 10101 
3 4391 10319 2988 
3 10102 14546 11254 
3 5722 13871 8792 
3 9842 6208 13970 
3 12649 10104 4385 
3 12649 2154 10104 
3 16598 10105 8848 
3 4491 11951 16244 
3 14501 10106 8676 
3 3013 2810 10106 
3 15838 10107 6541 
3 12486 11048 5615 
3 3155 15021 5635 
3 15021 9106 13962 
3 10825 10109 6219 
3 10825 5289 10109 
3 7781 10110 11256 
3 7781 9062 10110 
3 14308 10111 16471 
3 6295 3741 10111 
3 11961 10112 14944 
3 1443 1442 10112 
3 10742 10113 7774 
3 3011 8701 10113 
3 10142 13824 5396 
3 10244 6095 10114 
3 12949 10115 5537 
3 12949 5582 10115 
3 6476 10116 5235 
3 6476 6359 11518 
3 8261 10117 8044 
3 8261 2839 14954 
3 6506 10118 5907 
3 4586 7118 10118 
3 7506 14430 1655 
3 14430 13200 4770 
3 10437 10120 9047 
3 2104 4564 10120 
3 11129 10121 2736 
3 15295 4079 5369 
3 11729 10122 3439 
3 11041 3384 3522 
3 1664 13424 7868 
3 11603 13240 10123 
3 2365 10124 16353 
3 6345 8812 11441 
3 8429 16408 8285 
3 4011 6918 10125 
3 4551 10126 7474 
3 12431 5544 13289 
3 7436 10127 1968 
3 3756 11340 10127 
3 12253 10128 8405 
3 13695 6747 10128 
3 3964 10129 6181 
3 8051 9173 10129 
3 10562 10130 9549 
3 13407 7268 9132 
3 7504 10131 5306 
3 7504 2597 10131 
3 219 11189 2255 
3 5407 7064 10132 
3 7359 10133 3940 
3 4390 12812 10133 
3 5837 10134 6955 
3 5837 3269 10134 
3 4092 10135 4692 
3 9538 16048 10135 
3 1692 10136 9956 
3 16340 9913 9052 
3 13156 10137 11012 
3 2033 1523 10137 
3 8135 10138 9009 
3 12050 3188 10138 
3 14912 10139 6576 
3 1834 4410 10139 
3 9662 10231 15207 
3 10231 5803 10140 
3 14689 12614 9902 
3 14243 3715 5881 
3 11031 10142 7912 
3 5396 7615 10142 
3 15775 10143 14915 
3 8500 7435 14915 
3 7579 11510 2259 
3 12513 3730 14220 
3 11543 10145 7129 
3 11543 9733 10145 
3 2586 10146 2244 
3 9594 4080 10146 
3 12701 10147 9576 
3 3678 5579 10147 
3 824 10148 823 
3 2773 11981 10148 
3 13461 10149 9984 
3 2937 2850 10149 
3 13177 10150 6109 
3 3006 9227 10150 
3 6005 10151 5673 
3 6005 10038 13651 
3 8796 10152 9929 
3 5209 9276 10152 
3 1908 10153 7641 
3 1908 8898 15180 
3 10458 10154 3817 
3 14326 4091 10154 
3 13807 10809 3346 
3 15523 6291 13762 
3 746 10156 745 
3 12618 747 4345 
3 8994 10157 2173 
3 8994 5710 10157 
3 7888 15384 4997 
3 15676 2314 9968 
3 7548 13353 14265 
3 2238 12189 10159 
3 8177 10160 2462 
3 5938 13505 10160 
3 15032 10161 8851 
3 14085 11031 16329 
3 14696 11555 10162 
3 9680 6771 10162 
3 12624 10372 10163 
3 10372 4646 12348 
3 12228 12295 8677 
3 8156 9294 10164 
3 2166 10165 7779 
3 2166 3513 16404 
3 11324 14094 14572 
3 1854 2767 10550 
3 15152 10167 6530 
3 11697 1747 8984 
3 5821 13910 13089 
3 14949 2213 10168 
3 13417 10169 7375 
3 6108 8648 16143 
3 9028 16305 10374 
3 5414 3960 10170 
3 8620 10171 1742 
3 8679 7484 10171 
3 4764 15044 4919 
3 4764 3883 15044 
3 15138 10173 2505 
3 1959 4055 10173 
3 3687 10174 10265 
3 1693 9445 10174 
3 2818 10175 7383 
3 11524 1979 11206 
3 14708 10176 11079 
3 8119 3273 13891 
3 16498 13219 14982 
3 2381 5976 10711 
3 6955 10178 7637 
3 6850 8006 13254 
3 399 10179 398 
3 9770 12507 10179 
3 15498 10180 2443 
3 7295 9336 10180 
3 8440 10181 8105 
3 8440 3423 10181 
3 2102 11535 16280 
3 15694 8317 13183 
3 9011 10183 3761 
3 9011 2550 10183 
3 8350 10184 6262 
3 16374 4211 2723 
3 5132 10185 8023 
3 4990 14398 10185 
3 3256 10186 7956 
3 3256 7202 16070 
3 12125 10187 7371 
3 14371 7910 10187 
3 15903 10322 10188 
3 2211 13770 12298 
3 5830 10189 10021 
3 6226 8760 10189 
3 5893 10190 4865 
3 5893 9229 10190 
3 8428 10191 1675 
3 8428 3431 10191 
3 4124 10192 9451 
3 4018 5170 10192 
3 10474 10193 7304 
3 2318 9167 10193 
3 15352 15920 5128 
3 1772 6299 10194 
3 11820 10195 6533 
3 1974 4519 11778 
3 11355 10196 6636 
3 7758 15264 15418 
3 12522 10197 9076 
3 11971 10075 10197 
3 8947 10198 5080 
3 6136 9063 10198 
3 11329 10199 16230 
3 9532 1542 10199 
3 3618 10200 6289 
3 3618 9150 12785 
3 3160 10201 13228 
3 3160 4228 10201 
3 6149 10202 13594 
3 2360 12894 11113 
3 3615 11649 4489 
3 9380 11812 12760 
3 6385 10204 4593 
3 6385 9598 13846 
3 12761 10205 4740 
3 8856 11600 10205 
3 3059 10206 4653 
3 4947 9555 11401 
3 2034 10207 8935 
3 8632 6249 10207 
3 7239 10932 5543 
3 16549 13168 5303 
3 11429 10209 15037 
3 6867 15429 10209 
3 14589 10827 13086 
3 13086 877 878 
3 7143 10763 13887 
3 9677 7994 10211 
3 10065 10212 9667 
3 9263 4271 10212 
3 14171 10213 13049 
3 3546 15561 10213 
3 10747 10214 12040 
3 2265 3767 10214 
3 15979 10215 12687 
3 7179 4408 13794 
3 14195 10216 3177 
3 6712 4992 10216 
3 13958 10217 6351 
3 12583 3791 10217 
3 9494 13928 1756 
3 14727 8664 10218 
3 10910 10219 1987 
3 6905 9094 10219 
3 15546 10220 16569 
3 16569 15914 8134 
3 10641 10221 7509 
3 12831 5359 10679 
3 11613 12171 5175 
3 3450 14443 15566 
3 3516 12292 3576 
3 3576 12292 10223 
3 6053 10224 5104 
3 14493 5361 1663 
3 6028 10225 8238 
3 6138 2977 10225 
3 11491 10226 1640 
3 6701 9942 10226 
3 2643 12330 3828 
3 12020 11629 9282 
3 7353 14608 6750 
3 10325 2257 13059 
3 16485 13123 10229 
3 16366 16307 2046 
3 14320 10230 1648 
3 14320 16264 10230 
3 15207 10231 10140 
3 9662 9971 10231 
3 16257 15882 14869 
3 14822 3574 15153 
3 15171 10233 4072 
3 2829 13550 10233 
3 5447 10234 8097 
3 5447 9820 10234 
3 3925 11912 6619 
3 2813 8684 10235 
3 4383 15359 6859 
3 3486 5316 14634 
3 5818 10237 9026 
3 13300 7565 10237 
3 1695 10238 9115 
3 1695 4228 10238 
3 12707 10118 7118 
3 10239 12707 7118 
3 14878 10240 2381 
3 5976 2381 10240 
3 9226 10241 39 
3 9226 15963 10241 
3 13765 10242 11229 
3 5904 4695 15535 
3 11746 10243 1877 
3 4423 14742 10243 
3 11840 10244 13824 
3 8638 6095 10244 
3 5280 12905 7058 
3 12085 6807 8355 
3 5335 10246 5952 
3 5335 11628 10246 
3 8966 10247 5511 
3 8966 9130 13915 
3 14489 10248 7696 
3 4372 3301 10248 
3 6945 10249 5045 
3 6945 6481 10249 
3 9459 10250 5423 
3 3713 7080 14384 
3 16005 10251 5986 
3 2641 8832 10251 
3 2408 10252 9472 
3 10724 7344 16269 
3 9685 14930 9187 
3 13058 11934 3727 
3 15513 14176 10254 
3 14176 9785 10254 
3 7281 10255 9118 
3 10255 14879 10607 
3 9453 10256 5946 
3 9945 9578 10256 
3 12498 10257 1949 
3 14946 11227 6071 
3 12605 10258 4824 
3 11529 2870 5200 
3 4081 10259 14471 
3 4081 10833 15895 
3 12612 10260 15870 
3 5822 10993 10260 
3 16062 10261 11593 
3 6436 1769 10261 
3 6595 10262 12858 
3 5213 4865 10262 
3 14720 10263 10939 
3 4570 2751 10263 
3 10683 10264 7688 
3 6186 14849 10264 
3 3687 10265 2533 
3 10174 9445 10265 
3 9157 10266 9531 
3 8202 5416 10266 
3 1658 10267 4812 
3 1658 10611 10267 
3 1746 12613 16229 
3 9271 16274 9965 
3 137 10269 136 
3 137 138 10269 
3 14559 10270 10419 
3 8605 3898 10270 
3 12301 10271 4600 
3 3308 9615 10271 
3 16504 14891 4461 
3 8934 14321 14891 
3 3327 8191 15293 
3 1905 5249 13154 
3 14581 2527 4828 
3 13494 6446 9525 
3 12745 10275 6221 
3 11027 8964 8225 
3 11681 12060 2935 
3 11733 1836 5330 
3 2563 10277 15097 
3 5169 8848 10277 
3 1042 10278 1041 
3 1042 1043 10278 
3 7126 10279 5197 
3 10131 2952 10279 
3 13570 10280 6927 
3 15863 14235 10280 
3 6800 13026 1868 
3 8216 6595 11007 
3 12660 10282 5918 
3 14034 15443 12373 
3 6693 11823 13757 
3 10651 7213 10283 
3 13086 10284 10680 
3 10827 11952 10284 
3 5061 15370 5101 
3 12948 7903 10285 
3 15865 15823 10286 
3 13211 4065 6389 
3 11414 10287 10942 
3 11414 5673 10287 
3 12234 10288 10593 
3 16499 3735 8689 
3 8671 10289 9045 
3 8671 15317 11493 
3 8074 11095 12947 
3 12729 11628 5335 
3 3688 10291 3616 
3 3688 3033 10291 
3 12875 16218 7689 
3 14424 5755 7322 
3 10581 10293 14184 
3 4104 7583 10293 
3 5554 10294 8289 
3 9907 9053 10294 
3 3966 10295 14340 
3 13781 3620 12415 
3 16390 10296 7338 
3 1680 9237 10296 
3 6654 4901 11410 
3 4901 16208 10297 
3 11018 10298 3074 
3 5195 4963 10298 
3 13401 10299 3495 
3 3926 2900 10299 
3 2681 10300 4826 
3 2681 3870 10300 
3 8559 15706 6388 
3 13568 11237 11977 
3 10820 10302 2760 
3 15745 6636 14274 
3 7373 10303 8270 
3 7373 10032 10303 
3 2684 10304 8127 
3 2684 6811 10304 
3 5317 10305 6606 
3 9020 11180 10305 
3 7350 10306 5203 
3 7350 9894 10306 
3 1682 10307 9007 
3 5106 12469 15349 
3 7980 10308 3639 
3 7980 7031 10308 
3 2430 10309 7986 
3 2430 2759 10309 
3 5284 10399 2762 
3 10399 8330 10310 
3 6473 10311 12409 
3 8914 7594 10311 
3 7021 10312 14441 
3 4087 2883 10312 
3 15288 10313 9825 
3 7517 3270 10313 
3 5559 10314 1883 
3 8967 11554 10314 
3 13793 10315 3335 
3 6653 10823 10315 
3 13543 10316 6648 
3 8046 12229 16355 
3 10601 10317 5550 
3 7291 2327 10317 
3 7959 10318 2659 
3 7959 7432 10350 
3 12144 10319 4391 
3 12144 13921 10319 
3 16360 10320 11294 
3 4504 11839 10320 
3 11492 10321 6487 
3 14377 5249 10321 
3 15903 10914 10322 
3 2609 11045 10322 
3 4503 12655 5314 
3 15767 6558 2253 
3 6912 10324 3515 
3 14160 7488 12092 
3 2530 10325 10228 
3 2530 2257 10325 
3 10863 10326 9775 
3 7354 2460 10326 
3 12957 10327 7894 
3 6095 1707 10327 
3 10086 11166 2470 
3 11166 4162 10328 
3 15708 10329 6419 
3 1661 8094 10329 
3 13889 10330 12386 
3 2587 12420 13037 
3 10006 10331 9791 
3 6763 4725 10331 
3 3010 10332 7659 
3 11887 1754 9535 
3 13284 10333 6430 
3 9751 3637 10687 
3 7140 10334 9117 
3 3973 8308 10334 
3 13375 10335 6007 
3 2274 12103 10335 
3 14956 13290 10336 
3 10867 10442 10336 
3 13646 10337 13449 
3 13712 15156 11349 
3 6518 10338 10122 
3 6518 11700 10338 
3 7809 11339 13102 
3 1915 3340 10339 
3 9184 10340 1666 
3 9565 8181 12628 
3 2650 10341 5224 
3 14233 8212 16461 
3 15515 10342 3952 
3 6391 4024 10342 
3 5973 10343 13412 
3 12838 8727 2647 
3 4723 10344 6776 
3 4474 8909 10344 
3 6701 12971 5644 
3 16347 13278 9696 
3 6489 10346 9762 
3 9163 12066 10346 
3 10849 10347 5915 
3 3545 7621 14597 
3 13841 14557 2204 
3 14149 5044 10782 
3 4620 11995 1968 
3 15001 6774 12464 
3 7959 10350 10318 
3 7432 12867 10350 
3 12332 10351 5068 
3 7253 5168 10351 
3 6967 10352 2374 
3 6967 5736 13370 
3 5255 10353 2492 
3 5255 4258 10353 
3 6037 10354 8479 
3 10464 4804 13538 
3 9615 10355 10271 
3 9615 7566 13502 
3 3436 16382 10356 
3 10813 2312 10356 
3 14250 10357 6312 
3 14250 2834 10357 
3 14942 10358 15514 
3 14942 2123 16157 
3 14234 10359 9812 
3 7049 11837 10359 
3 13407 10360 8057 
3 14166 12289 12442 
3 5848 13687 12517 
3 6776 4801 10361 
3 14972 10362 2200 
3 10317 2327 10362 
3 6023 13633 14768 
3 5065 8286 10363 
3 4186 16421 4999 
3 16421 8349 10364 
3 8661 15020 12794 
3 7227 11701 10365 
3 2836 10366 8312 
3 10567 2493 10366 
3 15614 10367 8363 
3 14376 10461 10512 
3 4421 10368 2636 
3 1633 5227 10368 
3 7334 10369 3173 
3 2235 4643 12169 
3 8465 10370 7200 
3 6896 3633 10370 
3 4776 10371 2885 
3 4776 15975 10371 
3 8822 10372 6047 
3 8471 4646 10372 
3 6331 10362 10467 
3 3223 3590 10373 
3 3603 16305 9028 
3 10170 3960 10374 
3 15531 10375 15823 
3 15865 14716 15605 
3 3738 13424 2887 
3 13424 11603 7868 
3 15299 10377 7418 
3 14405 6240 10378 
3 5093 10378 5274 
3 10377 14405 10378 
3 8385 10379 7531 
3 8385 11961 10379 
3 9323 10380 5811 
3 7137 3571 10380 
3 9635 10381 1645 
3 8306 13480 14466 
3 14660 10382 4907 
3 4280 9267 10382 
3 15140 10383 16497 
3 3133 13547 10383 
3 5267 3418 14544 
3 16498 13975 13219 
3 15684 16535 3840 
3 2109 4366 10385 
3 10529 16148 3605 
3 15527 16119 3813 
3 6753 14270 7900 
3 10013 6175 10387 
3 12485 10388 3790 
3 6337 10987 13431 
3 15908 10389 3554 
3 2177 3171 13874 
3 13599 15091 10737 
3 15443 14034 2626 
3 3448 10391 6074 
3 12471 4732 10714 
3 3889 10392 3656 
3 4152 2360 10392 
3 15285 10393 4686 
3 9592 9298 10393 
3 9316 10394 6073 
3 8358 7578 10394 
3 6706 14050 14460 
3 5462 9392 14173 
3 14671 10948 5476 
3 2135 3186 15760 
3 2656 10397 7309 
3 7014 9788 14018 
3 2328 10398 3462 
3 4054 3594 10398 
3 11281 10399 9571 
3 10310 2762 10399 
3 2002 14445 14661 
3 16123 15964 2881 
3 12741 11416 3297 
3 11416 9572 14697 
3 1684 10402 2763 
3 10466 8331 15879 
3 4566 10403 4137 
3 5637 4105 10403 
3 7219 10404 9091 
3 1225 1224 10404 
3 8595 10405 4422 
3 12705 13306 10405 
3 10949 10406 2219 
3 13969 2590 11738 
3 16496 12587 12524 
3 12524 12688 10407 
3 7916 10408 5825 
3 6401 11480 10408 
3 12254 10409 3142 
3 11957 8861 12318 
3 9803 14900 2905 
3 7795 5658 10410 
3 8089 10411 13722 
3 5373 13199 10411 
3 16462 12203 9121 
3 12203 2421 5423 
3 13627 10413 8434 
3 9460 5310 10413 
3 13931 10414 8785 
3 13664 7470 10414 
3 11668 10415 12205 
3 11668 16426 10415 
3 9982 10416 2784 
3 15106 4202 7440 
3 14658 14415 4351 
3 4351 10423 10417 
3 1662 10418 7554 
3 8391 7074 16076 
3 14559 10419 13882 
3 10270 12144 13882 
3 194 10420 193 
3 7358 13410 10420 
3 13624 10421 7410 
3 6726 13796 10421 
3 14076 10422 4303 
3 12148 2854 10422 
3 11942 10423 4787 
3 4351 14415 10423 
3 13090 10424 2795 
3 15877 11691 3902 
3 4838 10425 7907 
3 4838 3063 10425 
3 113 12817 112 
3 12312 7467 12219 
3 14674 10427 8298 
3 4355 9785 10427 
3 8797 10428 11393 
3 13575 15033 2171 
3 5856 10429 2375 
3 15835 9822 16455 
3 9001 11345 8200 
3 11345 9646 10430 
3 2245 13694 7247 
3 11489 2973 10431 
3 12516 7164 15172 
3 10136 9143 16340 
3 6402 10433 5956 
3 6402 11325 10433 
3 11916 10434 7556 
3 13135 7603 14299 
3 9158 10435 2440 
3 16053 4938 12779 
3 11677 10436 2853 
3 8111 5657 10436 
3 14132 10437 9047 
3 13975 9641 12731 
3 14304 11699 10023 
3 6762 7468 10438 
3 2928 10439 9556 
3 9254 6571 10439 
3 6223 10440 9896 
3 11749 14408 3528 
3 9504 12178 8462 
3 11105 8777 5637 
3 1471 10442 3878 
3 1467 1466 10442 
3 8873 10443 7420 
3 8873 4405 10443 
3 3608 14255 8849 
3 9659 15519 10444 
3 4975 10445 5389 
3 4135 9910 10445 
3 15862 15393 10446 
3 5620 14490 10446 
3 5558 10447 3780 
3 5720 3171 10447 
3 8305 10448 2682 
3 5388 2336 10448 
3 13308 12724 11831 
3 14538 15274 15812 
3 12178 10450 11105 
3 5565 15182 10450 
3 8433 13105 7070 
3 15286 4460 10451 
3 7047 16364 7089 
3 12972 8503 12370 
3 9940 10453 7169 
3 4304 6580 10453 
3 2842 10454 4438 
3 10401 14697 10454 
3 3470 10455 9507 
3 1728 3598 11883 
3 9971 10456 5803 
3 15086 13966 2289 
3 8634 12667 6513 
3 15943 7158 3894 
3 4614 10458 3817 
3 14406 13792 5750 
3 6690 10459 7353 
3 6966 3780 10459 
3 10592 10460 3644 
3 13124 4628 10460 
3 2775 10461 6883 
3 2775 5015 10461 
3 2778 11989 12638 
3 7557 3682 10462 
3 16189 10463 13312 
3 8546 11772 13553 
3 6037 11848 15939 
3 13436 13932 8365 
3 2441 14292 14112 
3 12863 3921 12578 
3 1684 10466 10402 
3 1684 3506 10466 
3 6331 10467 9215 
3 10373 7214 10467 
3 12367 13772 8203 
3 5717 9578 10468 
3 4546 10469 6116 
3 16419 7209 10043 
3 6096 10470 5206 
3 6096 14447 10470 
3 6567 10471 10073 
3 15102 4256 13587 
3 9128 10472 3979 
3 9980 2658 10472 
3 5746 10473 1894 
3 16358 8426 10473 
3 6050 12954 7304 
3 8192 14639 10474 
3 9611 12354 5056 
3 15969 5250 10475 
3 11662 10476 8081 
3 10965 1829 4603 
3 13874 10477 8917 
3 11632 3155 10477 
3 14474 10478 3003 
3 7102 5202 16164 
3 13688 15490 6844 
3 1871 3290 10479 
3 11956 10480 8549 
3 10031 16269 10480 
3 12310 10481 9070 
3 9111 6628 10481 
3 11985 11363 10482 
3 13596 1717 10482 
3 8683 10483 8942 
3 10918 4228 14191 
3 8631 14345 15933 
3 1605 7804 10484 
3 3405 10485 7404 
3 3405 12835 10485 
3 14302 10486 6863 
3 4339 9331 10486 
3 10735 10487 9477 
3 3284 7701 15317 
3 12026 10488 8702 
3 5872 8479 10488 
3 13940 10489 6277 
3 5325 8499 10489 
3 3268 10490 5400 
3 2665 8139 10490 
3 15384 10491 10158 
3 10834 4819 10491 
3 16419 10492 3659 
3 13648 2049 12233 
3 4564 10493 10041 
3 9862 11915 10493 
3 4442 11289 6740 
3 3151 8598 10494 
3 3776 10495 394 
3 2426 393 10495 
3 4913 11726 4633 
3 1741 5722 10496 
3 10929 13856 5844 
3 11623 2306 10497 
3 15638 10498 4244 
3 3707 2472 11372 
3 3643 10499 4508 
3 11610 3266 1604 
3 7311 10500 7204 
3 15398 11019 12374 
3 11909 10501 3859 
3 5950 16568 10501 
3 7942 6580 14118 
3 2416 13817 2440 
3 14709 10503 4607 
3 11796 10497 10503 
3 13321 10504 8898 
3 5954 4753 10504 
3 645 11340 11913 
3 3756 5520 10505 
3 296 10506 16132 
3 2785 10748 12094 
3 4936 10507 5731 
3 4936 1932 10507 
3 15540 10508 13341 
3 10984 1039 10278 
3 10392 10509 3656 
3 10392 2360 10509 
3 11349 4297 15121 
3 12668 13943 10510 
3 6580 10511 10502 
3 6580 4304 10511 
3 14376 10512 10367 
3 10461 5015 10512 
3 6708 10513 13132 
3 6708 3502 12868 
3 3432 14030 9030 
3 10514 13982 11837 
3 11714 10515 6717 
3 15512 8987 16510 
3 3180 10516 11036 
3 3180 5131 10516 
3 2923 10517 3481 
3 2923 3371 12860 
3 2179 10518 3024 
3 7369 3267 10518 
3 8803 10519 6605 
3 8803 2174 10519 
3 12978 10520 8133 
3 2114 6369 10520 
3 4918 10521 3330 
3 4571 9541 14687 
3 14126 10522 2831 
3 8011 11752 10522 
3 12595 10523 8153 
3 14730 3775 4378 
3 8363 10524 8573 
3 4059 15701 1669 
3 11723 10525 8594 
3 12807 5841 12574 
3 7545 10715 12337 
3 7968 6156 10526 
3 16344 10527 11560 
3 9867 5339 11071 
3 2934 10528 6924 
3 6888 7824 10528 
3 11599 12795 9366 
3 12795 6242 10529 
3 4741 10530 3891 
3 116 117 10530 
3 15713 10531 1729 
3 9531 3525 10531 
3 7724 10532 11127 
3 13073 10844 7012 
3 2473 10533 9057 
3 2473 10912 10533 
3 14658 10534 3996 
3 10417 11942 16081 
3 6826 10535 3963 
3 14375 12917 13389 
3 9892 15332 8693 
3 3870 7194 10536 
3 12236 13879 5596 
3 13879 3242 10537 
3 6841 10538 15410 
3 3469 2782 13800 
3 12672 10539 6073 
3 3411 9316 10539 
3 14797 16359 4412 
3 15119 10216 1844 
3 14211 10541 13592 
3 5820 11252 10541 
3 10919 10542 9013 
3 9704 14792 10542 
3 15670 11954 10543 
3 11954 16493 4206 
3 12964 13661 2769 
3 12098 2399 5887 
3 5064 10545 1619 
3 5064 5540 10545 
3 14937 10546 6979 
3 9171 11494 10546 
3 12276 13112 13364 
3 7560 2392 10547 
3 9228 10548 8548 
3 9228 4426 10548 
3 15502 10549 1819 
3 6248 9371 10857 
3 8124 12794 7537 
3 10166 1854 10550 
3 9575 10551 8699 
3 11190 3909 10551 
3 5912 10552 8808 
3 5912 11644 10552 
3 4633 10553 2787 
3 5552 14122 10553 
3 13192 10554 9069 
3 5587 8512 10554 
3 11808 10555 2588 
3 283 12770 282 
3 15009 10556 2481 
3 2688 3792 10556 
3 14640 10557 4447 
3 16302 7948 12281 
3 7632 10558 6276 
3 15130 3226 7088 
3 1967 10559 4771 
3 11295 8100 5442 
3 12664 10560 6406 
3 1808 2402 10560 
3 4928 5061 11517 
3 5224 10341 10561 
3 11173 10562 9549 
3 7246 12801 14253 
3 11302 10563 7897 
3 5142 6868 11141 
3 16491 10564 11730 
3 16491 14375 13389 
3 5050 10565 1544 
3 9532 8488 10565 
3 13537 12635 9530 
3 5198 6070 10566 
3 2830 10567 10366 
3 3163 8058 10567 
3 1965 16470 7395 
3 14672 5817 14413 
3 13210 10569 7271 
3 13109 7691 3229 
3 14801 10701 10570 
3 2119 11272 10570 
3 1926 10571 1757 
3 1926 11139 13903 
3 2724 11034 1998 
3 11034 3270 12077 
3 8948 10573 8489 
3 8948 8720 10573 
3 13248 10574 7666 
3 13248 7143 10574 
3 1642 10575 8496 
3 1642 12714 10575 
3 4430 11338 3206 
3 11338 7095 10576 
3 13795 10768 10577 
3 10979 9519 10577 
3 8038 10578 9413 
3 6434 12107 15503 
3 15884 10579 3725 
3 12727 3577 3061 
3 10526 15890 7968 
3 12785 9150 10580 
3 13784 10581 7028 
3 11860 10293 10581 
3 3051 10582 9213 
3 3051 3929 10582 
3 12808 10583 1965 
3 10615 1929 10583 
3 15919 12078 2664 
3 2664 15377 10584 
3 13005 10585 7947 
3 12129 7894 12877 
3 4411 10586 10038 
3 13113 10729 14256 
3 1667 10587 12713 
3 11595 8634 3135 
3 8352 11208 7325 
3 10666 11526 10588 
3 14585 10589 7911 
3 3092 13176 13273 
3 537 11078 536 
3 1888 7438 10590 
3 4611 10591 7472 
3 4611 8291 10591 
3 3048 10592 6646 
3 3872 10460 10592 
3 8008 10593 4904 
3 8008 12234 10593 
3 7145 10594 6831 
3 7145 10622 10594 
3 16219 10595 4683 
3 4332 2936 10595 
3 2280 10596 9657 
3 7844 6180 10596 
3 16220 10597 7350 
3 8734 5640 10597 
3 7814 12883 8032 
3 12740 4759 11377 
3 2384 10599 3958 
3 2384 13761 10599 
3 14868 10600 7839 
3 15089 5471 5410 
3 10317 10601 7291 
3 5550 6607 10601 
3 16359 10602 10540 
3 6712 10216 15119 
3 4110 10603 4789 
3 12904 2095 4952 
3 16103 10604 2898 
3 4818 2321 10604 
3 10672 10605 8102 
3 12133 11722 4520 
3 13120 10606 8782 
3 6467 9267 10606 
3 7281 14879 10255 
3 5813 7264 10607 
3 12623 10608 11622 
3 5889 7672 10608 
3 4610 10609 3971 
3 13868 6962 13586 
3 2021 10610 7297 
3 5483 9447 12444 
3 15574 14070 10267 
3 15574 10267 10611 
3 2561 6275 13213 
3 8509 2661 10612 
3 4116 10613 7803 
3 4035 9043 10613 
3 7213 10614 2082 
3 7213 3248 12278 
3 1984 10615 10583 
3 4893 9467 10615 
3 3929 10616 9562 
3 3929 3051 15353 
3 3208 10617 3099 
3 14346 11301 4085 
3 2790 10618 1631 
3 6883 10461 14376 
3 9682 13576 9697 
3 6548 2051 10619 
3 12718 10620 8578 
3 4822 6639 10620 
3 4089 10621 9561 
3 12997 9765 9292 
3 10136 10622 9956 
3 10136 10594 10622 
3 5982 10623 3054 
3 5982 4317 10623 
3 13663 10624 8198 
3 12805 9558 7187 
3 8243 14679 8025 
3 5475 8998 10625 
3 13416 10626 7148 
3 11423 13861 10626 
3 15906 15636 8466 
3 3320 13573 12402 
3 9481 10628 7046 
3 9481 12079 10628 
3 7375 10629 6780 
3 1710 1606 10629 
3 10729 10630 9046 
3 5083 16188 10630 
3 12864 10631 6769 
3 12864 6247 10631 
3 4933 10632 14408 
3 4932 3528 10632 
3 10129 10633 6181 
3 14456 10302 10820 
3 8153 10634 7559 
3 7605 2182 10634 
3 4955 10635 8712 
3 4955 2486 10635 
3 4322 10636 7940 
3 4990 10185 10636 
3 15436 12772 10637 
3 15436 6699 12772 
3 15219 10638 8253 
3 3389 6158 10638 
3 6596 15195 16242 
3 7556 5116 16077 
3 14501 10640 10106 
3 2186 3013 10640 
3 13269 4023 14286 
3 14286 10679 2117 
3 994 10642 993 
3 7533 11654 10642 
3 12916 11830 10643 
3 11830 10181 3423 
3 4320 16248 6708 
3 5296 9829 10644 
3 11936 14981 2924 
3 16536 8473 3625 
3 13050 10646 9284 
3 12888 2000 9346 
3 10256 10647 5946 
3 5717 8457 10647 
3 12838 10648 10343 
3 16060 11987 13474 
3 14217 11703 10649 
3 341 342 10649 
3 6333 10650 8288 
3 7319 11314 10650 
3 11823 10651 10283 
3 11823 3248 10651 
3 14789 14484 10652 
3 2193 7480 16157 
3 12504 10653 10080 
3 6306 8092 10653 
3 2251 10654 2942 
3 2251 12514 10654 
3 14508 10655 8491 
3 5330 11528 10655 
3 5251 2247 16514 
3 7099 3342 10656 
3 9811 15791 3001 
3 15791 16518 10657 
3 11483 10658 7420 
3 6209 8721 10658 
3 16209 10659 11215 
3 4076 11223 12942 
3 9954 10660 15837 
3 9954 14632 10660 
3 3965 10661 16509 
3 15851 10066 5921 
3 6728 11169 7845 
3 2087 11250 11063 
3 2389 10663 4954 
3 2389 7273 10663 
3 12254 10778 11957 
3 10778 8050 8801 
3 15286 10665 4460 
3 4761 9440 10665 
3 7325 10666 10588 
3 8976 5300 10666 
3 12414 10667 11059 
3 12414 5668 13110 
3 3602 11178 4193 
3 2223 8628 10668 
3 12833 10669 6368 
3 12651 12996 3218 
3 4241 11946 10122 
3 11946 7737 10670 
3 16092 15038 10671 
3 10671 15038 10900 
3 12061 10672 8102 
3 4648 5537 10672 
3 8950 10673 6530 
3 8950 4333 10673 
3 4169 10674 6766 
3 4169 8215 10674 
3 16415 10675 8157 
3 8733 5573 10675 
3 6965 14330 8562 
3 11059 10667 10676 
3 10191 13832 4119 
3 14696 10162 7690 
3 8214 15612 5742 
3 7429 2030 16049 
3 15457 10679 5705 
3 2117 10221 14286 
3 13086 10680 877 
3 10284 8459 10680 
3 6914 13987 3089 
3 13987 14805 10681 
3 15125 10682 6620 
3 3617 7683 15984 
3 15569 10683 2538 
3 6186 10264 10683 
3 4427 10684 4675 
3 2603 10970 10684 
3 6453 10685 7935 
3 6453 14675 10685 
3 8742 13096 4109 
3 8179 3722 10686 
3 9751 10687 10333 
3 3637 5595 10687 
3 8457 1555 16321 
3 1554 1553 10688 
3 15781 10689 15656 
3 4494 5209 10689 
3 10160 10690 5938 
3 10160 8177 10690 
3 777 10691 776 
3 777 778 10691 
3 4846 10692 2474 
3 4846 14228 10692 
3 10060 10693 6458 
3 10060 12227 10693 
3 11076 10694 5392 
3 13161 10905 7756 
3 10904 13337 4358 
3 1941 4015 10695 
3 16276 5238 8830 
3 16276 8830 13338 
3 4416 10697 9117 
3 4416 4890 10697 
3 4302 10698 6602 
3 11721 5172 3749 
3 6502 10699 6800 
3 16267 5900 12336 
3 2069 10700 2955 
3 2069 10051 10700 
3 10960 14801 10570 
3 15226 4289 13898 
3 8259 10702 8952 
3 6229 1777 10702 
3 7028 10703 9914 
3 14184 10293 11241 
3 11127 10704 7988 
3 14068 5241 2929 
3 12627 10705 2042 
3 9983 7751 10911 
3 7778 10706 10482 
3 2031 11532 10706 
3 12903 11109 11585 
3 11109 14027 10707 
3 5520 10708 1890 
3 10349 12464 10708 
3 8513 10709 4505 
3 4029 8872 10709 
3 10978 10710 3919 
3 9502 4662 10710 
3 9187 10711 9685 
3 9187 13579 10711 
3 13064 10806 12556 
3 10806 2609 16437 
3 1867 10713 5221 
3 4026 2373 10713 
3 15381 10714 11131 
3 15596 321 15432 
3 15890 10715 3101 
3 7545 7216 10715 
3 15631 13106 14099 
3 14534 8682 15966 
3 10760 10717 4539 
3 9597 9235 12876 
3 14182 10718 12567 
3 14682 15642 4791 
3 3334 10719 7387 
3 12846 9430 10719 
3 6008 10720 5043 
3 11546 4533 10720 
3 15296 10721 14753 
3 14753 12272 8839 
3 6185 15017 15232 
3 15017 367 14113 
3 5470 8502 15162 
3 14137 7671 5792 
3 13180 10724 7586 
3 12400 9038 7344 
3 7616 10725 2477 
3 6115 14390 10725 
3 2377 10726 8236 
3 12064 2740 4582 
3 14463 10727 7441 
3 8052 2139 10727 
3 15809 10728 3779 
3 4667 15196 10728 
3 14256 10729 9046 
3 13113 16299 10729 
3 667 10730 666 
3 667 8527 10730 
3 15935 10731 4813 
3 7248 16342 10731 
3 2996 10732 6597 
3 2996 3874 10732 
3 6102 10733 6878 
3 5326 5263 11621 
3 15722 10734 9501 
3 12977 6597 8978 
3 15090 10735 9477 
3 3284 10487 10735 
3 16033 10736 1790 
3 2237 8578 10736 
3 13599 10737 5032 
3 4625 2131 10737 
3 12635 10738 5198 
3 6273 2050 10738 
3 7462 10739 8404 
3 3154 7121 10739 
3 3416 15975 7357 
3 15923 5933 13827 
3 10964 10741 8125 
3 7692 12281 10741 
3 10113 10742 3011 
3 7774 2354 10742 
3 13828 10743 6739 
3 4680 5786 10743 
3 3294 10744 4537 
3 9660 14349 10744 
3 7257 11379 13245 
3 5207 4044 10745 
3 15110 10746 11781 
3 1970 12975 10746 
3 4499 10747 2083 
3 4711 10214 10747 
3 13024 12094 10748 
3 12094 10887 293 
3 10851 10749 3674 
3 10851 10037 10749 
3 10308 10750 3639 
3 6413 2432 10750 
3 12845 10751 5488 
3 6476 14273 10751 
3 15187 16236 6500 
3 11222 9547 4462 
3 5922 10753 8398 
3 5922 3122 10753 
3 14050 13679 14202 
3 12067 5239 11316 
3 1967 10755 8188 
3 3880 5336 10755 
3 3209 10756 5554 
3 5916 15855 10756 
3 8584 10954 3149 
3 8584 15589 10954 
3 895 15705 894 
3 4096 892 10758 
3 12535 15143 7946 
3 15806 6300 11536 
3 14468 10760 7148 
3 7304 9167 10760 
3 16086 10761 5598 
3 5733 4993 10761 
3 389 10762 388 
3 10801 2598 8615 
3 4962 10763 7143 
3 4962 14934 10763 
3 7992 10764 2596 
3 7740 7486 10764 
3 5833 10765 6518 
3 5833 8913 14213 
3 15972 11371 11782 
3 11782 9126 15466 
3 7648 10767 6439 
3 14059 3309 11797 
3 10979 10768 11683 
3 13795 13853 14771 
3 13297 10769 8126 
3 15079 4691 14180 
3 8824 10770 8921 
3 8824 6564 10770 
3 4452 10771 7838 
3 5695 10440 11749 
3 6736 10772 3225 
3 6736 10884 10772 
3 12932 10773 6132 
3 15141 2599 14843 
3 13501 12626 10774 
3 6900 11531 10774 
3 14287 10775 10555 
3 10775 15534 12422 
3 4711 10776 14257 
3 4711 5909 10776 
3 4959 10777 9199 
3 2762 10310 10777 
3 11957 10778 10664 
3 10826 13282 10778 
3 11582 10779 3689 
3 8227 14558 10779 
3 3685 10780 3293 
3 4556 11208 11140 
3 5003 10781 6950 
3 1985 3888 10781 
3 5639 14032 8427 
3 10541 11402 13592 
3 8469 10783 9141 
3 15209 5404 13475 
3 11432 13181 13680 
3 6375 6466 11047 
3 9368 10785 9089 
3 11851 15380 10815 
3 7478 10786 3991 
3 7478 8383 10786 
3 5045 12480 14802 
3 3821 3210 10787 
3 4551 10788 10126 
3 6674 9225 10788 
3 4687 10789 9456 
3 14607 4618 10789 
3 11308 10790 6658 
3 4884 9814 10790 
3 4009 10791 7515 
3 5515 9566 11498 
3 9119 10792 5036 
3 11218 1835 12384 
3 3467 10793 8067 
3 16563 11534 6265 
3 9854 10794 9921 
3 9854 6732 10794 
3 3837 10795 6022 
3 2334 15175 10795 
3 13504 10796 6504 
3 10637 2009 10796 
3 11782 10797 9126 
3 8989 1974 15157 
3 8084 10798 8560 
3 5141 16477 10798 
3 3453 10799 4608 
3 3592 8796 10799 
3 1800 10800 5869 
3 10273 1905 13154 
3 5429 10801 10762 
3 12763 2598 10801 
3 11893 14125 11866 
3 12993 7564 10802 
3 16098 14243 5881 
3 5881 12225 10803 
3 13038 10804 3663 
3 12797 5357 3663 
3 10520 10805 2114 
3 10520 12978 10805 
3 12556 10806 16437 
3 2329 2609 10806 
3 12279 10807 8016 
3 6534 8910 15657 
3 12816 10808 4069 
3 13829 14623 13717 
3 10075 10809 7489 
3 10075 11971 10809 
3 11639 11700 5491 
3 10765 9752 10810 
3 2131 4625 11593 
3 13803 9931 2043 
3 15727 10812 8538 
3 7818 2272 12673 
3 3436 11244 16382 
3 16382 11420 3818 
3 6471 10814 5821 
3 6471 3083 10814 
3 4608 11851 16572 
3 15529 6354 1928 
3 5760 10816 6107 
3 5760 13021 10816 
3 10696 13338 12350 
3 13338 15584 11093 
3 9788 15173 8061 
3 15173 3558 16297 
3 3010 10819 1623 
3 3010 7659 10819 
3 15520 10820 5764 
3 14456 7042 7005 
3 12578 10821 11737 
3 13620 5107 10821 
3 10427 10822 7073 
3 10427 9785 10822 
3 5566 15330 6653 
3 15103 8623 10315 
3 5062 12510 14142 
3 16166 13787 2018 
3 3410 11094 6219 
3 5880 5289 10825 
3 4654 13150 14887 
3 6065 13282 10826 
3 7623 14589 13086 
3 8263 11952 10827 
3 4579 10828 15620 
3 16339 3669 10828 
3 5572 14776 4490 
3 16274 12681 14871 
3 2354 11514 4057 
3 5558 6966 10830 
3 9650 10831 6374 
3 9650 11647 10831 
3 3368 10832 8000 
3 8551 14529 10832 
3 5406 16158 5459 
3 7977 7068 10833 
3 7888 11265 15384 
3 7091 4819 10834 
3 10135 10835 12213 
3 5952 4363 13712 
3 12248 10836 12450 
3 10085 4318 14924 
3 14121 10837 8048 
3 11726 4913 14448 
3 12029 10838 8209 
3 7595 5424 13984 
3 10481 10839 15233 
3 10481 12310 10839 
3 8204 10840 5490 
3 8204 632 10840 
3 7046 12440 9481 
3 15855 16308 5160 
3 5597 10842 1786 
3 10842 16543 12032 
3 1170 10843 1169 
3 7929 5400 10843 
3 2484 12497 7724 
3 12497 7012 10844 
3 13428 11720 10845 
3 14315 11211 12163 
3 7336 10846 2544 
3 7926 7572 10846 
3 9124 10847 15333 
3 5134 11756 10847 
3 10433 11325 8458 
3 12365 2872 8350 
3 3189 16343 3131 
3 3545 10347 10849 
3 7989 11597 15285 
3 3691 9592 10850 
3 2118 10851 3674 
3 4527 9032 10851 
3 9834 12839 16067 
3 2605 4835 10852 
3 16505 10853 15522 
3 9670 8269 10853 
3 9835 10854 5618 
3 9835 3947 10854 
3 35 10855 34 
3 4056 12361 10855 
3 2241 10856 7093 
3 13742 4379 9224 
3 10549 10857 11487 
3 10549 6248 10857 
3 6456 10858 3236 
3 6456 8022 10858 
3 6824 10859 9229 
3 6824 4161 10859 
3 14022 10860 4151 
3 12994 5316 3486 
3 13477 10861 6048 
3 8328 14933 10861 
3 11878 15555 3072 
3 5380 6956 10862 
3 7354 10863 1635 
3 7354 10326 10863 
3 7647 10864 9883 
3 7647 7825 10864 
3 12483 10865 11973 
3 12483 14494 10865 
3 7291 10866 14757 
3 7291 10601 10866 
3 7725 14956 10336 
3 13290 1942 10867 
3 9340 10868 2090 
3 4829 9250 10868 
3 8658 10869 11926 
3 8658 9968 10869 
3 14952 10870 14609 
3 15539 15576 15808 
3 10048 10871 14147 
3 10048 2831 10871 
3 3620 10872 3168 
3 3620 1892 10872 
3 13640 10873 6849 
3 8478 2990 11527 
3 12874 10874 3905 
3 12162 7652 1630 
3 10530 10875 3891 
3 5451 119 10875 
3 15147 10876 9916 
3 7259 8589 10876 
3 8622 10877 7704 
3 13735 13163 7552 
3 2065 11168 7305 
3 7305 11168 10878 
3 16448 10879 3629 
3 4309 13719 10879 
3 6296 10880 5199 
3 13849 14872 7070 
3 5117 10881 1989 
3 7463 8070 10881 
3 4808 10882 4227 
3 9537 7330 15264 
3 13221 10883 4697 
3 11163 9381 577 
3 10772 10884 4410 
3 12038 2411 1372 
3 10017 10885 7676 
3 10017 9932 10885 
3 12738 10886 9771 
3 6754 11511 10886 
3 293 10887 292 
3 14309 6976 14017 
3 3633 5393 11994 
3 6172 5812 10888 
3 5994 10889 3347 
3 6641 6710 12752 
3 15045 10890 5463 
3 9374 6812 10890 
3 14861 10891 1986 
3 7662 5521 10891 
3 13264 10892 4299 
3 3144 12118 10892 
3 6408 10893 4066 
3 8164 2380 12313 
3 14295 10894 10600 
3 2505 10173 10894 
3 4134 12244 15542 
3 7437 9095 10895 
3 5983 10896 9170 
3 12690 11213 2921 
3 14284 10897 10483 
3 6654 10238 10897 
3 15845 10898 2036 
3 13250 5446 12567 
3 12591 12852 2744 
3 1647 12796 14666 
3 15038 15004 10900 
3 7341 15861 10900 
3 4434 3043 15635 
3 15025 6999 11219 
3 6049 14551 7512 
3 11259 1778 3922 
3 13820 13782 12765 
3 14760 10937 12765 
3 13084 10904 11011 
3 4377 13337 10904 
3 4665 13161 3747 
3 16278 13693 12911 
3 11588 10906 6365 
3 16094 5870 12553 
3 12504 10907 4958 
3 2623 3315 10907 
3 15573 10908 12008 
3 2676 4885 12698 
3 8312 10909 13865 
3 8312 10366 10909 
3 10219 10910 8327 
3 13704 11111 13786 
3 2232 10911 7751 
3 8626 5897 10911 
3 10533 10912 9653 
3 2473 7231 10912 
3 3601 10913 9423 
3 2210 1509 10913 
3 6332 10914 4211 
3 16437 2609 10914 
3 11724 10915 14244 
3 6865 6552 10915 
3 530 10916 3728 
3 530 531 10916 
3 14483 10917 16040 
3 2091 14865 10917 
3 10483 10918 3875 
3 10897 10238 10918 
3 16261 11041 10919 
3 3522 9704 10919 
3 4370 16475 2546 
3 9246 9327 16323 
3 7311 10921 15505 
3 7311 7204 10921 
3 4216 10922 7876 
3 4216 11116 10922 
3 7406 13886 8419 
3 4551 7474 11857 
3 7992 10924 6525 
3 2596 11780 10924 
3 11060 10925 2302 
3 10925 16592 11210 
3 7491 10926 8442 
3 7491 7699 15533 
3 9267 10927 10606 
3 8310 7546 10927 
3 5946 10928 9453 
3 5946 2693 10928 
3 13499 15597 6907 
3 5844 3362 10929 
3 14229 10930 8523 
3 14867 11759 10930 
3 16468 10931 7193 
3 6837 14770 16341 
3 12181 10932 14814 
3 7239 9328 10932 
3 8790 10933 6531 
3 2701 6788 10933 
3 15829 13555 10934 
3 13555 10138 3188 
3 5087 15628 8807 
3 13176 9664 6796 
3 3084 15334 10030 
3 14678 7484 10936 
3 4827 10937 7168 
3 4827 8463 10937 
3 15901 11043 10938 
3 11043 8117 10938 
3 7800 14720 4071 
3 14292 2441 12493 
3 5779 10940 9865 
3 15891 2030 2956 
3 5569 10941 6461 
3 5569 14089 10941 
3 4739 10942 8622 
3 7237 13265 10942 
3 15015 13078 13358 
3 15015 13358 10943 
3 4376 14465 6687 
3 4782 3803 10944 
3 10118 10945 4586 
3 5622 5995 13645 
3 8835 10946 9466 
3 16009 4768 16368 
3 11896 10947 6543 
3 5835 5409 10947 
3 5476 10948 10396 
3 1830 9911 10948 
3 5628 12661 2219 
3 13658 10406 10949 
3 8842 10950 6935 
3 12679 3250 9024 
3 10448 10951 5388 
3 8305 3833 10951 
3 12934 14311 6642 
3 2220 8335 10952 
3 13693 14174 12911 
3 16507 8395 12192 
3 3149 10954 10757 
3 5261 12430 10954 
3 15601 10955 11230 
3 5133 4742 10955 
3 11922 10956 6125 
3 12563 5339 13392 
3 10547 10957 7560 
3 2096 8933 10957 
3 10754 10958 9392 
3 11316 5239 1733 
3 13814 13812 10959 
3 16136 3253 4047 
3 14801 10960 6511 
3 10570 10414 10960 
3 15098 11560 10961 
3 10527 9867 10961 
3 15634 10962 4594 
3 12175 5043 10962 
3 5127 10963 9055 
3 5127 4861 12581 
3 14971 10964 9940 
3 11771 2149 8002 
3 13985 11178 13899 
3 11178 12484 4193 
3 1854 10966 2885 
3 1854 10166 13453 
3 4296 10967 9644 
3 7901 1709 10967 
3 2879 10968 7548 
3 4180 9140 10968 
3 15720 10969 9879 
3 1706 14706 10969 
3 8123 10970 16001 
3 2603 6384 14914 
3 16166 10971 5814 
3 11854 9475 15913 
3 5105 10972 11747 
3 5105 1912 10972 
3 8809 10973 6784 
3 15672 3271 8438 
3 10274 11717 6670 
3 4828 4659 15037 
3 2301 10975 9154 
3 13438 12739 3808 
3 5568 10976 5368 
3 14885 9019 14051 
3 9241 10977 9873 
3 11563 10915 11427 
3 5021 10978 9040 
3 2984 9502 10978 
3 10768 10979 10577 
3 2692 7223 10979 
3 8651 10980 5743 
3 2458 15364 10980 
3 5007 10981 16459 
3 1738 10827 10981 
3 13363 10982 11432 
3 6454 13181 11432 
3 13140 10983 5130 
3 4679 6613 10983 
3 1038 12915 1037 
3 12915 1039 10984 
3 8644 12989 3037 
3 15944 8449 9640 
3 14597 10986 8949 
3 9416 4932 10986 
3 5436 12331 4785 
3 16496 10407 9324 
3 7356 10988 2754 
3 14806 4149 10988 
3 10491 12242 14788 
3 12242 6884 13097 
3 9915 10990 8378 
3 4495 14975 10990 
3 4128 9429 11741 
3 16514 10656 3342 
3 6385 13846 10204 
3 13846 4017 13440 
3 14366 10993 5822 
3 8145 10260 10993 
3 4359 10994 8969 
3 3976 3763 10994 
3 5636 10995 4899 
3 3843 1761 10995 
3 4563 10996 7596 
3 6288 3774 10996 
3 16371 10997 8964 
3 4083 5778 10997 
3 14046 10998 5913 
3 6455 4624 10998 
3 2728 10999 5685 
3 14263 7119 12856 
3 3211 15554 2431 
3 14907 7935 8169 
3 7086 11001 3835 
3 1622 9238 11001 
3 1094 1095 16309 
3 7557 4525 11002 
3 14151 11003 11239 
3 8109 8369 14486 
3 2425 11004 8338 
3 2753 5531 11004 
3 12573 11005 7377 
3 9156 12072 14787 
3 16452 11006 10752 
3 9638 4726 11006 
3 10281 11007 3506 
3 10281 16226 11007 
3 11440 11008 9461 
3 15020 10365 12794 
3 6397 8377 14790 
3 6938 5468 11561 
3 12304 11010 2817 
3 7288 2493 15772 
3 4358 11011 10904 
3 14388 14880 13084 
3 1517 11012 10137 
3 1515 1514 11012 
3 9432 11013 3972 
3 9432 1824 12224 
3 13218 11014 11136 
3 4354 8596 11014 
3 13121 11015 7646 
3 6242 8525 11015 
3 16165 11016 5578 
3 13263 16590 8361 
3 7293 11017 3910 
3 7558 8741 11017 
3 1946 15586 3074 
3 3349 5195 11018 
3 11966 14666 15398 
3 15398 10500 14852 
3 6318 11020 9622 
3 4640 5070 11475 
3 11390 11021 10669 
3 12996 5488 3218 
3 5836 11022 6341 
3 5348 2299 14449 
3 13348 11023 15276 
3 13271 10351 4437 
3 14475 11024 3415 
3 8739 7664 11024 
3 16205 11025 7234 
3 9973 7234 11025 
3 6307 11026 8318 
3 8506 5652 11799 
3 8545 11027 10275 
3 8545 6942 11027 
3 6735 11028 14762 
3 6735 8944 11028 
3 9792 11029 9742 
3 9792 6510 15495 
3 14115 11030 3598 
3 10163 4317 11030 
3 9379 13824 15481 
3 7912 5922 11031 
3 12724 11032 7051 
3 15149 6568 8970 
3 11928 16046 3745 
3 4427 4675 11033 
3 1998 11034 10572 
3 2724 3270 11034 
3 5176 16542 2627 
3 5758 1906 11035 
3 588 11036 587 
3 7519 3180 11036 
3 77 11037 76 
3 12156 8583 75 
3 1911 11038 14074 
3 9325 4278 11707 
3 3332 11039 15115 
3 3115 5059 11039 
3 8663 15897 3890 
3 4307 6296 11040 
3 10919 11041 3522 
3 10919 5079 16261 
3 5077 11042 4389 
3 5077 8857 11042 
3 8064 15901 10938 
3 4384 8117 11043 
3 4431 11044 9104 
3 14903 7950 8982 
3 7034 11045 2609 
3 7034 5322 11045 
3 12178 11046 5565 
3 2304 15594 14811 
3 10784 11047 7638 
3 6051 9475 11047 
3 14440 11048 5338 
3 16413 9627 5615 
3 7851 11049 4555 
3 15619 7427 11049 
3 15702 14521 8137 
3 12950 2443 10180 
3 3823 11051 6971 
3 7054 2277 11051 
3 13295 11052 8736 
3 5570 3428 11052 
3 11378 7661 15938 
3 7087 1751 16568 
3 9323 11054 7137 
3 7587 14780 11054 
3 14266 11055 16045 
3 2648 6372 11055 
3 13482 11056 4921 
3 13482 15832 11056 
3 9752 13602 7110 
3 7199 5779 11057 
3 8316 11058 3731 
3 5506 7710 11058 
3 8562 14330 10676 
3 6204 12414 11059 
3 2044 11060 2302 
3 2748 12110 11060 
3 14961 11061 6436 
3 11333 2750 11061 
3 7884 11062 5723 
3 7884 4174 11062 
3 13874 11063 10389 
3 14821 10662 2087 
3 9169 11064 6245 
3 2370 3116 11064 
3 12085 11065 6807 
3 9224 4379 11065 
3 835 15692 834 
3 15692 836 11066 
3 11238 11067 7778 
3 2031 10706 11067 
3 3159 13548 11765 
3 11846 10282 14034 
3 9383 11069 9767 
3 9383 13810 11069 
3 12683 11070 9928 
3 9299 3420 11070 
3 9867 11071 10961 
3 12563 13392 14119 
3 2489 11072 11716 
3 15919 3793 12078 
3 10315 11073 16304 
3 10315 8623 11073 
3 6006 11074 1914 
3 8438 9145 11074 
3 4400 11075 11506 
3 4400 3412 11075 
3 12291 11076 5392 
3 9385 3017 11076 
3 7993 11077 5223 
3 7993 15372 11950 
3 10590 11078 11880 
3 537 538 11078 
3 9746 11079 4844 
3 10176 11418 11079 
3 12056 11080 6993 
3 2634 2048 11080 
3 3013 11081 2810 
3 3013 9012 11081 
3 11897 11082 5174 
3 5591 9359 11082 
3 15314 11083 4648 
3 2376 9430 11083 
3 3234 11084 10323 
3 16170 4284 4179 
3 2490 15931 6569 
3 8607 10690 11085 
3 8461 13010 12479 
3 4402 10393 11086 
3 12006 11087 9732 
3 12006 8246 15422 
3 3802 11088 6067 
3 2172 4776 11088 
3 8359 11182 4454 
3 2398 9031 11646 
3 392 11090 391 
3 2426 5254 12704 
3 3311 11091 3140 
3 3311 15370 11091 
3 13794 4408 15093 
3 16146 6717 11147 
3 13338 11093 10817 
3 5391 5177 12984 
3 11876 15984 6903 
3 14414 10825 6219 
3 3161 11095 8074 
3 12729 5335 6671 
3 14268 11096 12970 
3 4707 11713 11096 
3 7178 11097 5395 
3 7178 4048 11097 
3 7957 13730 4178 
3 13730 2709 11098 
3 4491 11099 11923 
3 4491 9102 11099 
3 1533 11100 9717 
3 9061 6630 11100 
3 6312 11101 7234 
3 9356 16386 11101 
3 11690 11102 10816 
3 9329 8087 13995 
3 8776 11103 4399 
3 6237 8581 14750 
3 3113 11753 14091 
3 3113 11709 11753 
3 12178 11105 10441 
3 10450 10000 11105 
3 7635 11106 8439 
3 6387 4403 11106 
3 13885 11107 8764 
3 13885 4288 7007 
3 2694 11108 9776 
3 6494 11685 11108 
3 14027 11109 3865 
3 11585 10047 12903 
3 14043 13507 11110 
3 12721 1931 11110 
3 11715 13786 10656 
3 14350 11087 15422 
3 5034 11112 3556 
3 5034 10721 14355 
3 2916 11113 4691 
3 2916 13297 14395 
3 3833 11114 13361 
3 7365 10320 11114 
3 14097 11115 4221 
3 12953 9178 8802 
3 1805 11116 4039 
3 13674 1609 5233 
3 4436 11117 2752 
3 9107 2040 15375 
3 7075 11118 5340 
3 7075 11639 11118 
3 4203 11119 8828 
3 4203 3577 11119 
3 4069 11120 6898 
3 4069 2666 11120 
3 6279 11121 675 
3 6279 678 11330 
3 16232 11122 7750 
3 13956 7783 15094 
3 6438 11123 5994 
3 6438 7822 11822 
3 13938 11124 2739 
3 4143 6700 11124 
3 7550 11125 2234 
3 7550 15744 11125 
3 1742 11126 3657 
3 10171 7484 11126 
3 5387 11127 7988 
3 10532 2517 14068 
3 4911 11128 9571 
3 4911 9668 11128 
3 12956 11129 5562 
3 15644 10121 11129 
3 9144 11130 5371 
3 4769 3701 14855 
3 5017 15381 4229 
3 10714 4732 11131 
3 12288 14199 9981 
3 14199 13704 11132 
3 7679 14236 9247 
3 2173 10157 11133 
3 16308 11134 3614 
3 16308 240 11134 
3 7538 11135 7568 
3 16317 7022 11135 
3 11682 11136 11192 
3 4021 13218 11136 
3 12831 11137 5359 
3 4023 8798 13253 
3 14327 12392 15420 
3 626 627 11138 
3 16466 11139 13158 
3 13903 10571 1926 
3 10780 11140 1977 
3 10780 4556 11140 
3 4812 11871 6868 
3 14917 10563 11141 
3 11716 12073 2489 
3 16186 5227 1633 
3 12446 11143 8663 
3 3084 10030 11143 
3 5823 11144 5761 
3 1972 8193 11509 
3 14732 12030 13681 
3 4407 6813 11145 
3 9684 11146 9840 
3 13546 2339 11409 
3 15712 11147 6787 
3 6328 2184 11147 
3 11731 12216 6611 
3 13183 12216 13343 
3 4774 11149 5376 
3 13054 4940 5543 
3 11218 11150 8531 
3 9119 3720 11150 
3 12776 11151 14895 
3 11288 2428 12938 
3 11240 11152 9821 
3 4605 4516 11152 
3 7276 11153 7856 
3 2899 5432 11153 
3 8137 14521 11050 
3 2261 11016 11154 
3 15228 11155 5593 
3 7461 5137 11155 
3 11874 11156 8786 
3 6434 9417 11156 
3 4236 11157 9396 
3 4236 5165 11157 
3 2890 11158 10034 
3 7047 3287 11158 
3 11753 15104 4547 
3 10822 9785 11159 
3 12434 11160 5081 
3 8969 3763 11160 
3 12616 11161 5385 
3 11161 15666 15570 
3 8889 11162 489 
3 8889 488 11162 
3 15859 11163 10883 
3 8052 10727 14463 
3 7273 11164 9337 
3 7273 6190 11164 
3 9971 11165 10456 
3 13966 3263 2289 
3 2470 11166 10328 
3 10086 9222 11166 
3 6169 11167 5311 
3 4517 8759 11167 
3 4841 11168 2065 
3 5686 6362 11168 
3 5694 11169 8475 
3 6552 10662 11169 
3 15089 11170 5471 
3 10894 5471 11170 
3 11868 15749 5877 
3 15749 4441 5855 
3 2736 11172 6094 
3 5309 6874 11172 
3 7697 11173 9549 
3 15602 5995 11844 
3 4329 11174 6083 
3 4329 12224 15452 
3 5806 12359 8399 
3 12359 5140 11175 
3 2106 11176 3229 
3 11702 2019 6213 
3 3950 11177 2138 
3 6659 5955 11177 
3 4603 13899 10965 
3 12484 10668 4193 
3 4405 11179 6374 
3 8873 12592 11179 
3 12939 11180 9020 
3 8877 2138 11180 
3 2731 11181 4863 
3 2731 11171 11181 
3 4140 13395 8359 
3 4140 2398 13395 
3 4541 15176 4017 
3 4541 5777 15176 
3 8777 11184 3853 
3 11571 14209 14195 
3 2837 11185 8677 
3 7494 7529 12230 
3 8580 11186 2370 
3 8580 5243 11186 
3 5081 11187 7581 
3 15478 1025 11187 
3 10412 11188 3879 
3 10412 12203 11188 
3 221 11189 220 
3 10132 2255 11189 
3 9787 14827 10551 
3 9787 8971 14827 
3 11593 11191 13803 
3 4625 2522 11191 
3 11014 11192 11136 
3 15405 4678 11740 
3 1866 11193 6821 
3 1866 5776 11193 
3 7585 11194 9856 
3 514 515 11194 
3 1853 11195 4208 
3 12987 16282 16418 
3 10449 11196 10848 
3 10449 11789 11196 
3 13950 11197 2791 
3 12648 2025 6759 
3 3508 9821 16237 
3 14955 4516 14130 
3 9294 11199 9217 
3 8786 9524 11199 
3 13804 14546 9452 
3 10102 10319 11200 
3 14104 11201 12773 
3 6364 11630 11948 
3 5056 11202 15433 
3 10475 5250 11202 
3 2094 11203 4890 
3 2094 15676 14517 
3 3981 11204 9287 
3 11204 13739 11434 
3 13563 11205 10814 
3 4200 12366 11205 
3 10175 11524 5420 
3 1979 16087 11206 
3 15084 16553 7830 
3 5055 2435 11207 
3 12150 11208 4556 
3 10666 7325 11208 
3 11108 11209 9776 
3 11108 12803 16330 
3 962 11210 961 
3 2022 2302 11210 
3 14793 12308 11211 
3 16369 2166 7779 
3 5616 11422 16035 
3 10153 15180 15585 
3 10896 12690 2921 
3 8254 12657 11213 
3 290 11214 289 
3 10887 9609 14309 
3 1933 13914 16209 
3 10659 12942 15070 
3 7833 11216 6546 
3 14128 2989 12022 
3 4542 11217 10585 
3 4542 9377 15246 
3 9119 11218 10792 
3 8531 14021 11218 
3 14273 11219 6999 
3 6193 5191 11219 
3 15243 13393 11783 
3 5797 15243 11220 
3 16531 11221 9643 
3 9563 3452 13522 
3 16236 16104 13076 
3 15952 14179 12086 
3 3307 11223 1727 
3 12942 10659 4076 
3 16100 11224 5122 
3 5277 2372 12964 
3 10886 11225 10055 
3 13746 4013 12511 
3 11369 11226 13652 
3 2176 7401 11226 
3 6071 11227 9405 
3 15360 15699 11251 
3 10935 15476 8807 
3 15476 3092 11228 
3 13286 13947 10242 
3 10242 13947 11229 
3 4882 13067 10955 
3 3619 3769 11230 
3 15735 11231 4598 
3 9282 4598 11231 
3 7635 11232 6028 
3 8439 7834 11232 
3 15578 11233 14905 
3 2023 9317 11461 
3 12877 11234 6869 
3 7894 10327 11234 
3 12791 11624 11760 
3 3324 7769 11235 
3 8309 11236 9758 
3 8309 11791 14926 
3 11799 11237 13568 
3 8353 11501 13619 
3 16011 11238 12374 
3 4428 11966 11238 
3 14151 11239 9901 
3 11003 14486 11239 
3 15643 11240 9821 
3 9766 12744 11240 
3 12277 11241 7135 
3 8802 6110 11241 
3 10842 11684 5146 
3 3783 7027 11242 
3 12214 11243 1009 
3 11654 7533 11243 
3 12623 11622 3436 
3 8063 4466 11244 
3 5657 11245 2853 
3 15557 6810 11245 
3 7189 12470 16528 
3 13526 12344 15310 
3 6106 11247 8549 
3 6106 6015 11247 
3 9999 11248 5437 
3 13959 11248 16068 
3 7730 11249 7522 
3 7429 3282 11249 
3 14244 11250 2087 
3 7620 3583 11250 
3 11227 15360 1614 
3 15360 14946 3216 
3 4481 11252 4575 
3 5820 2987 11252 
3 9912 11253 4497 
3 6233 15433 11253 
3 14546 13804 13032 
3 3213 7951 11254 
3 7443 15063 3956 
3 4291 4797 11255 
3 4458 12697 10110 
3 5714 4731 11256 
3 5495 11257 7316 
3 16445 3025 11257 
3 9243 11258 8375 
3 12757 5001 6139 
3 7512 14551 10902 
3 6847 1778 11259 
3 5675 11260 7321 
3 4515 1811 11260 
3 15468 11261 5182 
3 1825 3107 11261 
3 15531 15823 4705 
3 15823 13211 6389 
3 11570 11263 9930 
3 9879 3192 16560 
3 10345 11264 5644 
3 8566 14277 16428 
3 5412 11265 7888 
3 3187 7091 11265 
3 14040 11266 3882 
3 16478 13391 3882 
3 7796 11267 6358 
3 7796 5343 11267 
3 7728 16427 14579 
3 3307 12321 11268 
3 9663 11269 2779 
3 9663 9468 11269 
3 9836 11270 8319 
3 9836 11895 13130 
3 13703 13766 3857 
3 13766 4210 14133 
3 10570 11272 10414 
3 2119 11387 14600 
3 5792 11273 1612 
3 6179 9690 11273 
3 3468 16528 3125 
3 15310 12344 11274 
3 12473 11275 15951 
3 6307 8318 11275 
3 6365 11276 2600 
3 10906 5435 12346 
3 9097 11277 15629 
3 9097 9765 12997 
3 9184 14736 6981 
3 7499 10748 11278 
3 14723 11279 4401 
3 8168 7549 11279 
3 10165 11280 7492 
3 15374 16179 11433 
3 10399 11281 8330 
3 9571 11128 11281 
3 13677 13029 11282 
3 4318 10085 16150 
3 4966 11283 3759 
3 4966 13519 11283 
3 1876 11284 4744 
3 2529 9852 11284 
3 9686 11285 2000 
3 9686 6855 11285 
3 13881 11286 2946 
3 178 179 11286 
3 12843 11287 14464 
3 3687 2533 11287 
3 14590 11288 11151 
3 5009 2917 11288 
3 15361 11289 4442 
3 14743 3151 10494 
3 1930 14706 11545 
3 3552 7505 11290 
3 12213 11291 12355 
3 10835 5952 11291 
3 2224 11292 4738 
3 11757 16403 3061 
3 14561 11293 13305 
3 14664 5892 11490 
3 14807 15266 2878 
3 10320 11839 11294 
3 1967 11295 10559 
3 1967 8188 11295 
3 15241 11296 7999 
3 12001 15024 11296 
3 2716 11297 5966 
3 15779 6601 9330 
3 13806 3591 15018 
3 251 252 11298 
3 2459 5707 13136 
3 5707 9235 11299 
3 3261 11300 8876 
3 1862 4896 11300 
3 2271 11301 4965 
3 13582 4085 11301 
3 1669 11302 4059 
3 11362 5142 10563 
3 2124 11303 7343 
3 4344 2454 11303 
3 14857 14156 11304 
3 2819 3597 11304 
3 13969 11305 13972 
3 2590 9191 11738 
3 2553 11306 9728 
3 3331 6441 12983 
3 3424 11307 3761 
3 11292 2224 11542 
3 10790 11308 3200 
3 6658 12294 11308 
3 2734 11309 3689 
3 11309 13576 11582 
3 5614 11881 3402 
3 4937 15026 11310 
3 10092 11311 8929 
3 10092 12303 14267 
3 16457 11312 3498 
3 6735 5672 11312 
3 10577 11313 3706 
3 10577 9519 11313 
3 10650 11314 5643 
3 13550 2829 5238 
3 11319 11315 2322 
3 11319 1778 11315 
3 10754 11316 10958 
3 10754 16032 12067 
3 5747 11317 6321 
3 5217 2349 11317 
3 9939 13223 2520 
3 13223 9305 15932 
3 2800 11319 2322 
3 4311 4955 11319 
3 14574 11320 2601 
3 10215 7023 13961 
3 14031 11321 13674 
3 5667 14362 11321 
3 2611 11322 8050 
3 5608 4800 11322 
3 566 11323 13653 
3 3127 10335 12103 
3 7619 11324 7676 
3 14094 10166 14572 
3 15401 11325 6402 
3 11590 10848 8458 
3 3384 11326 10338 
3 11041 12742 11326 
3 12614 11801 16469 
3 2453 11274 12344 
3 2663 11328 7719 
3 1690 2415 11328 
3 14596 11329 15184 
3 6559 10832 14529 
3 680 11330 679 
3 680 681 11330 
3 9183 11331 11977 
3 9183 4750 11331 
3 7576 13267 7589 
3 8375 11258 11332 
3 9220 11333 11061 
3 10008 2750 11333 
3 11137 11334 5359 
3 8016 10807 11382 
3 10521 11335 3330 
3 10521 2100 11335 
3 14681 11336 2552 
3 14230 3179 15732 
3 2614 11337 9699 
3 9756 16089 14777 
3 7095 11338 1892 
3 10576 3206 11338 
3 6952 7809 13102 
3 4582 2740 11636 
3 10127 11340 9006 
3 11913 14249 644 
3 5558 9647 14625 
3 11632 10477 13874 
3 3413 11342 1804 
3 3413 5965 11342 
3 8729 11343 3375 
3 12246 2710 11343 
3 8300 11344 4006 
3 12669 6839 8556 
3 12399 11345 10430 
3 9001 5292 11345 
3 1692 11346 8248 
3 1692 3782 11346 
3 2378 11347 2330 
3 9933 10975 13053 
3 4734 11348 7644 
3 4734 5375 11348 
3 12668 15121 4297 
3 2700 6338 13449 
3 6495 12168 5691 
3 2711 13408 15194 
3 7027 11351 9427 
3 3783 5513 11351 
3 14712 11352 5578 
3 8818 12238 16169 
3 4880 11353 9789 
3 7759 9255 16249 
3 1043 11354 10278 
3 13222 1045 1046 
3 5258 13006 15278 
3 4443 7758 11355 
3 7044 11356 2282 
3 3771 9390 16367 
3 2793 14415 5829 
3 14415 15321 11357 
3 12233 11358 8448 
3 4274 8521 11358 
3 7115 11359 8469 
3 7115 8390 13840 
3 7203 11360 5555 
3 7486 13912 11360 
3 2779 11361 7652 
3 11269 9468 11422 
3 3031 11362 11302 
3 3031 4938 11362 
3 7013 11363 1737 
3 7013 13596 11363 
3 16256 12586 11364 
3 12586 7885 11364 
3 3864 11365 14729 
3 3864 5709 11365 
3 13520 13165 11366 
3 13165 9060 11366 
3 14824 11367 14620 
3 4970 5037 11367 
3 9307 11368 8544 
3 9739 3304 11368 
3 7097 11369 5921 
3 3736 11226 11369 
3 7648 13764 10767 
3 13764 15816 11370 
3 10797 11782 15913 
3 15972 9161 14407 
3 3707 11372 10498 
3 2472 16574 11372 
3 4545 11373 16513 
3 6749 5220 11373 
3 9895 11374 6470 
3 2702 9010 11374 
3 13593 11375 14251 
3 5966 6367 11375 
3 3525 13621 9073 
3 13621 10507 11376 
3 8027 14619 4759 
3 3668 8983 11377 
3 16196 13177 11378 
3 13177 6422 11378 
3 7262 11379 7257 
3 5831 14239 11379 
3 14554 11380 9885 
3 5002 6595 12858 
3 8668 7256 16206 
3 15065 10272 8864 
3 3205 11382 1932 
3 11334 8016 11382 
3 14894 11383 6030 
3 14894 9110 11383 
3 7606 11384 5449 
3 7606 6354 15529 
3 9369 16176 9248 
3 16176 7483 6480 
3 3795 11386 8379 
3 4623 2529 11386 
3 14600 11387 2891 
3 2119 10570 11387 
3 13780 11388 6266 
3 4053 6921 16443 
3 14476 11389 4054 
3 14491 2747 11389 
3 2561 11656 6843 
3 13767 9100 6359 
3 10470 11391 7445 
3 10470 14447 11391 
3 11672 11392 2891 
3 8972 15567 11392 
3 6597 10732 11581 
3 10732 5810 11393 
3 2598 11394 1789 
3 8362 2456 11394 
3 14448 11395 8127 
3 11898 2509 2684 
3 988 11396 987 
3 2332 5670 11396 
3 15707 11397 3871 
3 3562 3713 11397 
3 7210 13179 4457 
3 14605 6032 11398 
3 3141 11399 6086 
3 2059 8986 11399 
3 1928 12439 5221 
3 12439 6354 7606 
3 13780 11401 13045 
3 9555 1904 11401 
3 12857 11402 4481 
3 5312 6322 13592 
3 8170 9789 16190 
3 11353 16249 12492 
3 3791 15637 2686 
3 12530 7094 11950 
3 14957 11405 15417 
3 5237 15459 11405 
3 8735 12038 10884 
3 1370 1369 11406 
3 9422 11407 8422 
3 2471 6663 11407 
3 5525 11408 7858 
3 5525 4503 11408 
3 7415 11409 2339 
3 5370 15034 11409 
3 3167 11410 10297 
3 9115 10238 11410 
3 13477 11411 8328 
3 3219 15312 12455 
3 13936 11412 9437 
3 4277 2934 11412 
3 3695 11413 6230 
3 15714 9930 7238 
3 7217 11414 10942 
3 7217 9509 11414 
3 4728 11415 9254 
3 4728 7983 11415 
3 4572 11416 2765 
3 9572 8136 14697 
3 11648 11417 6562 
3 9297 5284 11417 
3 11079 11418 7682 
3 13976 8979 2532 
3 16332 11419 14813 
3 358 359 11419 
3 10813 16382 3818 
3 11244 4466 11420 
3 3924 11421 2771 
3 2590 13969 11421 
3 11361 11422 5616 
3 9468 5561 13209 
3 13416 11423 10626 
3 13861 12211 2476 
3 1643 11424 2722 
3 1643 15949 11424 
3 8975 11425 8643 
3 9898 8922 11425 
3 10025 11426 3044 
3 15846 6443 15258 
3 13686 11427 13295 
3 4513 12462 11427 
3 15774 11428 6123 
3 16026 2804 1894 
3 9116 11429 5845 
3 6867 10209 11429 
3 5794 16459 1657 
3 7623 3369 11430 
3 15393 15862 3272 
3 7263 9033 11431 
3 9180 11432 8450 
3 10982 6454 11432 
3 13357 14925 4557 
3 8995 7934 11433 
3 8374 11434 3144 
3 8374 8703 11434 
3 8088 11435 9543 
3 3354 8180 11435 
3 9137 11436 7867 
3 3388 7483 15300 
3 11014 13218 4354 
3 12837 7160 5205 
3 16157 11438 3258 
3 7480 3300 14242 
3 15870 11439 4610 
3 11549 4579 14109 
3 203 11440 9461 
3 203 204 11440 
3 6345 11441 10124 
3 15263 5818 13761 
3 1975 11442 11044 
3 1975 8753 11442 
3 14931 11443 6661 
3 2849 4868 11443 
3 12405 14693 6362 
3 15795 13025 13883 
3 16252 11445 11931 
3 11139 1926 11445 
3 3913 11446 9060 
3 3913 3316 16396 
3 6479 11447 15461 
3 9351 8881 11447 
3 4727 11448 2016 
3 4727 4315 11448 
3 16111 11449 9014 
3 2300 5592 11449 
3 5695 11450 3519 
3 13376 7296 4581 
3 9702 11451 9583 
3 9702 15562 11451 
3 10198 11452 5080 
3 10198 9353 11452 
3 16243 16105 11453 
3 16105 2127 11453 
3 16194 11454 8583 
3 2909 3911 11454 
3 13904 15323 2165 
3 15323 13740 2959 
3 13529 13598 3834 
3 8372 9202 11456 
3 6191 11457 13897 
3 6191 14683 11457 
3 421 15190 4862 
3 9963 7464 13443 
3 7479 11459 2855 
3 7479 5532 11459 
3 4925 14941 8221 
3 14941 7996 6197 
3 11233 11461 8925 
3 11233 2023 11461 
3 11294 11839 6851 
3 4504 7365 12245 
3 12906 11463 3563 
3 14200 1764 13951 
3 13710 11464 10057 
3 1655 10119 11996 
3 6283 11465 4334 
3 7260 5894 11465 
3 2110 11466 6207 
3 13042 8490 9887 
3 14175 12553 11515 
3 9798 6021 11467 
3 10879 11468 4309 
3 16448 6273 6939 
3 12193 11469 7309 
3 2152 2656 11469 
3 4537 16147 3294 
3 4591 4367 11470 
3 4167 11669 9864 
3 7511 1978 11471 
3 14029 11472 2549 
3 2834 8872 11472 
3 7812 11473 1935 
3 5301 14214 11473 
3 12474 11474 4700 
3 3086 5352 11474 
3 11494 11475 5070 
3 9171 7393 15787 
3 14523 14421 11786 
3 13738 7573 11476 
3 5388 11477 2336 
3 5388 14583 11477 
3 5028 15342 4930 
3 6985 5975 12594 
3 8783 11479 13485 
3 9322 7270 11479 
3 13846 11480 5721 
3 9773 10408 11480 
3 6320 13189 10001 
3 4789 4560 11481 
3 1668 11482 12984 
3 2279 1856 12811 
3 10443 14883 7420 
3 15072 6209 11483 
3 5544 11484 4895 
3 6210 7869 11484 
3 6891 11485 1898 
3 6296 5765 11485 
3 16534 11486 16158 
3 3720 9119 11486 
3 9414 11487 9431 
3 7359 10549 11487 
3 16107 14021 8531 
3 16107 1624 11488 
3 3497 11489 10431 
3 3497 12497 11489 
3 9421 14147 5892 
3 10871 1611 11490 
3 3248 11491 1640 
3 3248 11823 11491 
3 11507 13387 5588 
3 14377 5272 4038 
3 8671 11493 10289 
3 4634 3510 11493 
3 5627 11494 5070 
3 9082 6979 11494 
3 2147 11495 5216 
3 6282 10095 11495 
3 3211 2431 16324 
3 16324 4181 16554 
3 3970 14996 3676 
3 10354 3280 11497 
3 10791 11498 3303 
3 9566 4583 11498 
3 9946 12278 7264 
3 1640 4889 11499 
3 6218 11500 8223 
3 4215 8056 11500 
3 5652 15492 8353 
3 13619 16583 12167 
3 7799 11502 2179 
3 13700 11900 5951 
3 8124 11503 8661 
3 10420 194 11503 
3 3036 11504 7762 
3 5987 5008 11504 
3 8549 11505 4923 
3 6946 9949 11505 
3 8781 12910 7481 
3 5592 4400 11506 
3 4197 11507 8297 
3 3014 13387 11507 
3 15249 15080 1608 
3 13367 12432 8635 
3 11144 11509 1605 
3 11144 1972 11509 
3 8892 11510 7579 
3 8892 12179 11510 
3 10886 11511 11225 
3 6754 4013 11511 
3 7609 11512 10060 
3 4084 8791 12227 
3 5204 11513 4205 
3 5204 5533 11513 
3 10113 11514 7774 
3 10830 4057 11514 
3 8709 11515 5988 
3 8709 4674 14175 
3 15396 11516 3451 
3 3034 3395 11516 
3 4928 11517 5672 
3 14159 7889 16461 
3 6476 11518 10116 
3 8561 11479 11518 
3 9088 11519 9193 
3 14482 15069 11519 
3 10184 13048 4536 
3 16374 8574 6332 
3 12570 13121 9793 
3 13121 2577 2397 
3 14998 11522 4851 
3 7987 14923 11522 
3 3060 11523 3118 
3 3060 10057 11523 
3 2818 11524 10175 
3 13207 14985 9397 
3 11154 11525 11050 
3 11154 11016 11525 
3 14416 11526 3326 
3 10666 3326 11526 
3 5587 15844 2183 
3 10873 6301 11527 
3 16575 11528 4204 
3 8231 5469 15994 
3 3201 11529 10258 
3 3201 8636 14691 
3 6859 11530 13017 
3 1952 2689 15313 
3 5320 14143 6900 
3 4565 4806 11531 
3 10706 11532 6833 
3 2031 5603 11532 
3 4972 11533 5454 
3 12256 8516 11533 
3 3026 11534 9737 
3 9075 6265 11534 
3 16280 11535 13876 
3 2102 2230 15418 
3 12571 11536 7352 
3 10759 15806 11536 
3 12730 11537 12411 
3 13106 6724 11537 
3 3643 11538 8276 
3 3643 12606 11538 
3 12318 11539 3919 
3 12318 8861 11539 
3 6522 11540 9138 
3 6522 7612 11540 
3 5906 14963 7779 
3 15572 8323 14315 
3 11292 11542 11757 
3 1937 7394 16403 
3 5084 15505 7129 
3 1993 9733 11543 
3 12641 11544 14495 
3 14300 5431 4252 
3 2983 14706 1930 
3 12357 14037 11545 
3 6008 11546 10720 
3 6008 9515 15885 
3 6396 11547 4668 
3 3457 2932 11547 
3 4833 11548 9621 
3 4833 4771 11548 
3 15870 11549 11439 
3 5071 4217 16339 
3 12148 11550 2854 
3 6647 12327 16013 
3 15805 13916 11551 
3 13916 1999 11551 
3 16359 11552 4412 
3 10540 15119 11552 
3 12885 11553 3727 
3 4942 12676 11553 
3 13127 11554 5402 
3 8967 5208 11554 
3 12951 11555 10677 
3 6449 2021 11555 
3 15072 11556 2282 
3 11483 7420 14883 
3 10140 11557 4088 
3 7523 3860 11557 
3 3438 12557 13733 
3 13733 14708 11558 
3 12969 11559 3038 
3 9412 6327 11559 
3 1637 15098 10961 
3 9327 5087 16344 
3 3121 14790 4718 
3 11009 15489 11561 
3 1996 11562 7745 
3 12674 3394 3191 
3 4998 11563 10977 
3 4998 10915 11563 
3 2156 11564 7363 
3 12296 8224 11564 
3 1404 14374 9449 
3 10011 3515 11565 
3 9600 11566 6668 
3 9600 5441 11566 
3 16356 13601 3930 
3 2964 15707 11567 
3 8108 11568 7722 
3 7895 9803 15850 
3 13381 11569 4863 
3 10088 4326 11655 
3 15714 11570 9930 
3 3695 3796 11570 
3 8777 11571 11184 
3 15182 5565 14209 
3 4631 12689 8444 
3 7364 6641 11907 
3 3993 11573 7674 
3 3993 11795 11729 
3 8468 11574 2356 
3 5271 9947 11574 
3 8855 11575 5387 
3 8855 5092 11802 
3 3719 11576 5574 
3 3719 9760 11576 
3 9108 11577 4615 
3 5634 5365 11577 
3 2560 11578 6212 
3 3886 5023 13622 
3 2933 11579 8122 
3 2933 7355 15112 
3 16520 12305 8820 
3 11953 1703 14850 
3 10428 11581 11393 
3 15039 2108 12460 
3 16109 11582 13576 
3 8227 10779 11582 
3 7070 11583 10451 
3 4353 4761 11583 
3 4289 11584 8518 
3 7382 2652 11584 
3 10707 11585 11109 
3 10707 14035 11585 
3 3639 11586 7980 
3 9105 13386 16455 
3 2154 11587 7537 
3 2154 13410 11587 
3 5888 16399 6365 
3 16399 7108 16378 
3 5790 11589 7072 
3 6387 11775 15421 
3 6570 11590 11325 
3 6570 10449 11590 
3 3895 11591 8539 
3 3895 5270 11591 
3 5084 11592 6054 
3 8257 10028 11592 
3 5514 11593 10811 
3 10261 2131 11593 
3 12853 15139 8081 
3 2400 8628 13993 
3 1667 11944 10587 
3 1667 7335 11944 
3 7581 11596 5081 
3 7581 2362 11596 
3 11890 11597 7989 
3 6864 3691 11597 
3 3674 11598 5586 
3 15048 5391 7875 
3 2308 11599 9366 
3 16142 12838 11599 
3 8195 11600 12735 
3 8195 5668 12414 
3 7755 11601 13559 
3 2567 7702 11601 
3 548 11602 547 
3 10879 545 11602 
3 13240 11603 3747 
3 10123 7868 11603 
3 471 11604 470 
3 12610 2508 11604 
3 7532 11605 3705 
3 7532 10078 11605 
3 6835 11606 9160 
3 16135 1602 8272 
3 14565 15594 11607 
3 13260 4099 11607 
3 8836 11608 2115 
3 1879 7294 15101 
3 4131 11609 7011 
3 4131 7055 11609 
3 3643 11610 10499 
3 2207 3266 11610 
3 8508 11611 2838 
3 8508 2678 11611 
3 12378 11612 3938 
3 4247 9474 11612 
3 15766 7225 12171 
3 5175 3962 11613 
3 16075 11614 2305 
3 9227 7941 12384 
3 14411 13241 8235 
3 8235 13409 11615 
3 11387 15226 16489 
3 8518 11584 11616 
3 15032 14238 4627 
3 1755 11900 11617 
3 3639 16122 5048 
3 5619 8012 11618 
3 14215 11619 9861 
3 4786 1773 11619 
3 6041 11620 7542 
3 6041 14251 11620 
3 6878 11621 8199 
3 10733 5326 11621 
3 11244 11622 15641 
3 11244 3436 11622 
3 3809 11623 1960 
3 3809 2306 11623 
3 15042 11624 12791 
3 16402 3324 11760 
3 4533 6778 15957 
3 2057 6101 11968 
3 9141 11626 8684 
3 9141 12505 11626 
3 7852 11627 6431 
3 7592 3011 11627 
3 3161 11628 11095 
3 3161 12882 11628 
3 15318 11629 7981 
3 5047 9282 11629 
3 11948 11630 5522 
3 6364 8941 11630 
3 2747 11631 8007 
3 14420 3254 6693 
3 4622 11632 11341 
3 4622 5689 11632 
3 13774 13616 7044 
3 9906 9721 11633 
3 12747 11634 6918 
3 3561 6918 11634 
3 1991 11635 6723 
3 1991 8804 11635 
3 2937 11636 2740 
3 2937 7712 11636 
3 14615 11637 6626 
3 9985 2525 11637 
3 5687 11638 4852 
3 9422 2250 11638 
3 11118 11639 9904 
3 13900 11700 11639 
3 15102 11640 4256 
3 12809 10571 4050 
3 7847 2006 12516 
3 5211 12746 11641 
3 11862 11642 2936 
3 12135 4656 11642 
3 2389 11643 7273 
3 2389 8035 11643 
3 2458 11644 5216 
3 8651 10552 11644 
3 3982 11645 9639 
3 3704 2855 11645 
3 13395 11646 3635 
3 9031 6667 11646 
3 10831 11647 4891 
3 9650 5696 11647 
3 5910 13939 9891 
3 5931 11417 11648 
3 4489 11649 10203 
3 3615 7748 11649 
3 9856 16029 4544 
3 3483 1759 11650 
3 4790 11651 6199 
3 8900 11316 11651 
3 12702 14578 13107 
3 9438 8837 11652 
3 7295 11653 3014 
3 7949 2410 16169 
3 10642 11654 2332 
3 12973 8938 11686 
3 2055 11655 4326 
3 14959 4981 7444 
3 13767 11656 9322 
3 4188 5683 11656 
3 4145 11657 2627 
3 4145 3265 11657 
3 4549 11658 6310 
3 6941 8956 11658 
3 9784 11659 6804 
3 9784 14225 11659 
3 16490 11660 8387 
3 9762 10346 13246 
3 11005 11661 9156 
3 11005 12573 11661 
3 15139 11662 8081 
3 11594 13993 12113 
3 16087 16310 11206 
3 16310 11889 11663 
3 2899 11664 5409 
3 2899 12069 11664 
3 8363 11665 3465 
3 8573 5285 11665 
3 6052 11666 9168 
3 6052 9443 13198 
3 3561 11667 5204 
3 3561 9311 11667 
3 4944 11905 2061 
3 7333 16426 11668 
3 11471 11669 7511 
3 11471 9864 11669 
3 7481 11670 10554 
3 7481 14593 11670 
3 6673 13486 3984 
3 11751 10089 12541 
3 16489 11672 2891 
3 5993 8972 11672 
3 1635 11673 5262 
3 5674 5020 11673 
3 3185 12979 16588 
3 12979 11197 11674 
3 11904 11675 3088 
3 8086 12443 11675 
3 13448 11676 16463 
3 13448 2613 11676 
3 11245 14527 2853 
3 15915 14165 14552 
3 9147 12292 5703 
3 3516 2826 11678 
3 12142 11679 13841 
3 12142 11082 11679 
3 1395 11680 1396 
3 2296 12525 11680 
3 10950 12060 6935 
3 5228 4525 11989 
3 5245 11682 6768 
3 1746 11136 11682 
3 10979 11683 2692 
3 10768 3953 11683 
3 5146 11684 11242 
3 10842 4392 11684 
3 15763 11685 4760 
3 5307 14565 11685 
3 11654 11686 5670 
3 8938 9564 11686 
3 15437 11687 6805 
3 4003 9517 11687 
3 6953 11688 9285 
3 4240 9619 15144 
3 7501 11689 8596 
3 15653 15209 13475 
3 11102 11690 3893 
3 10816 9218 11690 
3 3902 11691 1833 
3 15877 3111 11691 
3 16450 11692 4005 
3 13326 10061 10584 
3 16106 11693 10089 
3 16548 11914 11693 
3 8812 11694 11441 
3 8812 5818 11694 
3 1188 11695 1187 
3 15114 3111 16460 
3 9165 11696 3335 
3 5360 2168 14570 
3 15152 16183 10167 
3 15997 9019 9729 
3 10800 11698 5869 
3 7068 7977 11698 
3 9232 11699 13960 
3 10438 13394 11699 
3 5491 11700 10810 
3 3384 10338 11700 
3 11440 14958 7227 
3 15116 2727 10365 
3 4121 11702 11176 
3 4121 12955 11702 
3 6866 12693 14217 
3 14217 2056 11703 
3 14770 15837 3729 
3 8128 7764 11704 
3 12299 11705 9529 
3 16276 10696 12149 
3 13486 11751 11671 
3 11751 12541 11706 
3 10549 11707 1819 
3 10549 7359 11707 
3 2781 11708 9438 
3 2781 8014 11708 
3 15104 11709 7073 
3 3113 14181 11709 
3 7869 11710 2474 
3 6210 14778 11710 
3 14652 11711 7228 
3 6972 9289 14594 
3 13826 11712 7782 
3 13547 5536 10383 
3 3025 11713 5734 
3 3025 8091 11713 
3 16146 11714 6717 
3 16146 9470 11714 
3 10991 13062 12733 
3 13786 11111 10656 
3 12073 11716 4130 
3 11072 12463 11716 
3 12065 11717 10274 
3 14581 4828 11717 
3 6317 13044 3943 
3 12750 6406 2919 
3 3737 11719 6750 
3 8107 7797 11719 
3 9642 13428 10845 
3 8034 11211 11720 
3 6917 11721 10698 
3 6917 9695 11721 
3 10605 12133 4520 
3 10087 7700 11722 
3 10525 11723 10063 
3 8594 5941 11723 
3 6865 11724 2087 
3 6865 10915 11724 
3 11310 11725 13150 
3 6152 2611 13282 
3 14121 11726 10837 
3 10496 4633 11726 
3 16081 11727 7150 
3 4281 6230 11727 
3 16154 11728 5405 
3 2357 8274 11728 
3 10122 11729 4241 
3 3439 11573 11729 
3 2927 15369 4219 
3 15369 16491 11730 
3 15615 11731 5741 
3 7874 5752 11731 
3 7638 11732 7953 
3 6334 7531 11732 
3 12060 11733 10276 
3 10950 8842 12093 
3 3159 11734 10099 
3 11765 9258 11734 
3 9570 7877 16090 
3 7877 6203 11735 
3 5587 12055 5089 
3 9301 9525 11736 
3 14112 11737 9563 
3 15485 12578 11737 
3 11305 11738 6162 
3 11305 13969 11738 
3 14588 11739 2271 
3 3718 7280 11739 
3 15405 11740 6645 
3 4678 4445 11740 
3 5667 14141 11248 
3 13959 2189 11741 
3 10583 11742 1965 
3 7301 2134 16470 
3 8364 11743 5676 
3 7694 2732 11743 
3 13693 11744 9766 
3 14988 13851 16523 
3 4906 11745 10908 
3 3202 4321 13305 
3 2524 11746 4982 
3 4724 4892 11746 
3 5794 11747 5007 
3 6382 15737 11747 
3 2669 11748 8154 
3 2669 12499 11748 
3 5695 11749 10771 
3 14408 10632 3528 
3 10649 11750 6866 
3 345 346 11750 
3 11671 11751 11706 
3 13888 10089 11751 
3 10522 11752 3828 
3 8011 7362 14915 
3 15104 11753 11709 
3 14091 8455 3113 
3 3874 12977 15722 
3 9501 10421 15511 
3 9252 11755 9450 
3 9252 3734 13495 
3 4708 11756 7104 
3 4708 14618 11756 
3 11307 11757 3577 
3 11307 11292 11757 
3 2032 13429 7306 
3 13429 6155 11758 
3 3959 12506 2717 
3 12506 7243 10930 
3 16402 11760 11624 
3 3324 11235 11760 
3 10043 11761 10492 
3 10043 7242 11761 
3 13600 11762 12382 
3 5808 8275 11762 
3 4129 11763 2790 
3 4129 9621 11763 
3 2133 11764 3041 
3 7288 11010 12304 
3 9258 11765 11068 
3 11734 3159 11765 
3 10215 13052 7179 
3 13052 6344 11766 
3 7765 11767 3990 
3 1903 4595 15586 
3 8340 12778 3903 
3 8534 6646 11768 
3 11507 11769 12684 
3 5588 11492 11769 
3 15937 11770 7444 
3 16002 11965 2317 
3 8125 11771 10964 
3 8125 16040 11771 
3 14669 12582 14359 
3 8546 5690 12849 
3 3873 11773 2194 
3 2057 11625 11773 
3 1795 11774 6415 
3 1795 7269 11774 
3 15421 11775 7635 
3 6387 11106 11775 
3 2109 16535 9025 
3 4276 7816 12967 
3 15887 11777 9290 
3 15887 5584 9181 
3 15834 11778 6189 
3 10195 1974 11778 
3 12247 11779 3923 
3 8081 10476 11779 
3 10764 11780 2596 
3 7486 11360 11780 
3 3814 13812 3881 
3 13814 15110 11781 
3 12793 11782 10766 
3 15913 8989 10797 
3 11220 15243 15977 
3 13393 4390 13862 
3 4115 11784 4220 
3 4115 15124 11784 
3 8205 11785 3863 
3 8205 15057 11785 
3 13908 14523 5145 
3 11476 7573 11786 
3 14858 11787 14308 
3 16125 3741 11787 
3 14612 11788 14799 
3 10295 14859 5702 
3 6570 11789 10449 
3 11196 14538 15812 
3 13105 11790 4353 
3 8472 6377 11790 
3 8888 11791 8246 
3 8888 14926 11791 
3 6430 11792 9286 
3 8833 7451 11792 
3 6893 13298 9897 
3 13298 7421 11793 
3 1896 11794 6284 
3 7214 10373 11794 
3 5526 12897 12966 
3 12897 7737 11946 
3 9233 14615 14709 
3 4694 10497 11796 
3 9483 12609 6182 
3 3309 9934 11797 
3 3885 11798 1611 
3 11859 8485 7190 
3 11026 11799 3957 
3 11026 8506 11799 
3 15029 11800 13169 
3 6746 9951 13169 
3 1754 11801 5728 
3 14188 11274 2453 
3 4088 11802 5092 
3 4088 3815 11802 
3 6403 11803 2294 
3 8055 5004 11819 
3 9755 12287 4007 
3 5125 4318 11804 
3 7801 11805 8492 
3 15831 4213 8496 
3 7714 11806 8031 
3 15930 2693 15675 
3 12536 11807 7547 
3 2677 4898 11807 
3 15534 14287 9266 
3 2588 8277 11808 
3 16097 11809 15662 
3 9684 11093 11809 
3 7364 11810 6710 
3 16251 14871 4362 
3 11790 16578 4353 
3 12220 7146 11811 
3 12760 11812 3631 
3 9380 15789 11812 
3 9450 11813 5354 
3 6384 2571 11813 
3 9728 11814 2553 
3 9728 9418 11814 
3 10929 11815 2797 
3 3362 15066 14702 
3 8234 15909 3569 
3 8186 4794 11816 
3 10838 13984 8209 
3 10925 11060 11817 
3 14876 12311 14642 
3 6614 7795 11818 
3 11803 11819 2141 
3 11803 6403 11819 
3 2041 11820 2608 
3 1974 10195 11820 
3 9851 11821 14189 
3 9851 16171 11821 
3 11123 11822 3841 
3 11123 6438 11822 
3 13757 11823 10283 
3 6477 12822 11823 
3 16211 11824 4411 
3 4439 2510 11824 
3 2337 11825 15855 
3 3271 6711 11825 
3 15641 11826 8063 
3 7381 9998 11826 
3 15441 14927 14550 
3 9560 11918 14927 
3 2121 11828 2859 
3 8666 3306 11828 
3 2287 11829 10544 
3 2287 2208 11829 
3 10181 11830 8105 
3 10643 9317 12916 
3 15274 11831 6302 
3 5161 5789 11831 
3 14024 11832 3499 
3 12120 2092 11832 
3 8797 13554 10428 
3 3323 12063 11833 
3 11443 11834 2261 
3 4868 3882 11834 
3 5285 11835 2258 
3 11141 6868 11835 
3 15592 11836 4041 
3 3892 2111 13821 
3 10514 11837 9264 
3 15603 10359 11837 
3 697 11838 15105 
3 697 698 11838 
3 6851 11839 11462 
3 9003 8747 12245 
3 6492 11840 5458 
3 6492 8638 11840 
3 9321 11841 5461 
3 9321 9376 11841 
3 12609 11842 14059 
3 10767 11370 11842 
3 462 11843 1807 
3 15301 7596 10996 
3 10562 11844 7246 
3 10562 11173 11844 
3 11112 11845 3556 
3 4777 6631 11845 
3 10282 11846 11068 
3 15443 2626 9802 
3 6212 11847 2947 
3 11578 3886 13622 
3 15939 11848 10464 
3 13932 7149 8365 
3 6986 13909 7084 
3 8123 8436 11849 
3 8363 11850 15127 
3 10367 10512 11850 
3 16572 11851 10815 
3 15380 3503 10815 
3 12694 16500 6019 
3 13952 5573 12602 
3 11263 16560 8151 
3 14026 3646 11853 
3 12510 11854 11371 
3 5062 2436 11854 
3 5389 15014 9358 
3 16361 1849 5745 
3 11792 15059 9286 
3 15617 5843 16065 
3 4643 11857 7474 
3 2614 6503 11857 
3 2792 11858 2642 
3 2792 5662 11858 
3 3885 14648 11798 
3 14648 3828 13356 
3 13702 11860 13784 
3 13702 10293 11860 
3 7893 11861 14335 
3 7893 5179 15579 
3 8629 16085 4980 
3 3069 1995 12135 
3 7161 11863 5534 
3 8698 11806 11863 
3 16114 11864 3528 
3 4713 7838 11864 
3 6127 11865 3702 
3 6127 1713 11865 
3 8361 16570 1766 
3 1773 4786 11866 
3 12443 11867 8688 
3 16313 8745 4136 
3 4344 11868 7283 
3 2124 4943 11868 
3 6349 14410 2943 
3 8030 14114 15696 
3 12947 11870 5547 
3 11095 10290 11870 
3 11835 11871 2258 
3 11835 6868 11871 
3 9529 12149 6495 
3 7356 8333 11872 
3 10284 15052 2857 
3 13462 9064 7788 
3 6060 11874 9839 
3 6060 12107 11874 
3 14636 11875 6539 
3 2850 4682 11875 
3 8711 11876 5367 
3 8711 6620 15984 
3 7282 11877 14387 
3 2442 2418 11877 
3 5380 15555 4160 
3 3072 7048 11878 
3 6981 11879 9184 
3 6981 12559 14438 
3 538 12913 11078 
3 12913 3002 14835 
3 11310 11881 4937 
3 11310 3402 11881 
3 2578 14848 1722 
3 13714 3824 9978 
3 1728 11883 15553 
3 8743 9763 11883 
3 13014 11884 8957 
3 1953 4601 11884 
3 6488 11885 10035 
3 3694 8635 11885 
3 5294 11886 5789 
3 8970 13560 13064 
3 9645 11887 10332 
3 14247 11910 1754 
3 6421 11888 12623 
3 6421 11927 11888 
3 11663 11889 12599 
3 6838 13136 11889 
3 6864 11890 7989 
3 6864 11597 11890 
3 11863 11891 1893 
3 11863 11806 11891 
3 5765 11892 6086 
3 5199 7070 11892 
3 11619 11893 4786 
3 16201 12993 14125 
3 6053 11894 9807 
3 6053 5104 12363 
3 13388 13654 9836 
3 8530 9615 11895 
3 15120 11896 6543 
3 8715 9601 11896 
3 13435 11897 5174 
3 2653 13715 11897 
3 5886 11898 11395 
3 5886 2509 11898 
3 3585 11899 3400 
3 5276 4690 15717 
3 5951 11900 1755 
3 5951 12280 13700 
3 8800 11901 7768 
3 9008 10458 11901 
3 14660 11902 15368 
3 14660 9700 11902 
3 5799 11903 5620 
3 1677 3085 11903 
3 9433 11904 3955 
3 12829 11675 11904 
3 14622 11905 2158 
3 11668 2061 11905 
3 7953 11906 3337 
3 11732 7531 11906 
3 11123 16193 5994 
3 11572 12689 11907 
3 4230 14028 5548 
3 14028 5856 11908 
3 6121 11909 8845 
3 6121 5950 11909 
3 11887 14247 1754 
3 14247 3125 8040 
3 12155 11911 8473 
3 6742 11687 11911 
3 16273 11912 3925 
3 5363 2813 11912 
3 3756 11913 11340 
3 10505 8776 14249 
3 7132 11914 16548 
3 7132 2618 11914 
3 4777 11915 9862 
3 14355 10721 15296 
3 4845 11916 1779 
3 7556 10639 11916 
3 1746 11917 4021 
3 8412 4061 11917 
3 14635 14927 7610 
3 9560 6588 11918 
3 14470 11919 1848 
3 13011 5726 11919 
3 13588 12813 11920 
3 12813 4158 6902 
3 15717 11921 5276 
3 1797 15626 11921 
3 7508 11922 6125 
3 1637 10961 11922 
3 11951 11923 16227 
3 11099 9102 11923 
3 7383 14444 2140 
3 14444 16547 11924 
3 12269 11925 6010 
3 7820 9133 11925 
3 2236 11926 6336 
3 5681 8658 11926 
3 8162 11927 6421 
3 8162 4507 11927 
3 3363 14650 6861 
3 5464 4427 16046 
3 13172 11929 5452 
3 3714 4025 11929 
3 14582 11930 12554 
3 16469 10141 12614 
3 16252 11931 14677 
3 11445 1926 11931 
3 15240 16463 7085 
3 7162 1817 11932 
3 7342 16131 5124 
3 14831 16557 12856 
3 13036 13000 11934 
3 3429 4535 11934 
3 5173 11935 9050 
3 3406 9511 11935 
3 14981 11936 3437 
3 2924 2742 11936 
3 10301 15706 6526 
3 13040 9076 8318 
3 3496 14020 9606 
3 6705 14230 15732 
3 12750 13044 6406 
3 13139 11784 15124 
3 7554 11940 1662 
3 7554 15265 11940 
3 5194 11941 9262 
3 4701 6598 13288 
3 16081 11942 4281 
3 4787 9599 11942 
3 10830 11943 5558 
3 11514 8701 11986 
3 16256 11944 7335 
3 12667 11595 11944 
3 4732 11945 6599 
3 4732 15443 11945 
3 10122 11946 10670 
3 15985 11795 12897 
3 15900 12104 11947 
3 12104 4391 11947 
3 14809 11948 5522 
3 11201 6364 11948 
3 14363 11949 7743 
3 2219 10406 13458 
3 16484 11950 5072 
3 7094 11077 11950 
3 11923 11951 4491 
3 7040 9899 11951 
3 7339 11952 8263 
3 4661 2004 11952 
3 1703 11953 1804 
3 12305 11818 12722 
3 12670 11954 12102 
3 10543 6193 15670 
3 1018 11955 1017 
3 1018 4310 11955 
3 10480 11956 10031 
3 8838 8603 14673 
3 12254 11957 10409 
3 10664 4496 12709 
3 15144 11958 8932 
3 15144 11688 4240 
3 4933 11959 2190 
3 4933 6223 12961 
3 15628 11960 10935 
3 7426 8886 12720 
3 8158 11961 8385 
3 12197 8939 12931 
3 4573 11962 5075 
3 6137 4127 13913 
3 6735 11963 5672 
3 15201 4928 11963 
3 3344 13545 4836 
3 2997 14267 11964 
3 11770 16002 2317 
3 9116 6538 11965 
3 2744 13243 3872 
3 13243 14666 11966 
3 2045 11967 2537 
3 8552 2570 11967 
3 5364 5043 12611 
3 5043 10720 14511 
3 13090 11969 10424 
3 6744 5798 15877 
3 14026 11970 2382 
3 14026 11853 15308 
3 12522 13960 10197 
3 1966 12057 15523 
3 11493 11972 10289 
3 3221 11668 11972 
3 7254 11973 3314 
3 10865 1879 11973 
3 6799 11974 3607 
3 11235 7769 13574 
3 9523 11975 7909 
3 6297 16521 11975 
3 13535 11976 7388 
3 14687 8968 9140 
3 6395 11977 11237 
3 15204 6388 10301 
3 3303 11978 14194 
3 6948 15811 11978 
3 3169 11979 2821 
3 3169 6044 16295 
3 2835 11980 13301 
3 14133 6743 13866 
3 14967 11981 13572 
3 2773 3983 11981 
3 12575 11982 2054 
3 6707 10283 11982 
3 4916 11983 1794 
3 4916 8871 11983 
3 11097 11984 5395 
3 13882 4391 11984 
3 13220 11985 10042 
3 6173 6303 11985 
3 11943 11986 5542 
3 11943 11514 11986 
3 2922 12314 2467 
3 16502 13474 11987 
3 8926 12283 6017 
3 12283 3935 11988 
3 12638 11989 4525 
3 11681 12935 11989 
3 6785 11990 2903 
3 13785 2263 13046 
3 9870 11991 5860 
3 9870 1883 13992 
3 15694 11992 13876 
3 7348 9780 11992 
3 11530 11993 11788 
3 11530 1952 11993 
3 10096 11994 10888 
3 8465 7200 11994 
3 14077 12589 2535 
3 12589 1968 11995 
3 4770 14836 10119 
3 2803 5975 11996 
3 13534 11997 3009 
3 4002 2674 11997 
3 15197 11998 5379 
3 11926 10869 11998 
3 16331 16141 11999 
3 15163 2605 16067 
3 9203 12000 9693 
3 9203 12710 12000 
3 15241 12001 11296 
3 14645 15024 13167 
3 2745 12002 9879 
3 7989 8517 12002 
3 2352 12003 9096 
3 2352 1845 12003 
3 8930 12004 4552 
3 10416 12456 12759 
3 14369 12005 5509 
3 3529 5509 12005 
3 3818 12006 9732 
3 1683 8246 12006 
3 5729 12007 6347 
3 6569 8904 12007 
3 1820 12008 1907 
3 10908 2676 12698 
3 5123 12009 10017 
3 10365 2727 12009 
3 2775 6883 13108 
3 11763 8218 12010 
3 2934 12011 4103 
3 5772 5604 12011 
3 6970 12012 6356 
3 5632 1901 12012 
3 9491 12413 7711 
3 2355 10705 12013 
3 14693 12014 13025 
3 13941 8885 9813 
3 13489 12015 7527 
3 3435 7130 12015 
3 6676 15324 3664 
3 2216 9811 12016 
3 12802 12017 5780 
3 9319 1867 12017 
3 9500 12018 6848 
3 16492 7159 2610 
3 3777 13606 9695 
3 7651 16173 16584 
3 10227 12020 11231 
3 10227 7981 12020 
3 9565 12021 8181 
3 5346 6990 12021 
3 453 12022 2989 
3 453 454 12022 
3 8120 13382 15558 
3 12164 15848 16576 
3 10247 12024 5511 
3 9314 10233 12024 
3 4227 15264 12876 
3 4227 10882 15264 
3 10243 12026 1877 
3 10243 10488 12026 
3 5898 12027 8240 
3 2710 8210 12027 
3 8222 12028 3752 
3 8222 9043 12028 
3 4580 12029 8209 
3 4790 13835 15362 
3 11145 13681 4407 
3 4132 8336 12030 
3 12370 12031 8903 
3 4343 5903 12031 
3 9617 12032 9518 
3 3049 14519 12032 
3 5252 12033 7284 
3 16375 4052 2559 
3 16285 12034 14231 
3 2247 5560 12034 
3 12640 12035 8714 
3 12035 13323 12827 
3 5519 12036 2343 
3 5519 9641 13975 
3 9209 12634 1717 
3 12634 4628 12037 
3 10884 12038 11406 
3 8735 9476 12259 
3 7031 12039 9486 
3 7031 4472 15815 
3 4499 12040 9442 
3 2083 10747 12040 
3 5701 12041 9583 
3 5701 6482 16000 
3 5585 16203 4345 
3 4670 2488 12042 
3 9551 16284 9429 
3 8540 5437 12043 
3 15013 12044 2098 
3 4954 10663 12457 
3 8503 12045 8660 
3 3325 9540 12045 
3 14186 12046 5563 
3 5784 2343 12046 
3 1733 12266 2828 
3 12266 6316 6834 
3 12014 12048 3124 
3 9813 9939 12048 
3 15733 12049 6076 
3 3262 5317 12049 
3 15600 12050 10138 
3 1772 3087 12050 
3 2623 12051 3744 
3 2623 10907 15865 
3 9874 12052 7900 
3 9874 9127 12052 
3 2015 12053 7919 
3 10070 3537 12053 
3 102 12054 101 
3 2774 6543 15537 
3 13192 12055 5587 
3 5119 11736 12055 
3 13763 12056 6993 
3 2634 11080 12056 
3 8037 12057 9905 
3 7020 6291 12057 
3 15743 12058 2498 
3 10686 3722 12058 
3 5913 12059 3931 
3 4685 9687 12059 
3 12115 12060 10950 
3 10276 2935 12060 
3 3208 12061 8102 
3 5049 12282 15314 
3 7077 12062 8854 
3 16407 3164 12062 
3 15033 12063 9818 
3 7802 2592 12063 
3 8170 12064 10726 
3 4682 2740 12064 
3 6063 12065 10274 
3 3610 7280 15836 
3 1989 12066 9163 
3 5853 7100 13246 
3 10754 12067 11316 
3 16032 5239 12067 
3 5100 12068 8379 
3 8232 7141 12068 
3 11664 12069 2788 
3 2899 11153 16205 
3 12588 12070 10470 
3 3551 2240 12070 
3 12265 12071 3640 
3 4781 4886 12071 
3 3918 12072 9156 
3 3918 10658 12072 
3 2489 12073 11142 
3 4130 7960 16186 
3 4446 12937 3953 
3 12937 12992 12854 
3 2248 12075 8217 
3 2130 12843 14464 
3 4047 13012 13233 
3 16071 3765 5443 
3 7517 12077 3270 
3 7517 4308 12077 
3 10584 15919 2664 
3 15919 10061 12463 
3 234 12079 12138 
3 234 10628 12079 
3 4278 12988 15502 
3 14980 5901 14022 
3 3659 12081 5041 
3 3659 10492 12081 
3 14761 13823 12082 
3 13823 15739 12082 
3 8255 12083 4953 
3 8255 9451 12083 
3 7035 13251 6456 
3 13251 2168 12084 
3 7093 12085 10245 
3 7093 9224 12085 
3 16117 12086 9547 
3 9596 6643 13930 
3 5693 12087 6025 
3 4800 5608 12087 
3 10160 12088 2462 
3 10160 3666 12088 
3 13003 13270 1688 
3 5096 13845 12089 
3 5034 16452 10721 
3 16452 14816 12090 
3 1884 12091 9992 
3 5796 7367 12091 
3 3515 12092 9449 
3 10324 8477 14160 
3 12115 12093 12679 
3 8842 14431 12093 
3 5426 13024 10748 
3 9609 10887 12094 
3 8665 12095 2288 
3 8665 4436 12095 
3 6651 12096 7090 
3 14368 4257 12096 
3 6835 12097 11606 
3 14647 3533 14023 
3 13126 16454 5887 
3 16454 10544 11829 
3 7762 12099 3932 
3 7762 11504 12099 
3 7157 15829 7860 
3 10934 5645 12100 
3 6160 12101 7180 
3 7882 14063 12101 
3 3594 12670 10398 
3 9259 5469 12102 
3 13768 11323 12103 
3 11323 3127 12103 
3 13244 12104 15900 
3 5395 4391 12104 
3 11699 12105 4114 
3 14304 3076 12105 
3 14540 14686 6062 
3 4194 16139 12106 
3 9849 12107 6060 
3 7416 13159 15503 
3 7788 12108 1628 
3 6090 4714 12108 
3 2475 12109 6501 
3 7152 4133 12109 
3 4790 12110 8900 
3 4580 11817 12110 
3 3698 12111 9632 
3 7156 9324 12111 
3 3082 12112 7310 
3 15599 9206 12112 
3 11662 12113 13985 
3 2223 10668 12484 
3 11070 12114 5925 
3 9264 11837 12114 
3 12060 12115 11733 
3 10950 12093 12115 
3 15674 12116 7615 
3 7912 10142 12116 
3 8737 12117 6375 
3 8737 6189 12117 
3 9099 12118 6198 
3 9099 14479 12118 
3 6091 15942 14172 
3 3150 4357 12119 
3 14024 12120 11832 
3 1798 13066 12120 
3 14227 12121 9520 
3 8324 14779 12121 
3 15578 12122 11233 
3 2023 11233 12122 
3 6428 13890 2232 
3 8304 10093 12123 
3 16180 12124 8759 
3 1994 7181 12124 
3 11194 12125 9856 
3 12696 10187 12125 
3 2630 14976 8190 
3 13459 4054 10398 
3 9548 12127 4293 
3 8567 3505 13994 
3 15764 12128 13053 
3 3045 6324 12128 
3 11217 12129 10585 
3 11217 7615 12129 
3 16430 12130 3635 
3 2126 4510 12130 
3 3205 12131 5705 
3 1932 4671 12131 
3 12383 12132 9397 
3 5315 11535 12132 
3 10672 12133 10605 
3 10087 11722 12133 
3 5457 12134 9035 
3 5457 10029 14030 
3 11862 12135 11642 
3 1995 5149 12135 
3 3030 12136 8647 
3 10033 7247 12136 
3 4405 13294 6363 
3 5633 2080 12137 
3 3245 12138 2542 
3 232 233 12138 
3 2106 12139 2480 
3 3442 5504 14853 
3 15846 15258 11426 
3 15258 14071 12140 
3 11865 12141 3702 
3 11865 8083 12141 
3 5174 12142 7921 
3 5174 11082 12142 
3 5297 13973 9059 
3 9808 3460 13422 
3 13882 12144 4391 
3 3898 13921 12144 
3 8025 15551 3770 
3 618 619 15552 
3 3717 14348 2593 
3 5467 8945 12146 
3 12592 14769 5696 
3 14769 8244 12147 
3 6647 12148 10422 
3 6647 11550 12148 
3 11872 12149 7356 
3 9529 11705 12149 
3 3685 12150 4556 
3 3685 8976 12150 
3 16236 12151 6934 
3 14179 15952 12151 
3 14718 12152 14579 
3 11268 2906 12152 
3 15071 12153 1843 
3 8612 5838 12153 
3 9446 12154 3999 
3 9446 3080 12154 
3 11911 12155 6742 
3 5841 12807 12155 
3 77 12156 11037 
3 3915 2834 16194 
3 15332 16338 8693 
3 2253 12644 12157 
3 4737 12158 8823 
3 4737 15644 12158 
3 3738 12159 1763 
3 2003 5293 12159 
3 2897 12160 10353 
3 15962 6726 13624 
3 14493 12161 10224 
3 14635 7610 12161 
3 9655 5212 13749 
3 13749 5212 12162 
3 15572 14315 11541 
3 14315 11720 11211 
3 9591 8120 15558 
3 6553 3559 12164 
3 15284 12165 8078 
3 2004 4661 12165 
3 13105 12166 8472 
3 2894 9638 12166 
3 13619 12167 6395 
3 3811 13582 12167 
3 2711 12168 11872 
3 11350 6901 13375 
3 13289 12169 10126 
3 10369 2235 12169 
3 6792 12170 2633 
3 6792 15188 12170 
3 5175 12171 10222 
3 7225 9713 12171 
3 10224 12172 14493 
3 6053 9443 12172 
3 5526 13262 9121 
3 9623 3102 12173 
3 13801 12174 15883 
3 11520 5660 13986 
3 5186 15634 4594 
3 9269 5043 12175 
3 3321 12176 5607 
3 13974 14503 13662 
3 9511 13748 14108 
3 2979 9216 12177 
3 5983 12178 9504 
3 5565 10450 12178 
3 12513 12179 5329 
3 8892 13990 12179 
3 4406 12180 6334 
3 4406 8076 12180 
3 4774 13054 11149 
3 5543 10932 12181 
3 2984 12182 6044 
3 5021 9404 16171 
3 2515 14417 8988 
3 8287 4459 12183 
3 3864 12184 11347 
3 4197 3317 12184 
3 14216 12185 8141 
3 5599 2139 12185 
3 4181 12186 8645 
3 11000 14907 12186 
3 5286 12187 2558 
3 9546 4512 12187 
3 14449 12188 6355 
3 5727 7630 12188 
3 9415 12189 2238 
3 4651 14667 16480 
3 8662 12190 6447 
3 8662 8074 12190 
3 4418 12191 3880 
3 2697 4189 12998 
3 7201 13720 2564 
3 16507 10953 5350 
3 2152 12193 5287 
3 2152 11469 12193 
3 7692 12194 9881 
3 7692 7169 12194 
3 7222 12841 1716 
3 12841 2557 12195 
3 4165 12196 12360 
3 6484 2417 12196 
3 5601 12197 11961 
3 5601 1808 12197 
3 7204 12198 10921 
3 7204 9733 12198 
3 14342 12199 2634 
3 5406 2407 12199 
3 15424 12200 9966 
3 6006 12900 12200 
3 7246 10079 13711 
3 10079 12826 12201 
3 7862 16288 5455 
3 7918 9720 12202 
3 15622 12203 10412 
3 7502 2421 12203 
3 15265 12204 3769 
3 2399 12872 12531 
3 7282 13880 16108 
3 2061 11668 12205 
3 12536 12206 2677 
3 3081 9400 13818 
3 7408 12207 15548 
3 7408 6758 12207 
3 651 12208 9318 
3 651 652 12208 
3 13162 12209 15911 
3 15363 11462 14620 
3 11109 12210 3865 
3 2519 4701 12210 
3 9767 13861 2476 
3 7277 7709 12211 
3 8100 13145 5442 
3 13145 1660 5484 
3 10135 12213 3934 
3 10835 11291 12213 
3 3976 12214 7965 
3 15881 11243 12214 
3 1621 12859 9613 
3 7127 9926 12215 
3 6611 12216 11148 
3 5752 3517 12216 
3 3999 12217 9446 
3 9414 9431 12217 
3 2441 12218 8616 
3 14112 9563 12218 
3 6590 7467 12312 
3 2413 7749 12219 
3 12799 12220 11811 
3 7036 2278 12232 
3 10693 12227 9555 
3 12227 8791 6092 
3 5269 13208 11712 
3 13547 3133 12222 
3 2390 12223 9134 
3 3996 10534 12223 
3 15452 12224 5885 
3 11013 9432 12224 
3 14680 12225 8005 
3 4182 9182 12225 
3 9086 12226 8018 
3 9086 8107 12226 
3 9555 12227 12221 
3 11512 4084 12227 
3 11185 12228 8677 
3 12230 7529 13332 
3 15117 12229 9296 
3 8046 10316 13543 
3 11185 12230 12228 
3 11185 7494 12230 
3 6362 12231 11444 
3 13883 3124 5374 
3 4300 13141 16571 
3 12220 12799 12232 
3 8627 12233 2049 
3 4274 11358 12233 
3 6801 12234 6366 
3 8008 8758 12234 
3 7657 12235 2848 
3 14153 3891 12438 
3 2348 12236 9124 
3 2348 13879 12236 
3 6168 12237 245 
3 5602 14834 12237 
3 6280 12238 8951 
3 6280 11653 12238 
3 10097 14657 8504 
3 6655 2662 12239 
3 16300 12240 5038 
3 1841 3805 14491 
3 2181 12241 3379 
3 9476 8735 12241 
3 6916 15477 4819 
3 6884 3279 13296 
3 9545 12243 2299 
3 9545 6158 12243 
3 15276 12244 5434 
3 8810 15131 12244 
3 11839 12245 11462 
3 11839 4504 12245 
3 8729 12246 11343 
3 5892 14664 14951 
3 10022 12247 3923 
3 6945 5045 12853 
3 1722 12248 2578 
3 10085 10836 12248 
3 12343 12249 5503 
3 3996 12223 12249 
3 16084 12250 3035 
3 6610 7843 12250 
3 2970 12251 8932 
3 2325 8625 12251 
3 4290 13225 2680 
3 13115 3193 9603 
3 13695 12253 7367 
3 8405 4159 12253 
3 14887 12254 3142 
3 10826 10778 12254 
3 5201 12255 3846 
3 5201 1899 12255 
3 2998 12256 11533 
3 2998 8516 12256 
3 5509 12257 4272 
3 7643 2217 12257 
3 7546 12258 6117 
3 9195 6875 12258 
3 8735 12259 12038 
3 9476 1377 12259 
3 13964 12707 6621 
3 12707 5907 10118 
3 3970 12261 5835 
3 14566 3681 2899 
3 3053 12262 3487 
3 3053 7631 12262 
3 12652 12263 8341 
3 9106 7852 12263 
3 1712 12264 4780 
3 7829 4914 12264 
3 11283 13519 4012 
3 13519 13119 12265 
3 12293 12266 12047 
3 9239 5239 12550 
3 8408 14763 9434 
3 16063 5887 7554 
3 16292 12268 15208 
3 1654 13244 12268 
3 5824 12269 6010 
3 15100 6719 6059 
3 15386 12270 5024 
3 7965 12214 12270 
3 5479 12271 5288 
3 5479 14888 12271 
3 10493 15296 8839 
3 14753 5067 12272 
3 1697 12273 4632 
3 9257 1995 12273 
3 4757 12274 7550 
3 4722 9087 12274 
3 6664 13958 8179 
3 13958 6351 12275 
3 4485 12276 8242 
3 4485 2827 12276 
3 9512 12277 7135 
3 9512 6082 12277 
3 10614 12278 9946 
3 10614 7213 12278 
3 10695 13337 1941 
3 6534 10807 12279 
3 11502 12280 2179 
3 5951 9408 12280 
3 9881 12281 7692 
3 9881 9903 12281 
3 3575 12282 5049 
3 2376 11083 15314 
3 6362 12283 2142 
3 7766 3015 12283 
3 14990 12284 9871 
3 9033 8377 12284 
3 13275 12285 12394 
3 8483 314 15373 
3 4455 12286 6429 
3 4455 1765 12286 
3 5125 12287 7733 
3 11804 4007 12287 
3 11111 14199 7099 
3 9981 2367 12288 
3 15744 12289 2228 
3 12274 15567 12289 
3 5624 12290 1869 
3 15262 3344 4630 
3 14632 9313 15841 
3 8041 9385 12291 
3 11678 12292 3516 
3 11678 5703 12292 
3 12266 12293 2828 
3 12047 6834 12293 
3 11308 12294 14531 
3 15444 2363 6933 
3 6061 12295 12228 
3 7543 10164 12295 
3 2156 12296 11564 
3 13371 8224 12296 
3 12834 12297 9928 
3 6998 13430 12297 
3 16385 15903 8494 
3 10188 2211 12298 
3 11314 16412 2820 
3 16593 13550 16276 
3 5719 12300 1602 
3 5719 3201 12300 
3 2772 12301 4600 
3 3308 10271 12301 
3 4175 15328 10009 
3 16254 7421 3868 
3 14267 12303 10612 
3 10092 3863 12303 
3 6917 12304 2817 
3 6917 4302 14899 
3 11580 12305 11953 
3 11580 8820 12305 
3 16257 12306 1656 
3 14822 13533 3574 
3 12532 12307 4578 
3 5512 14520 12307 
3 13436 14793 11211 
3 14793 2811 12308 
3 16584 12309 3587 
3 4915 3536 12309 
3 10839 12310 8680 
3 9070 11634 12310 
3 14642 12311 12673 
3 5366 8538 12311 
3 10426 12312 7936 
3 10426 6590 12312 
3 7098 13947 2046 
3 13947 8164 12313 
3 8515 12314 2922 
3 16502 11987 12314 
3 7126 12315 6583 
3 6651 7090 12315 
3 6081 13604 10007 
3 16417 11762 12316 
3 6439 12317 14356 
3 6439 8083 13239 
3 3740 12318 3919 
3 10409 11957 12318 
3 4663 12319 4902 
3 4906 10908 12319 
3 9200 12320 7372 
3 9200 12257 12320 
3 9689 12321 13272 
3 2569 2906 12321 
3 14854 12322 14427 
3 14854 788 7618 
3 15615 12323 7874 
3 2162 13384 15390 
3 14423 14644 15951 
3 4499 9442 15224 
3 16470 12325 10568 
3 2134 8641 12325 
3 14489 12326 4372 
3 5827 12908 12326 
3 4576 12327 3839 
3 8187 16013 12327 
3 1961 12328 5867 
3 15306 5412 7061 
3 2349 12329 2137 
3 15659 8780 4922 
3 8299 12330 2643 
3 9552 15318 12330 
3 4785 12331 14259 
3 12688 8322 10407 
3 12653 12332 5068 
3 3465 11665 12332 
3 5956 14815 1785 
3 6357 7848 12333 
3 14812 14513 12334 
3 13418 9918 7015 
3 15386 12335 7965 
3 11955 11160 12335 
3 5863 16267 10699 
3 5900 5098 12336 
3 13415 4033 15890 
3 3586 14611 12337 
3 6399 12338 8623 
3 6399 2345 12338 
3 9916 12339 4204 
3 9916 10876 13379 
3 6363 13294 12137 
3 6702 5418 12340 
3 7666 12341 3119 
3 7000 4403 16265 
3 6304 12342 7290 
3 6304 11242 12342 
3 12249 12343 3996 
3 5503 2871 12343 
3 16446 16469 12344 
3 11327 2453 12344 
3 16281 12345 5279 
3 2331 12046 12345 
3 11276 12346 6033 
3 11276 10906 12346 
3 16212 12347 1889 
3 15830 7767 3419 
3 10163 12348 4317 
3 10163 10372 12348 
3 5580 12349 6706 
3 11686 9564 12349 
3 9840 12350 10817 
3 14806 10988 7356 
3 9868 12351 4579 
3 14109 2202 13224 
3 11608 14663 1879 
3 14663 8384 2755 
3 3336 12353 2580 
3 9691 5188 12353 
3 4978 12354 9611 
3 15969 10475 5056 
3 9418 12355 11291 
3 11306 3934 12355 
3 4384 12356 8117 
3 5970 6247 12787 
3 11290 12357 11545 
3 11290 7505 14037 
3 5907 12358 6506 
3 2582 8004 12358 
3 6943 12359 9986 
3 11175 8399 12359 
3 10304 12360 8127 
3 10304 6617 12360 
3 15963 12361 4056 
3 5831 7535 12361 
3 12858 15378 2187 
3 13734 7123 5682 
3 6512 12363 9223 
3 14092 13961 7023 
3 11604 12712 6911 
3 12364 16327 13972 
3 6262 12365 8350 
3 16596 10848 11196 
3 2184 12366 15564 
3 4200 15955 12366 
3 1568 12367 1569 
3 13772 10468 13311 
3 5299 12368 8945 
3 10050 1665 12368 
3 12200 12369 8553 
3 12200 1636 12369 
3 11774 12370 8903 
3 10452 12972 12370 
3 15385 12371 3961 
3 4065 2855 12371 
3 5086 12372 4960 
3 8436 16001 12372 
3 12929 12373 12471 
3 9258 11068 12373 
3 16011 12374 2031 
3 11238 11966 12374 
3 5446 12375 3781 
3 13033 2170 14385 
3 8059 15721 10094 
3 14136 11336 7071 
3 5972 12377 9236 
3 2409 7996 12377 
3 4117 12378 3568 
3 5031 4247 12378 
3 16012 12379 2312 
3 4039 4216 12379 
3 14939 12380 13493 
3 3429 7218 12380 
3 14499 12381 10018 
3 8690 3434 12381 
3 2673 13351 11762 
3 11519 15069 12382 
3 14985 12383 9397 
3 5315 12132 12383 
3 9227 12384 11614 
3 7941 10792 12384 
3 6813 15804 3524 
3 15804 15256 12385 
3 15037 12386 2941 
3 15429 13889 12386 
3 3767 12387 3123 
3 3767 3480 12387 
3 5789 14500 6302 
3 14500 11886 13064 
3 8616 12389 2441 
3 9643 8064 12389 
3 10366 15661 7601 
3 4805 3579 12390 
3 5415 12391 8829 
3 13790 3410 8915 
3 625 15420 624 
3 14327 12889 3770 
3 11297 12393 6367 
3 9330 7976 12393 
3 3476 12394 8868 
3 12285 15373 12394 
3 13216 12395 9951 
3 4025 3714 13368 
3 5988 12396 2620 
3 5988 11515 12396 
3 9396 12397 4236 
3 3020 4689 12397 
3 3552 12398 4686 
3 14706 2983 10969 
3 5864 12399 10430 
3 5864 8200 12399 
3 13180 12400 10724 
3 5891 7665 12400 
3 10326 12401 4859 
3 2460 9679 12401 
3 14764 12402 8308 
3 7061 1882 12402 
3 6879 12403 4710 
3 6879 8628 12403 
3 6699 12404 10044 
3 6699 5362 12404 
3 3651 12405 5686 
3 7018 13941 14693 
3 2472 12406 2873 
3 7622 8968 12406 
3 4729 12407 8468 
3 15304 2164 9281 
3 15876 12408 4174 
3 15876 5590 12408 
3 5586 12409 10311 
3 2122 7498 12409 
3 3832 12410 10750 
3 16122 5619 11618 
3 15238 12411 3212 
3 3819 12730 12411 
3 7228 12412 9292 
3 14098 3253 6153 
3 563 12413 9491 
3 564 565 13653 
3 10205 12414 5612 
3 5668 9726 13110 
3 3168 12415 3620 
3 9582 2412 12415 
3 2727 15116 4639 
3 4720 1957 12416 
3 4426 12417 10084 
3 4426 9228 12417 
3 14387 12418 8392 
3 15442 4957 12418 
3 8856 12419 11600 
3 13863 1735 12735 
3 2319 12420 2587 
3 1870 5819 16546 
3 15281 12421 3696 
3 5762 3550 12421 
3 282 12422 281 
3 10775 14287 15534 
3 3256 12423 10186 
3 3836 5150 12423 
3 15326 12424 7007 
3 16350 4112 12577 
3 2446 12425 13564 
3 2446 8678 12425 
3 4074 12426 9107 
3 4074 8082 12426 
3 11079 12427 4844 
3 11079 7682 12427 
3 5773 12428 9420 
3 5773 9203 12428 
3 15996 12429 12247 
3 5333 6481 12429 
3 10954 12430 1618 
3 5261 8657 12430 
3 10788 12431 10126 
3 10788 6268 12431 
3 12598 13367 8635 
3 7815 3033 12432 
3 5830 12433 4867 
3 13744 8198 7450 
3 11596 12434 5081 
3 11596 4672 12434 
3 16334 12435 14524 
3 8112 12802 14524 
3 7620 12436 3583 
3 8276 8646 12436 
3 7077 13142 8343 
3 8343 13142 12437 
3 122 14153 121 
3 3891 10875 12438 
3 5221 12439 11400 
3 1928 6354 12439 
3 9481 12440 10841 
3 16308 238 239 
3 3461 12441 8374 
3 3461 8567 12441 
3 4414 14166 10360 
3 12289 15567 12442 
3 4894 12443 8086 
3 4894 16313 12443 
3 10610 12444 7297 
3 10610 5483 12444 
3 5869 12445 1800 
3 5869 14502 12445 
3 3084 12446 3703 
3 3084 11143 12446 
3 8577 14294 6993 
3 12809 9607 10571 
3 11805 12448 8492 
3 11805 15831 12448 
3 14652 12449 6972 
3 7188 3026 12449 
3 9935 12450 7702 
3 2578 12248 12450 
3 13989 12451 4604 
3 8588 5906 12451 
3 2504 12452 7009 
3 2504 3443 13140 
3 8682 12453 6087 
3 8682 12488 12453 
3 1913 12454 2978 
3 9364 6919 12454 
3 7324 12455 9332 
3 7706 8328 12455 
3 13034 12759 12456 
3 10416 9982 12539 
3 12044 12457 7080 
3 12044 4954 12457 
3 5629 12458 8168 
3 5629 9072 14469 
3 15554 12459 11000 
3 15554 2266 12459 
3 8522 13503 1880 
3 13503 11581 12460 
3 5310 12461 5404 
3 5310 9460 12461 
3 4022 12462 4561 
3 4022 13295 12462 
3 11716 12463 10061 
3 11072 2489 15919 
3 10708 12464 3944 
3 10349 14077 15001 
3 7790 14246 8548 
3 14246 2151 12465 
3 10015 12466 4348 
3 6540 8177 12466 
3 1281 12467 1282 
3 2333 5980 12467 
3 8245 12468 12798 
3 8245 1791 12468 
3 14110 12469 5106 
3 3198 5184 12469 
3 8005 12470 3622 
3 11246 15310 15750 
3 4732 12471 12373 
3 15596 5017 321 
3 12952 12472 13756 
3 6171 7381 13133 
3 14008 12473 14644 
3 6307 11275 12473 
3 11474 12474 3646 
3 4700 4820 12474 
3 15742 12475 1610 
3 4015 8229 12475 
3 4239 12476 2835 
3 9009 1739 12476 
3 7706 14206 8328 
3 7706 4884 14206 
3 6125 12478 7569 
3 10956 11071 12563 
3 9988 13010 8461 
3 11086 9298 12479 
3 14481 14802 3821 
3 5045 10249 12480 
3 2616 12481 7120 
3 2616 5497 12481 
3 9395 12482 6206 
3 16172 13056 13370 
3 2947 12483 11973 
3 2947 11847 13622 
3 13985 14796 11178 
3 12113 2223 12484 
3 11704 12485 6253 
3 7764 10388 12485 
3 15838 12486 10107 
3 4122 5338 12486 
3 3603 12487 13335 
3 9028 9424 12487 
3 11537 12488 8682 
3 12730 14516 12488 
3 4872 12489 9097 
3 7188 12449 14652 
3 7167 12490 6542 
3 7167 13857 12490 
3 14336 12491 4105 
3 16467 3422 12491 
3 11403 12492 8977 
3 9961 6681 13092 
3 4071 12493 6897 
3 10939 14292 12493 
3 14404 12494 590 
3 9213 10582 12494 
3 11849 12495 5086 
3 8436 12372 12495 
3 1665 12496 5868 
3 1665 2743 12496 
3 7012 12497 3497 
3 10844 7724 12497 
3 5354 12498 7351 
3 5354 10257 12498 
3 14877 12499 2915 
3 4748 2915 12499 
3 3282 13718 3154 
3 13718 15612 5512 
3 5250 12501 9066 
3 4935 4978 12501 
3 10511 13817 10502 
3 13817 9158 2440 
3 4123 14841 16547 
3 2089 2490 12503 
3 10653 12504 6306 
3 14716 15865 10907 
3 10783 12505 9141 
3 10783 15653 12505 
3 13487 12506 11759 
3 3959 5715 12506 
3 404 13603 403 
3 3776 396 12507 
3 1723 12508 13398 
3 1723 13274 12508 
3 15445 12509 9539 
3 7038 9208 12509 
3 11854 12510 5062 
3 11371 5814 12510 
3 5962 12511 4459 
3 5962 12434 13746 
3 4860 12512 4432 
3 9101 5627 12512 
3 11510 12513 16275 
3 5329 3730 12513 
3 10654 12514 7261 
3 9176 7417 12514 
3 4268 12515 8729 
3 9421 5892 12515 
3 2029 14042 8131 
3 14042 7847 12516 
3 13444 12646 12517 
3 5800 3928 12790 
3 7240 12518 7455 
3 7240 2965 12518 
3 5451 12519 118 
3 5451 10875 12519 
3 14695 12520 8528 
3 4287 2303 12608 
3 11885 12521 10035 
3 8043 5729 12521 
3 8850 12522 5012 
3 8850 13960 12522 
3 6180 12523 3367 
3 6180 13753 12523 
3 16496 12524 10407 
3 12688 2629 8322 
3 9846 12525 2296 
3 4703 5716 12525 
3 4277 16289 2934 
3 4277 5334 16289 
3 6574 12527 13816 
3 6574 8877 12527 
3 1026 12528 1025 
3 9844 13746 12528 
3 3634 12529 2729 
3 3634 12890 12529 
3 14528 12530 11950 
3 15637 3791 9204 
3 10022 12204 13032 
3 12204 2399 12531 
3 8821 14916 1963 
3 10053 16449 12532 
3 331 12533 4857 
3 332 333 12533 
3 6466 12534 6051 
3 11778 4519 12534 
3 12015 14920 3435 
3 9742 12823 12991 
3 2103 12536 7923 
3 2677 11807 12536 
3 5864 12537 8200 
3 5864 8489 12537 
3 7347 12538 7166 
3 9045 10289 14622 
3 10416 12539 15106 
3 9982 6468 12539 
3 1938 12540 7157 
3 5411 3857 12540 
3 11693 12541 10089 
3 11693 7026 12541 
3 2327 12542 2867 
3 5823 6992 12542 
3 16110 12543 15374 
3 2383 3195 15189 
3 7916 12544 6283 
3 9046 10630 16439 
3 14726 15795 4238 
3 6392 13726 14595 
3 9895 13467 8832 
3 13467 1705 7154 
3 7723 12547 7859 
3 6880 13168 12547 
3 6403 12548 3797 
3 6403 8543 12548 
3 7140 15906 8466 
3 9490 3281 15636 
3 9771 12550 2515 
3 6316 12266 12550 
3 3927 14221 7534 
3 14221 6135 6130 
3 10439 12552 9556 
3 10439 11239 12552 
3 11515 12553 5870 
3 4674 9798 14175 
3 14582 12554 6545 
3 14243 12344 13526 
3 14452 14177 12555 
3 14177 3414 13632 
3 12388 12556 10712 
3 14500 5789 11886 
3 14708 12557 8119 
3 3438 9142 12557 
3 2429 12558 7931 
3 10517 2923 12860 
3 301 12559 300 
3 6981 11278 12559 
3 11712 13208 12222 
3 9518 6460 12560 
3 9716 12561 12435 
3 9716 5535 12561 
3 9977 12702 1957 
3 4888 6278 12562 
3 10956 12563 12478 
3 11071 5339 12563 
3 9387 12564 7922 
3 8522 1880 12564 
3 1158 12565 1157 
3 1158 1159 12565 
3 6224 12566 2197 
3 6876 3383 12566 
3 14182 12567 5446 
3 10718 10898 12567 
3 318 12568 317 
3 14285 15373 315 
3 9050 12569 7398 
3 9050 11935 12569 
3 13121 12570 6904 
3 9793 11129 12570 
3 10759 12571 7946 
3 7352 8441 12571 
3 16294 16314 9724 
3 15956 12306 3547 
3 3992 12573 7377 
3 16387 5095 11661 
3 14981 14705 12574 
3 14705 10525 9560 
3 2896 12575 5225 
3 2896 13731 12575 
3 8099 12576 2403 
3 9338 3121 12576 
3 12424 12577 2568 
3 12424 15326 16350 
3 12863 12578 10465 
3 3921 10821 12578 
3 12191 12579 3880 
3 12191 5336 12579 
3 1689 12580 8834 
3 1689 12391 12580 
3 7820 13729 4861 
3 13729 11185 2837 
3 1915 16056 6765 
3 15053 16056 14058 
3 15440 12583 10217 
3 6319 9204 12583 
3 15741 12584 3128 
3 2602 12843 12584 
3 14772 12585 9716 
3 8920 2073 12585 
3 10457 16256 11364 
3 7335 15627 12586 
3 3518 14259 2043 
3 12331 12524 12587 
3 13465 12588 7445 
3 16051 5508 13415 
3 5940 12589 11995 
3 10349 1968 12589 
3 5252 12590 8195 
3 7284 16375 12590 
3 10592 12591 2744 
3 3582 13769 13517 
3 14769 12592 4440 
3 9650 11179 12592 
3 5664 12593 3618 
3 5664 8773 12593 
3 9278 12636 6249 
3 5975 2803 12594 
3 11714 15512 10515 
3 16510 9692 14730 
3 13434 14837 5763 
3 10049 8455 16215 
3 2278 12597 1601 
3 7036 12232 12597 
3 8415 12598 8635 
3 11508 7815 13367 
3 11663 12599 3381 
3 4877 5859 12599 
3 2884 12600 4146 
3 2884 12240 14491 
3 2846 12601 5736 
3 2846 2657 14562 
3 6141 12602 5573 
3 6141 11852 12602 
3 6105 12603 15780 
3 6105 5564 12603 
3 11413 12604 6230 
3 7238 7718 12604 
3 9378 12605 4253 
3 9378 12300 12605 
3 4508 12606 3643 
3 4508 15618 12606 
3 16193 12607 11907 
3 10081 11572 12607 
3 4287 12608 12520 
3 2303 15036 12608 
3 6182 12609 11797 
3 9483 6439 12609 
3 6911 12610 11604 
3 6911 7596 12610 
3 13013 12611 6101 
3 9222 5364 12611 
3 3971 12612 4610 
3 3971 1691 12612 
3 4362 12613 4717 
3 4362 12681 12613 
3 11801 12614 5728 
3 11801 11327 16469 
3 2763 12615 1684 
3 6502 6800 12615 
3 8048 12616 5385 
3 6484 4972 12616 
3 6645 12617 2452 
3 11740 4445 12617 
3 746 12618 10156 
3 746 747 12618 
3 13394 12619 10091 
3 2293 9069 12619 
3 3985 12620 9256 
3 3985 8440 12620 
3 5029 12621 16344 
3 4848 7649 12621 
3 6433 12622 2938 
3 6433 2965 12622 
3 8101 13869 3436 
3 11888 10608 12623 
3 14115 12624 5613 
3 8219 16074 12624 
3 15400 14316 8937 
3 8937 12629 13466 
3 8075 12626 9952 
3 10109 5320 12626 
3 13375 12627 2042 
3 6901 6527 12627 
3 8669 12628 4212 
3 7136 10340 12628 
3 9784 12629 11140 
3 4259 13466 12629 
3 6528 12630 6997 
3 13085 2971 12630 
3 8927 12631 1673 
3 2448 6469 13988 
3 1933 12632 4647 
3 11313 9519 12632 
3 4471 12633 5830 
3 4471 13169 12633 
3 1717 12634 12037 
3 9209 5200 12634 
3 10566 12635 5198 
3 6939 6273 12635 
3 13567 15297 12594 
3 9278 11478 12636 
3 2416 12637 2127 
3 12924 8447 12856 
3 13446 12638 10462 
3 8582 2778 12638 
3 727 12639 9442 
3 1720 6442 12639 
3 12035 12640 5056 
3 8714 13544 12640 
3 9729 13454 13773 
3 11383 7298 12641 
3 14564 12642 8278 
3 14564 11994 12642 
3 13094 12643 3580 
3 6556 4077 13030 
3 6558 12644 2253 
3 6558 12101 14945 
3 4461 14011 3066 
3 14011 2033 12645 
3 10361 13444 12517 
3 15854 5244 4246 
3 14480 12647 9325 
3 8381 4199 12647 
3 11197 14200 11674 
3 13951 3196 2025 
3 3490 12649 3852 
3 3490 7072 12649 
3 2395 12650 6696 
3 7122 7052 12650 
3 3043 12651 3218 
3 3043 4434 12651 
3 9106 12652 6678 
3 9106 12263 12652 
3 14124 12653 5068 
3 1827 2886 16564 
3 16444 12654 9084 
3 5187 9084 12654 
3 13476 12655 16559 
3 5525 6558 12655 
3 9832 12656 2772 
3 16389 4520 12656 
3 8400 14609 8254 
3 14609 10870 15539 
3 8043 12658 5729 
3 8043 3692 13384 
3 6144 12659 2507 
3 14507 8196 13234 
3 9802 12660 5918 
3 2626 14034 12660 
3 2219 12661 10949 
3 13420 10098 12661 
3 8736 12662 7147 
3 14741 6525 10924 
3 5113 13838 6683 
3 7388 4976 14860 
3 10560 12664 1808 
3 6406 11939 14307 
3 2005 13285 8924 
3 8523 8787 12665 
3 13104 12666 2480 
3 12666 13642 5875 
3 10457 12667 11944 
3 10457 6513 12667 
3 15121 12668 10510 
3 15085 3638 9044 
3 2607 12669 11344 
3 2607 6179 12669 
3 16493 12670 3594 
3 16493 11954 12670 
3 7896 12671 13605 
3 7896 14846 12671 
3 15841 12672 6073 
3 15841 14616 12672 
3 10812 12673 12311 
3 10812 7818 12673 
3 3350 12674 11562 
3 3350 7132 12674 
3 23 12675 22 
3 23 24 12675 
3 9300 12676 6038 
3 2749 11553 12676 
3 5804 12677 6860 
3 13594 14395 8126 
3 13073 12678 13373 
3 7012 13694 12678 
3 14976 12679 6577 
3 12093 3250 12679 
3 14902 12680 5528 
3 9636 10080 12680 
3 16229 12681 10268 
3 4362 14871 12681 
3 7516 12682 4696 
3 7516 2933 12682 
3 13167 12683 1837 
3 13167 11070 12683 
3 3317 12684 7279 
3 8297 11507 12684 
3 12989 12685 6098 
3 3758 12326 14489 
3 14563 12686 5501 
3 1798 12120 14024 
3 4077 12687 2079 
3 4077 6556 12687 
3 12331 12688 12524 
3 12331 2629 12688 
3 8444 12689 11572 
3 4631 5745 12689 
3 8788 12690 10896 
3 8788 8254 12690 
3 3672 16272 9516 
3 5418 6737 12691 
3 10516 12692 11036 
3 586 587 12692 
3 3151 14743 6866 
3 11289 2056 12693 
3 1776 12694 3018 
3 16500 11852 6019 
3 4964 12695 5743 
3 4964 9422 12695 
3 15320 12696 517 
3 10054 14371 12696 
3 10110 12697 11256 
3 8279 5714 12697 
3 12008 12698 7190 
3 12008 10908 12698 
3 15538 12699 4912 
3 5253 6792 12699 
3 4597 15000 6507 
3 14081 4779 9558 
3 6546 12701 9576 
3 11843 15301 12701 
3 1957 12702 12562 
3 14578 12892 13107 
3 4588 12703 8069 
3 4588 7785 12703 
3 15256 12704 3696 
3 13980 11090 12704 
3 8595 16243 10405 
3 5158 3621 13306 
3 5126 12706 3197 
3 5126 7840 12706 
3 6621 12707 12260 
3 2582 5907 12707 
3 3312 12708 4693 
3 3312 7120 12908 
3 15610 12709 14189 
3 11957 10664 12709 
3 12000 12710 6806 
3 9203 5773 12710 
3 7849 13673 5630 
3 13673 5701 13572 
3 474 12712 473 
3 9974 12364 12712 
3 4590 12713 10587 
3 2315 6751 12713 
3 16141 12714 11999 
3 4294 10575 12714 
3 13539 12715 5268 
3 2525 9233 12715 
3 15307 12716 9273 
3 4581 7296 16039 
3 3244 12717 6407 
3 3966 14340 12717 
3 8262 12718 8578 
3 4822 10620 12718 
3 4202 12719 4996 
3 2146 6157 12719 
3 15628 12720 11960 
3 6963 15864 12720 
3 13507 12721 11110 
3 3356 2698 12721 
3 15416 12722 6326 
3 7795 10410 14900 
3 3486 12723 1622 
3 3486 10236 12723 
3 6570 13308 11789 
3 13625 11032 12724 
3 4918 12725 4767 
3 4918 6412 12725 
3 3020 9861 15695 
3 15695 9861 12726 
3 7995 12727 10579 
3 7995 11119 12727 
3 15568 12728 9706 
3 2101 1897 12728 
3 10290 12729 1711 
3 10290 11095 12729 
3 11537 12730 12488 
3 3819 9833 14516 
3 2104 12731 9862 
3 10437 13975 12731 
3 12141 12732 3277 
3 7990 6602 12732 
3 2189 13062 10991 
3 16514 3342 5251 
3 6852 12734 9809 
3 12706 9175 12734 
3 8195 12735 5252 
3 12419 13863 12735 
3 8907 12736 11959 
3 10773 15088 15613 
3 14564 12737 8465 
3 5151 9343 12737 
3 2515 14825 9771 
3 6754 10886 12738 
3 6324 13152 12128 
3 13152 3808 12739 
3 8954 14881 10598 
3 14337 8098 13706 
3 11416 12741 14791 
3 3297 2249 12741 
3 11326 12742 10122 
3 4766 7175 12742 
3 15740 12743 4681 
3 2501 2589 12743 
3 11744 12744 9766 
3 11744 14988 12744 
3 7829 12745 5353 
3 6221 8044 12745 
3 4275 12746 9975 
3 7164 11641 12746 
3 8680 12747 5152 
3 12310 11634 12747 
3 14051 12748 5368 
3 6490 9372 12748 
3 9688 14950 9025 
3 8647 12136 12749 
3 3943 13044 11718 
3 13044 13139 6406 
3 4788 12751 5201 
3 8204 5490 12751 
3 10889 12752 3347 
3 10889 6641 12752 
3 4514 12753 10082 
3 3527 6472 12753 
3 3294 12754 11470 
3 16147 5523 12830 
3 8467 12755 8815 
3 8467 7559 12755 
3 9613 12756 12215 
3 9823 7397 12756 
3 4328 12757 11258 
3 4328 5001 12757 
3 12851 12758 2199 
3 6561 5659 12758 
3 8053 12759 4433 
3 12004 10416 12759 
3 9653 13541 3661 
3 13093 11649 9380 
3 14314 12761 4036 
3 8856 10205 12761 
3 14524 13421 3784 
3 13421 13956 12762 
3 11090 12763 10801 
3 8862 8362 12763 
3 6364 12764 6589 
3 11015 8525 12764 
3 13681 11145 13820 
3 14760 7168 10937 
3 5800 12766 3928 
3 5800 12603 12766 
3 14164 12767 2844 
3 12410 6777 12767 
3 2783 15784 5085 
3 15784 15453 3134 
3 14700 12769 1032 
3 1030 1031 12769 
3 284 12770 283 
3 284 285 12770 
3 3543 16325 8334 
3 3130 11997 13534 
3 10044 12772 6699 
3 3408 10637 12772 
3 9937 14104 6819 
3 11201 5934 12773 
3 15867 12801 1650 
3 8627 13696 12774 
3 1828 12775 7667 
3 1828 5530 12775 
3 9007 12776 6688 
3 10307 14548 12776 
3 5630 12777 3446 
3 5630 11066 12777 
3 3903 12778 11768 
3 6087 12453 12778 
3 10435 12779 2440 
3 10435 16053 12779 
3 7290 12780 2511 
3 8672 9595 12780 
3 5259 12781 9922 
3 5259 5042 14641 
3 8080 15527 12879 
3 8360 904 12782 
3 13798 12783 3548 
3 170 171 12783 
3 4482 12784 7336 
3 4482 10723 14826 
3 3101 12785 10580 
3 3101 14154 12785 
3 3224 12786 6587 
3 8665 2288 12786 
3 2501 12787 7312 
3 12356 5970 12787 
3 15624 12788 16227 
3 3866 9071 12788 
3 3239 12789 4629 
3 7613 14591 12789 
3 13444 12790 15854 
3 3928 5244 12790 
3 9948 12791 6799 
3 9948 15042 12791 
3 2668 12792 2721 
3 6644 7979 12792 
3 11782 12793 15972 
3 10766 9161 12793 
3 7537 12794 14572 
3 8124 8661 12794 
3 8525 12795 6589 
3 8525 6242 12795 
3 5398 12796 2427 
3 14666 10899 1647 
3 7937 12797 10804 
3 7937 6616 12797 
3 10612 12798 12468 
3 10612 13213 12798 
3 16578 14568 12799 
3 14568 12232 12799 
3 5847 12800 4839 
3 16006 4252 12800 
3 12774 15867 1650 
3 4584 4414 14253 
3 15721 12802 5780 
3 14524 12435 8112 
3 16330 12803 6042 
3 15916 9670 10853 
3 3378 12804 9178 
3 6728 7845 13328 
3 6507 15000 12700 
3 14081 9558 12805 
3 12598 12806 11508 
3 12934 13997 12806 
3 9560 12807 12574 
3 9560 14927 12807 
3 7395 12808 1965 
3 14048 13068 1984 
3 14294 12809 12447 
3 11640 10485 12809 
3 6517 12810 15106 
3 6517 2786 12810 
3 11093 14134 7477 
3 11482 2279 12811 
3 13393 15243 4390 
3 5797 4966 12812 
3 6725 13588 11920 
3 1651 4158 12813 
3 16351 12814 8575 
3 11606 5027 12814 
3 9391 12815 8568 
3 1767 3967 12815 
3 10808 12816 8982 
3 4069 6898 12816 
3 5231 12817 114 
3 4741 6590 12817 
3 7167 12818 4831 
3 7167 2638 12818 
3 14131 12819 4472 
3 14131 14028 4230 
3 13597 12820 4225 
3 13597 15510 12820 
3 4452 12821 5695 
3 2342 2301 12821 
3 6932 12822 8417 
3 5144 8389 12822 
3 1072 12823 3089 
3 1073 1074 12823 
3 3477 12824 7887 
3 15463 7323 12824 
3 4725 12825 2799 
3 6763 15487 12825 
3 2644 12826 5622 
3 9889 12201 12826 
3 5669 12827 8752 
3 12035 5056 13323 
3 9263 12828 3670 
3 8977 12492 12828 
3 9433 12829 11904 
3 7969 14298 12829 
3 12754 12830 4591 
3 12754 16147 12830 
3 7245 13269 14286 
3 4023 11137 12831 
3 11855 15014 16069 
3 3636 7067 12832 
3 11390 12833 6843 
3 11390 10669 12833 
3 12297 12834 6998 
3 9928 3420 12834 
3 13293 12835 7908 
3 15397 11931 9607 
3 3353 12836 5229 
3 4164 7232 12836 
3 13218 12960 11437 
3 12960 7160 12837 
3 11599 12838 10343 
3 6001 8727 12838 
3 15163 12839 13196 
3 2605 10852 16067 
3 11386 12840 8379 
3 11386 9958 15257 
3 1716 12841 12195 
3 7222 9982 12841 
3 15229 12842 13414 
3 11566 4951 12842 
3 15298 12843 2130 
3 2602 3687 12843 
3 13571 12844 1818 
3 5832 16323 15098 
3 6359 12845 11021 
3 6359 6476 12845 
3 9430 12846 9875 
3 10719 3334 12846 
3 10176 12847 11418 
3 13891 8979 13976 
3 2051 14436 12407 
3 14436 2164 12848 
3 14904 12849 13832 
3 11772 8546 12849 
3 4740 12850 7588 
3 4740 7053 12850 
3 3992 12851 2199 
3 3992 7377 14787 
3 14293 12852 12591 
3 10899 2744 12852 
3 6945 12853 12247 
3 15423 2400 15139 
3 1133 12854 1132 
3 1133 1134 12854 
3 14653 12855 3209 
3 14685 8200 15691 
3 11933 14831 5967 
3 7119 9353 12856 
3 4575 12857 4481 
3 13893 7801 12857 
3 4865 12858 10262 
3 2187 2826 12858 
3 8343 12859 1621 
3 8357 9823 12859 
3 4632 12860 3371 
3 8366 6907 12860 
3 13884 12861 7753 
3 3467 6175 12861 
3 4150 12862 2559 
3 5610 9407 12862 
3 2751 12863 10465 
3 3968 3921 12863 
3 9091 12864 2874 
3 9091 6247 12864 
3 9847 12865 14872 
3 9847 4726 12865 
3 15910 12866 4662 
3 14543 3740 12866 
3 7476 12867 9396 
3 7432 1809 16201 
3 14277 12868 7413 
3 13608 10513 6708 
3 9098 12869 7997 
3 9098 4258 12869 
3 13399 12870 7252 
3 10014 2812 12870 
3 11158 12871 10034 
3 11158 3287 12871 
3 12098 16149 2399 
3 11829 3869 12872 
3 2391 12873 7777 
3 12966 11795 7777 
3 16422 12874 3905 
3 4298 9655 12874 
3 3668 13188 7689 
3 6398 6772 12875 
3 9597 12876 10717 
3 8370 4227 12876 
3 11234 12877 7894 
3 6869 11303 15203 
3 3781 12878 2991 
3 16162 3871 13327 
3 14332 15527 8080 
3 12782 905 12879 
3 13009 12880 1782 
3 3427 4888 13107 
3 12211 12881 2476 
3 13173 4910 9383 
3 2229 15407 3161 
3 13229 8717 4363 
3 15874 12883 5173 
3 7814 11935 12883 
3 15129 12884 9024 
3 3883 14062 12884 
3 3365 12885 3727 
3 8775 15234 12885 
3 15699 12886 7933 
3 4502 5718 12886 
3 11949 16120 7743 
3 16161 478 12887 
3 15137 12888 10646 
3 15137 13750 9686 
3 12145 14327 3770 
3 4788 3846 12889 
3 15609 12890 2433 
3 13061 12529 12890 
3 3301 12891 7696 
3 3301 2155 12891 
3 9438 12892 14578 
3 9438 11652 12892 
3 9248 12893 3899 
3 9248 4250 12893 
3 4152 12894 2360 
3 5155 3259 12894 
3 14473 12895 5905 
3 12452 13140 12895 
3 1672 12896 3006 
3 1672 10792 12896 
3 12966 12897 11795 
3 8766 7737 12897 
3 16329 12898 3096 
3 16329 5922 12898 
3 10374 12899 9028 
3 7414 7927 12899 
3 12200 12900 7313 
3 1914 11074 12900 
3 6319 12901 2758 
3 6319 16433 12901 
3 13620 12902 1848 
3 3921 2116 12902 
3 6598 12903 10047 
3 6598 4701 12903 
3 5778 12904 10603 
3 5778 9237 14765 
3 5941 12905 2079 
3 10245 13675 12905 
3 3185 15287 3563 
3 8171 2791 12906 
3 1571 12907 1572 
3 1571 1570 12907 
3 12708 12908 5827 
3 12708 3312 12908 
3 12962 12909 5404 
3 15683 14096 14254 
3 11506 12910 9014 
3 11506 7481 12910 
3 10905 13161 16278 
3 10953 10694 12911 
3 4230 12912 12819 
3 10789 4618 12912 
3 8269 12913 4309 
3 11880 11078 12913 
3 14025 12914 760 
3 14025 6697 12914 
3 1037 12915 10984 
3 1038 1039 12915 
3 2023 12916 9317 
3 3355 11830 12916 
3 4102 12917 4956 
3 15341 7885 15627 
3 3343 12918 3832 
3 3343 3040 12918 
3 16582 12919 11614 
3 16582 14318 12919 
3 10957 13498 2392 
3 7862 5455 12920 
3 7995 12921 5549 
3 12921 15273 13886 
3 13532 12922 3650 
3 5120 6661 12922 
3 6229 12923 4156 
3 1845 2352 16411 
3 2416 13383 12637 
3 13383 2440 2944 
3 5057 12925 2208 
3 5057 2287 13413 
3 3275 12926 373 
3 3275 372 12926 
3 9602 12927 8563 
3 9602 2007 12927 
3 4972 12928 9975 
3 5454 4275 12928 
3 3448 12929 10391 
3 4793 9258 12929 
3 10405 12930 7433 
3 13306 3621 12930 
3 1444 12931 1445 
3 11961 12197 12931 
3 3504 12932 4702 
3 3504 7207 15697 
3 10477 12933 4641 
3 3155 4783 12933 
3 13997 12934 6642 
3 12806 12598 12934 
3 11989 12935 5228 
3 11681 2935 12935 
3 3927 12936 8822 
3 3927 7534 12936 
3 6960 12992 4446 
3 12854 12074 12937 
3 11288 12938 15980 
3 2428 6594 12938 
3 6195 12939 3262 
3 6195 2159 12939 
3 8757 12940 11569 
3 15950 1689 15213 
3 211 14569 8497 
3 14569 14433 12941 
3 9342 12942 11223 
3 9342 2521 15070 
3 7591 12943 14039 
3 7591 4911 12943 
3 8060 12944 5937 
3 3710 6997 12944 
3 5879 12945 11492 
3 5879 3357 12945 
3 15785 8716 12946 
3 8716 15355 12946 
3 8074 12947 5547 
3 11095 11870 12947 
3 15219 12948 10285 
3 8253 7903 12948 
3 12846 12949 5537 
3 3334 5582 12949 
3 16165 12950 11525 
3 10180 14729 12950 
3 13832 12951 10677 
3 6449 11555 12951 
3 7717 12952 4118 
3 7168 7819 12952 
3 16326 12953 11115 
3 5215 7690 14089 
3 10474 12954 8192 
3 6050 6259 13810 
3 9489 12955 7805 
3 9489 5428 12955 
3 6904 12956 6242 
3 6904 12570 12956 
3 5396 12957 12129 
3 5396 10114 12957 
3 14465 12958 7161 
3 8741 9911 12958 
3 2527 12959 8456 
3 6378 13736 12959 
3 7160 12960 4500 
3 12837 11437 12960 
3 5759 11959 14906 
3 11959 4933 12961 
3 5290 12962 10783 
3 15484 5103 12909 
3 567 12963 11323 
3 568 569 12963 
3 5277 12964 11224 
3 15388 7211 13661 
3 3643 12965 2207 
3 4292 7620 16501 
3 10020 12966 12873 
3 10020 5526 12966 
3 11776 12967 9688 
3 11776 4276 12967 
3 13911 15356 9000 
3 14061 7317 12968 
3 13669 12969 3038 
3 13607 4177 5047 
3 14268 12970 15230 
3 11096 11713 12970 
3 8389 12971 6701 
3 13329 8106 16401 
3 7089 16364 10452 
3 9155 3325 12972 
3 11654 12973 11686 
3 11243 15881 12973 
3 10218 12974 1756 
3 10218 8881 12974 
3 10746 12975 5785 
3 1970 6989 14473 
3 4806 12976 3064 
3 15060 2429 13628 
3 15722 12977 10734 
3 3874 2996 12977 
3 2422 12978 2243 
3 2422 6128 12978 
3 11197 12979 11463 
3 11674 16588 12979 
3 15073 12980 2366 
3 5275 8393 12980 
3 10572 12981 3611 
3 4308 9915 15348 
3 1863 12982 11466 
3 1863 15135 12982 
3 3331 12983 11306 
3 6130 3934 12983 
3 5391 12984 14134 
3 5177 8301 12984 
3 13640 12985 3535 
3 14108 12177 3566 
3 6833 12986 6649 
3 15188 6591 12986 
3 1853 12987 11195 
3 1853 4948 16189 
3 12647 12988 4278 
3 15502 12080 10549 
3 8410 12989 10985 
3 8644 3758 12989 
3 14400 12990 9922 
3 8755 5259 12990 
3 1074 15625 12823 
3 1076 1077 12991 
3 4446 12992 12937 
3 6960 1127 12992 
3 14125 12993 10802 
3 1809 7432 12993 
3 1788 12994 14322 
3 1788 3158 16050 
3 8359 12995 4140 
3 8359 10425 12995 
3 5488 12996 12845 
3 12651 4434 12996 
3 16587 12997 9292 
3 11277 9097 12997 
3 12191 12998 5336 
3 12191 2697 12998 
3 8827 12999 9455 
3 8141 12185 12999 
3 7218 13000 10253 
3 7218 3429 13000 
3 3234 13001 11084 
3 2888 12269 13001 
3 11763 13002 8218 
3 6573 6656 13002 
3 11521 13003 1688 
3 11521 2397 13003 
3 2954 13004 6025 
3 2954 2974 13004 
3 10585 13005 4542 
3 7947 16033 13005 
3 7005 15278 11355 
3 5258 7148 13006 
3 7980 13007 4472 
3 7980 11586 13007 
3 1246 13008 1247 
3 1246 1245 13008 
3 6174 13009 1782 
3 6174 6067 16597 
3 14978 13010 9988 
3 14978 1623 4402 
3 9900 13011 11919 
3 9900 5726 13011 
3 7078 13012 9321 
3 7078 5481 13012 
3 15470 13013 2366 
3 9222 12611 13013 
3 11884 13014 1953 
3 16328 9022 12236 
3 13830 14992 3319 
3 14992 7735 13665 
3 7244 13016 7299 
3 7244 2439 13016 
3 6859 13017 4383 
3 11530 11788 13017 
3 4027 13018 13917 
3 4027 16581 13018 
3 14439 13019 9088 
3 2028 2173 13019 
3 3501 16398 9271 
3 10829 10268 15430 
3 1793 13021 5760 
3 4032 9764 13021 
3 2512 13022 7128 
3 3101 7216 13022 
3 11035 13023 2627 
3 2144 4531 13023 
3 4178 13024 5426 
3 9609 12094 13024 
3 6362 14693 12231 
3 12014 3124 13883 
3 1868 13026 10281 
3 10699 14892 13026 
3 7970 13027 9245 
3 14106 6133 5144 
3 827 13028 826 
3 2773 10148 13028 
3 3029 13677 11282 
3 11266 13953 13029 
3 6556 13030 12643 
3 4077 5280 13030 
3 4229 13031 7574 
3 11131 6599 13031 
3 10022 13032 13804 
3 12531 9360 13032 
3 5446 13250 12375 
3 2170 13273 14385 
3 4433 13034 6393 
3 4433 12759 13034 
3 7191 13035 13314 
3 7191 5035 13035 
3 13579 15192 3540 
3 13924 13000 13036 
3 2587 13037 10330 
3 16546 10873 15844 
3 13994 13038 7274 
3 3505 10804 13038 
3 15311 13039 8985 
3 6092 11080 13039 
3 6526 15706 11937 
3 5012 12522 13040 
3 7875 13041 2122 
3 7875 5391 13041 
3 2657 13042 6269 
3 2657 12982 13042 
3 9464 13043 7366 
3 11878 8449 13043 
3 8184 13044 6317 
3 8184 2227 13139 
3 15801 13045 6685 
3 6266 7174 13780 
3 9115 13046 2263 
3 9115 11410 15651 
3 6806 13047 2289 
3 15545 5545 2551 
3 4536 13048 11520 
3 10184 8574 13048 
3 14171 13049 7621 
3 13965 8709 13152 
3 3570 13050 9284 
3 3570 2315 13050 
3 15452 13051 11174 
3 4158 1651 13051 
3 7179 13052 11766 
3 10215 15979 13052 
3 14155 13053 11347 
3 15764 3045 12128 
3 11149 13054 12181 
3 4774 3310 13054 
3 7005 15745 10302 
3 14274 2230 2102 
3 16405 13056 9395 
3 10352 13370 13056 
3 14938 13057 7684 
3 9349 3186 13057 
3 13036 13058 2749 
3 13036 11934 13058 
3 6750 13059 3737 
3 2026 10325 13059 
3 6817 13060 6129 
3 6817 12804 13060 
3 8792 13061 5552 
3 5724 12529 13061 
3 12733 13062 11715 
3 16068 11248 14141 
3 6325 14540 5219 
3 2764 15860 13063 
3 12388 14500 12556 
3 11886 8970 13064 
3 12855 13065 5916 
3 15691 8200 12537 
3 8965 6036 14203 
3 2092 12120 13066 
3 3619 13067 7074 
3 13324 8946 6720 
3 11380 13068 9885 
3 11380 2860 13068 
3 12806 13069 11508 
3 12806 1608 13069 
3 3559 13070 4532 
3 15450 1934 14086 
3 15203 13071 6869 
3 9710 4900 13071 
3 3276 13072 6738 
3 14461 8171 13626 
3 7724 13073 10532 
3 7724 10844 13073 
3 3444 13074 8339 
3 3444 5680 13074 
3 8 13075 7 
3 8 9 13075 
3 14816 13076 11222 
3 16236 6934 16104 
3 10667 13077 8997 
3 13110 9726 9625 
3 15624 14606 15015 
3 1670 9256 13078 
3 4465 13079 2277 
3 4465 9374 13079 
3 15789 13080 9303 
3 9399 9303 13080 
3 10394 13081 6073 
3 10394 7578 13081 
3 6033 13082 2961 
3 12346 8532 13082 
3 2261 13083 11016 
3 2261 11834 13083 
3 10904 13084 4377 
3 14880 15055 6371 
3 3812 13085 12630 
3 3812 12297 13430 
3 7623 13086 10210 
3 10827 10284 13086 
3 14968 13087 7006 
3 5716 4703 13087 
3 6143 16228 6734 
3 16228 9749 9965 
3 5821 13089 6131 
3 10168 14219 13089 
3 2353 13090 2795 
3 14347 5798 6744 
3 7878 13091 4031 
3 7140 9117 13091 
3 12492 13092 2310 
3 12492 9961 13092 
3 13541 13093 12760 
3 10203 11649 13093 
3 15979 13094 8856 
3 6556 12643 13094 
3 5433 13095 5483 
3 5690 2678 13095 
3 2959 13096 8742 
3 13740 6664 10686 
3 3684 13097 8284 
3 2129 7521 13097 
3 6448 13098 3251 
3 6448 9234 13098 
3 8292 13316 4971 
3 8565 7722 13099 
3 7460 13100 2434 
3 7460 6379 13100 
3 10036 13101 6951 
3 10036 4587 13101 
3 10339 13102 1915 
3 10339 6952 13102 
3 7913 13103 7808 
3 8725 859 14654 
3 13151 13104 2480 
3 4429 3624 13642 
3 7070 13105 11583 
3 2894 12166 13105 
3 5890 13106 11537 
3 5890 14534 13106 
3 12702 13107 4888 
3 11652 16255 13107 
3 2775 13108 3042 
3 12010 9757 13108 
3 5382 13109 10569 
3 5382 12034 13109 
3 10667 13110 13077 
3 10667 12414 13110 
3 5274 13111 5093 
3 5274 14653 13111 
3 10547 13364 2096 
3 13364 8242 12276 
3 4411 13113 10586 
3 16299 9527 10729 
3 10312 13114 5127 
3 2883 5659 13114 
3 13225 13115 12252 
3 8280 3193 13115 
3 352 13116 351 
3 352 353 13116 
3 7162 15802 4621 
3 15802 4905 13117 
3 602 13118 601 
3 602 2514 13118 
3 12071 13119 4781 
3 12071 12265 13119 
3 4907 13120 8782 
3 10382 6467 13120 
3 9793 13121 11521 
3 6904 6242 13121 
3 12771 13122 8334 
3 12771 13534 14411 
3 8017 15459 16485 
3 5237 6797 13123 
3 3872 13124 10460 
3 7778 10482 13124 
3 15847 13125 2759 
3 3446 2545 13125 
3 2231 13126 12267 
3 2231 5991 13896 
3 10314 13127 1883 
3 5402 6871 13127 
3 15143 13128 10759 
3 4153 1878 13128 
3 3972 13129 9432 
3 3972 11554 13129 
3 7700 13130 3391 
3 2212 11270 13130 
3 10065 13131 16190 
3 10065 9667 13131 
3 7822 13132 9696 
3 4261 4320 13132 
3 16414 13133 9159 
3 12472 6171 13133 
3 6411 14882 5538 
3 6979 9082 16331 
3 4845 13135 10434 
3 4845 7603 13135 
3 15248 13136 11299 
3 6386 15260 13136 
3 15994 13137 11528 
3 5235 9389 13137 
3 9523 13201 7410 
3 4313 12160 13138 
3 8184 13139 13044 
3 2227 8320 13139 
3 2504 13140 12452 
3 9341 16509 13140 
3 13230 13141 7454 
3 16571 7146 12220 
3 12437 13142 6071 
3 7077 8854 14329 
3 3367 15593 9402 
3 15593 11511 13143 
3 8368 13144 2239 
3 8368 2237 13144 
3 5442 13145 12212 
3 8100 1660 13145 
3 10933 13146 6531 
3 15796 14258 2823 
3 6129 13147 6817 
3 7842 5852 13147 
3 2086 13148 12298 
3 12195 2557 13148 
3 9486 13149 2338 
3 9486 2985 13149 
3 11310 13150 3402 
3 11725 6065 14887 
3 12139 13151 2480 
3 6145 4429 13151 
3 5988 13152 8709 
3 12739 12128 13152 
3 11259 14551 6847 
3 6049 4498 13153 
3 10273 13154 10800 
3 5249 14377 13154 
3 4711 13155 5909 
3 4711 10747 13155 
3 3601 13156 11012 
3 14107 3066 13156 
3 2651 13157 1951 
3 16021 12255 1615 
3 7707 13158 9962 
3 7707 16466 13158 
3 15503 13159 2485 
3 7416 2962 13159 
3 3119 13160 7141 
3 3119 3396 13160 
3 13693 13161 4665 
3 16278 7182 10905 
3 5773 13162 13047 
3 5773 12209 13162 
3 13791 13163 13735 
3 6130 6441 13163 
3 6872 13164 572 
3 6872 7441 14497 
3 8155 13520 11366 
3 7508 3913 13165 
3 4714 13166 8498 
3 4714 873 13166 
3 11070 13167 3997 
3 1837 15830 13167 
3 4922 13168 10932 
3 4922 8780 13168 
3 6968 15029 4471 
3 11800 6746 13169 
3 3404 13488 8347 
3 6453 7935 13170 
3 3795 13171 2908 
3 3795 7141 13171 
3 5791 13172 5353 
3 5791 4488 13172 
3 2619 13173 12881 
3 2619 8093 13173 
3 14655 13174 11784 
3 1459 1458 13174 
3 9254 13175 4728 
3 5135 4027 13175 
3 11960 13176 8789 
3 6796 13273 13176 
3 4237 16196 11378 
3 6109 15998 13177 
3 13046 13178 7540 
3 15651 3167 6386 
3 14605 13179 4879 
3 14605 4457 13179 
3 5891 13180 10252 
3 5891 12400 13180 
3 13680 13181 10784 
3 6454 8999 15464 
3 9290 13182 3948 
3 2548 8919 13182 
3 4157 13183 8317 
3 11148 12216 13183 
3 11965 13184 2052 
3 6538 8711 13184 
3 3137 13185 2172 
3 7919 5933 13185 
3 8667 13186 8323 
3 1885 6478 13186 
3 14835 14565 11607 
3 15594 5983 13187 
3 12875 13188 4927 
3 14619 8027 13188 
3 10001 13189 11481 
3 6320 4394 13189 
3 9199 13190 14470 
3 10777 5726 13190 
3 13881 13191 11286 
3 176 177 13191 
3 2293 13192 9069 
3 5119 12055 13192 
3 2474 13193 4846 
3 6415 11774 13193 
3 10012 14210 2284 
3 8133 2722 16238 
3 2670 13195 6423 
3 8536 8630 13195 
3 9834 13196 12839 
3 8492 12448 16128 
3 8052 13197 5641 
3 14731 15458 15571 
3 11666 13198 5923 
3 11666 6052 13198 
3 13205 13199 8463 
3 5373 4873 13199 
3 9415 13353 5621 
3 7548 15638 13200 
3 1902 13201 7909 
3 6254 3103 16458 
3 15778 13202 3254 
3 7584 8417 13202 
3 465 15488 464 
3 3762 15301 13203 
3 1259 13204 2572 
3 1256 1255 13204 
3 7613 13205 2264 
3 13722 10411 13199 
3 14875 13206 9631 
3 7265 3102 13206 
3 2818 13207 11524 
3 2818 9174 14985 
3 9617 13208 4331 
3 9617 9518 13208 
3 9468 13209 11422 
3 5561 9181 13209 
3 5981 13210 3176 
3 13074 10569 13210 
3 15605 7479 15823 
3 7479 4065 13211 
3 4815 13212 5583 
3 4815 8481 13212 
3 3908 13213 10612 
3 11785 5683 13213 
3 4162 13214 10328 
3 8653 3792 13214 
3 4684 13215 10011 
3 4684 14458 13215 
3 5595 13216 6746 
3 4025 12395 13216 
3 14483 13217 3773 
3 7948 5246 13217 
3 4354 13218 11437 
3 4021 11917 13218 
3 9047 13513 14132 
3 2381 10177 16498 
3 6649 13220 10042 
3 14733 6173 11985 
3 3180 13221 5131 
3 15859 8764 8052 
3 1043 13222 11354 
3 1044 1045 13222 
3 14046 13223 11318 
3 9939 9305 13223 
3 11439 13224 5136 
3 14109 9671 2202 
3 3054 13225 4290 
3 4448 5557 13225 
3 8138 13226 5840 
3 8138 13524 13226 
3 4060 13227 3544 
3 4060 8239 13227 
3 13823 13228 2263 
3 1695 9115 13228 
3 3161 15407 12882 
3 2805 8717 13229 
3 13266 13230 7611 
3 16571 12220 14515 
3 1696 13231 3884 
3 8795 6236 13231 
3 4610 13232 10609 
3 4610 5136 13232 
3 4047 13233 7033 
3 13012 5481 13233 
3 8138 13234 4881 
3 5840 14507 13234 
3 7170 13235 9943 
3 9559 14148 13235 
3 3156 13236 5152 
3 3156 6292 13236 
3 7103 13237 9510 
3 7103 13448 16463 
3 9976 13238 8101 
3 9976 8418 13238 
3 12317 13239 1713 
3 12317 6439 13239 
3 10123 13240 7473 
3 3747 7756 13240 
3 2324 13241 9745 
3 8235 11615 14411 
3 9440 13242 1648 
3 16163 7146 13242 
3 10899 13243 2744 
3 10899 14666 13243 
3 4192 13244 1654 
3 7178 12104 13244 
3 7257 13245 9212 
3 10745 7572 13245 
3 9762 13246 11660 
3 10346 12066 13246 
3 5132 13247 4170 
3 6348 10064 13247 
3 2591 13248 6165 
3 2591 7143 13248 
3 12386 15037 10209 
3 6943 9986 13249 
3 15449 15982 12567 
3 2170 13033 13250 
3 6456 13251 12084 
3 3345 13707 13251 
3 8582 13252 3949 
3 12638 13446 13252 
3 12547 13253 7859 
3 12547 2297 13253 
3 6684 15648 8006 
3 3267 4030 13254 
3 7192 13255 9575 
3 7192 5401 13255 
3 8188 13256 7776 
3 10478 7102 16164 
3 7499 13257 6857 
3 11278 14736 13257 
3 14742 13258 5399 
3 7872 7952 13258 
3 15588 13259 8178 
3 16160 13687 13259 
3 15594 13260 11607 
3 13187 7798 13260 
3 12592 13261 4440 
3 12592 8873 13261 
3 10020 13262 5526 
3 3377 7680 13949 
3 14712 13263 15022 
3 16590 11834 8361 
3 3461 13264 6652 
3 3461 8374 13264 
3 11360 13265 5555 
3 11360 7217 13265 
3 13242 13266 1648 
3 13242 13230 13266 
3 7446 13267 4048 
3 7446 8375 13267 
3 14554 13268 11380 
3 5002 12858 13268 
3 4023 13269 7728 
3 4023 12831 14286 
3 1688 13270 12089 
3 14364 2397 13270 
3 12508 13274 11023 
3 13274 14124 10351 
3 1727 13272 3307 
3 1727 9689 13272 
3 14385 13273 5046 
3 10589 16541 13273 
3 11023 13274 13271 
3 1723 4356 14124 
3 7866 13275 6990 
3 310 12285 13275 
3 9513 13276 7667 
3 9017 9331 13276 
3 7392 13277 2366 
3 7392 8419 13277 
3 9696 13278 3027 
3 9696 10513 16347 
3 10765 14213 15698 
3 15023 8913 6009 
3 5535 14935 8382 
3 7957 5426 13637 
3 1782 16255 2581 
3 11652 6895 13281 
3 11725 13282 6065 
3 11725 6152 13282 
3 11285 13283 2000 
3 4100 15960 13283 
3 9374 13284 6812 
3 9374 9751 13284 
3 12665 13285 8523 
3 12665 8924 13285 
3 10893 13286 4066 
3 13947 7098 11229 
3 5720 13287 5558 
3 5720 10447 13287 
3 9626 13288 6920 
3 11941 4701 13288 
3 12431 13289 10126 
3 5544 6342 13289 
3 10336 13290 10867 
3 5650 5484 13290 
3 16427 13291 14579 
3 11223 3307 13291 
3 11480 13440 9773 
3 7290 12342 13292 
3 15341 13293 9090 
3 12917 4102 14677 
3 10831 13294 4405 
3 10831 4891 13294 
3 5570 13295 4022 
3 8736 7147 13295 
3 6884 13296 13097 
3 3279 8284 13296 
3 14395 13297 2951 
3 2916 10769 13297 
3 9897 13298 11793 
3 5443 3765 15814 
3 6593 14393 7041 
3 8659 6272 13299 
3 7565 13300 8388 
3 10237 5818 13300 
3 16451 13301 11980 
3 1840 2835 13301 
3 2115 15101 7507 
3 16318 4522 14462 
3 3823 13303 4201 
3 8426 16358 13303 
3 15918 13304 4913 
3 4784 7103 13304 
3 16379 14561 4321 
3 11293 11745 13815 
3 10405 13306 12930 
3 12705 5158 13306 
3 5029 13307 2150 
3 5029 7961 13307 
3 5455 13308 6570 
3 5455 12202 13308 
3 501 13309 500 
3 501 502 13309 
3 15337 15768 7042 
3 15278 13006 11355 
3 8203 13311 1845 
3 10468 9578 13311 
3 16189 13312 15758 
3 13312 13553 13461 
3 3788 13313 9626 
3 3788 13716 13313 
3 5094 13314 13035 
3 16391 15403 5065 
3 8502 13315 15162 
3 15467 3114 14137 
3 4971 13316 13099 
3 8055 8565 13316 
3 13368 13317 14067 
3 4488 8044 13317 
3 1762 13318 10386 
3 1762 5562 13318 
3 13923 13319 3753 
3 13559 11601 13319 
3 15514 13320 8275 
3 15941 4680 10743 
3 1908 14144 8898 
3 5954 10504 13321 
3 14477 13322 3356 
3 16549 12152 7811 
3 6633 13323 5056 
3 5815 2815 13323 
3 15671 13324 13067 
3 15671 3498 13324 
3 9953 13325 16130 
3 9953 4455 13325 
3 4574 13326 11692 
3 4574 7871 13326 
3 6011 13327 11397 
3 16162 12878 6002 
3 8917 13328 7845 
3 6129 13060 13328 
3 6133 13329 12971 
3 6133 14106 13329 
3 7064 13330 1714 
3 7064 5407 13330 
3 1677 13331 3085 
3 1677 8232 13331 
3 12228 13332 6061 
3 12228 12230 13332 
3 16342 13333 2512 
3 14154 3101 2512 
3 5538 13334 2358 
3 5538 4127 13334 
3 3603 13335 9890 
3 12487 9424 13335 
3 14510 13336 802 
3 801 802 13336 
3 4358 13337 10695 
3 4377 6534 13337 
3 12350 13338 10817 
3 13915 13041 11093 
3 12075 13339 8217 
3 14464 2533 13339 
3 7188 15177 3026 
3 8532 9075 13340 
3 15540 13341 6180 
3 10508 10278 13341 
3 9370 13342 2840 
3 9370 5843 13342 
3 14727 13928 13343 
3 13928 15694 13343 
3 3831 13344 3396 
3 5776 1866 13344 
3 2858 13345 7624 
3 2858 8932 13345 
3 15856 15329 14969 
3 2388 2341 13346 
3 6555 14180 10044 
3 6555 1760 16365 
3 4483 13348 5434 
3 4483 11023 13348 
3 5576 13349 5826 
3 5576 6074 13349 
3 8736 13350 12662 
3 10924 7203 13350 
3 4842 13351 2673 
3 14532 11519 12382 
3 14074 13352 9741 
3 8413 4966 13352 
3 5621 13353 13200 
3 9415 10159 13353 
3 5410 13354 3912 
3 5410 8079 13354 
3 3583 13355 4120 
3 8646 9394 13355 
3 11859 14648 10227 
3 3828 12330 13356 
3 14925 13357 7492 
3 4557 8645 13357 
3 10943 13358 3355 
3 9256 12620 13358 
3 3418 16556 2466 
3 16556 5219 13359 
3 8468 13360 11574 
3 12998 6557 13360 
3 11294 15266 16360 
3 9971 9662 13361 
3 14126 13362 10522 
3 3232 2167 13362 
3 1419 13363 9180 
3 1419 7571 13363 
3 2096 13364 13112 
3 15346 13743 1785 
3 13077 13365 8997 
3 13077 3877 13365 
3 10091 13366 3076 
3 6241 15105 13366 
3 11508 13367 12598 
3 7815 12432 13367 
3 12395 13368 9558 
3 3714 15541 13368 
3 8840 13369 4244 
3 11996 10119 13369 
3 6967 13370 10352 
3 14562 6269 16172 
3 9355 13371 2156 
3 9355 7270 13371 
3 354 13372 353 
3 354 355 13372 
3 16185 13373 6134 
3 2517 10532 13373 
3 2117 15457 13853 
3 15457 12131 13374 
3 5691 13375 4045 
3 5691 12168 13375 
3 6625 15399 11450 
3 16039 1751 7087 
3 4311 13377 6623 
3 2351 4847 13377 
3 7450 13378 5913 
3 8198 3166 13378 
3 8825 13379 10876 
3 8825 8589 14864 
3 10062 13380 6832 
3 10062 6256 13380 
3 11569 13381 10088 
3 4863 11181 13381 
3 6761 13382 8120 
3 15611 6553 14073 
3 12637 13383 12924 
3 2416 2440 13383 
3 12323 2162 15390 
3 2162 12658 13384 
3 5559 13385 7881 
3 16072 7668 15136 
3 9791 13386 9105 
3 9791 10331 13386 
3 11492 13387 5879 
3 11492 5588 13387 
3 15168 13388 8319 
3 9406 7658 13388 
3 16491 13389 15627 
3 12917 15341 13389 
3 7299 13390 3314 
3 13016 2439 14539 
3 3882 13391 8361 
3 3882 11266 16478 
3 1661 13392 8094 
3 5016 14119 13392 
3 15977 15243 11783 
3 4390 9414 13862 
3 11699 13394 10023 
3 10438 12619 13394 
3 11646 13395 2398 
3 11089 11182 13395 
3 12156 13396 3915 
3 80 81 14434 
3 7955 13397 6258 
3 3753 13319 13397 
3 7177 13398 2141 
3 7177 1723 13398 
3 7601 13399 8843 
3 3579 16181 13399 
3 13108 13400 3042 
3 13108 7197 13400 
3 8675 13401 5661 
3 6200 6856 13401 
3 15530 13402 6967 
3 2366 13277 13402 
3 7589 13403 4606 
3 7589 2313 13403 
3 755 15729 6815 
3 9139 6891 13404 
3 4814 13405 5066 
3 4814 7587 13405 
3 8092 13406 10653 
3 13647 6097 13406 
3 14253 13407 10130 
3 4414 10360 13407 
3 16351 15194 9160 
3 2711 8333 13408 
3 2324 13409 8235 
3 4387 6357 13409 
3 188 13410 187 
3 7358 11587 13410 
3 10022 13411 3769 
3 3923 11779 13411 
3 5973 13412 8941 
3 10343 10648 13412 
3 7211 13667 13661 
3 12925 5057 13413 
3 15229 13414 6616 
3 12842 2423 13414 
3 13465 16051 12588 
3 6793 4033 13415 
3 15278 13416 5258 
3 7277 11423 13416 
3 6780 13417 7375 
3 6780 3901 13417 
3 9291 13418 12334 
3 9291 14748 13418 
3 1604 13419 3313 
3 12662 13350 13419 
3 16581 13420 12661 
3 4027 8683 13420 
3 3784 13421 12762 
3 12802 12302 13421 
3 3901 13422 8648 
3 12143 9808 13422 
3 6184 13423 6951 
3 6184 6501 15358 
3 2887 13424 10376 
3 13851 11603 13424 
3 4728 13425 5026 
3 4728 13175 13425 
3 12619 13426 2293 
3 12619 3534 13426 
3 11829 13427 3869 
3 2208 3213 14357 
3 11720 13428 8034 
3 9642 8761 13428 
3 16030 13429 2032 
3 11758 7306 13429 
3 13085 13430 2971 
3 13085 3812 13430 
3 13548 13431 9931 
3 10388 6337 13431 
3 12293 13432 7229 
3 1842 7551 13551 
3 3835 13433 5301 
3 9238 8071 13433 
3 3365 13434 8775 
3 7924 10049 14837 
3 5606 13435 3104 
3 5174 7921 13435 
3 4804 13436 11211 
3 11848 6037 13436 
3 5049 13437 5734 
3 5049 12061 13437 
3 1700 15277 3808 
3 15277 12128 13438 
3 8240 13439 5898 
3 3941 9857 13439 
3 5181 14218 4017 
3 13292 9773 13440 
3 1590 13441 1591 
3 1590 1589 13441 
3 14566 13442 3681 
3 3676 11497 13442 
3 9963 13443 11458 
3 7464 7386 13443 
3 4801 13444 10361 
3 12603 5800 13444 
3 11812 13445 11558 
3 9303 16533 13733 
3 3249 13446 10462 
3 3249 13252 13446 
3 7938 13447 3856 
3 7938 7292 13447 
3 4784 13448 7103 
3 4784 2613 13448 
3 13712 13449 10337 
3 11349 2700 13449 
3 3135 13450 11595 
3 7497 14631 13450 
3 2926 13451 4420 
3 2926 4435 13451 
3 6522 13452 7612 
3 6522 6661 14521 
3 7619 13453 14094 
3 10966 1854 13453 
3 10976 13454 9729 
3 6030 11383 13454 
3 13146 13455 5862 
3 15796 3073 14258 
3 7575 13456 8778 
3 7575 2999 15633 
3 9758 13457 6841 
3 13782 10903 14760 
3 16161 16120 13458 
3 16120 11949 13458 
3 2539 13459 12126 
3 2539 9024 13459 
3 3793 13460 12078 
3 16316 3145 16145 
3 13312 13461 9984 
3 13312 10463 13553 
3 15052 13462 11873 
3 15052 6361 15892 
3 2746 13463 5010 
3 2569 6034 13463 
3 12290 13464 8431 
3 12290 7719 15262 
3 11391 13465 7445 
3 8713 16051 13465 
3 4194 14066 4369 
3 14066 8937 13466 
3 8832 13467 12546 
3 9895 6470 13467 
3 7624 13468 6953 
3 7624 13345 13468 
3 13996 13469 7029 
3 5684 9997 15409 
3 14284 13470 10897 
3 2928 6654 13470 
3 16241 13471 3917 
3 3294 4677 13471 
3 15954 13472 4983 
3 4342 13844 13472 
3 5771 13473 3317 
3 5771 7101 13473 
3 8386 13474 7807 
3 8499 2388 14969 
3 11689 13475 4678 
3 15209 12962 5404 
3 12655 13476 5314 
3 10323 11084 13476 
3 9865 13477 6048 
3 9865 16381 13477 
3 9753 13478 3914 
3 8432 1982 13478 
3 6085 13635 5654 
3 16263 4949 13479 
3 15469 14466 13480 
3 8306 7729 13480 
3 5334 13590 5751 
3 3896 2777 13481 
3 2892 13482 6808 
3 5866 15832 13482 
3 7865 13483 7032 
3 7865 5775 13483 
3 15451 13484 3596 
3 9199 2116 13484 
3 8859 13485 2156 
3 11479 7270 13485 
3 3984 13486 11671 
3 6673 9345 16442 
3 2256 14055 11759 
3 2717 12506 13487 
3 8347 13488 13170 
3 3404 6823 13488 
3 13843 13489 8890 
3 9792 9742 13489 
3 1714 13490 7064 
3 1714 6716 15660 
3 3098 13491 16322 
3 3098 2218 13509 
3 13974 13492 15652 
3 6346 1745 13492 
3 14942 15663 7854 
3 12380 7218 14930 
3 6670 13494 10274 
3 6670 6446 13494 
3 12372 13495 4960 
3 3734 9812 13495 
3 16506 13496 5111 
3 6191 13897 13496 
3 1614 13497 1774 
3 11251 7933 13497 
3 7002 13498 12920 
3 10957 8933 15383 
3 8629 13499 6907 
3 8629 4980 13499 
3 10405 13500 6756 
3 6408 4066 13500 
3 9710 15279 4260 
3 9952 12626 13501 
3 10355 13502 6435 
3 10355 9615 13502 
3 1880 13503 12460 
3 4350 6597 13503 
3 6059 13504 6504 
3 8674 10637 13504 
3 3204 13505 5938 
3 9969 16415 13505 
3 3220 13506 13279 
3 6190 7199 13506 
3 7669 14043 11110 
3 6194 5376 14477 
3 9706 3165 15945 
3 3165 15511 13508 
3 7741 16014 2218 
3 16014 13724 10071 
3 2435 13997 11207 
3 8953 4909 13510 
3 8008 15325 2457 
3 16017 4904 2550 
3 7896 13512 6634 
3 16576 3559 2534 
3 14484 14982 2193 
3 13219 14132 13513 
3 6881 13514 12001 
3 6881 3997 13514 
3 15888 13515 3817 
3 2233 14820 13515 
3 5229 13516 3353 
3 5229 7658 13516 
3 8851 13517 7184 
3 8851 10161 14598 
3 468 13518 467 
3 2508 3762 13518 
3 13119 13519 6056 
3 12265 4012 13519 
3 11922 13520 8155 
3 7508 13165 13520 
3 1279 13521 12467 
3 1277 1276 13521 
3 15901 13522 16422 
3 11221 9563 13522 
3 10131 13523 5306 
3 10131 10279 13523 
3 9884 13524 6947 
3 9884 7473 13524 
3 11588 13525 10906 
3 11588 12396 13525 
3 3715 13526 11246 
3 3715 14243 13526 
3 8828 13527 4203 
3 8828 6994 13527 
3 4296 13528 3482 
3 15719 5847 15871 
3 3296 13529 7405 
3 13598 9058 11456 
3 3511 13530 13914 
3 3511 3454 13530 
3 7555 13531 9955 
3 15334 13981 14678 
3 8763 13532 3650 
3 6480 7483 13532 
3 7627 13533 10232 
3 7627 3574 13533 
3 3130 13534 12771 
3 8180 13241 13534 
3 14975 13535 5113 
3 4612 7688 13535 
3 6529 13536 7400 
3 13536 16098 5881 
3 12635 13537 6939 
3 1768 15302 16363 
3 6451 13538 9707 
3 4804 8034 13538 
3 10431 13539 12749 
3 10431 12715 13539 
3 9550 13540 1916 
3 11756 5134 13540 
3 3661 13541 12760 
3 9653 9162 13541 
3 9853 13542 4547 
3 11104 15096 16215 
3 7736 14138 6648 
3 14138 9296 12229 
3 11464 13544 10057 
3 5567 5230 13544 
3 11964 13545 2997 
3 11964 4836 13545 
3 16097 13546 11409 
3 14977 14099 9128 
3 12560 13547 12222 
3 12560 6460 13547 
3 10388 13548 3159 
3 9931 5918 13548 
3 13854 13549 4514 
3 6919 1846 13549 
3 7319 13550 16593 
3 7319 15730 13550 
3 13432 13551 3836 
3 13432 1842 13551 
3 11761 13552 2049 
3 7242 2017 13552 
3 14058 13553 11772 
3 14058 13461 13553 
3 14717 13554 11833 
3 8797 9508 13554 
3 12100 15829 10934 
3 2852 9009 13555 
3 15577 13556 2262 
3 6944 8887 13556 
3 14061 15031 8992 
3 15031 9818 13557 
3 5219 13558 13359 
3 13063 15860 13558 
3 7411 13559 13319 
3 7411 7755 13559 
3 8601 13560 8970 
3 8601 14868 13560 
3 11064 13561 2370 
3 9169 15202 13561 
3 5499 13562 6970 
3 5499 6832 13562 
3 3083 13788 10814 
3 7864 11205 13563 
3 2555 13564 9273 
3 2555 8026 13564 
3 12540 13565 7157 
3 3904 2852 13565 
3 3645 13566 2613 
3 2585 7792 13566 
3 15297 13567 10047 
3 12594 9626 13567 
3 10301 13568 11977 
3 6526 11799 13568 
3 1842 13569 3227 
3 1842 13432 13569 
3 7233 13570 6927 
3 15863 14279 4636 
3 7171 13571 1818 
3 8315 5832 13571 
3 15067 13721 14967 
3 11981 12711 13572 
3 8739 13573 7664 
3 7061 12402 13573 
3 11974 13574 9049 
3 7769 13847 16517 
3 3150 13575 2171 
3 11581 10428 13575 
3 9697 13576 10619 
3 16109 14289 11582 
3 9288 13577 9393 
3 9288 9950 13617 
3 13452 13578 7612 
3 13452 6522 15702 
3 15192 13579 9187 
3 3540 8858 13579 
3 15643 13580 11240 
3 7971 5343 13580 
3 16471 13581 14882 
3 9171 10546 13581 
3 7772 13582 11301 
3 7772 6395 13582 
3 15126 13583 4679 
3 15851 11369 13652 
3 2395 13584 2789 
3 2395 9103 13584 
3 2047 14338 3531 
3 5176 2627 14019 
3 4233 13586 9995 
3 4233 10609 13586 
3 10073 13587 6057 
3 10471 15102 13587 
3 12813 13588 1651 
3 6725 14633 13588 
3 16112 13589 3980 
3 8448 9463 13589 
3 13936 14773 7928 
3 3896 13481 13590 
3 13055 13591 10302 
3 15544 3723 2760 
3 5312 13592 11402 
3 2204 10348 13592 
3 3789 13593 6041 
3 3789 6380 13593 
3 5804 13594 12677 
3 14395 2951 8126 
3 7997 13595 7753 
3 7997 12869 13595 
3 11363 13596 10482 
3 7013 1717 13596 
3 6121 13597 4225 
3 15510 7101 5771 
3 3296 13598 13529 
3 3296 13934 13598 
3 6599 13599 5032 
3 15091 10390 10737 
3 14939 13600 3600 
3 13493 7854 13600 
3 11567 16356 3930 
3 9769 5355 13601 
3 7110 13602 11057 
3 9752 7199 13602 
3 405 16156 404 
3 3776 12507 13603 
3 4842 13604 6081 
3 4842 2673 13604 
3 12023 16576 4599 
3 12671 6448 13605 
3 9695 13606 12019 
3 3777 11010 15772 
3 6565 14531 13669 
3 7695 4177 13607 
3 8566 13608 12868 
3 8566 10513 13608 
3 6551 13609 8829 
3 13184 8711 13609 
3 4024 13610 3319 
3 6391 15515 13610 
3 10968 13611 7548 
3 10968 10498 13611 
3 7696 13612 2827 
3 12891 2155 13612 
3 6984 13613 2576 
3 6984 4225 14079 
3 4621 15621 3564 
3 10052 5474 13614 
3 4490 13615 6757 
3 1774 5718 13615 
3 3359 13616 4246 
3 7044 11556 14973 
3 13837 13617 9950 
3 3628 13577 13617 
3 5607 13618 9977 
3 15784 12768 5085 
3 7316 13619 11501 
3 7316 16583 13619 
3 12902 13620 10821 
3 1848 5107 13620 
3 9073 13621 11376 
3 3525 10507 13621 
3 2523 14494 4869 
3 11847 11578 13622 
3 11920 13623 6725 
3 11920 2585 13623 
3 13201 15962 7410 
3 6726 10421 13624 
3 12202 13625 13308 
3 9720 11032 13625 
3 12423 13626 6080 
3 13072 3276 14461 
3 14429 13627 8434 
3 9078 2452 13627 
3 14986 13628 7255 
3 2429 7255 13628 
3 9760 13629 8426 
3 9760 3719 13629 
3 6681 13630 13942 
3 9961 12430 14224 
3 2862 13631 9964 
3 2862 5063 13631 
3 12555 14177 15237 
3 14177 1780 3414 
3 9957 15344 6412 
3 15404 10363 14768 
3 7205 13634 8909 
3 7205 5090 13634 
3 5654 13635 13479 
3 5623 6293 13635 
3 13006 13636 4443 
3 4539 12025 13636 
3 13280 13637 8382 
3 13280 7957 13637 
3 7081 13638 7872 
3 2383 16404 13638 
3 8875 13639 14367 
3 9487 800 13639 
3 10873 13640 9718 
3 5819 14108 13640 
3 12249 13641 5503 
3 12250 6410 13641 
3 435 13642 434 
3 13104 4429 13642 
3 4584 13643 15867 
3 4584 12801 13643 
3 4203 13644 3577 
3 9363 9011 14397 
3 4530 13645 4098 
3 4530 4586 13645 
3 14317 13646 3978 
3 11814 10337 13646 
3 6096 13647 5878 
3 6579 5528 13647 
3 16112 13648 12233 
3 11761 2049 13648 
3 13146 13649 13455 
3 13146 14624 15796 
3 3383 15275 2624 
3 9559 7170 13650 
3 6005 13651 10151 
3 10038 10586 14120 
3 15851 13652 13583 
3 11226 7401 13652 
3 564 13653 12413 
3 565 566 13653 
3 9836 13654 11895 
3 13388 5229 13654 
3 2949 13655 9927 
3 2949 2330 13655 
3 13508 13796 15945 
3 6726 3086 13656 
3 5698 13657 6265 
3 6485 3512 13657 
3 12661 13658 10949 
3 12661 10098 13658 
3 13476 13659 2808 
3 11084 5824 16170 
3 5145 13660 7258 
3 13725 7573 2455 
3 15388 13661 12964 
3 13413 10544 13661 
3 9646 15439 4658 
3 14503 13873 8720 
3 7708 13892 7389 
3 13892 4779 14081 
3 11272 13664 10414 
3 11272 14600 13664 
3 1969 15058 7735 
3 15058 4971 13665 
3 9043 13666 6508 
3 9043 4035 13666 
3 12925 13667 14530 
3 12925 13413 13667 
3 8819 13668 3387 
3 1252 1251 13668 
3 6565 13669 3038 
3 13607 12969 13669 
3 7112 13670 1668 
3 3565 8072 13670 
3 4700 13671 14341 
3 11474 5352 13671 
3 6480 13672 9306 
3 13532 8763 13672 
3 5701 13673 7849 
3 13572 12711 13673 
3 14031 13674 11116 
3 11321 1609 13674 
3 5003 13675 8355 
3 5003 2401 13675 
3 3948 13676 9838 
3 3948 9912 13676 
3 13391 16478 3029 
3 11266 13029 13677 
3 6875 13678 6270 
3 6875 6131 13678 
3 16078 14417 13679 
3 14417 16032 13679 
3 11432 13680 8450 
3 10784 7638 13680 
3 13457 15077 11145 
3 14732 4132 12030 
3 3990 13774 4509 
3 13774 7044 13682 
3 10095 13683 3146 
3 10095 8790 13683 
3 5330 13684 8231 
3 15761 2757 2328 
3 9218 13685 3339 
3 9218 9764 13685 
3 13920 13686 7147 
3 11563 11427 13686 
3 13259 13687 9738 
3 8047 4723 13687 
3 15490 13688 8762 
3 15490 10479 6844 
3 8620 13689 6323 
3 8620 1742 13689 
3 304 13690 303 
3 14372 14438 13690 
3 1192 13691 1191 
3 9465 11695 13691 
3 5097 13692 5494 
3 13971 2482 5846 
3 10953 12911 14174 
3 4665 11744 13693 
3 3497 13694 7012 
3 3497 10431 13694 
3 6747 13695 7367 
3 10128 12253 13695 
3 4754 13696 2017 
3 8627 2049 13696 
3 6698 13697 10050 
3 6698 4301 15290 
3 5824 16380 2707 
3 16380 8537 13698 
3 4681 13699 4245 
3 4681 15046 13699 
3 11502 13700 12280 
3 11502 3578 13700 
3 5952 13701 9185 
3 5952 10835 13701 
3 5749 13702 1696 
3 5749 4104 13702 
3 4855 13703 3857 
3 4855 16312 13703 
3 1987 13704 10910 
3 15040 11087 14350 
3 3572 13705 7456 
3 2350 3286 13705 
3 15874 13706 12740 
3 8098 4759 13706 
3 1600 13855 3345 
3 14056 5566 6653 
3 3190 13708 5914 
3 8237 2690 13708 
3 16561 13709 9605 
3 7507 13302 14462 
3 11082 13710 10057 
3 9359 2814 13710 
3 7246 13711 9888 
3 12201 1886 13711 
3 13449 13712 11349 
3 9418 11291 13712 
3 9105 16455 11586 
3 9822 14131 13713 
3 1722 14848 11882 
3 15170 8738 13714 
3 10034 14667 8307 
3 10034 2224 14667 
3 8840 13716 13369 
3 8840 13313 13716 
3 13829 13717 8931 
3 2967 2404 13717 
3 3154 13718 12500 
3 3282 7429 13718 
3 12913 13719 4309 
3 12913 540 13719 
3 2564 13720 12192 
3 7201 5968 14616 
3 14967 13721 11981 
3 9144 10148 13721 
3 7613 13722 13205 
3 3239 8089 13722 
3 11249 13723 7522 
3 11249 3282 13723 
3 16304 13724 9828 
3 10071 13509 16014 
3 7573 13725 11786 
3 13660 5145 14523 
3 8148 13726 7302 
3 6392 5374 15893 
3 2272 13727 8864 
3 16206 11381 14272 
3 3855 13728 7861 
3 12737 9343 13728 
3 4861 13729 12581 
3 10796 2009 13729 
3 4178 13730 11098 
3 7957 5291 13730 
3 15709 13731 2896 
3 8007 4042 13731 
3 14409 13732 9859 
3 14161 2795 13732 
3 13445 13733 11558 
3 13445 9303 13733 
3 15378 13734 12362 
3 10190 7123 13734 
3 2444 13791 10877 
3 13791 6130 13163 
3 7746 13736 6378 
3 6217 7577 13736 
3 12493 13737 8114 
3 14117 2501 13737 
3 14421 13738 11476 
3 9428 3949 14312 
3 3144 13739 6187 
3 3144 11434 13739 
3 2959 13740 13096 
3 2959 8600 15323 
3 7674 13741 3993 
3 8604 5164 13741 
3 2742 13742 10856 
3 2742 4185 13742 
3 13364 15346 1785 
3 2931 1702 13743 
3 7389 13744 12433 
3 7389 8198 13744 
3 6963 13745 3751 
3 6963 8886 13745 
3 12528 13746 2362 
3 13143 4013 13746 
3 14889 13747 2571 
3 14889 5354 13747 
3 11330 13748 9618 
3 12985 14108 13748 
3 15718 13749 14580 
3 12162 1630 13749 
3 2000 15137 9686 
3 7396 13760 14759 
3 4418 13751 12191 
3 4418 2697 13751 
3 1731 13752 8803 
3 5939 2648 13752 
3 7376 13753 6180 
3 7376 7198 13753 
3 14264 13754 4864 
3 14264 13339 13754 
3 8284 13755 8023 
3 16473 4765 6343 
3 12952 13756 4118 
3 12472 16414 13756 
3 6707 13757 10283 
3 4042 6693 13757 
3 14331 13758 6410 
3 14331 3131 13758 
3 3868 13759 1950 
3 13298 5531 13759 
3 13750 15137 7396 
3 2315 4590 13760 
3 9026 13761 5818 
3 6320 10001 13761 
3 16345 13762 710 
3 16345 15523 13762 
3 6429 13763 6234 
3 6429 2634 13763 
3 10767 13764 11370 
3 7648 4637 13764 
3 7098 13765 11229 
3 5904 10242 13765 
3 3857 13766 11271 
3 13703 15189 13766 
3 11656 13767 11390 
3 9322 9100 13767 
3 11323 13768 13653 
3 12103 2274 15821 
3 14516 13769 3582 
3 9833 14238 13769 
3 13918 13770 2211 
3 6157 6468 13770 
3 1808 13771 2402 
3 1808 13831 13771 
3 1625 13772 12367 
3 1625 10468 13772 
3 1747 13773 5740 
3 13454 12641 13773 
3 4509 13774 13682 
3 8958 13616 13774 
3 8341 13775 6968 
3 3011 10742 13775 
3 5309 13776 5369 
3 5309 11172 13776 
3 10333 13777 2081 
3 10333 10687 13777 
3 7556 13778 5116 
3 7556 4164 13778 
3 11736 13779 12055 
3 16546 6849 10873 
3 15801 13780 13045 
3 7174 14560 13780 
3 3966 15958 10295 
3 15958 4365 14694 
3 11236 13782 15077 
3 11236 14926 13782 
3 1785 13783 12333 
3 14815 7628 6357 
3 13702 13784 8795 
3 11860 10581 13784 
3 6785 13785 11990 
3 6785 2263 13785 
3 13704 13786 10910 
3 11715 13062 13786 
3 2919 13787 6586 
3 2919 2402 13787 
3 13563 13788 7864 
3 13563 10814 13788 
3 4080 13789 4629 
3 375 376 13789 
3 12391 13790 12580 
3 14856 3410 13790 
3 10877 13791 13735 
3 14365 12551 13791 
3 2674 13792 9008 
3 7865 7032 13792 
3 6653 13793 14056 
3 3335 11696 13793 
3 10215 13794 7023 
3 10215 7179 13794 
3 6112 13795 3706 
3 6112 5453 13853 
3 15945 13796 6726 
3 13508 10421 13796 
3 14748 13797 6908 
3 4194 4369 14190 
3 170 13798 169 
3 170 12783 13798 
3 8697 13799 4887 
3 2071 9845 14255 
3 3469 13800 10538 
3 2782 13945 13800 
3 9189 13801 9672 
3 4536 11520 13801 
3 16219 13802 4063 
3 4145 8233 13802 
3 10811 13803 2043 
3 11191 9802 13803 
3 15996 13804 5333 
3 13032 11254 14546 
3 4664 13805 4505 
3 4389 11042 13805 
3 12900 13806 2268 
3 14834 5602 13806 
3 8599 13807 3346 
3 6845 7489 13807 
3 9827 13808 9828 
3 8146 3335 13808 
3 6545 13809 13536 
3 12554 11930 16446 
3 14480 13870 13810 
3 13870 6050 13810 
3 6243 13811 3477 
3 14608 1991 6723 
3 6153 16136 3814 
3 10959 6893 13814 
3 7770 13813 5703 
3 9457 16475 13813 
3 9897 13814 6893 
3 9897 15110 13814 
3 13305 13815 3202 
3 13305 11293 13815 
3 6574 13816 9852 
3 12527 2159 13816 
3 10502 13817 12502 
3 10511 9158 13817 
3 9111 13818 6628 
3 8678 2446 14710 
3 3055 13819 8185 
3 3055 4702 13819 
3 13681 13820 6727 
3 15077 13782 13820 
3 11570 13821 2111 
3 3796 11836 13821 
3 2512 13822 10731 
3 9584 16270 13822 
3 16271 5625 16337 
3 12082 2085 14761 
3 11031 15481 10142 
3 15481 14085 2975 
3 11334 13825 8016 
3 15496 2297 14313 
3 12936 13826 7782 
3 12936 5269 13826 
3 15923 13827 6114 
3 5933 9002 13827 
3 2088 13828 7731 
3 2088 8275 13828 
3 2284 14623 10808 
3 14623 13194 16238 
3 14992 13830 9723 
3 13610 5963 13830 
3 13771 13831 15268 
3 5601 11961 13831 
3 4119 13832 10677 
3 3431 14904 13832 
3 12168 13833 11350 
3 12168 2711 13833 
3 14261 13834 2419 
3 14261 14490 13834 
3 10381 14466 1645 
3 15362 9683 12029 
3 5435 13836 2169 
3 5435 10906 13836 
3 9095 13837 9950 
3 5379 11998 15632 
3 6683 13838 12663 
3 5113 13535 13838 
3 13977 13839 8003 
3 9436 8121 13839 
3 9882 13840 8390 
3 6936 5290 13840 
3 13592 13841 2204 
3 7921 12142 13841 
3 6138 13842 2977 
3 6138 9993 13842 
3 6510 13843 8890 
3 9792 13489 13843 
3 13472 13844 5422 
3 2145 2973 13844 
3 16291 13845 5096 
3 7851 1688 13845 
3 11480 13846 13440 
3 10992 10204 13846 
3 16517 13847 3994 
3 7769 6148 13847 
3 1773 13848 16150 
3 1773 11866 13848 
3 4307 14643 10880 
3 14643 9847 14872 
3 6352 13850 9164 
3 6352 5216 13850 
3 3738 16523 13424 
3 16523 12744 14988 
3 9454 13852 4028 
3 9454 13153 13852 
3 14771 13853 13374 
3 13795 6112 13853 
3 12454 13854 2978 
3 4514 10082 13854 
3 5566 14056 16027 
3 13793 11696 13855 
3 1960 15597 13499 
3 15597 5844 13856 
3 8339 13857 7167 
3 8339 16362 13857 
3 14183 15973 15752 
3 6827 3028 13858 
3 4492 13859 4364 
3 4492 5964 13859 
3 2558 13860 6926 
3 2558 14143 13860 
3 7277 13861 11423 
3 7277 12211 13861 
3 15408 13862 9414 
3 11783 13393 13862 
3 8705 13863 12419 
3 8705 1735 13863 
3 9346 13864 8816 
3 9346 13283 15960 
3 9074 13865 7252 
3 9074 6853 13865 
3 1770 16451 7850 
3 11980 12476 14133 
3 8442 13867 4207 
3 2688 15009 15741 
3 13232 13868 10609 
3 13232 1806 13868 
3 12623 13869 6421 
3 8101 13238 13869 
3 4199 14480 13810 
3 12954 6050 13870 
3 8792 13871 10103 
3 5722 7043 13871 
3 1956 13872 7153 
3 1956 5795 13872 
3 2565 13873 12176 
3 2565 7064 13873 
3 16073 13874 8917 
3 3171 11632 13874 
3 11455 13875 8613 
3 11455 16034 13875 
3 10182 13876 11992 
3 15986 9174 4157 
3 15687 13877 3403 
3 7117 4796 13877 
3 8410 13878 16200 
3 4894 3937 13878 
3 5596 13879 10537 
3 2348 9675 13879 
3 4944 13880 7282 
3 2061 12205 16320 
3 8215 13881 2946 
3 3548 175 13881 
3 14559 13882 11984 
3 10419 10270 13882 
3 6392 15795 5374 
3 13025 12014 13883 
3 9289 13884 7726 
3 9289 6972 13884 
3 9878 13885 8764 
3 9004 4288 13885 
3 5801 15273 12921 
3 10923 8419 13886 
3 6795 13887 10211 
3 7834 2464 13887 
3 13486 13888 11751 
3 13486 14407 13888 
3 2587 13889 15429 
3 2587 10330 13889 
3 12123 13890 8304 
3 6428 1875 13890 
3 10176 13891 12847 
3 10176 14708 13891 
3 7389 13892 13663 
3 7708 4779 13892 
3 4575 13893 12857 
3 4575 15456 13893 
3 2574 13894 2233 
3 7490 2926 13894 
3 8402 13895 2174 
3 5527 8197 13895 
3 2231 13896 13126 
3 3333 9162 13896 
3 15471 13897 9146 
3 11457 2291 13897 
3 11616 16489 8518 
3 15226 10701 13957 
3 11662 13985 10476 
3 11178 10965 13899 
3 9704 13900 7075 
3 3522 3384 13900 
3 3988 13901 7109 
3 3988 4009 13901 
3 11377 13902 7133 
3 11377 8983 13902 
3 4529 13903 11139 
3 4529 10571 13903 
3 13740 15323 6664 
3 2165 10217 13904 
3 5806 13905 3617 
3 5806 2062 13905 
3 14993 13906 9536 
3 7040 12788 13906 
3 15096 13907 16215 
3 7561 2970 13907 
3 5917 13908 5145 
3 5917 1940 13908 
3 3170 13909 2424 
3 7134 8123 13909 
3 15736 13910 5821 
3 15351 7664 14949 
3 14779 13911 8403 
3 8324 9403 13911 
3 7217 13912 16211 
3 7486 7740 13912 
3 11962 13913 6089 
3 4127 5538 13913 
3 3511 13914 8302 
3 13530 16047 13914 
3 15584 13915 11093 
3 15584 10247 13915 
3 4470 15805 11551 
3 4144 4910 13916 
3 13425 13917 5026 
3 13425 8656 13917 
3 13770 13918 6157 
3 15150 11045 13918 
3 1620 15575 7855 
3 15575 3662 13919 
3 10977 13920 9873 
3 7147 12662 13920 
3 2708 13921 5546 
3 2469 11200 13921 
3 9674 15941 9425 
3 10358 16157 13922 
3 4591 13923 9382 
3 12830 5523 13923 
3 3540 13924 13036 
3 15192 10253 13924 
3 8801 13925 9671 
3 8801 8050 13925 
3 9358 15014 11855 
3 3636 12832 13926 
3 5253 13927 6792 
3 5253 6591 15188 
3 6694 14727 13343 
3 10218 1756 13928 
3 7958 13929 6239 
3 2254 4000 13929 
3 9547 13930 2074 
3 6643 7307 15222 
3 8694 13931 8943 
3 10960 10414 13931 
3 6037 13932 13436 
3 6037 7952 13932 
3 14962 15656 10689 
3 4727 2016 13933 
3 1715 13934 2120 
3 2792 9058 13934 
3 6986 13935 10029 
3 6986 8013 13935 
3 14773 13936 9474 
3 7928 11412 13936 
3 14627 13937 7565 
3 14044 8225 13937 
3 11124 13938 4143 
3 7693 7456 13938 
3 5931 13939 5910 
3 5931 11648 13939 
3 5325 13940 1954 
3 5325 10489 13940 
3 3459 13941 7018 
3 3459 8885 13941 
3 8657 13942 13630 
3 13351 4842 13942 
3 4297 13943 12668 
3 4297 5647 13943 
3 3126 13944 5998 
3 3126 7882 13944 
3 13800 13945 2945 
3 2782 3148 13945 
3 3233 13946 3851 
3 14999 2260 13919 
3 10893 13947 13286 
3 10893 8164 13947 
3 9388 13948 7006 
3 1732 4684 13948 
3 3377 13949 13262 
3 7680 9623 13949 
3 14737 15693 2791 
3 7974 1764 13950 
3 11674 13951 12648 
3 1764 3196 13951 
3 11852 16500 12602 
3 1776 10675 13952 
3 11804 13953 4007 
3 11804 13029 13953 
3 16074 13954 9538 
3 6671 5421 13954 
3 2609 13955 7034 
3 10600 10894 13955 
3 14158 13956 11122 
3 6782 12762 13956 
3 2685 13957 10701 
3 2685 4140 13957 
3 8179 13958 12275 
3 13904 10217 13958 
3 13062 13959 13786 
3 11741 11248 13959 
3 11971 13960 1966 
3 8850 9232 13960 
3 6787 14092 7023 
3 6787 12363 14092 
3 7337 13962 6678 
3 7337 2950 15688 
3 9911 13963 8698 
3 9911 1830 13963 
3 1865 13964 6621 
3 5257 4854 13964 
3 8709 13965 2369 
3 13152 14649 13965 
3 9971 13966 11165 
3 9971 13361 16360 
3 8901 14493 1663 
3 12172 9443 13967 
3 7326 13968 3345 
3 7326 14524 13968 
3 10098 13969 16327 
3 10098 6238 13969 
3 13061 13970 5724 
3 10103 9842 13970 
3 7777 13971 13692 
3 7777 13741 13971 
3 6911 13972 6162 
3 12364 9974 16327 
3 16512 15206 16306 
3 8844 12143 13973 
3 14987 13974 13662 
3 5677 13492 13974 
3 12036 13975 1629 
3 12036 5519 13975 
3 6248 13976 2532 
3 11418 12847 13976 
3 7302 13977 8003 
3 5712 13839 13977 
3 14549 13978 5826 
3 327 328 13978 
3 13918 13979 6157 
3 13918 5322 13979 
3 8336 13980 12704 
3 14823 8362 8862 
3 10030 15334 10936 
3 15334 3975 13531 
3 2902 13982 5086 
3 15603 11837 13982 
3 2203 13983 3804 
3 7095 4365 13983 
3 16592 13984 5424 
3 16592 8209 13984 
3 10476 13985 13899 
3 14796 12484 11178 
3 3611 13986 10572 
3 12174 11520 13986 
3 3089 13987 10681 
3 6914 14805 13987 
3 9578 13988 6609 
3 12631 2448 13988 
3 15929 13989 4604 
3 8169 7935 13989 
3 16158 14342 8892 
3 14342 2634 13990 
3 324 13991 6474 
3 326 327 14549 
3 11991 13992 9070 
3 11991 9870 13992 
3 2223 13993 8628 
3 2223 12113 13993 
3 8567 13994 12127 
3 3505 13038 13994 
3 7673 13995 5267 
3 7673 8936 13995 
3 847 13996 1736 
3 15521 5684 15409 
3 13998 13997 2435 
3 15249 12806 13997 
3 1822 13998 2435 
3 15249 13997 13998 
3 16288 13999 7215 
3 8601 14912 14868 
3 6996 14000 3385 
3 4298 9304 14000 
3 14879 14001 6368 
3 6624 6239 14001 
3 2234 14002 1627 
3 11125 7639 14002 
3 16171 14165 3680 
3 15915 3531 8111 
3 6339 14004 5489 
3 2307 10739 14004 
3 12088 14005 2462 
3 12694 6019 14005 
3 9891 14006 6448 
3 9891 8274 14006 
3 16294 14007 16314 
3 10588 11526 14007 
3 3242 14008 2113 
3 6214 6307 14008 
3 15259 14009 8916 
3 14139 9909 1816 
3 3088 14010 3955 
3 3088 4669 16307 
3 3066 14011 12645 
3 15640 9801 2033 
3 9472 14012 1735 
3 9472 10252 14012 
3 14392 14013 3709 
3 4811 7106 14013 
3 5411 14014 9586 
3 14662 4425 14014 
3 8703 14015 7698 
3 8374 12441 14015 
3 6704 14016 4076 
3 6704 7226 14016 
3 3399 14017 2588 
3 3399 287 14017 
3 12193 14018 5287 
3 10397 7014 14018 
3 13585 14019 14810 
3 2627 11657 14019 
3 7831 16008 4107 
3 6705 11938 14020 
3 11218 14021 1835 
3 8531 1624 16107 
3 12080 14980 10097 
3 5901 10860 14022 
3 3979 14023 3533 
3 1810 12097 14647 
3 15216 14024 3499 
3 14573 12686 1798 
3 7555 14025 760 
3 9955 6697 14025 
3 13656 14026 2382 
3 11853 16560 15308 
3 6836 14027 3865 
3 5748 2020 14027 
3 12819 14131 4230 
3 9822 15835 14028 
3 5470 15873 8502 
3 15873 2909 16194 
3 5804 14030 3432 
3 10029 13935 14030 
3 1805 16068 11116 
3 5667 11321 14031 
3 16426 15755 14032 
3 15755 15751 10541 
3 16525 14033 4889 
3 10255 10607 14033 
3 11846 14034 12373 
3 10282 12660 14034 
3 10207 14035 8935 
3 10207 10047 14035 
3 9288 14036 4324 
3 9288 4134 14036 
3 11545 14037 9508 
3 12357 11290 14037 
3 10024 14038 8026 
3 4898 12206 14038 
3 7591 14039 4944 
3 12943 7166 14039 
3 9137 14040 6069 
3 9137 13953 14040 
3 4501 14041 3068 
3 4534 5810 14041 
3 8131 14042 12516 
3 2029 7847 14042 
3 14938 14043 7669 
3 6194 13507 14043 
3 14627 14954 13937 
3 14954 5828 4223 
3 13841 14045 7921 
3 6322 3104 14045 
3 13223 14046 2520 
3 11318 3295 14046 
3 3196 14047 2025 
3 3196 15665 14047 
3 9885 14048 12808 
3 9885 13068 14048 
3 2758 14049 12338 
3 8847 8345 16322 
3 10395 14460 5462 
3 6706 9444 14050 
3 12748 14051 6490 
3 9019 14940 14051 
3 9208 14052 5492 
3 4985 2926 14052 
3 7891 14053 4267 
3 7891 9975 14053 
3 14822 14054 12306 
3 3574 9210 15153 
3 14310 14055 1678 
3 2717 13487 14055 
3 13855 14056 13793 
3 16027 1600 5566 
3 4502 15357 5718 
3 5509 4272 14057 
3 15053 14058 12582 
3 6532 13461 14058 
3 12609 14059 11797 
3 11842 11370 14059 
3 13647 14060 5878 
3 8092 7210 14060 
3 9000 15356 12968 
3 15031 13557 8992 
3 1610 14062 4316 
3 16300 5038 12884 
3 14932 14063 3126 
3 2060 2725 14063 
3 2471 14064 6995 
3 2471 7547 14064 
3 2497 16368 4768 
3 3553 9466 14065 
3 14686 14066 4194 
3 6231 12625 14066 
3 13368 14067 9558 
3 13317 7187 14067 
3 15960 14068 7017 
3 11127 10532 14068 
3 2602 14069 6206 
3 2602 15741 14069 
3 15339 15574 10611 
3 2175 9095 14070 
3 2947 14071 2560 
3 15970 12140 14071 
3 9059 14072 5297 
3 9059 8118 14072 
3 6761 15611 15558 
3 6553 12164 14073 
3 3361 14074 9741 
3 11038 3940 14074 
3 13923 14075 9382 
3 3753 13397 14075 
3 5478 14076 4303 
3 5478 6647 14076 
3 7004 14077 2535 
3 8542 8481 15001 
3 9805 14078 6889 
3 9805 4319 14078 
3 6487 14079 2904 
3 13613 6984 14079 
3 3409 14080 8592 
3 3409 9409 14080 
3 16037 14081 12805 
3 10624 13663 14081 
3 8874 14082 8201 
3 4559 1840 14082 
3 7890 14083 3482 
3 15748 9494 7775 
3 16456 15908 9394 
3 9394 9373 14084 
3 15716 2975 14085 
3 2975 9379 15481 
3 2032 14086 9439 
3 2032 9477 14086 
3 1639 14087 5427 
3 5774 6781 14087 
3 14300 14088 5431 
3 6749 2925 14088 
3 9178 14089 3378 
3 12953 5215 14089 
3 6004 14090 7525 
3 6004 6836 15062 
3 13542 14091 11753 
3 13542 11104 14091 
3 5104 14092 12363 
3 5104 14574 14092 
3 7035 14093 7326 
3 7035 8920 14093 
3 7619 14094 11324 
3 13453 10166 14094 
3 14084 14095 5417 
3 14084 15463 14095 
3 16248 14096 1869 
3 15683 6936 14096 
3 9820 14097 6082 
3 9820 6255 14097 
3 8955 14098 12412 
3 8955 15799 14098 
3 1838 6724 15631 
3 10716 9980 14099 
3 292 14100 291 
3 10887 14309 14100 
3 13805 14101 4389 
3 5539 3995 14101 
3 9815 14102 5625 
3 8015 3816 14102 
3 4395 14103 6521 
3 6738 5150 15949 
3 2577 14104 9937 
3 2577 7646 14104 
3 11004 14105 2753 
3 7750 15094 16495 
3 7970 14106 13027 
3 7970 13329 14106 
3 3066 14107 8860 
3 13156 3601 14107 
3 13640 14108 12985 
3 2979 12177 14108 
3 11439 14109 13224 
3 12351 9671 14109 
3 6809 14110 5106 
3 8097 3198 14110 
3 10329 15974 6419 
3 15974 7649 14111 
3 2441 14112 12218 
3 10465 15485 14112 
3 15017 14113 10722 
3 369 370 14113 
3 3607 14114 5234 
3 9039 15696 14114 
3 10163 14115 5613 
3 3598 1728 14115 
3 9343 14116 3336 
3 4251 9005 14116 
3 12389 14117 13737 
3 8064 10938 14382 
3 7942 14118 4422 
3 10502 8595 14118 
3 12563 14119 12478 
3 5016 6575 14237 
3 14140 14120 4331 
3 10586 6730 14120 
3 5385 14121 8048 
3 1741 11726 14121 
3 10553 14122 8429 
3 5552 7645 14122 
3 4366 14123 10385 
3 4366 12715 14123 
3 1723 14124 13274 
3 4356 12653 14124 
3 11866 14125 10802 
3 16201 9861 12867 
3 3232 14126 2831 
3 3232 13362 14126 
3 4511 14127 7840 
3 4511 7066 14127 
3 7833 14128 11216 
3 7833 4078 14128 
3 14307 14129 8939 
3 15124 4115 14129 
3 6818 14130 5157 
3 4516 5377 14201 
3 13713 14131 4472 
3 9822 14028 14131 
3 13975 14132 13219 
3 13975 10437 14132 
3 11980 14133 13866 
3 16213 3904 14133 
3 5391 14134 11093 
3 11482 12811 14134 
3 15793 14135 6427 
3 13015 1861 14135 
3 15721 14136 12376 
3 5780 2552 14136 
3 13315 15467 10723 
3 3114 5517 14137 
3 6648 14138 13543 
3 7736 9296 14138 
3 15819 14139 14009 
3 3188 9909 14139 
3 10151 14140 4331 
3 13651 14120 14140 
3 14031 14141 5667 
3 14031 11116 14141 
3 3671 14142 10824 
3 3671 5062 14142 
3 12187 14143 2558 
3 12187 6900 14143 
3 7641 15827 1908 
3 15827 9448 14144 
3 9411 14145 3690 
3 7315 9439 16465 
3 6461 14146 5148 
3 6771 9231 14146 
3 10048 14147 9421 
3 10871 11490 14147 
3 15582 14190 14148 
3 4369 13235 14148 
3 14557 14149 10348 
3 8752 12827 14149 
3 15832 14150 11056 
3 6426 3544 14150 
3 6571 14151 9901 
3 5129 8607 14151 
3 4341 14152 8887 
3 4341 8511 14152 
3 121 14153 12438 
3 6452 4401 14153 
3 14808 14154 2512 
3 10200 12785 14154 
3 12184 14155 11347 
3 15993 9933 14155 
3 1641 14857 11304 
3 16530 10598 7133 
3 153 14157 152 
3 7994 9677 15965 
3 15367 14158 2425 
3 6782 13956 14158 
3 5061 14159 11517 
3 10561 7889 14159 
3 10324 14160 12092 
3 8477 6454 14160 
3 1777 14161 13732 
3 1777 6229 14161 
3 7531 14162 14626 
3 10379 14944 14162 
3 14052 14163 4985 
3 7471 10056 15885 
3 12767 14164 12410 
3 2844 10006 14164 
3 14527 14165 14003 
3 4291 14552 14165 
3 10360 14166 12442 
3 7056 6424 14166 
3 645 14167 11340 
3 646 647 14167 
3 4242 14168 7346 
3 11057 5779 14168 
3 16369 14169 12308 
3 11541 12163 14169 
3 7046 14170 12440 
3 7046 237 14170 
3 3545 14171 7621 
3 3546 10213 14171 
3 9569 15942 6091 
3 12119 9403 14172 
3 5462 14173 14492 
3 3278 2748 14173 
3 10953 14174 5350 
3 13693 5343 14174 
3 11467 14175 9798 
3 13836 16094 14175 
3 15355 15513 10254 
3 16167 5928 14176 
3 15237 14177 13632 
3 12555 8687 14452 
3 8025 14178 8416 
3 3770 12889 15747 
3 13689 14179 12151 
3 4125 9596 14179 
3 10044 14180 13347 
3 15079 10769 2916 
3 5466 14181 3113 
3 5466 2972 14181 
3 3599 14182 7734 
3 3599 14682 14182 
3 15973 14183 9156 
3 4440 13261 14183 
3 10581 14184 7028 
3 13147 5852 15921 
3 6561 14185 6877 
3 3455 8537 14185 
3 12345 14186 1895 
3 6058 2466 15860 
3 9523 14187 7434 
3 9501 5439 14187 
3 8040 14188 11801 
3 8040 3125 14188 
3 9404 14189 11821 
3 12709 3956 14189 
3 14898 14190 13797 
3 4369 14148 14190 
3 13823 14761 3160 
3 9302 3875 14191 
3 5205 14380 7501 
3 14380 9806 2423 
3 2067 14193 5997 
3 2067 10037 14193 
3 3303 14194 8271 
3 11978 9148 14194 
3 3475 14195 5985 
3 1844 10216 14195 
3 7444 14196 14959 
3 8757 11569 14339 
3 13698 14197 6969 
3 8537 3455 14197 
3 3326 15956 12572 
3 15956 3547 14198 
3 13704 14199 11111 
3 11132 9981 14199 
3 11674 14200 13951 
3 11197 1764 14200 
3 14343 14201 5377 
3 5039 7717 14201 
3 14050 14202 5462 
3 13679 10754 14202 
3 8965 14203 2806 
3 13066 1798 14203 
3 5851 16515 10588 
3 4746 11659 14204 
3 3557 15364 5381 
3 8621 14366 14205 
3 15959 14206 4884 
3 15959 12477 14206 
3 1660 14207 2161 
3 16159 3829 14207 
3 12411 15738 3212 
3 1856 8072 14208 
3 5985 14209 5565 
3 5985 14195 14209 
3 2284 14210 13194 
3 10012 8753 14210 
3 16038 14211 10782 
3 14032 7116 16426 
3 15680 14212 5888 
3 7108 7208 16378 
3 15698 14213 13279 
3 10765 5833 14213 
3 4192 14214 3172 
3 5301 13433 14214 
3 11893 14215 14125 
3 11893 11619 14215 
3 10335 14216 6007 
3 10335 3108 14216 
3 6866 14217 10649 
3 12693 2056 14217 
3 7675 14218 5181 
3 8672 13440 14218 
3 13089 14219 7251 
3 10168 2213 14219 
3 16214 14220 9331 
3 3730 7542 14220 
3 7534 14221 12551 
3 9503 6135 14221 
3 10979 14222 9519 
3 10979 7223 14222 
3 11364 14223 10457 
3 15943 8956 14223 
3 9961 14224 13630 
3 12430 8657 14224 
3 11208 14225 9784 
3 11208 8352 14225 
3 2881 14226 10400 
3 2881 9596 14226 
3 6240 14227 6650 
3 9201 8324 14227 
3 12031 15221 15828 
3 4860 4432 14228 
3 4031 14229 8523 
3 4031 3711 14229 
3 7071 14230 14136 
3 7071 9151 14230 
3 16285 14231 4762 
3 12034 5382 14231 
3 8270 14232 2838 
3 8270 10303 14232 
3 2650 14233 10341 
3 2650 3542 14233 
3 10069 14953 5704 
3 8493 7049 14234 
3 10280 14235 2394 
3 7007 2568 14235 
3 9894 14236 7679 
3 5640 4736 14236 
3 7569 14237 4355 
3 14119 5016 14237 
3 13769 14238 7184 
3 6786 8486 14238 
3 12361 14239 5831 
3 9226 8020 14239 
3 3339 14240 2737 
3 3339 13685 14240 
3 8706 14335 3798 
3 3798 14335 14241 
3 11438 14242 9425 
3 11438 7480 14242 
3 12554 16446 13809 
3 11930 5115 14629 
3 11724 14244 2087 
3 10915 16370 14244 
3 11521 14245 9793 
3 11521 8732 14245 
3 2151 14246 4891 
3 12465 8548 14246 
3 9645 14247 11887 
3 9645 3125 14247 
3 1130 14248 1129 
3 1130 12992 14248 
3 643 14249 642 
3 11913 10505 14249 
3 7234 14250 6312 
3 7276 2834 14250 
3 11620 14251 6459 
3 6041 13593 14251 
3 15160 14252 2556 
3 7923 7547 14541 
3 7246 14253 10562 
3 12801 4584 14253 
3 12909 15683 4320 
3 15683 5103 6936 
3 10444 14255 9659 
3 3608 13799 14255 
3 12544 14256 9046 
3 4419 13113 14256 
3 10075 14257 10776 
3 10075 7489 14257 
3 8233 14258 9893 
3 4531 2823 14258 
3 12587 14259 12331 
3 12587 2043 14259 
3 12838 14260 10648 
3 15251 932 2099 
3 6938 14261 16376 
3 14490 5620 11903 
3 12196 14262 2295 
3 12196 6885 14262 
3 8447 14831 12856 
3 8039 5080 14263 
3 7054 14264 4864 
3 8217 13339 14264 
3 7548 14265 2879 
3 10159 3424 16357 
3 2174 14266 8402 
3 13752 2648 14266 
3 11964 14267 2661 
3 11311 10092 14267 
3 9918 14268 7914 
3 9918 15239 14268 
3 6198 14269 9748 
3 6198 10050 14269 
3 7900 14270 10387 
3 6753 5281 14270 
3 15205 14271 3264 
3 7886 3779 14271 
3 8668 14272 3794 
3 11381 6015 14272 
3 15670 14273 9259 
3 6193 11219 14273 
3 15745 14274 13055 
3 6636 2230 14274 
3 3853 14275 8777 
3 3853 2220 14533 
3 15665 14276 1821 
3 4380 1750 14276 
3 9118 14277 7413 
3 16428 11264 8566 
3 15460 14278 9027 
3 9382 2335 14278 
3 15730 14279 4072 
3 4926 4636 14279 
3 13244 14280 7178 
3 4192 9243 14280 
3 15293 14281 10273 
3 8560 10798 14281 
3 7512 14282 6049 
3 15508 12034 14282 
3 8632 14283 4930 
3 8632 10207 14283 
3 5135 14284 10483 
3 2928 13470 14284 
3 5017 14285 12568 
3 7574 12394 15373 
3 10679 14286 12831 
3 10221 10641 14286 
3 11808 14287 10555 
3 11808 9266 14287 
3 935 14288 2099 
3 2467 14260 15251 
3 3800 14289 16109 
3 3800 14107 14289 
3 12329 15659 4185 
3 12329 2349 15659 
3 8610 14291 4051 
3 3314 11973 14291 
3 16080 14292 10939 
3 16080 10465 14292 
3 13517 14293 12591 
3 14598 1647 14293 
3 6993 14294 12447 
3 8577 11640 14294 
3 6576 14295 10600 
3 2505 10894 14295 
3 10295 14296 14553 
3 2412 3426 14296 
3 5654 14297 5450 
3 3332 3992 14297 
3 15946 14298 6286 
3 8086 12829 14298 
3 1847 14299 5153 
3 2957 13135 14299 
3 7298 14300 11544 
3 7298 14088 14300 
3 7422 14301 5801 
3 7422 6268 15273 
3 8728 14302 7062 
3 6863 3942 14302 
3 16367 15559 14393 
3 6593 6209 14303 
3 11699 14304 12105 
3 10023 3076 14304 
3 12280 14305 2179 
3 5393 3633 14305 
3 14817 14306 4485 
3 14817 5739 15577 
3 12664 14307 1808 
3 12664 6406 14307 
3 14858 14308 8879 
3 6295 10111 14308 
3 288 14309 14017 
3 11214 14100 14309 
3 2027 14310 6014 
3 2717 14055 14310 
3 14533 14311 8415 
3 10952 6642 14311 
3 3249 14312 13252 
3 13738 9428 14312 
3 15496 14313 13825 
3 5217 14378 14313 
3 8194 14314 4036 
3 6232 8856 14314 
3 11541 14315 12163 
3 8323 11720 14315 
3 12625 15400 8937 
3 2737 14240 14316 
3 8348 14317 7887 
3 9843 13646 14317 
3 12919 14318 6483 
3 1835 14021 14318 
3 16544 14319 1971 
3 9435 6846 14319 
3 7611 16516 1648 
3 7760 16264 14320 
3 12673 14891 6614 
3 12673 2272 14891 
3 10860 14322 2719 
3 10860 1788 14322 
3 9195 14323 6875 
3 6471 6131 14323 
3 15802 14324 4905 
3 10100 7463 14324 
3 1851 14325 2599 
3 1634 5385 14325 
3 14406 14326 10154 
3 5750 4091 14326 
3 15905 15003 8042 
3 4788 12889 14327 
3 10330 14328 6446 
3 10330 13037 14328 
3 14946 14329 10257 
3 13142 7077 14329 
3 10083 14330 8654 
3 6204 11059 14330 
3 7899 15083 5953 
3 3189 3131 14331 
3 3605 14332 8080 
3 10386 13318 16119 
3 11344 14459 4006 
3 8513 8761 14333 
3 8181 14334 7292 
3 8181 12021 14334 
3 7893 14335 8706 
3 11861 6603 15035 
3 5637 14336 4105 
3 14275 4361 16467 
3 15874 14337 13706 
3 5173 8098 14337 
3 4939 16091 2047 
3 7318 2981 15866 
3 14959 14339 2861 
3 14196 8757 14339 
3 8643 14340 15075 
3 8643 12717 14340 
3 5281 14341 7753 
3 5281 4700 14341 
3 8892 14342 13990 
3 16158 12199 14342 
3 2244 14343 5377 
3 2612 14201 14343 
3 10770 14344 8470 
3 8115 7832 14344 
3 5823 14345 6992 
3 5761 1605 15933 
3 3208 14346 10617 
3 3626 11301 14346 
3 14487 14347 13090 
3 14487 2518 14715 
3 13906 14993 14453 
3 5467 12146 14348 
3 3627 14349 3210 
3 9660 8628 14349 
3 13704 14350 11132 
3 15040 1987 9094 
3 9500 14351 12018 
3 9500 11165 15086 
3 6147 14352 9647 
3 6147 2672 14352 
3 13713 16455 9822 
3 2513 10429 14353 
3 13708 14354 5914 
3 13708 2690 14354 
3 11112 14355 15296 
3 11112 5034 14355 
3 6127 14356 1713 
3 2536 6439 14356 
3 3869 14357 9360 
3 13427 2208 14357 
3 6290 14358 3900 
3 1583 1582 15967 
3 14669 14359 3431 
3 12582 14058 14904 
3 10636 14360 7940 
3 10636 10185 14360 
3 7687 14361 3469 
3 7687 6813 14361 
3 10635 14362 9999 
3 2486 11321 14362 
3 483 14363 482 
3 483 484 15608 
3 13003 14364 13270 
3 13003 2397 14364 
3 2444 14365 13791 
3 2444 5236 14365 
3 2267 14366 8621 
3 4166 7318 14366 
3 16305 14367 5414 
3 13639 14510 14367 
3 6651 14368 12096 
3 6651 6582 14368 
3 8876 14369 6404 
3 8876 5979 14369 
3 15816 14370 3309 
3 6516 5356 14370 
3 12696 14371 10187 
3 10054 7910 14371 
3 5346 14372 7866 
3 5346 11879 14438 
3 10046 14373 3867 
3 1671 16123 14373 
3 7500 14968 7016 
3 7006 11565 14374 
3 4956 14375 10535 
3 4956 12917 14375 
3 15614 14376 10367 
3 10618 6883 14376 
3 12945 14377 10321 
3 4038 13154 14377 
3 5747 14378 5217 
3 5747 1941 14378 
3 4727 14379 4315 
3 9666 7593 14379 
3 7501 14380 14192 
3 5205 5357 14380 
3 9335 14381 9587 
3 8096 2273 14381 
3 8064 14382 14117 
3 10938 8117 14382 
3 8979 14383 9036 
3 9142 4311 14383 
3 3713 14384 10250 
3 7080 8507 14384 
3 2438 14385 5046 
3 9769 12878 14385 
3 7047 14386 7394 
3 7269 1795 14386 
3 7282 14387 7591 
3 11877 5486 14387 
3 11011 14388 13084 
3 11011 4358 15055 
3 13258 14742 3673 
3 8874 8201 14389 
3 15924 15649 14390 
3 6115 9348 14390 
3 3000 14391 7423 
3 12533 8066 14391 
3 1826 14392 3709 
3 2361 15531 14392 
3 7041 14393 13299 
3 6593 14303 14393 
3 14234 14394 5704 
3 8681 7261 14394 
3 10202 14395 13594 
3 10202 11113 14395 
3 8116 14396 5971 
3 8116 6862 14396 
3 3577 14397 11307 
3 13644 9363 14397 
3 9288 14398 5434 
3 9288 9393 14398 
3 15415 14399 2603 
3 8536 3397 14399 
3 8558 14400 1652 
3 8784 12990 14400 
3 4358 14401 7678 
3 4358 8282 14401 
3 14594 14402 12869 
3 9289 7726 14402 
3 10594 15172 6831 
3 15172 8131 12516 
3 592 14404 6462 
3 9213 12494 14404 
3 15880 14405 10377 
3 9569 6091 14405 
3 9008 14406 10458 
3 9008 13792 14406 
3 6673 14407 13486 
3 6586 11371 14407 
3 10440 14408 11749 
3 6223 4933 14408 
3 14358 14409 3900 
3 14358 15967 14409 
3 11869 14410 8030 
3 11869 2943 14410 
3 13122 14411 11615 
3 13122 12771 14411 
3 13913 14412 2986 
3 5538 1642 14412 
3 7384 14413 11007 
3 7395 10568 14446 
3 5880 14414 11094 
3 5880 10825 14414 
3 5829 14415 11357 
3 4351 10417 14658 
3 12572 16314 3326 
3 14007 11526 14416 
3 15108 16078 13679 
3 12183 8988 14417 
3 12141 14418 3702 
3 1813 3046 14418 
3 7598 14419 9581 
3 7598 1386 14419 
3 2747 16277 11631 
3 2768 3254 14420 
3 13738 14421 9428 
3 11476 11786 14421 
3 4460 14422 6930 
3 10665 9440 14422 
3 16409 14423 8134 
3 14644 12473 15951 
3 16116 14424 10292 
3 1968 10127 14424 
3 4026 14425 2373 
3 13637 8273 14425 
3 1924 14426 1687 
3 3049 9617 14426 
3 13964 14427 9308 
3 7518 3067 14854 
3 4799 14428 8121 
3 15414 5828 5908 
3 7822 14429 8434 
3 7822 6438 14429 
3 1655 14430 10119 
3 7506 4850 14430 
3 2842 14431 2249 
3 2842 4438 14431 
3 9672 14432 8036 
3 9672 15883 14432 
3 3401 14433 7286 
3 3401 12941 14433 
3 83 14434 82 
3 83 84 14434 
3 2700 14435 2461 
3 10510 8585 14435 
3 12407 14436 12848 
3 6548 10619 14436 
3 9970 14437 2987 
3 9970 16099 14437 
3 6981 14438 11879 
3 12559 13690 14438 
3 2028 14439 9088 
3 2028 13019 14439 
3 6146 14440 5338 
3 6146 4832 14651 
3 7021 14441 4821 
3 10312 6886 14441 
3 11379 14442 13245 
3 11379 14239 14442 
3 15566 14443 6100 
3 3450 143 14443 
3 2140 14444 11924 
3 10175 5420 14444 
3 3867 14445 6183 
3 14373 10400 14661 
3 14413 14446 14672 
3 14413 7395 14446 
3 6370 14447 6096 
3 8500 10143 14447 
3 11726 14448 10837 
3 13304 5886 14448 
3 5348 14449 11022 
3 5571 5727 14449 
3 9514 14450 2143 
3 134 135 14450 
3 12584 14451 6433 
3 5278 7455 14451 
3 12458 14469 8687 
3 9679 3604 14452 
3 3717 14453 14348 
3 9899 7040 14453 
3 14212 15680 4046 
3 5888 2600 14454 
3 8759 14455 8394 
3 8759 12124 14455 
3 10633 14456 10820 
3 10633 9173 15999 
3 862 14457 861 
3 4286 16118 14457 
3 6912 14458 6329 
3 9605 2500 14458 
3 4006 14459 14333 
3 11344 12669 14459 
3 6706 14460 9841 
3 14050 5462 14460 
3 13072 14461 13626 
3 3276 7920 14461 
3 15395 14462 4522 
3 13709 2115 14462 
3 6872 14463 7441 
3 6872 11163 14463 
3 12075 14464 13339 
3 12075 2130 14464 
3 4782 14465 6585 
3 4376 15244 14465 
3 3712 15469 13480 
3 15469 13835 1645 
3 15658 14467 8405 
3 4968 6245 14467 
3 10760 14468 7304 
3 6259 6050 14468 
3 9679 14469 12401 
3 14452 8687 14469 
3 11919 14470 9900 
3 1848 4816 14470 
3 4081 14471 6842 
3 10259 15895 16441 
3 14268 14472 7914 
3 15230 8091 14472 
3 15927 14473 5905 
3 15927 1970 14473 
3 3484 14474 3003 
3 3484 3520 14474 
3 12328 14475 5867 
3 8739 11024 14475 
3 12600 14476 4054 
3 12600 2884 14476 
3 11149 14477 5376 
3 11149 10208 14477 
3 432 14478 431 
3 432 433 14478 
3 10892 14479 4299 
3 9099 4883 14749 
3 12954 14480 8192 
3 12954 13870 14480 
3 2400 14481 10787 
3 14802 12480 8853 
3 9088 14482 11519 
3 5936 7670 15069 
3 10741 14483 8125 
3 10741 13217 14483 
3 10652 14484 2193 
3 10652 3538 14789 
3 7014 14485 15861 
3 8226 4368 14485 
3 8109 14486 11003 
3 8369 9869 14486 
3 2518 14487 13090 
3 2518 3252 14715 
3 7060 14488 10484 
3 1646 7998 14488 
3 12685 14489 8182 
3 12685 3758 14489 
3 6938 14490 14261 
3 6938 10446 14490 
3 2884 14491 14476 
3 12240 1841 14491 
3 5462 14492 10395 
3 14173 2044 14668 
3 13967 14493 12172 
3 13967 5361 14493 
3 2947 14494 12483 
3 13622 5023 14494 
3 1709 15548 11544 
3 15548 12207 14495 
3 7552 14496 3724 
3 13919 2260 14496 
3 11323 15988 3127 
3 15988 571 13164 
3 15533 14498 10926 
3 15533 2185 14498 
3 15313 15798 3370 
3 8593 8690 14499 
3 12556 14500 13064 
3 12388 6302 14500 
3 14037 14501 9508 
3 14037 10640 14501 
3 15179 14502 5869 
3 7977 10833 14502 
3 13662 14503 8720 
3 13974 13873 14503 
3 3834 14504 6632 
3 9497 4266 14504 
3 15774 14505 11428 
3 4474 2804 16026 
3 11096 14506 4707 
3 11096 14268 15239 
3 3380 14507 12659 
3 4712 6866 14897 
3 8441 14508 8491 
3 2935 10655 14508 
3 3673 14509 2649 
3 14389 8201 14509 
3 5414 14510 3960 
3 804 805 14510 
3 4533 14511 10720 
3 11625 11968 14511 
3 4637 14512 14218 
3 7458 8174 14512 
3 1794 14513 14812 
3 2283 5871 14513 
3 4159 14514 12253 
3 14344 7832 14514 
3 16571 14515 8571 
3 12232 2278 14515 
3 12488 14516 3582 
3 12730 3819 14516 
3 2094 14517 11203 
3 8658 8612 14517 
3 1849 14518 6143 
3 4373 7397 14518 
3 4392 14519 5553 
3 3049 1924 14519 
3 4578 14520 9790 
3 5512 8214 14520 
3 6522 14521 15702 
3 6661 2261 14521 
3 1157 14522 1839 
3 3511 8302 14522 
3 13725 14523 11786 
3 13908 9531 14523 
3 13421 14524 12802 
3 3784 13968 14524 
3 15946 14525 3937 
3 10025 3937 14525 
3 4166 14526 2981 
3 5758 11035 16542 
3 6810 14527 11245 
3 3680 14165 14527 
3 2640 14528 6315 
3 2640 5733 14528 
3 6559 14529 11329 
3 8551 5167 14529 
3 7211 14530 13667 
3 3213 2208 14530 
3 11308 14531 6465 
3 12294 9554 14531 
3 8657 14532 13351 
3 9193 11519 14532 
3 4361 14533 8415 
3 4361 14275 14533 
3 13106 14534 10716 
3 5890 11537 14534 
3 14241 14535 2157 
3 14335 11861 14535 
3 15898 14536 2516 
3 7235 4710 14536 
3 14662 14537 8794 
3 14014 1938 14537 
3 13308 14538 11789 
3 13308 11831 14538 
3 10025 14539 2439 
3 3044 2191 15647 
3 2764 14540 6062 
3 2764 13063 14540 
3 14252 14541 5687 
3 14252 2103 14541 
3 16585 15338 14542 
3 4606 13403 16431 
3 10090 14543 8189 
3 10090 3740 14543 
3 5267 14544 7673 
3 10384 13975 14544 
3 3396 13344 15200 
3 15200 13344 14545 
3 11200 14546 10102 
3 11200 9452 14546 
3 9743 14547 5099 
3 558 559 14547 
3 5106 15349 10307 
3 10307 15349 14548 
3 13978 14549 327 
3 13349 13991 14549 
3 6052 14550 11827 
3 6052 3675 14550 
3 13153 14551 6049 
3 13153 9454 14551 
3 15915 14552 3531 
3 4291 3669 14552 
3 10295 14553 14859 
3 14296 3426 14799 
3 7384 14554 9885 
3 7384 5002 14554 
3 7109 14555 13999 
3 13901 10139 14912 
3 555 14556 554 
3 9743 12123 14556 
3 2204 14557 10348 
3 11523 8752 14557 
3 10779 14558 9423 
3 8227 14289 14558 
3 10067 14559 3606 
3 10067 14699 14559 
3 16101 14560 7174 
3 10206 11401 14560 
3 4321 14561 13305 
3 2714 14664 14561 
3 12601 14562 13370 
3 12601 2846 14562 
3 2806 14563 3447 
3 5501 6643 14563 
3 5151 14564 4251 
3 8465 11994 14564 
3 9670 14565 14835 
3 9670 15916 14565 
3 3676 14566 12261 
3 3676 13442 14566 
3 2276 14567 2889 
3 2276 1945 14567 
3 12232 14568 12597 
3 12799 11811 16578 
3 8497 14569 12941 
3 213 214 14569 
3 13707 14570 13251 
3 13707 13855 14570 
3 12107 14571 7416 
3 9849 4669 14571 
3 10550 14572 10166 
3 10550 7537 14572 
3 8279 14573 14024 
3 8279 12686 14573 
3 12687 14574 8001 
3 2601 14092 14574 
3 12044 14575 2098 
3 12044 7080 14575 
3 10080 14576 12504 
3 9636 4484 14576 
3 2995 14577 7570 
3 2995 9083 14577 
3 5295 14578 12702 
3 5295 9438 14578 
3 16549 14579 12152 
3 5303 7728 14579 
3 8266 15426 8695 
3 9172 5753 14580 
3 15836 14581 11717 
3 7746 6378 14581 
3 5115 14582 6163 
3 6545 4113 14582 
3 4306 14583 10951 
3 4306 4550 14583 
3 4793 14584 8230 
3 4793 12929 14584 
3 2150 16541 7328 
3 7328 16541 14585 
3 11504 14586 8618 
3 5008 8444 16401 
3 6846 14587 14319 
3 8396 7417 14587 
3 13736 14588 7124 
3 7746 16397 14588 
3 16459 14589 1657 
3 10981 10827 14589 
3 11288 14590 5009 
3 11151 12776 14590 
3 8250 14591 2264 
3 10146 4080 14591 
3 4569 14592 9152 
3 4569 7485 14592 
3 1955 14593 10091 
3 11506 11075 14593 
3 11711 14594 5461 
3 9289 14402 14594 
3 2365 14595 8148 
3 2365 9179 14595 
3 10199 14596 9532 
3 10199 11329 14596 
3 11864 16114 7621 
3 9416 10986 14597 
3 13517 14598 14293 
3 13517 8851 14598 
3 7742 14599 9295 
3 7742 14838 16377 
3 11392 14600 2891 
3 11392 13664 14600 
3 14065 16368 3553 
3 1975 11044 14601 
3 15633 14602 13456 
3 3507 5934 14809 
3 15125 16434 5298 
3 6538 9116 14603 
3 8469 14604 10783 
3 11359 13840 14604 
3 6032 14605 4879 
3 11398 4457 14605 
3 9934 14606 3509 
3 1670 13078 14606 
3 8175 14607 4687 
3 2699 4618 14607 
3 10228 14608 13811 
3 7353 15271 14608 
3 8254 14609 12657 
3 8400 14952 14609 
3 15232 14610 5943 
3 5293 2887 14610 
3 13022 14611 2065 
3 7545 12337 14611 
3 4383 14612 1881 
3 4383 13017 14612 
3 9469 14613 2112 
3 9277 4871 14613 
3 5953 14614 3366 
3 5953 6485 14614 
3 11637 14615 9985 
3 4342 11796 14615 
3 12672 14616 7863 
3 12291 5392 14616 
3 2302 14617 2044 
3 2302 2022 14617 
3 5040 14618 12334 
3 10847 11756 14618 
3 3668 14619 13188 
3 3668 11377 14619 
3 15363 14620 11367 
3 9051 14824 14620 
3 14744 14621 10084 
3 2889 10128 14621 
3 9045 14622 12538 
3 10289 11972 14622 
3 10808 14623 13829 
3 2284 13194 14623 
3 15796 14624 3073 
3 10933 6788 14624 
3 5558 14625 5720 
3 14352 11341 14625 
3 1434 14626 1435 
3 6909 7531 14626 
3 8388 14627 7565 
3 14954 14044 13937 
3 12051 14628 3744 
3 12051 10286 15857 
3 11930 14629 16446 
3 5115 9312 14629 
3 9889 14630 8228 
3 9809 9557 14630 
3 9122 14759 7407 
3 14759 4590 14631 
3 5383 14632 8563 
3 5383 10660 14632 
3 2787 14633 4633 
3 2787 13588 14633 
3 6859 14634 4470 
3 10236 3486 14634 
3 14493 14635 12161 
3 8901 14927 14635 
3 10149 14636 9667 
3 2850 11875 14636 
3 784 14637 783 
3 4568 7835 14637 
3 3267 14638 4030 
3 3267 15677 14638 
3 10193 14639 2318 
3 8192 9325 15685 
3 8060 14640 4447 
3 5937 5972 14640 
3 12781 14641 9633 
3 7694 4422 14641 
3 11818 16055 6614 
3 16055 16520 14876 
3 10880 14643 13849 
3 4307 11040 14643 
3 9972 14644 14423 
3 9972 14008 14644 
3 3997 13167 15024 
3 13167 12347 14645 
3 5710 14646 4075 
3 15589 8584 6020 
3 7415 14647 6835 
3 14023 1810 14647 
3 11798 14648 11859 
3 3885 2632 14648 
3 6324 14649 13152 
3 6324 7621 14649 
3 6405 14650 3363 
3 6405 2225 16192 
3 14440 14651 11048 
3 4832 9627 14651 
3 9292 14652 7228 
3 12489 7188 14652 
3 13111 14653 8289 
3 2735 9001 14653 
3 861 14654 860 
3 861 14457 14654 
3 5005 14655 10336 
3 5005 1462 14655 
3 9835 14656 7151 
3 5618 7076 14656 
3 12239 14657 5210 
3 16258 5122 11224 
3 9052 14658 3996 
3 15321 14415 14658 
3 8902 14659 4942 
3 3574 7627 14659 
3 10382 14660 4280 
3 4907 9700 14660 
3 2002 14661 3657 
3 14445 14373 14661 
3 14537 14662 14014 
3 8794 4425 14662 
3 1879 14663 12352 
3 8836 8384 14663 
3 11293 14664 11490 
3 2714 14951 14664 
3 10629 14665 6780 
3 10629 1606 14665 
3 5398 14666 12796 
3 5398 15398 14666 
3 8307 14667 13715 
3 16480 12189 8569 
3 16406 14668 969 
3 14492 14173 14668 
3 8428 14669 3431 
3 6765 12582 14669 
3 3211 16324 3649 
3 11496 2642 14670 
3 3530 14671 5476 
3 8031 1830 14671 
3 10568 14672 14446 
3 3539 9876 14672 
3 11956 14673 7586 
3 11956 8838 14673 
3 2972 14674 14181 
3 2972 5541 15235 
3 10685 14675 8588 
3 6453 6823 14675 
3 11330 14676 13640 
3 16054 683 14676 
3 13293 14677 12835 
3 4102 9960 16252 
3 15334 14678 10936 
3 13981 9573 14678 
3 4112 14679 8265 
3 9562 5475 14679 
3 3622 14680 8005 
3 8313 7025 14680 
3 11400 14681 5053 
3 11400 11609 14681 
3 14182 14682 10718 
3 15642 10299 2900 
3 2291 14683 4948 
3 6191 13496 14683 
3 11568 14684 7895 
3 11568 9196 14684 
3 12855 14685 13065 
3 12855 14653 14685 
3 6062 14686 12106 
3 14540 6231 14686 
3 2100 14687 11976 
3 2100 10521 14687 
3 15028 14688 11019 
3 12170 5603 14688 
3 1754 14689 9535 
3 5728 12614 14689 
3 8783 14690 9587 
3 8783 8859 14690 
3 3903 14691 8636 
3 3665 2870 14691 
3 5061 14692 5224 
3 15371 2631 2650 
3 12231 14693 13025 
3 12405 7018 14693 
3 13781 14694 3620 
3 4365 1892 14694 
3 9782 14695 8528 
3 9454 4028 15185 
3 16326 14696 5215 
3 10677 11555 14696 
3 10172 14697 4919 
3 10401 11416 14697 
3 2866 14698 5328 
3 6400 13309 14698 
3 10270 14699 8605 
3 5165 4236 14699 
3 12528 14700 9844 
3 1030 12769 14700 
3 10092 14701 7582 
3 2463 7920 14701 
3 14911 14702 8262 
3 11815 3362 14702 
3 14017 14703 8277 
3 14017 6976 14703 
3 10963 14704 9055 
3 10963 12295 14704 
3 5841 14981 12574 
3 3437 10525 14705 
3 11290 14706 12398 
3 11290 11545 14706 
3 13642 14707 434 
3 13642 3624 14707 
3 11558 14708 9746 
3 8119 13891 14708 
3 9233 14709 9761 
3 11796 10503 14709 
3 8026 14710 2446 
3 14038 13818 14710 
3 12998 14711 5336 
3 9462 6572 14711 
3 7564 14712 5960 
3 5578 11016 14712 
3 16409 14713 2113 
3 4601 5596 14713 
3 6985 14714 5975 
3 5567 11464 14714 
3 14347 14715 9108 
3 14347 14487 14715 
3 14576 14716 12504 
3 14576 15605 14716 
3 12063 15033 11833 
3 13575 10428 14717 
3 13291 14718 14579 
3 13291 3307 14718 
3 11816 14719 14084 
3 4794 7323 14719 
3 2679 14720 7800 
3 12675 10263 14720 
3 16022 16253 1910 
3 12003 5448 14721 
3 14892 14722 2320 
3 12336 5098 14722 
3 6452 15639 4401 
3 15639 16207 14723 
3 15085 14724 8160 
3 6122 6418 14724 
3 4404 14725 7837 
3 5924 2055 14725 
3 3015 14726 4238 
3 12231 13025 14726 
3 8664 14727 6694 
3 10218 13928 14727 
3 3597 14728 7322 
3 5308 7689 14728 
3 12950 14729 6178 
3 10180 9336 14729 
3 12595 14730 10523 
3 10027 3775 14730 
3 11107 14731 8764 
3 14731 15571 13197 
3 6727 14732 13681 
3 6727 1831 14732 
3 2940 14733 13220 
3 2940 2321 14733 
3 16051 14734 12588 
3 13415 15890 14734 
3 14797 14735 4807 
3 4412 2694 14735 
3 6981 14736 11278 
3 1666 6043 14736 
3 7920 14737 2791 
3 7920 2463 14737 
3 2466 14738 3418 
3 5563 12046 14738 
3 8329 16296 10946 
3 16296 8480 14739 
3 14452 14740 1780 
3 14452 3604 14740 
3 8736 14741 13350 
3 8736 5321 14741 
3 16004 14742 4423 
3 5399 5872 14742 
3 11289 14743 10494 
3 12693 6866 14743 
3 6814 14744 10084 
3 5118 2276 14744 
3 1983 14745 1612 
3 6196 5792 14745 
3 5980 14746 9831 
3 2333 13521 15473 
3 11649 14747 9399 
3 7320 4847 14747 
3 13418 14748 9648 
3 9291 5871 14748 
3 3226 15130 3466 
3 10558 14479 14749 
3 4626 14750 6252 
3 4626 11103 14750 
3 7332 14751 4213 
3 7332 15391 14751 
3 7607 14752 10220 
3 16569 8134 3222 
3 12090 14753 10721 
3 4462 5067 14753 
3 617 14754 616 
3 617 618 14754 
3 13615 14755 7037 
3 14057 4272 14755 
3 13463 14756 5010 
3 5263 6922 14756 
3 8516 14757 10866 
3 7459 6713 14757 
3 11183 14758 5181 
3 11183 1718 14758 
3 7407 14759 14631 
3 9122 13750 14759 
3 13782 14760 12765 
3 10903 7168 14760 
3 3217 14761 2085 
3 14191 3160 14761 
3 3291 14762 11028 
3 2595 4592 14762 
3 4735 14763 1859 
3 6790 3708 14763 
3 15636 14764 10627 
3 3320 12402 14764 
3 5778 14765 12904 
3 9237 2235 16425 
3 5925 14766 8493 
3 12114 11837 14766 
3 2766 14767 6417 
3 7361 8691 14767 
3 15345 14768 2414 
3 13633 15404 14768 
3 8244 14769 4337 
3 12147 5696 14769 
3 10931 6837 16341 
3 15837 10660 8128 
3 3953 14771 7964 
3 10768 13795 14771 
3 14093 14772 15833 
3 14093 12585 14772 
3 6637 14773 5031 
3 13590 7928 14773 
3 14062 4764 15742 
3 4764 14401 14774 
3 13949 12173 16462 
3 12173 3102 14775 
3 10829 14776 9753 
3 5572 5911 14776 
3 16390 14777 1680 
3 1863 11466 14777 
3 9711 14778 6210 
3 8367 6415 14778 
3 9000 16511 8403 
3 8831 16287 14779 
3 4719 14780 9092 
3 4719 11054 14780 
3 8387 15785 1661 
3 12946 5016 14781 
3 9816 14782 9391 
3 9816 8555 14782 
3 1936 14783 3341 
3 6299 1772 14783 
3 8940 14784 8356 
3 10280 2394 14784 
3 5583 14785 9744 
3 13212 7004 14785 
3 15756 14786 2913 
3 1910 2058 14786 
3 7041 16432 3847 
3 12851 3992 14787 
3 10491 14788 2314 
3 14908 13097 10989 
3 3648 14789 3538 
3 3648 10240 14789 
3 4718 14790 11561 
3 9338 6397 14790 
3 11416 14791 8582 
3 12741 2249 14791 
3 7075 14792 9704 
3 9279 3858 14792 
3 4147 14793 8365 
3 4147 2811 14793 
3 7102 14794 5202 
3 6444 3826 14794 
3 8372 14795 9202 
3 7030 7934 14795 
3 12113 14796 13985 
3 12113 12484 14796 
3 9250 14797 4807 
3 4285 10604 16359 
3 5923 14798 8606 
3 9580 2768 14798 
3 14296 14799 14553 
3 1881 14612 14799 
3 994 14800 10642 
3 995 996 14800 
3 3451 14801 6511 
3 9031 10701 14801 
3 2400 14802 14481 
3 2400 15423 14802 
3 6857 14803 7499 
3 9089 10785 14803 
3 9796 14804 5597 
3 1726 15858 14804 
3 11029 15495 6914 
3 15495 4492 14805 
3 9840 14806 12350 
3 9840 11146 14806 
3 13966 15266 3263 
3 15266 11294 2878 
3 10200 14808 13333 
3 10200 14154 14808 
3 14602 14809 5522 
3 5934 11201 14809 
3 8111 14810 5657 
3 8111 13585 14810 
3 3475 14811 5307 
3 5985 5565 14811 
3 4967 14812 4708 
3 4967 1794 14812 
3 15041 16332 2478 
3 360 361 14813 
3 10208 14814 13322 
3 10932 13168 14814 
3 1785 14815 13783 
3 5956 7628 14815 
3 12090 14816 8414 
3 10752 13076 14816 
3 5739 14817 3825 
3 5739 13556 15577 
3 16408 14818 8285 
3 10125 4917 14818 
3 10528 14819 6924 
3 7824 4249 14819 
3 13894 14820 2233 
3 13894 4420 14820 
3 13874 16073 11063 
3 8917 7845 14821 
3 14869 14822 12306 
3 14869 13533 14822 
3 8336 14823 13980 
3 8336 9251 14823 
3 5922 14824 9051 
3 9377 4542 14824 
3 9771 14825 12738 
3 8988 6754 14825 
3 5792 15254 14137 
3 2196 3933 14826 
3 10551 14827 11190 
3 8552 2045 14827 
3 14249 14828 640 
3 4399 638 14828 
3 15134 14829 8805 
3 1994 15379 14829 
3 6350 14830 9109 
3 6350 5714 14830 
3 5124 16131 11933 
3 16557 14263 12856 
3 2574 14832 9458 
3 10990 6366 14832 
3 9780 14833 10182 
3 5430 6432 14833 
3 12900 14834 13806 
3 9145 4984 14834 
3 11880 14835 11607 
3 3002 9670 14835 
3 13369 14836 4244 
3 13369 10119 14836 
3 5763 14837 12596 
3 13434 7924 14837 
3 16377 14838 3272 
3 7742 6165 14838 
3 16195 14839 7079 
3 14833 6432 14839 
3 4388 14840 5119 
3 4388 5345 14840 
3 12503 14841 2089 
3 16547 5420 11206 
3 12444 14842 7297 
3 12444 5570 14842 
3 15894 14843 15570 
3 15141 8907 2599 
3 16039 14844 12716 
3 7087 11053 15291 
3 8456 14845 2527 
3 5642 3136 14845 
3 2495 14846 1674 
3 5910 12671 14846 
3 6861 14847 3363 
3 3041 11764 14847 
3 10078 15170 9935 
3 15170 13714 11882 
3 5035 14849 4840 
3 4475 10264 14849 
3 8820 14850 3425 
3 11580 11953 14850 
3 3638 14851 6120 
3 9727 4486 14851 
3 7311 14852 10500 
3 7311 9249 15028 
3 6145 14853 6604 
3 12139 3442 14853 
3 7518 14854 14427 
3 3067 788 14854 
3 11451 14855 9583 
3 11130 4769 14855 
3 12391 14856 13790 
3 5415 3410 14856 
3 656 14857 1641 
3 8954 10598 14857 
3 4952 14858 2939 
3 4952 6077 14858 
3 5702 14859 7449 
3 14553 11788 14859 
3 5487 14860 2879 
3 12663 13838 14860 
3 10891 14861 7662 
3 1986 3215 14861 
3 2969 15087 4878 
3 8889 489 14862 
3 12643 14863 3580 
3 1681 8705 14863 
3 8825 14864 13379 
3 8441 8491 14864 
3 14070 14865 2175 
3 4925 8221 14865 
3 5368 14866 2682 
3 12748 9372 14866 
3 14229 16545 10930 
3 16545 2256 14867 
3 14555 14912 8601 
3 14912 10600 14868 
3 5945 15882 16257 
3 10232 13533 14869 
3 7148 14870 14468 
3 10626 6259 14870 
3 6734 14871 16251 
3 6734 9965 16274 
3 14643 14872 13849 
3 12865 3848 14872 
3 12758 14873 6561 
3 10072 3455 14873 
3 10402 14874 2763 
3 10402 7236 14874 
3 7249 14875 9631 
3 4070 2421 14875 
3 5366 14876 8820 
3 5366 12311 14876 
3 2573 14877 2706 
3 11748 12499 14877 
3 16498 14982 2381 
3 14982 14789 14878 
3 4434 14879 4772 
3 5813 10607 14879 
3 15055 14880 14388 
3 9736 8514 14880 
3 10598 14881 12740 
3 8032 12883 14881 
3 10546 14882 13581 
3 14937 5538 14882 
3 11483 14883 11556 
3 10443 4405 14883 
3 1337 14884 2786 
3 1335 1334 14884 
3 9729 14885 10976 
3 9729 9019 14885 
3 16239 14886 10891 
3 2687 15546 14886 
3 4654 14887 3142 
3 13150 11725 14887 
3 3169 14888 9502 
3 5479 2914 14888 
3 15699 14889 2571 
3 3216 10257 14889 
3 5734 14890 3025 
3 5734 3699 14890 
3 4461 14891 10272 
3 14321 6614 14891 
3 8216 16226 2320 
3 10699 12336 14892 
3 13335 14893 9890 
3 7107 3980 14893 
3 9135 14894 6030 
3 9135 9110 14894 
3 15980 14895 11151 
3 5893 6688 14895 
3 414 14896 6486 
3 415 416 14896 
3 14507 14897 8196 
3 14507 4712 14897 
3 5871 14898 14748 
3 4194 14190 14898 
3 2221 14899 4302 
3 11764 12304 14899 
3 7895 14900 9803 
3 12722 7795 14900 
3 13794 14901 7023 
3 15712 6787 7023 
3 7039 14902 4040 
3 15051 12680 14902 
3 12816 14903 8982 
3 3129 9104 14903 
3 14359 14904 3431 
3 14359 12582 14904 
3 9064 15892 2275 
3 8342 4255 14905 
3 4323 14906 6208 
3 1851 5759 14906 
3 12459 14907 11000 
3 12459 13170 14907 
3 12242 14908 14788 
3 12242 13097 14908 
3 10509 14909 5631 
3 9030 2246 14909 
3 2723 14910 5660 
3 2723 16385 14910 
3 2237 14911 8262 
3 12976 13628 14911 
3 10600 14912 6576 
3 14555 13901 14912 
3 6674 14913 9225 
3 6674 4551 14913 
3 11755 14914 6384 
3 11755 12372 16001 
3 15775 14915 7362 
3 7435 11752 14915 
3 1901 15394 8821 
3 15394 7121 14916 
3 11835 14917 11141 
3 5285 7897 14917 
3 2266 14918 4834 
3 6089 13913 14918 
3 6119 15995 1270 
3 9705 1274 14919 
3 12991 14920 9742 
3 12991 12535 14920 
3 3117 14921 6493 
3 3117 8667 14921 
3 2992 14922 7303 
3 2992 14970 14922 
3 4018 14923 7987 
3 4018 4480 14923 
3 10085 14924 10836 
3 4318 5125 14924 
3 16110 15374 11280 
3 11433 4557 14925 
3 13782 14926 10903 
3 11236 8309 14926 
3 11827 14927 8901 
3 11827 14550 14927 
3 14966 14928 10068 
3 12736 15613 14928 
3 4657 14929 6530 
3 4657 1822 14929 
3 15192 14930 10253 
3 3538 13493 14930 
3 11436 14931 3388 
3 9137 6069 14931 
3 7651 15772 5998 
3 2830 14063 14932 
3 3492 14933 12477 
3 3492 15849 14933 
3 9295 14934 4962 
3 9295 3962 14934 
3 8144 14935 2073 
3 8144 5291 14935 
3 16383 14936 2579 
3 10305 5088 14936 
3 10546 14937 14882 
3 13134 5538 14937 
3 2654 14938 7684 
3 6194 14043 14938 
3 3677 14939 3600 
3 3677 3429 14939 
3 15997 14940 9019 
3 8173 5253 15538 
3 8221 14941 11460 
3 9177 7996 14941 
3 15663 14942 15514 
3 7854 2270 14942 
3 3152 14943 8800 
3 3838 8321 14943 
3 5445 14944 5247 
3 10379 11961 14944 
3 12644 14945 12157 
3 12644 6558 14945 
3 3216 14946 10257 
3 3216 15699 15360 
3 7729 14947 9676 
3 16588 11674 12648 
3 12065 14948 5323 
3 12065 6063 14948 
3 13089 15351 10168 
3 7664 13573 14949 
3 5051 14950 5530 
3 5051 3030 14950 
3 2710 14951 8210 
3 12246 5892 14951 
3 4137 14952 8400 
3 4137 10403 14952 
3 14234 14953 8493 
3 10069 11260 14953 
3 5908 14954 14627 
3 5908 5828 14954 
3 4516 14955 11152 
3 16237 9159 15641 
3 16416 16551 7379 
3 5650 13290 14956 
3 15846 14957 6443 
3 2528 11405 14957 
3 8870 14958 3947 
3 11701 7227 14958 
3 14339 14959 14196 
3 2861 9819 14959 
3 3995 14960 7856 
3 8872 2834 14960 
3 11547 14961 3698 
3 9220 11061 14961 
3 5209 14962 10689 
3 15656 9666 4727 
3 16369 14963 11541 
3 7082 15842 14963 
3 4995 14964 9347 
3 8206 8844 14964 
3 7782 14965 8471 
3 11712 12222 14965 
3 8949 14966 7186 
3 8949 2190 14966 
3 4769 15067 13572 
3 15067 9144 13721 
3 7016 14968 14374 
3 7500 11680 15616 
3 8499 14969 15329 
3 2388 13346 14969 
3 15340 14970 2992 
3 1823 10046 14970 
3 7169 14971 9940 
3 7692 10741 14971 
3 9956 14972 2200 
3 5550 10317 14972 
3 7044 14973 13682 
3 11556 9906 14973 
3 14597 14974 10347 
3 14597 8949 14974 
3 4612 14975 2538 
3 16095 6801 6366 
3 2539 14976 6577 
3 2630 1836 14976 
3 15662 14977 13546 
3 15662 7477 1838 
3 5678 14978 9988 
3 3010 1623 14978 
3 5955 14979 8021 
3 5955 3078 15200 
3 1740 14980 12988 
3 1740 5901 14980 
3 8473 14981 5841 
3 10645 2924 14981 
3 9047 15431 13513 
3 14484 14789 14982 
3 12297 14983 3710 
3 3812 6528 14983 
3 6013 14984 7050 
3 6013 6529 14984 
3 2818 14985 13207 
3 9174 15986 14985 
3 14911 14986 14702 
3 14911 13628 14986 
3 13974 14987 5677 
3 13662 15439 14987 
3 16210 14988 11744 
3 16210 13851 14988 
3 2797 14989 7931 
3 2797 11815 14989 
3 3458 15766 9871 
3 11613 16377 14990 
3 15549 14991 4663 
3 13101 4587 14991 
3 7735 14992 9723 
3 13015 3319 14992 
3 15305 14993 9536 
3 5467 14348 14993 
3 2985 14994 8175 
3 12039 15815 16152 
3 2845 14995 2196 
3 3895 9923 14995 
3 16088 14996 8882 
3 8479 10354 14996 
3 16460 14997 1182 
3 3111 9108 14997 
3 14713 14998 4851 
3 7607 11522 14998 
3 11538 14999 13946 
3 11538 2260 14999 
3 3166 15000 4597 
3 10624 14081 15000 
3 10349 15001 12464 
3 8481 10037 15001 
3 110 15002 109 
3 110 7936 15002 
3 8204 15905 8042 
3 15905 4788 15420 
3 6008 15004 9515 
3 9269 12175 15004 
3 7902 15005 9436 
3 7902 4799 15005 
3 16376 15006 5468 
3 1857 15947 15006 
3 12803 15916 6042 
3 12803 11685 15916 
3 4766 15008 7175 
3 4766 7642 15008 
3 15741 15009 2481 
3 2688 10556 15009 
3 9799 15010 9333 
3 12877 4900 15010 
3 8572 15011 3801 
3 8572 15426 15011 
3 158 15012 157 
3 9993 14157 15012 
3 9570 15013 2098 
3 4954 12044 15013 
3 15427 15014 5389 
3 5577 3636 15014 
3 12788 15624 10943 
3 14606 13078 15015 
3 11203 15016 4890 
3 11203 9715 15016 
3 16066 15017 10722 
3 6185 367 15017 
3 13806 15018 2268 
3 11298 253 15018 
3 15898 15019 2594 
3 4592 2595 15019 
3 11440 15020 11008 
3 7227 10365 15020 
3 5635 15021 10108 
3 5689 7852 15021 
3 5960 15022 9280 
3 5960 14712 15022 
3 4108 15023 6009 
3 4108 13279 15023 
3 11296 15024 5500 
3 12001 13514 15024 
3 2082 15025 11219 
3 3218 5488 15025 
3 11310 15026 2611 
3 4937 3473 15026 
3 7185 16447 4305 
3 4094 12551 15027 
3 7311 15028 14852 
3 9249 14688 15028 
3 13777 15029 16311 
3 13777 10687 15029 
3 10876 15147 7527 
3 15147 2045 15030 
3 15356 15031 14061 
3 4357 9818 15031 
3 7184 15032 8851 
3 4627 2975 15716 
3 2171 15033 9818 
3 13575 14717 15033 
3 8333 15034 5370 
3 10988 4149 15034 
3 8240 15035 6603 
3 12027 8210 15776 
3 10864 15036 9883 
3 10864 1943 15036 
3 13249 15037 5140 
3 13249 11429 15037 
3 16092 15193 15038 
3 9515 15004 15038 
3 13575 15039 11581 
3 3150 12119 15942 
3 13704 15040 14350 
3 13704 1987 15040 
3 15961 15041 2478 
3 7868 7224 15041 
3 3768 15042 9948 
3 3768 15607 15042 
3 3057 15043 5349 
3 3057 7906 15043 
3 4919 15044 10172 
3 3883 12884 15129 
3 6971 15045 5463 
3 6971 11051 15045 
3 2589 15046 4681 
3 2589 5091 15046 
3 945 15047 944 
3 945 946 15047 
3 8301 15048 11598 
3 8301 5177 15048 
3 7900 15049 6753 
3 12052 9127 15049 
3 15428 15050 16558 
3 16558 1970 15948 
3 7039 15051 14902 
3 4484 9636 15051 
3 6361 15052 2004 
3 11873 2857 15052 
3 6765 15053 12582 
3 16056 7712 14058 
3 8425 15054 9463 
3 6618 16305 15054 
3 9572 15055 8136 
3 9572 6371 15055 
3 13612 15056 2543 
3 2155 5497 15056 
3 2114 15057 8205 
3 2114 9473 15057 
3 7735 15058 13665 
3 1969 4356 15058 
3 15617 15059 7111 
3 11856 9286 15059 
3 5516 15060 12976 
3 5516 4565 15060 
3 7757 15061 5299 
3 7757 4381 15061 
3 14090 15062 4262 
3 14090 6004 15062 
3 11255 15063 4291 
3 11255 14189 15063 
3 8220 15064 5286 
3 8220 9546 15064 
3 7818 16206 13727 
3 7256 4461 15065 
3 5844 15066 3362 
3 5844 1753 15066 
3 13572 15067 14967 
3 4769 11130 15067 
3 11617 15068 4627 
3 5485 6492 15068 
3 12382 15069 8564 
3 14482 5936 15069 
3 10659 15070 11215 
3 12942 9342 15070 
3 14517 15071 9715 
3 8612 12153 15071 
3 14303 15072 2282 
3 11483 11556 15072 
3 15726 15073 6101 
3 5275 12980 15073 
3 1603 15074 2943 
3 1603 9795 15074 
3 10295 15075 14340 
3 5702 8975 15075 
3 4569 15076 7815 
3 4569 7409 15076 
3 11145 15077 13820 
3 13457 11236 15077 
3 14348 15078 2593 
3 12146 8945 15078 
3 6555 15079 14180 
3 16365 9892 10769 
3 7266 15080 6731 
3 7266 4569 15080 
3 15032 15716 10161 
3 14085 1647 15081 
3 9146 15082 6340 
3 8785 10414 15082 
3 5953 15083 14331 
3 7899 1659 15083 
3 1761 15084 8541 
3 1761 3843 16553 
3 10510 15085 8585 
3 10510 13943 15085 
3 9500 15086 14351 
3 2289 13047 15086 
3 486 15087 2969 
3 12736 10773 15613 
3 12932 15354 15088 
3 5322 15089 3912 
3 13955 11170 15089 
3 5171 15090 7306 
3 7701 3284 15090 
3 11945 15091 13599 
3 11945 10390 15091 
3 691 15092 7727 
3 692 693 15092 
3 13794 15093 14901 
3 9470 5646 15093 
3 12302 16495 7783 
3 7750 11122 15094 
3 510 15095 509 
3 4544 6141 15095 
3 7561 15096 4417 
3 11104 9853 15096 
3 16244 15097 10277 
3 5102 16016 15097 
3 4979 15098 1637 
3 9327 11560 15098 
3 5185 15099 3174 
3 8951 12238 15099 
3 2888 15100 12269 
3 4397 6719 15100 
3 7507 15101 13302 
3 11608 1879 15101 
3 16393 15102 10471 
3 6977 11640 15102 
3 6653 15330 10823 
3 15330 6399 8623 
3 10822 15104 7073 
3 11159 4547 15104 
3 11075 15105 6241 
3 3412 696 15105 
3 10416 15106 12810 
3 12539 4202 15106 
3 2484 15107 12497 
3 6271 2973 15107 
3 9444 15108 14050 
3 9444 16078 15108 
3 4234 15109 7513 
3 8293 1918 15331 
3 7633 15110 9897 
3 3496 15587 15110 
3 5127 15111 10963 
3 5127 12581 15111 
3 2053 15112 7355 
3 2053 9712 15112 
3 1400 15113 8724 
3 1399 1398 15113 
3 9465 15114 11695 
3 11691 3111 15114 
3 3332 15115 2487 
3 11039 6827 15115 
3 8870 15968 11701 
3 15968 12416 4639 
3 11183 15294 1718 
3 15294 12229 15117 
3 4547 15118 5928 
3 4547 11159 15118 
3 10602 15119 10540 
3 10602 6712 15119 
3 2774 15120 6543 
3 2774 12312 15120 
3 2700 15121 10510 
3 2700 11349 15121 
3 3119 15122 3396 
3 16265 1653 3831 
3 9498 15123 2063 
3 2962 7416 15123 
3 14307 15124 14129 
3 11939 13139 15124 
3 6538 15125 6620 
3 16434 14603 5298 
3 3965 15126 10661 
3 3965 9138 15126 
3 8363 15127 10524 
3 11850 5015 15127 
3 4744 15128 9979 
3 4744 11284 15128 
3 3250 15129 9024 
3 15044 3883 15129 
3 14749 15130 10558 
3 14749 3466 15130 
3 4437 15131 8810 
3 4812 10267 15542 
3 1171 15132 10843 
3 1172 1173 15132 
3 11771 16040 2149 
3 15339 10611 1658 
3 14829 15134 1994 
3 8805 9294 15134 
3 12982 15135 3974 
3 1863 9244 15135 
3 3971 15136 1691 
3 16072 5860 15160 
3 13760 15137 10646 
3 13760 7396 15137 
3 8640 15138 2505 
3 8640 1361 15138 
3 11594 15139 2400 
3 11594 11662 15139 
3 12309 15140 7732 
3 3536 13225 15140 
3 10773 15141 14843 
3 10773 12736 15141 
3 16000 15142 6385 
3 5777 4541 15142 
3 7946 15143 10759 
3 12535 5413 15143 
3 12251 15144 8932 
3 12251 11688 15144 
3 670 15145 669 
3 9522 7602 15145 
3 5709 15146 6177 
3 5709 6311 15146 
3 14827 15147 3909 
3 15030 7527 15147 
3 1728 15148 8219 
3 1728 10455 15148 
3 7215 15149 11032 
3 7215 13999 15149 
3 2211 15150 13918 
3 2211 11045 15150 
3 15729 15151 13404 
3 9139 13404 15151 
3 6591 15152 2285 
3 8173 16183 15152 
3 3547 15153 9210 
3 3547 14054 15153 
3 4831 15154 4498 
3 12818 2638 15154 
3 12283 15155 3935 
3 12283 3015 15155 
3 11349 15156 5647 
3 13712 4363 15156 
3 10797 15157 9126 
3 1974 11820 15157 
3 4908 15158 5121 
3 7536 1203 15158 
3 10004 15379 4695 
3 15379 12124 15159 
3 14252 15160 2103 
3 2556 16072 15160 
3 5073 15161 5214 
3 4267 2006 15161 
3 5470 15162 4482 
3 13315 10723 15162 
3 16141 15163 13196 
3 9260 2605 15163 
3 7555 15164 13531 
3 7555 5989 15164 
3 6371 15165 3949 
3 4572 2765 15165 
3 6172 15166 5812 
3 7112 5984 15166 
3 1803 15167 7761 
3 1803 8443 15167 
3 11270 15168 8319 
3 2960 9406 15168 
3 16510 15169 9692 
3 4036 12761 15169 
3 9935 15170 14848 
3 7532 8738 15170 
3 7233 15250 13570 
3 15250 12024 15171 
3 6831 15172 14403 
3 10432 8131 15172 
3 8061 15173 10818 
3 7425 3558 15173 
3 1740 15174 5901 
3 9383 4910 15174 
3 4545 16513 8855 
3 16513 5220 15175 
3 6482 15176 5777 
3 6482 7849 15847 
3 3026 15177 13340 
3 7188 12489 15177 
3 6350 15178 4731 
3 6350 4098 15178 
3 11698 15179 5869 
3 11698 7977 15179 
3 1908 15180 10153 
3 8898 8819 15180 
3 7602 15181 3406 
3 9618 13748 15181 
3 11571 15182 14209 
3 10000 10450 15182 
3 15062 15183 2226 
3 7789 4701 15183 
3 14529 15184 11329 
3 8316 3731 15184 
3 9454 15185 14695 
3 4028 4287 15185 
3 3185 15186 9635 
3 3185 7729 15186 
3 13689 15187 6323 
3 13689 12151 15187 
3 11532 15188 6833 
3 13927 5253 15188 
3 13766 15189 4210 
3 4855 9586 16312 
3 424 15190 423 
3 424 425 16400 
3 11741 15191 4128 
3 11741 2189 15191 
3 14930 15192 9187 
3 13924 3540 15192 
3 4985 15193 16092 
3 4985 14163 15193 
3 6901 15194 7340 
3 13408 9160 15194 
3 2072 15195 6596 
3 1779 11916 16242 
3 10728 15196 3779 
3 4667 5323 15196 
3 15771 15197 4817 
3 5379 9095 15197 
3 7630 15198 7794 
3 3733 5968 15198 
3 14628 15199 1826 
3 15857 10286 2361 
3 14979 15200 14545 
3 3078 4371 15200 
3 11091 15201 11963 
3 11091 5061 15201 
3 13561 15202 8580 
3 9169 15486 15202 
3 9710 15203 2454 
3 9710 13071 15203 
3 11331 15204 11977 
3 11331 3264 15204 
3 4750 15205 3264 
3 4750 16392 15205 
3 9432 13129 16512 
3 9681 9347 16306 
3 4088 15207 10140 
3 3837 9662 15207 
3 11473 15208 1935 
3 12268 15900 15208 
3 11689 15653 13475 
3 16599 12962 15209 
3 5018 15210 5744 
3 5018 6566 15210 
3 6311 15211 9357 
3 5319 2620 15211 
3 8422 15212 7846 
3 11407 6995 15212 
3 2540 12391 15950 
3 1689 8834 15213 
3 15792 15214 1824 
3 3007 12224 15214 
3 6217 15215 7577 
3 4600 10271 15215 
3 5714 15216 3499 
3 8279 14024 15216 
3 7886 15217 3004 
3 7886 14271 16392 
3 15028 15218 14852 
3 15028 11019 15218 
3 5101 15370 10285 
3 15370 3311 16234 
3 2255 15220 7285 
3 2565 7076 15220 
3 4860 15221 4835 
3 15828 8903 12031 
3 6643 15222 13930 
3 3063 4838 15222 
3 12702 15223 5295 
3 12702 3134 15223 
3 12639 15224 9442 
3 3222 6084 15224 
3 15520 15225 6791 
3 5764 9630 15225 
3 16489 15226 13898 
3 11387 10701 15226 
3 14582 15227 6163 
3 14582 6174 15227 
3 7408 15228 8984 
3 7408 7461 15228 
3 3505 15229 7937 
3 3505 3461 15229 
3 14268 15230 14472 
3 12970 11713 15230 
3 9524 15231 4821 
3 8786 11156 15231 
3 16066 15232 15017 
3 5943 6185 15232 
3 4613 15233 10839 
3 8678 9111 15233 
3 13434 15234 8775 
3 4989 8902 15234 
3 4355 15235 7569 
3 10427 14674 15235 
3 15732 16558 11938 
3 15948 1970 9606 
3 4449 15237 12026 
3 7749 12555 15237 
3 12411 15238 8486 
3 3212 9408 15238 
3 4707 15239 2197 
3 14506 11096 15239 
3 6261 15240 7085 
3 13237 7103 15240 
3 4832 15241 9627 
3 3889 1775 15241 
3 1437 15242 5445 
3 14626 14162 15242 
3 12812 15243 5797 
3 12812 4390 15243 
3 12958 15244 8741 
3 12958 14465 15244 
3 7011 15245 4131 
3 1701 2513 15245 
3 4542 15246 11217 
3 9377 7615 15246 
3 7142 15247 9624 
3 10704 14068 15960 
3 1676 15248 11299 
3 6386 13136 15248 
3 12806 15249 1608 
3 13998 4657 15249 
3 13570 15250 15171 
3 7233 6473 15250 
3 931 15251 2647 
3 14288 2467 15251 
3 16148 15252 10386 
3 10529 6242 15252 
3 5192 15253 7536 
3 5192 1206 15253 
3 15335 15254 2196 
3 14826 14137 15254 
3 6672 15255 5108 
3 2686 5733 16086 
3 12385 15256 3696 
3 12030 8336 15256 
3 8167 15257 9958 
3 8167 8379 15257 
3 11426 15258 12140 
3 6443 3008 15258 
3 5529 15259 8916 
3 5529 7883 15259 
3 13136 15260 11889 
3 6386 4877 15260 
3 1962 15261 8696 
3 6264 9190 15261 
3 12290 15262 13464 
3 7719 3344 15262 
3 5818 15263 11694 
3 13761 2384 15263 
3 13636 15264 7758 
3 10882 9537 15264 
3 3075 15265 3769 
3 7554 5887 15265 
3 3263 15266 14807 
3 13966 9971 15266 
3 3789 16537 9293 
3 16466 13325 4529 
3 13771 15268 2018 
3 3358 4406 15268 
3 7018 15269 3459 
3 7018 3651 15269 
3 16309 15270 1090 
3 13128 1878 15270 
3 10459 15271 7353 
3 10459 8804 15271 
3 7282 15272 11877 
3 7880 5561 15272 
3 13886 15273 9225 
3 14301 7422 15273 
3 15812 15274 8453 
3 14538 11831 15274 
3 13650 15275 14148 
3 3383 6876 15275 
3 12244 15276 8810 
3 11023 13271 15276 
3 13053 15277 11347 
3 13053 12128 15277 
3 15768 15278 13310 
3 7277 13416 15278 
3 13501 15279 9952 
3 2454 7853 15279 
3 13400 15280 16131 
3 10999 8039 15280 
3 12704 15839 3696 
3 8891 5762 15281 
3 11781 15282 3881 
3 11781 10746 15282 
3 7451 15283 15059 
3 2354 5708 15283 
3 12165 15284 6361 
3 8078 6627 15284 
3 7989 15285 8517 
3 10850 10393 15285 
3 11583 15286 10451 
3 11583 10665 15286 
3 3563 15287 12906 
3 7956 6080 15287 
3 4840 15288 2557 
3 6889 10313 15288 
3 11449 16111 15092 
3 8512 5587 15289 
3 13697 15290 14269 
3 4301 3991 15290 
3 2555 15291 7472 
3 12716 14844 15291 
3 2688 15292 2185 
3 2688 13867 15292 
3 1800 15293 10273 
3 1800 3327 15293 
3 1718 15294 15117 
3 15176 6482 15294 
3 15644 15295 10121 
3 4737 15365 15295 
3 8839 15296 14753 
3 11915 11112 15296 
3 12636 15297 6249 
3 12636 12594 15297 
3 12843 15298 12584 
3 2130 5711 15298 
3 10051 15299 7418 
3 2108 9569 15299 
3 3388 15300 11436 
3 7483 16176 15300 
3 13203 15301 11843 
3 3762 7596 15301 
3 16363 15302 16330 
3 1768 2832 15302 
3 7287 15303 8769 
3 9678 16552 15303 
3 12407 15304 9462 
3 12848 2164 15304 
3 4381 15305 9536 
3 4381 7757 15305 
3 1961 15306 12328 
3 3187 5412 15306 
3 7475 15307 9273 
3 2433 8430 15307 
3 9706 11970 15568 
3 11970 14026 15308 
3 3579 15309 2214 
3 4805 15661 15309 
3 15750 15310 11274 
3 11246 13526 15310 
3 4020 15311 8985 
3 2645 3700 15311 
3 9332 15312 8474 
3 9332 12455 15312 
3 11993 15313 16565 
3 11993 1952 15313 
3 12061 15314 10672 
3 12282 2376 15314 
3 14205 15315 5381 
3 14205 5822 15315 
3 15167 15316 7761 
3 9029 13426 15316 
3 2180 15317 7347 
3 7701 11493 15317 
3 12969 15318 9412 
3 12969 5047 15318 
3 9988 15319 1632 
3 15536 5494 15319 
3 519 15320 518 
3 15725 10054 12696 
3 9052 15321 14658 
3 9913 9143 15321 
3 11255 15322 9851 
3 11255 4797 15322 
3 16034 15323 13875 
3 13904 6664 15323 
3 16225 16424 6676 
3 8129 2216 15324 
3 2457 15325 13511 
3 8008 4904 15325 
3 8609 15326 4288 
3 8609 16350 15326 
3 5194 15327 4767 
3 5194 9262 15327 
3 12302 15328 16495 
3 12302 10009 15328 
3 8386 15329 13474 
3 14969 13346 15856 
3 10823 15330 15103 
3 5566 15367 15330 
3 8090 15331 1918 
3 3716 11446 15331 
3 16365 15332 9892 
3 1760 10536 15332 
3 14618 15333 10847 
3 14618 5040 15333 
3 3975 15334 3084 
3 15164 13981 15334 
3 14826 15335 2196 
3 14826 15254 15335 
3 6524 15336 7158 
3 6524 3894 15336 
3 14456 15337 7042 
3 3351 3434 15337 
3 3721 15338 10067 
3 14542 7424 16585 
3 16040 15339 15133 
3 10917 14865 15574 
3 1823 15340 9253 
3 2992 7303 15340 
3 13293 15341 12917 
3 9090 11364 15341 
3 4930 15342 11478 
3 15700 6985 11478 
3 4416 15343 6188 
3 10334 8308 15343 
3 13633 15344 7191 
3 9957 8799 16178 
3 6023 15345 7568 
3 6023 14768 15345 
3 10547 15346 13364 
3 10547 2931 15346 
3 13662 15347 4658 
3 8720 8948 15347 
3 16007 15348 8765 
3 12981 4308 15348 
3 1696 15349 5184 
3 3884 10036 15350 
3 3884 15350 15349 
3 6767 8103 15350 
3 10168 15351 14949 
3 13910 5196 15351 
3 11062 15352 5128 
3 11062 9781 15352 
3 9213 15353 3051 
3 2966 10616 15353 
3 3504 15697 12932 
3 2880 3755 15354 
3 12946 15355 9023 
3 8716 15513 15355 
3 12968 15356 14061 
3 13911 9403 15356 
3 7747 15357 2670 
3 16223 6404 14369 
3 13423 15358 8103 
3 13423 6184 15358 
3 1881 15359 4383 
3 9238 10236 15359 
3 1614 15360 11251 
3 11227 14946 15360 
3 337 15361 336 
3 337 338 15361 
3 6383 15362 13835 
3 6383 9683 15362 
3 5052 15363 12209 
3 5052 11462 15363 
3 5381 15364 14205 
3 3557 10980 15364 
3 8823 15365 4737 
3 3822 8918 15365 
3 3489 15366 3595 
3 3489 4673 15366 
3 8338 15367 2425 
3 5566 1600 15367 
3 6457 15368 11902 
3 5577 15427 15368 
3 10535 16491 3963 
3 11730 4219 15369 
3 10285 15370 15219 
3 5061 11091 15370 
3 5101 15371 14692 
3 5101 4456 15371 
3 11950 15372 5072 
3 7993 5531 15372 
3 8483 15373 12285 
3 5014 315 15373 
3 11280 15374 14925 
3 16179 8995 11433 
3 4447 15375 2040 
3 4447 1744 15375 
3 6587 15376 6829 
3 6587 7654 15376 
3 10584 15377 4005 
3 4409 8469 15377 
3 13734 15378 10190 
3 12362 2187 15378 
3 12124 15379 1994 
3 15159 4695 15379 
3 4608 15380 11851 
3 4608 9929 15380 
3 4229 15381 11131 
3 5017 15596 15381 
3 7684 15382 2654 
3 7684 8520 15382 
3 7862 15383 7803 
3 13498 10957 15383 
3 4997 15384 10158 
3 11265 10834 15384 
3 6389 15385 1603 
3 6389 4065 15385 
3 1015 15386 1014 
3 7965 12270 15386 
3 3657 15387 7917 
3 3657 11126 15387 
3 2372 15388 12964 
3 2372 7211 15388 
3 10681 15389 1069 
3 10681 1068 15389 
3 3688 15390 3033 
3 3688 12323 15390 
3 14751 15391 2816 
3 7332 6709 15391 
3 5006 15392 9133 
3 13114 6877 15392 
3 16586 15393 3272 
3 5620 10446 15393 
3 8821 15394 14916 
3 5489 14004 15394 
3 8737 15395 4522 
3 8737 15464 15395 
3 10960 15396 6511 
3 10960 13931 15396 
3 14677 15397 12835 
3 14677 11931 15397 
3 11019 15398 14852 
3 5398 10500 15398 
3 11450 15399 13376 
3 6625 2014 15399 
3 6325 15400 6231 
3 6325 2737 15400 
3 5956 15401 6402 
3 1702 6570 15401 
3 7369 15402 3267 
3 7369 3633 15402 
3 13314 16391 5065 
3 5094 12759 15403 
3 13314 15404 13633 
3 5065 10363 15404 
3 11014 15405 11192 
3 11014 8596 15405 
3 3078 15406 2622 
3 6574 9852 15406 
3 13229 15407 2805 
3 13229 12882 15407 
3 7975 15408 3999 
3 11783 13862 15408 
3 9317 15409 9997 
3 9317 10643 15409 
3 6841 15410 9758 
3 10538 1921 15410 
3 845 15411 844 
3 6150 2720 15411 
3 5962 15412 3110 
3 5962 7457 15412 
3 12255 15413 3846 
3 12255 2651 15413 
3 6124 15414 14428 
3 6124 4685 15414 
3 10684 15415 2603 
3 6748 8536 15415 
3 3413 15416 6326 
3 11953 12305 15416 
3 14957 15417 6443 
3 11405 7963 15417 
3 2102 15418 11535 
3 2230 10196 15418 
3 8068 15419 8611 
3 8068 2097 15419 
3 624 15420 12392 
3 11138 15003 15905 
3 16129 15421 6028 
3 16129 6387 15421 
3 1921 15422 11791 
3 4798 14350 15422 
3 12853 15423 15139 
3 5045 14802 15423 
3 6006 15424 2695 
3 6006 12200 15424 
3 8559 15425 8850 
3 6388 15204 15425 
3 14580 15426 6769 
3 14580 8695 15426 
3 15014 15427 5577 
3 10445 9910 15427 
3 10331 15428 15487 
3 10006 2844 15428 
3 10209 15429 12386 
3 6867 6958 15429 
3 10829 15430 16274 
3 10268 12681 15430 
3 2193 15431 3630 
3 14982 13513 15431 
3 323 15432 322 
3 6474 12471 15432 
3 6633 15433 6233 
3 6633 5056 15433 
3 4529 15434 10571 
3 6234 4050 15434 
3 14096 15435 1869 
3 14096 6936 15435 
3 4826 15436 8674 
3 5362 6699 15436 
3 8473 15437 6805 
3 8473 11911 15437 
3 4763 15438 4135 
3 4763 3036 15438 
3 4658 15439 13662 
3 9646 4349 15439 
3 2541 16433 2165 
3 6319 12583 15440 
3 14927 15441 12155 
3 14550 6742 15441 
3 5486 15442 12418 
3 5011 7625 15442 
3 11945 15443 10390 
3 4732 12373 15443 
3 6658 15444 12294 
3 6658 10790 15444 
3 2930 15445 9539 
3 6994 6778 15445 
3 6565 15446 2010 
3 3038 11559 15446 
3 4633 15447 10553 
3 10496 5722 15447 
3 7220 15448 32 
3 4540 30 15448 
3 10589 15449 7911 
3 10589 15982 15449 
3 3559 15450 13070 
3 1814 1934 15450 
3 9199 15451 4959 
3 3596 11728 15451 
3 13051 15452 5885 
3 11174 4329 15452 
3 15223 15453 5295 
3 2783 8831 15453 
3 2644 15454 6506 
3 2644 5622 15454 
3 8451 15455 8697 
3 4833 4129 15455 
3 11252 15456 4575 
3 2987 11805 15456 
3 13853 15457 13374 
3 2117 10679 15457 
3 6333 15458 14731 
3 15571 9455 13197 
3 4524 15459 8017 
3 7963 11405 15459 
3 3854 15460 9027 
3 3854 14278 15460 
3 2833 15461 14592 
3 11447 8881 15461 
3 3313 15462 4508 
3 3313 9375 15462 
3 13811 15463 12824 
3 6723 11635 15463 
3 13181 15464 6375 
3 13181 6454 15464 
3 4688 15465 4396 
3 6783 9049 15465 
3 4231 15466 2041 
3 4231 4155 15466 
3 8502 15467 13315 
3 8502 2549 15467 
3 11261 15468 4893 
3 5182 8959 15468 
3 8176 15469 3712 
3 5725 13835 15469 
3 13013 15470 4162 
3 2366 13402 15530 
3 13496 15471 5111 
3 13496 13897 15471 
3 4266 15472 4425 
3 4266 9202 15472 
3 1271 15995 14919 
3 14746 2333 15473 
3 15747 15474 14178 
3 8356 4969 15474 
3 13518 15475 11604 
3 468 469 15475 
3 8807 15476 11228 
3 10935 8789 15476 
3 4819 15477 12242 
3 6916 3279 15477 
3 5081 15478 11187 
3 1022 1023 15478 
3 6640 15479 4704 
3 5364 9222 15479 
3 8029 15480 6929 
3 8029 9406 15480 
3 10142 15481 13824 
3 11031 14085 15481 
3 13890 15482 2232 
3 12123 9743 15482 
3 8161 15483 9189 
3 8161 8846 15483 
3 5290 15484 12962 
3 15689 5103 15484 
3 14112 15485 11737 
3 10465 12578 15485 
3 8061 15486 9169 
3 8061 8442 15486 
3 10331 15487 6763 
3 15428 4655 15487 
3 3762 15488 13518 
3 13203 463 15488 
3 14790 15489 11009 
3 7263 8251 15489 
3 5473 16303 8762 
3 8207 8967 15490 
3 5912 15491 2147 
3 8884 14302 15491 
3 2348 15492 9675 
3 5495 7316 15492 
3 5118 15493 2276 
3 8088 2656 15493 
3 6503 15494 8419 
3 6503 2110 15494 
3 6914 15495 14805 
3 6510 7267 15495 
3 11334 15496 13825 
3 11334 11137 15496 
3 10517 16191 12558 
3 16191 2797 15497 
3 2410 15498 2443 
3 7295 10180 15498 
3 10351 15499 7253 
3 12332 11665 15499 
3 15824 15500 5083 
3 15824 12654 15500 
3 8102 15501 14346 
3 8102 10605 15501 
3 4278 15502 1819 
3 12988 14980 15502 
3 7416 15503 12107 
3 2485 5059 15503 
3 9202 15504 3493 
3 14795 7934 15504 
3 1993 15505 10921 
3 6054 9136 15505 
3 3625 15506 9568 
3 6805 16233 15506 
3 12462 15507 4561 
3 8211 6461 15507 
3 9551 15508 14282 
3 10991 12733 15508 
3 2707 15509 2606 
3 2707 7703 15509 
3 16127 15510 13597 
3 16127 9272 7101 
3 9501 15511 11754 
3 10421 13508 15511 
3 10515 15512 12595 
3 11714 9470 15512 
3 11660 15513 8716 
3 16167 14176 15513 
3 5808 15663 8275 
3 10358 13922 15514 
3 10342 15515 6391 
3 16019 8849 15515 
3 2019 15516 6213 
3 2019 441 15516 
3 8162 15517 6341 
3 13869 1852 15517 
3 7568 15518 7538 
3 15345 2414 15518 
3 13610 15519 5963 
3 9659 2886 15519 
3 10633 15520 6181 
3 10633 10820 15520 
3 848 15521 13996 
3 6335 850 15521 
3 15786 15522 11468 
3 10853 8269 15522 
3 10809 15523 10155 
3 11971 1966 15523 
3 5895 15524 1496 
3 2205 1498 15524 
3 3986 15525 8562 
3 3986 9804 15525 
3 9914 15526 9521 
3 9914 6228 15526 
3 12879 15527 12782 
3 14332 16119 15527 
3 3283 15528 3190 
3 3283 8237 15528 
3 3503 15529 10815 
3 3503 11384 15529 
3 15470 15530 6967 
3 15470 2366 15530 
3 14013 15531 4811 
3 2361 10375 15531 
3 6950 15532 2401 
3 2408 16216 15532 
3 10328 15533 7699 
3 10328 3807 15533 
3 4450 15534 8883 
3 4450 12422 15534 
3 15159 15590 4695 
3 13286 10242 15535 
3 8461 15536 15319 
3 8461 5795 15536 
3 9628 15537 5193 
3 9872 12054 15537 
3 14051 15538 4912 
3 14940 8173 15538 
3 3422 15539 10870 
3 3422 6019 15576 
3 7844 15540 6180 
3 7176 1034 15540 
3 13317 15541 4488 
3 13317 13368 15541 
3 4134 15542 4324 
3 15131 4437 15542 
3 5066 15543 9772 
3 9323 8614 15543 
3 13055 15544 13591 
3 13055 3723 15544 
3 14351 15545 7391 
3 14351 15086 15545 
3 14886 15546 8077 
3 2687 5944 15546 
3 2763 15547 9719 
3 6952 10339 15547 
3 11544 15548 14495 
3 5958 7408 15548 
3 5499 15549 4663 
3 5499 6951 15549 
3 16174 15550 4113 
3 7050 3802 15550 
3 3770 15551 12145 
3 8025 10625 15551 
3 14754 15552 12145 
3 619 7739 15552 
3 9507 15553 14613 
3 10455 1728 15553 
3 2431 15554 11000 
3 3211 3649 15554 
3 16529 15555 10862 
3 11878 15777 15555 
3 12866 15556 4662 
3 12866 3919 15556 
3 2892 15557 5866 
3 11245 5657 15557 
3 9591 15558 12023 
3 13382 6761 15558 
3 14393 15559 13299 
3 14393 14303 16367 
3 9006 15560 7380 
3 648 649 15560 
3 10213 15561 4674 
3 3546 1659 15561 
3 4593 15562 9702 
3 4334 11465 15562 
3 7385 15563 3230 
3 13443 7386 16479 
3 12363 15564 12366 
3 12363 6512 15564 
3 16090 15565 8826 
3 4778 2030 15565 
3 3450 15566 10222 
3 6100 149 15566 
3 12442 15567 8972 
3 12274 9087 15567 
3 3192 16059 15308 
3 16059 3068 12728 
3 4126 15569 2538 
3 4126 9915 15569 
3 15894 15570 9778 
3 14843 2599 15570 
3 6333 15571 15458 
3 6333 8288 15571 
3 14963 15572 11541 
3 8667 8323 15572 
3 12319 15573 4902 
3 12319 10908 15573 
3 10917 15574 15339 
3 14865 14070 15574 
3 7855 15575 13919 
3 4001 6954 15575 
3 3422 15576 15539 
3 1759 9579 15576 
3 9779 15577 2262 
3 9747 14306 15577 
3 9071 15578 4255 
3 9071 3866 15578 
3 3941 15579 3595 
3 6603 11861 15579 
3 12217 15580 9446 
3 2013 9036 15580 
3 13092 15581 2310 
3 8421 4842 15581 
3 6908 15582 6224 
3 6908 13797 15582 
3 6773 15583 8345 
3 9966 8553 15583 
3 8830 15584 13338 
3 8830 10247 15584 
3 11212 15585 3387 
3 11212 10153 15585 
3 1903 15586 11767 
3 4595 3349 15586 
3 10746 15587 1970 
3 10746 15110 15587 
3 5746 15588 8178 
3 16160 8047 13687 
3 5710 15589 14646 
3 5710 10954 15589 
3 4066 15590 13500 
3 4066 13286 15590 
3 13279 15591 8754 
3 4108 5526 15769 
3 2125 15592 6864 
3 2125 11836 15592 
3 9402 15593 13143 
3 12523 7453 15593 
3 13260 15594 13187 
3 14565 14811 15594 
3 14881 15595 8032 
3 14881 8954 15595 
3 12471 15596 15432 
3 10714 15381 15596 
3 5844 15597 10497 
3 13856 6907 15597 
3 5696 15598 11647 
3 5696 4424 15598 
3 3082 15599 12112 
3 13850 1944 15599 
3 8135 16126 7660 
3 1772 12050 15600 
3 11779 15601 4469 
3 13899 5133 15601 
3 7697 15602 11173 
3 7697 5995 15602 
3 2902 15603 13982 
3 2902 10359 15603 
3 9262 15604 9541 
3 2873 8968 15604 
3 15051 15605 6075 
3 7479 13211 15823 
3 8207 15606 4338 
3 15490 8762 15606 
3 3120 15607 5942 
3 9197 15042 15607 
3 5628 15608 4878 
3 14363 483 15608 
3 1925 15609 2433 
3 7645 5552 15609 
3 5021 15610 9404 
3 2713 8861 15610 
3 15558 15611 14073 
3 6761 6493 15611 
3 5742 15612 10678 
3 8214 5512 15612 
3 14928 15613 10068 
3 15088 3755 15613 
3 10618 15614 9845 
3 10618 14376 15614 
3 16335 15615 5741 
3 7874 11731 15615 
3 12525 15616 11680 
3 5716 14968 15616 
3 15059 15617 11856 
3 7111 5843 15617 
3 12606 15618 7653 
3 15462 9375 15618 
3 14380 2423 16291 
3 8142 3421 15619 
3 4579 15620 9868 
3 10828 3669 15620 
3 13614 15621 10052 
3 4621 15802 15621 
3 3879 15622 10412 
3 9121 12203 15622 
3 5527 15623 14962 
3 5527 8402 15623 
3 14606 15624 3509 
3 15015 10943 15624 
3 1075 15625 1074 
3 1075 12991 15625 
3 3400 15626 14150 
3 11899 11921 15626 
3 1667 15627 7335 
3 13389 15341 15627 
3 8807 15628 10935 
3 7426 12720 15628 
3 8928 15629 7401 
3 8928 4872 15629 
3 382 15630 381 
3 5807 2192 15630 
3 14977 15631 14099 
3 14977 1838 15631 
3 3628 15632 11998 
3 3628 13617 15632 
3 3507 15633 4279 
3 13456 7575 15633 
3 15004 15634 10900 
3 15004 12175 15634 
3 14879 15635 5813 
3 10901 15025 15635 
3 9490 15636 12549 
3 3320 14764 15636 
3 11404 15637 12530 
3 11404 2686 15637 
3 13611 15638 7548 
3 13611 10498 15638 
3 2008 15639 6452 
3 2008 16207 15639 
3 4461 15640 14011 
3 4461 7256 15640 
3 7672 15641 11622 
3 9159 11826 15641 
3 3292 15642 14682 
3 3292 3495 15642 
3 3508 15643 9821 
3 3508 7597 15643 
3 12158 15644 11129 
3 4737 15295 15644 
3 8048 15645 7870 
3 8048 10837 15645 
3 15940 15646 9673 
3 6928 8233 15646 
3 11973 15647 14071 
3 7254 14539 15647 
3 8006 15648 13254 
3 6684 3024 15648 
3 14390 15649 10725 
3 14390 15858 15924 
3 9255 15650 2298 
3 7759 4880 15650 
3 13046 15651 13178 
3 13046 9115 15651 
3 5607 15652 13618 
3 5607 13974 15652 
3 16599 15653 10783 
3 11689 7501 15653 
3 10439 15654 9254 
3 2928 5135 15654 
3 349 15655 348 
3 1799 13234 15655 
3 9666 15656 15623 
3 13933 15781 15656 
3 5999 15657 11376 
3 5999 9056 15657 
3 2889 15658 10128 
3 14567 14467 15658 
3 4185 15659 14290 
3 2349 8780 15659 
3 2542 15660 3245 
3 10573 3329 15660 
3 2493 15661 10366 
3 2493 7165 15661 
3 16097 15662 13546 
3 11809 7477 15662 
3 11762 15663 5808 
3 13600 7854 15663 
3 6330 15664 6281 
3 6330 15899 15664 
3 3793 15665 8841 
3 3793 14047 15665 
3 2323 15666 10016 
3 2323 7891 15666 
3 5940 15667 9005 
3 5940 4620 16116 
3 8484 15668 6809 
3 8484 5098 15668 
3 6063 15669 5013 
3 10274 13494 15669 
3 11954 15670 9259 
3 6193 14273 15670 
3 4882 15671 13067 
3 4882 16457 15671 
3 6711 15672 10973 
3 6711 3271 15672 
3 1247 15673 1248 
3 13008 1976 15673 
3 7912 15674 9377 
3 7912 12116 15674 
3 11806 15930 11891 
3 2693 5506 15675 
3 14517 15676 8658 
3 2094 10158 15676 
3 7861 15677 3855 
3 3267 15402 15677 
3 2939 15678 4952 
3 2939 6026 15678 
3 8939 15679 3094 
3 14129 4115 15679 
3 14454 15680 5888 
3 14454 4046 15680 
3 6957 15681 8652 
3 11184 3177 15681 
3 6145 16479 4429 
3 16479 15563 13443 
3 4320 15683 14254 
3 12909 5103 15683 
3 11776 16535 4276 
3 16535 2109 10385 
3 8192 15685 14639 
3 1911 9637 15685 
3 9816 15686 11346 
3 8568 6959 15686 
3 7117 15687 8740 
3 7117 13877 15687 
3 13962 15688 10108 
3 13962 7337 15688 
3 5290 15689 15484 
3 5290 6936 15689 
3 8123 15690 10970 
3 8123 7134 15690 
3 14685 15691 13065 
3 12537 2001 15691 
3 834 15692 11066 
3 835 836 15692 
3 2791 15693 13950 
3 2415 1690 15693 
3 15748 15694 13928 
3 13876 15986 15694 
3 3020 15695 4689 
3 12726 4327 16150 
3 3032 15696 9039 
3 3032 3655 15696 
3 12343 15697 7207 
3 2880 15354 15697 
3 13506 15698 13279 
3 13506 10765 15698 
3 3397 15699 2571 
3 4502 12886 15699 
3 5028 15700 15342 
3 5028 9166 15700 
3 6064 15701 8817 
3 15127 5015 15701 
3 13578 15702 8137 
3 13578 13452 15702 
3 5460 15703 2445 
3 9786 4260 15703 
3 2252 15704 3566 
3 2252 2843 15704 
3 897 15705 896 
3 9352 4096 15705 
3 11937 15706 13040 
3 10301 6388 15706 
3 5927 15707 2964 
3 5927 6235 15707 
3 10052 15708 6419 
3 10052 15621 15708 
3 5225 15991 2896 
3 15991 8007 15709 
3 16446 16410 10141 
3 5609 7317 15710 
3 10708 15711 1890 
3 3743 8581 15711 
3 11092 15712 14901 
3 11092 16146 15712 
3 14421 15713 9428 
3 14421 10531 15713 
3 3695 15714 11413 
3 3695 11570 15714 
3 2419 15715 1857 
3 5082 5723 15715 
3 10161 15716 15081 
3 15032 4627 15716 
3 9211 15717 4690 
3 11056 1797 15717 
3 9655 15718 10874 
3 9655 13749 15718 
3 4296 15719 13528 
3 4296 9644 15719 
3 12002 15720 9879 
3 12002 8517 15720 
3 6705 15721 12376 
3 8059 3162 16573 
3 11754 15722 9501 
3 11754 1897 15722 
3 14595 15723 6392 
3 14595 9179 15723 
3 2636 15724 13346 
3 15633 2999 15724 
3 519 15725 15320 
3 519 10054 15725 
3 4016 15726 6101 
3 3654 15073 15726 
3 1781 15727 8538 
3 9407 5110 15727 
3 4261 15728 4320 
3 4261 8434 15728 
3 756 15729 755 
3 756 757 15729 
3 14279 15730 4926 
3 4072 10233 15730 
3 5466 15731 2972 
3 7679 9247 15731 
3 6705 15732 11938 
3 3179 4655 15732 
3 8773 15733 6076 
3 8773 3262 15733 
3 15368 15734 5577 
3 15368 6457 15734 
3 8485 15735 2132 
3 8485 10227 15735 
3 10814 15736 5821 
3 10814 5196 15736 
3 6874 15737 3998 
3 6874 11747 15737 
3 3212 15738 14208 
3 12411 11537 15738 
3 2263 15739 13823 
3 16337 3816 15739 
3 8114 15740 9153 
3 8114 13737 15740 
3 12584 15741 2602 
3 3128 13867 15741 
3 14062 15742 4316 
3 14774 12475 15742 
3 12058 15743 4109 
3 2498 4184 15743 
3 11125 15744 2228 
3 7550 12274 15744 
3 10302 15745 13055 
3 7005 11355 15745 
3 299 15746 298 
3 2785 10506 15746 
3 15413 15747 12889 
3 9194 8940 15747 
3 4243 15748 14083 
3 4243 11992 15748 
3 5877 15749 11171 
3 4943 5264 15749 
3 16528 15750 11274 
3 12470 11246 15750 
3 14211 15755 10541 
3 3510 4634 15751 
3 1980 15752 13858 
3 4337 14769 15752 
3 15047 15753 13940 
3 947 948 15753 
3 604 15754 603 
3 1874 8505 15754 
3 14032 15755 14211 
3 3510 15751 15755 
3 5010 15756 2913 
3 16022 1910 14786 
3 3136 15757 8376 
3 3136 8399 15757 
3 9984 16282 13312 
3 12987 1853 15758 
3 9039 15759 3032 
3 9039 7439 16140 
3 10396 15760 4176 
3 10396 2135 15760 
3 1836 15761 13684 
3 1836 8190 15761 
3 8313 15762 5914 
3 3622 7189 15762 
3 5307 15763 3475 
3 5307 11685 15763 
3 10975 15764 13053 
3 10975 3045 15764 
3 8607 15931 8109 
3 2490 2089 15765 
3 9871 15766 14990 
3 3458 5262 15766 
3 6558 15767 12655 
3 2253 7194 15767 
3 7042 15768 13310 
3 15337 7277 15768 
3 15591 15769 3879 
3 15591 4108 15769 
3 8858 15770 5679 
3 3285 6038 15770 
3 15197 15771 6336 
3 11460 14941 15771 
3 3777 15772 13606 
3 11010 7288 15772 
3 7792 15773 4064 
3 4191 15792 15773 
3 8909 15774 9654 
3 8909 14505 15774 
3 13465 15775 8713 
3 13465 10143 15775 
3 11861 15776 14535 
3 15035 12027 15776 
3 15555 15777 4160 
3 11878 13043 15777 
3 13202 15778 9735 
3 7010 5162 15778 
3 2716 15779 11297 
3 2716 6380 15779 
3 5090 15780 4801 
3 6122 14724 15780 
3 4230 15781 13933 
3 5548 2375 15781 
3 4654 15782 3740 
3 4654 3142 15782 
3 3907 15783 7415 
3 7752 5370 15783 
3 15453 15784 2783 
3 15652 1745 15784 
3 1661 15785 14781 
3 8387 11660 15785 
3 15522 15786 4946 
3 11468 10879 16448 
3 11020 15787 9622 
3 11020 11475 15787 
3 7209 15788 2017 
3 5957 10032 15788 
3 11649 15789 9380 
3 9399 13080 15789 
3 6493 15790 6553 
3 14921 14963 15790 
3 16518 15791 4417 
3 10657 1699 15791 
3 15214 15792 4191 
3 1824 7978 16286 
3 3319 15793 6427 
3 3319 13015 15793 
3 7549 15794 5757 
3 12458 8687 15794 
3 15723 15795 6392 
3 14726 13025 15795 
3 13455 15796 2823 
3 13649 13146 15796 
3 4754 15797 1627 
3 15788 10032 15797 
3 2689 15798 15313 
3 8593 14499 15798 
3 11841 15799 8955 
3 11841 9376 15799 
3 16342 15800 13333 
3 5590 6289 15800 
3 4053 15801 6685 
3 4053 11388 15801 
3 15621 15802 13117 
3 10100 14324 15802 
3 9350 15803 2319 
3 9216 1870 15803 
3 4407 15804 6813 
3 4407 15256 15804 
3 14634 15805 4470 
3 16050 12994 1788 
3 13128 15806 10759 
3 13128 16309 15806 
3 7113 4052 16375 
3 8495 6475 15807 
3 14609 15808 5384 
3 15576 9579 15808 
3 7280 15809 3004 
3 7280 10728 15809 
3 3991 15810 15290 
3 10786 4883 15810 
3 11978 15811 9846 
3 6948 3642 15811 
3 2499 15812 8574 
3 2499 11196 15812 
3 5961 15813 811 
3 5961 3532 15813 
3 5443 15814 13298 
3 3765 5072 15814 
3 7031 15815 12039 
3 12819 4945 15815 
3 11370 15816 3309 
3 13764 4596 15816 
3 5712 15817 7327 
3 5712 1997 15817 
3 3938 15818 6203 
3 3938 2449 15818 
3 15259 15819 14009 
3 5645 3188 15819 
3 5986 15820 8662 
3 10251 6830 15820 
3 2355 15821 2274 
3 12013 13768 15821 
3 12923 15822 8203 
3 8259 6615 15822 
3 4705 15823 11262 
3 10375 10286 15823 
3 9527 15824 5083 
3 9527 2841 15824 
3 522 15825 521 
3 522 523 15825 
3 14300 15826 11544 
3 10967 1709 15826 
3 1908 15827 14144 
3 4393 9838 15827 
3 14228 15828 15221 
3 14228 4846 15828 
3 7860 15829 12100 
3 7157 13565 15829 
3 13167 15830 12347 
3 1837 9928 15830 
3 2987 15831 11805 
3 6155 16030 15831 
3 6426 15832 5866 
3 6426 14150 15832 
3 14093 15833 7326 
3 14772 9716 15833 
3 2621 15834 3039 
3 2621 10195 15834 
3 10429 15835 14353 
3 5856 14028 15835 
3 3610 15836 12065 
3 7746 14581 15836 
3 6837 15837 14770 
3 6837 2912 15837 
3 7529 15838 13332 
3 4122 12486 15838 
3 8891 15839 3338 
3 15281 3696 15839 
3 11078 15840 535 
3 10590 7438 15840 
3 14632 15841 8563 
3 12291 14616 15841 
3 15790 15842 6553 
3 15790 14963 15842 
3 5145 15843 1114 
3 5145 1113 15843 
3 13779 16546 5089 
3 10873 11527 15844 
3 15449 15845 3760 
3 15449 10898 15845 
3 14525 15946 11426 
3 6286 7969 15846 
3 15294 15847 2759 
3 7849 5630 15847 
3 16576 15848 3559 
3 12164 3559 15848 
3 4242 15849 3492 
3 4242 7346 15849 
3 7895 15850 11568 
3 11574 9947 15850 
3 15126 15851 13583 
3 5921 11369 15851 
3 4032 15852 9764 
3 4032 1793 15852 
3 9924 15853 6709 
3 9924 9411 15853 
3 13444 15854 12646 
3 4246 8958 15854 
3 2337 15855 5160 
3 11825 10756 15855 
3 4875 15856 2999 
3 4875 13474 15856 
3 14628 15857 15199 
3 14628 12051 15857 
3 15924 15858 1726 
3 14390 9348 15858 
3 3180 15859 13221 
3 9878 8764 15859 
3 6062 15860 2764 
3 6062 2704 15860 
3 7014 15861 6464 
3 14485 8249 15861 
3 7263 15862 8251 
3 11431 3272 15862 
3 13570 15863 10280 
3 13570 15171 15863 
3 12720 15864 9664 
3 5751 2777 15864 
3 15823 15865 15605 
3 10286 12051 15865 
3 16091 15866 14338 
3 2981 5176 15866 
3 7065 15867 12774 
3 7065 4584 15867 
3 14673 15868 9722 
3 14673 8603 15868 
3 12323 16335 2162 
3 2162 16335 15869 
3 12612 15870 4610 
3 10260 7230 15870 
3 3482 15871 7890 
3 13528 15719 15871 
3 13404 15872 6815 
3 13404 2488 15872 
3 8502 15873 14029 
3 2909 11454 16194 
3 14881 15874 12740 
3 14881 12883 15874 
3 4666 15875 3813 
3 9352 15705 15875 
3 6309 15876 4174 
3 6309 5590 15876 
3 11969 15877 10424 
3 11969 6744 15877 
3 5746 15878 15588 
3 3183 8047 16160 
3 9876 15879 8331 
3 2298 15650 15879 
3 15299 15880 10377 
3 9569 14405 15880 
3 3976 15881 12214 
3 8938 12973 15881 
3 5300 15882 5945 
3 1793 5679 15882 
3 13801 15883 9672 
3 12174 8260 15883 
3 5801 15884 2326 
3 5801 7995 15884 
3 7471 15885 14163 
3 4533 11546 15885 
3 10983 15886 5130 
3 10983 4089 15886 
3 9838 15887 9290 
3 3194 5584 15887 
3 10154 15888 3817 
3 10154 9081 15888 
3 11465 15889 7260 
3 6283 12544 15889 
3 14734 15890 10526 
3 12337 10715 15890 
3 8826 15891 10940 
3 8826 15565 15891 
3 8342 15892 6361 
3 14905 2275 15892 
3 7302 15893 5138 
3 13726 6392 15893 
3 6132 15894 5214 
3 6132 10773 15894 
3 4081 15895 10259 
3 7068 13154 16015 
3 7487 15896 16333 
3 7487 2662 15896 
3 15187 15897 6323 
3 9847 14643 15897 
3 14536 15898 2594 
3 2516 9632 15898 
3 9754 15899 11777 
3 8303 15664 15899 
3 6035 15900 6752 
3 12268 13244 15900 
3 9643 15901 8064 
3 11221 13522 15901 
3 3767 15902 3480 
3 2265 2396 15902 
3 12298 15903 10188 
3 12298 8494 15903 
3 4117 15904 6235 
3 4117 10101 15904 
3 4788 15905 8204 
3 15420 11138 15905 
3 9490 15906 6227 
3 12549 15636 15906 
3 15983 15907 8464 
3 2341 9683 15907 
3 9394 15908 3554 
3 9394 14084 16456 
3 2531 15909 8234 
3 2531 1620 15909 
3 8189 15910 4662 
3 14543 12866 15910 
3 13162 15911 5545 
3 12209 15363 15911 
3 6939 15912 15786 
3 9709 4946 15912 
3 11371 15913 11782 
3 11371 11854 15913 
3 7607 15914 14752 
3 7607 14998 15914 
3 11677 15915 10436 
3 14003 14165 15915 
3 6042 15916 15007 
3 11685 14565 15916 
3 2691 15917 1548 
3 5283 7710 16321 
3 14633 15918 4913 
3 2613 4784 15918 
3 10061 15919 10584 
3 12463 11072 15919 
3 5128 15920 10194 
3 9242 8731 15920 
3 9103 15921 13584 
3 6228 14184 15921 
3 9963 15922 7496 
3 9963 427 15922 
3 7357 15975 10740 
3 5769 13185 15923 
3 9796 15924 1726 
3 9588 15649 15924 
3 7734 15925 7804 
3 7734 3781 15925 
3 4697 15926 13221 
3 582 583 15926 
3 2868 15927 5905 
3 12975 1970 15927 
3 2064 15928 3785 
3 3719 3757 15928 
3 12186 15929 8645 
3 12186 8169 15929 
3 7714 15930 11806 
3 7714 10928 15930 
3 6569 15931 11085 
3 2490 15765 15931 
3 2831 15932 9305 
3 10048 1964 15932 
3 14488 15933 10484 
3 7998 6011 15933 
3 16197 15934 3449 
3 6605 3592 15934 
3 1816 15935 4813 
3 3087 8731 15935 
3 7059 15936 14841 
3 7059 15765 15936 
3 4981 15937 7444 
3 2843 11770 15937 
3 11378 15938 4237 
3 11053 5950 15938 
3 6451 15939 10464 
3 10354 6037 15939 
3 8974 15940 1649 
3 13802 15646 15940 
3 15514 15941 13320 
3 15514 13922 15941 
3 15039 15942 9569 
3 15039 3150 15942 
3 11364 15943 14223 
3 3894 8956 15943 
3 6098 15944 10985 
3 6098 8182 15944 
3 2382 15945 13656 
3 2382 9706 15945 
3 15846 15946 6286 
3 15846 11426 15946 
3 15006 15947 4718 
3 1857 4195 15947 
3 11938 16558 15236 
3 16558 6989 1970 
3 14103 15949 1643 
3 14103 6738 15949 
3 2540 15950 12940 
3 15213 8834 15950 
3 14423 15951 12324 
3 11275 5909 15951 
3 16104 15952 12086 
3 6934 12151 15952 
3 1858 15953 9334 
3 1811 7261 15953 
3 1753 15954 3058 
3 10497 4694 15954 
3 7289 15955 6499 
3 9807 12366 15955 
3 12572 15956 14198 
3 3326 12306 15956 
3 14511 15957 11773 
3 6778 6994 15957 
3 13781 15958 14694 
3 13781 10295 15958 
3 8143 15959 4884 
3 3479 3581 15959 
3 9346 15960 13864 
3 4100 15247 15960 
3 14610 15961 2478 
3 1664 7868 15961 
3 12160 15962 13138 
3 4086 6726 15962 
3 37 15963 4056 
3 9226 14239 15963 
3 14563 15964 3447 
3 14563 2881 15964 
3 3962 15965 9677 
3 3962 5175 15965 
3 9980 15966 7349 
3 10716 14534 15966 
3 1583 15967 14358 
3 10702 1777 15967 
3 11701 15968 15116 
3 8870 4720 15968 
3 4935 15969 12354 
3 4935 12501 15969 
3 2191 15970 14071 
3 2191 3044 15970 
3 2841 15971 8576 
3 2841 9527 15971 
3 9161 15972 12793 
3 14407 11371 15972 
3 5095 15973 11661 
3 5095 15115 15973 
3 6419 15974 14111 
3 8094 7649 15974 
3 15923 15975 5769 
3 3416 6644 15975 
3 10032 15976 4546 
3 3095 16419 15976 
3 11220 15977 6515 
3 11783 15408 15977 
3 14958 15978 3947 
3 14958 207 15978 
3 13052 15979 6232 
3 6556 13094 15979 
3 4578 15980 12938 
3 16453 5893 14895 
3 997 15981 7533 
3 1003 1004 15981 
3 13250 15982 2170 
3 10589 13273 15982 
3 2636 15983 8176 
3 13346 15907 15983 
3 6903 15984 11094 
3 10682 3617 15984 
3 11946 15985 12897 
3 4241 11795 15985 
3 5315 15986 13876 
3 5315 12383 15986 
3 6390 15987 8847 
3 8613 13875 16384 
3 3127 15988 14497 
3 570 571 15988 
3 5858 15989 3426 
3 5858 1881 15989 
3 15827 15990 9448 
3 13676 1981 15990 
3 2896 15991 15709 
3 3594 11389 15991 
3 5639 15992 4218 
3 8427 16038 15992 
3 12184 15993 14155 
3 12184 13473 15993 
3 8231 15994 11528 
3 5469 9259 16595 
3 7677 15995 6119 
3 7677 9831 15995 
3 13804 15996 10022 
3 5333 12429 15996 
3 16183 15997 11697 
3 16183 14940 15997 
3 13177 15998 8291 
3 5505 14038 15998 
3 3370 15999 9173 
3 3351 15337 15999 
3 5701 16000 12041 
3 6482 15142 16000 
3 14914 16001 10970 
3 14914 11755 16001 
3 6958 16002 4660 
3 9116 11965 16002 
3 7559 16003 12755 
3 7559 10634 16003 
3 8874 16004 4423 
3 14389 14509 16004 
3 6969 16005 6447 
3 6969 14197 16005 
3 9644 16006 12800 
3 9644 15826 16006 
3 3611 16007 8765 
3 12981 15348 16007 
3 3162 16008 6722 
3 10094 6705 16008 
3 9466 16009 14065 
3 10946 16296 16009 
3 6459 16010 5051 
3 14251 11375 16010 
3 11067 16011 2031 
3 11067 11238 16011 
3 6905 16012 9094 
3 4773 12379 16012 
3 6647 16013 11550 
3 8187 3514 16013 
3 2218 16014 13509 
3 7741 13724 16014 
3 7068 16015 15895 
3 13154 4038 16015 
3 9714 16016 9608 
3 5102 8354 16016 
3 15325 16017 5626 
3 15325 4904 16017 
3 14208 16018 3212 
3 14208 8072 16018 
3 3952 16019 15515 
3 5190 4887 16019 
3 10621 16020 15629 
3 6613 13652 16020 
3 2651 16021 13157 
3 2651 12255 16021 
3 5010 16022 15756 
3 14756 6922 16022 
3 11436 16023 7867 
3 11436 9369 16023 
3 1151 16024 1150 
3 1151 1152 16024 
3 4509 16025 6820 
3 13682 11633 16025 
3 14505 16026 3785 
3 14505 4474 16026 
3 13855 16027 14056 
3 13855 1600 16027 
3 1442 16028 10112 
3 1442 1441 16028 
3 3483 16029 15808 
3 3483 11650 16029 
3 15831 16030 4213 
3 6155 13429 16030 
3 5874 16579 3203 
3 16579 15830 16031 
3 13679 16032 10754 
3 14417 2515 16032 
3 4970 16033 1790 
3 7947 9799 16033 
3 6390 16034 11455 
3 2165 15323 16034 
3 5616 16035 6409 
3 11212 3387 16035 
3 5593 16036 8984 
3 10167 16183 16036 
3 15000 16037 12700 
3 15000 14081 16037 
3 14211 16038 8427 
3 10782 5044 16038 
3 13376 16039 7296 
3 15399 1751 16039 
3 14483 16040 8125 
3 10917 15339 16040 
3 16372 16041 2267 
3 1906 5758 16041 
3 8354 16042 6582 
3 2593 5868 16042 
3 660 16043 659 
3 5302 8954 16043 
3 4183 16044 6956 
3 4183 9747 16044 
3 8402 16045 2750 
3 11055 6372 16045 
3 3745 16046 11033 
3 11928 5464 16046 
3 10659 16047 3214 
3 10659 13914 16047 
3 13954 16048 9538 
3 13954 6445 16048 
3 7429 16049 10678 
3 4778 3612 16049 
3 5316 16050 15805 
3 5316 12994 16050 
3 14734 16051 13415 
3 8713 5508 16051 
3 8925 16052 6267 
3 8925 16118 16052 
3 9158 16053 10435 
3 5076 4938 16053 
3 683 16054 682 
3 14676 681 16054 
3 14642 16055 14876 
3 11818 12305 16520 
3 6765 16056 15053 
3 1915 7712 16056 
3 6621 16057 1865 
3 6621 4568 16057 
3 3928 16058 5244 
3 4486 3057 16058 
3 15308 16059 15568 
3 2983 1930 16059 
3 10648 16060 8778 
3 14260 2467 16060 
3 15455 16061 8697 
3 15455 4129 16061 
3 7156 16062 5514 
3 7156 14961 16062 
3 3542 16063 10418 
3 12267 13126 16063 
3 13004 16064 5693 
3 1806 13232 16064 
3 8650 16065 2625 
3 5843 11576 16065 
3 5293 16066 10722 
3 14610 15232 16066 
3 15163 16067 12839 
3 10852 3077 16067 
3 13959 16068 13786 
3 14141 11116 16068 
3 16361 16069 9926 
3 15014 13926 16069 
3 3256 16070 12423 
3 7229 13432 16070 
3 6315 16071 12076 
3 6315 16484 16071 
3 5403 16072 15136 
3 13385 9870 16072 
3 14821 16073 8917 
3 14821 11063 16073 
3 3470 16074 15148 
3 6047 10372 16074 
3 10150 16075 6109 
3 10150 9227 16075 
3 8391 16076 10418 
3 8212 14233 16076 
3 7556 16077 10639 
3 5116 9257 16077 
3 8287 16078 9444 
3 12183 14417 16078 
3 7145 16079 9956 
3 7145 6831 16079 
3 10263 16080 10939 
3 10263 10465 16080 
3 10417 16081 10534 
3 4281 11727 16081 
3 3884 16082 10036 
3 13231 6236 16082 
3 5638 16083 3875 
3 5638 8683 16083 
3 2895 16084 3035 
3 9127 9874 16084 
3 4980 16085 11862 
3 8366 3069 16085 
3 2178 16086 9034 
3 15255 2686 16086 
3 4808 16087 8768 
3 16310 11663 6287 
3 8479 16088 10488 
3 8479 14996 16088 
3 14777 16089 1680 
3 9756 2235 16089 
3 9570 16090 8826 
3 11735 6203 16090 
3 5502 16091 3746 
3 7318 15866 16091 
3 1708 16092 10671 
3 1708 4985 16092 
3 7538 16093 8445 
3 10363 7196 16093 
3 13525 16094 10906 
3 10039 5870 16094 
3 5113 16095 14975 
3 5113 6801 16095 
3 1617 16096 3555 
3 1617 4252 16096 
3 9684 16097 11146 
3 9684 11809 16097 
3 13809 16098 13536 
3 13809 14243 16098 
3 5171 16099 7701 
3 5171 14437 16099 
3 2719 16100 4151 
3 5277 11224 16100 
3 4653 16101 3989 
3 7174 6266 16101 
3 10529 16102 6682 
3 3605 913 16102 
3 9478 16103 2898 
3 4818 10604 16103 
3 13076 16104 11222 
3 6934 15952 16104 
3 2127 16105 4589 
3 11453 7745 16243 
3 13888 16106 10089 
3 10766 4155 16106 
3 14318 16107 8728 
3 14318 14021 16107 
3 7282 16108 9754 
3 13880 2061 16108 
3 9682 16109 13576 
3 9682 3800 16109 
3 10165 16110 11280 
3 16404 12543 16110 
3 15289 16111 8512 
3 15289 15092 16111 
3 7107 16112 3980 
3 11761 13648 16112 
3 1683 16113 8246 
3 7608 9998 16113 
3 14597 16114 9416 
3 14597 7621 16114 
3 9329 16115 8087 
3 3893 3339 16115 
3 5940 16116 15667 
3 4620 14424 16116 
3 16104 16117 11222 
3 16104 12086 16117 
3 13103 16118 7808 
3 13103 14457 16118 
3 2222 16119 6094 
3 8406 3813 16119 
3 7743 16120 12887 
3 13458 10406 16161 
3 6222 16121 12171 
3 6222 141 16121 
3 14164 16122 12410 
3 14164 5619 16122 
3 14373 16123 10400 
3 1671 15964 16123 
3 9575 16124 8905 
3 2730 9426 16124 
3 6077 16125 11787 
3 6077 7841 16125 
3 4239 16126 8135 
3 3341 14783 16126 
3 8845 16127 13597 
3 8845 9272 16127 
3 9834 16128 13196 
3 12448 4294 16128 
3 3548 16129 6028 
3 11589 6387 16129 
3 16537 16130 15267 
3 2406 5329 16130 
3 3042 16131 7342 
3 15280 14263 16557 
3 293 16132 12094 
3 294 295 16132 
3 14803 16133 3693 
3 10785 4608 16572 
3 6765 16134 3340 
3 6765 8428 16134 
3 1602 16135 12097 
3 8272 4106 16135 
3 13812 16136 10959 
3 13812 3814 16136 
3 9727 16137 8655 
3 9727 5647 16137 
3 9001 16138 5292 
3 10378 6240 16138 
3 14898 16139 4194 
3 5871 2283 16139 
3 3951 16298 7439 
3 7106 15759 16140 
3 13134 16331 11999 
3 16331 15163 16141 
3 924 16142 923 
3 6001 12838 16142 
3 10169 16143 7456 
3 10169 6108 16143 
3 2859 16144 2121 
3 6779 9566 16144 
3 16336 16145 7403 
3 13460 8841 16316 
3 15712 16146 11147 
3 5646 9470 16146 
3 3294 16147 12754 
3 7755 7411 16147 
3 3605 16148 10386 
3 10529 15252 16148 
3 2399 16149 12872 
3 12098 16454 16149 
3 15695 16150 4142 
3 13848 11282 16150 
3 8487 16151 5102 
3 8487 3472 16151 
3 12039 16152 14994 
3 15815 4945 16152 
3 12526 16289 8707 
3 3751 7770 16153 
3 2128 16154 5405 
3 2128 9634 16154 
3 9297 16155 1698 
3 5931 2495 16155 
3 5254 16156 3887 
3 405 406 16156 
3 14942 16157 10358 
3 2123 10652 16157 
3 16534 16158 4172 
3 11486 10833 16158 
3 7776 16159 1660 
3 7776 14794 16159 
3 15878 16160 13259 
3 15878 3183 16160 
3 16327 16161 10406 
3 9309 478 16161 
3 1646 16162 13327 
3 1646 7060 16162 
3 9440 16163 13242 
3 9440 4761 16163 
3 13256 16164 7776 
3 13256 10478 16164 
3 12950 16165 2443 
3 11525 11016 16165 
3 10971 16166 10824 
3 5814 13787 16166 
3 11660 16167 15513 
3 7100 5928 16167 
3 5006 16168 15392 
3 4861 5127 16168 
3 8818 16169 11352 
3 12238 11653 16169 
3 11084 16170 13659 
3 5824 2707 16170 
3 15322 16171 9851 
3 3680 7250 16171 
3 12482 16172 13042 
3 9395 13056 16172 
3 12309 16584 4915 
3 7651 5692 16173 
3 6529 16174 6545 
3 6529 6013 16174 
3 14351 16492 12018 
3 2610 5649 16175 
3 9248 16176 11385 
3 9369 15300 16176 
3 3137 16177 7966 
3 2172 11088 16177 
3 9957 16178 15344 
3 8799 9886 16178 
3 12543 16179 15374 
3 12543 15189 16312 
3 15590 16180 3090 
3 8759 4517 16180 
3 2075 16181 7600 
3 4273 10014 16483 
3 7052 16182 9307 
3 3798 9739 16182 
3 16036 16183 11697 
3 8173 14940 16183 
3 5849 16184 5004 
3 5849 4356 16184 
3 12393 16185 6367 
3 12393 2517 16185 
3 11142 16186 1633 
3 12073 4130 16186 
3 16360 16187 11114 
3 16360 13361 16187 
3 12654 16188 15500 
3 5305 10630 16188 
3 10463 16189 14683 
3 15758 1853 16189 
3 8977 16190 11403 
3 13131 6539 16190 
3 2797 16191 12860 
3 15497 12558 16191 
3 5464 16192 2225 
3 5464 11928 16192 
3 5994 16193 11907 
3 11123 3841 16193 
3 12156 16194 8583 
3 2834 14029 16194 
3 3723 16195 2760 
3 14833 14839 16195 
3 15938 16477 4237 
3 5141 10150 16196 
3 8669 16197 3449 
3 8669 7938 16197 
3 15715 16198 1857 
3 15715 3341 16198 
3 2156 16199 8859 
3 6666 8699 16199 
3 3037 16200 8644 
3 13878 3937 16200 
3 12993 16201 1809 
3 14215 9861 16201 
3 11664 16202 5409 
3 11664 9628 16202 
3 4670 16203 6745 
3 4670 12042 16203 
3 16258 16204 14657 
3 11224 2705 16204 
3 12069 16205 2788 
3 12069 2899 16205 
3 13727 16206 15065 
3 7818 6770 16206 
3 4859 16207 2008 
3 9072 5629 16207 
3 4877 16208 5859 
3 4877 10297 16208 
3 1933 16209 3706 
3 13914 10659 16209 
3 3747 16210 4665 
3 11603 13851 16210 
3 7217 16211 9509 
3 13912 11824 16211 
3 5500 16212 7442 
3 5500 15024 16212 
3 1739 16213 12476 
3 1739 3904 16213 
3 4339 16214 9331 
3 4339 10144 16214 
3 10049 16215 13907 
3 8455 14091 16215 
3 1681 16216 2408 
3 1681 1832 16216 
3 14542 16217 7424 
3 7329 1962 16217 
3 16116 16218 15667 
3 10292 7689 16218 
3 5069 16219 4683 
3 4063 8974 16219 
3 3727 16220 3365 
3 4535 10597 16220 
3 1617 16221 12800 
3 6560 9122 16221 
3 12106 16222 2704 
3 12106 16139 16476 
3 7747 16223 15357 
3 7747 8630 16223 
3 6588 16224 2770 
3 6588 10063 16224 
3 9725 16225 6676 
3 13973 5297 16225 
3 13026 16226 10281 
3 13026 14892 16226 
3 7040 16227 12788 
3 11923 9102 16227 
3 6734 16228 13088 
3 14518 7397 16228 
3 8412 16229 3914 
3 8412 1746 16229 
3 1541 16230 10199 
3 11100 6630 16230 
3 15132 16231 2825 
3 1174 1175 16231 
3 14158 16232 2425 
3 14158 11122 16232 
3 15506 16233 1610 
3 11687 9517 16233 
3 15370 16234 3411 
3 3311 9316 16234 
3 9451 16235 4124 
3 8986 2059 16235 
3 10752 16236 13076 
3 10752 6500 16236 
3 11198 16237 14955 
3 11198 9159 16237 
3 13717 16238 2967 
3 13194 8133 16238 
3 2911 16239 1958 
3 5170 2687 16239 
3 7150 16240 9127 
3 11727 6230 16240 
3 4710 16246 3457 
3 12403 9660 16246 
3 2558 16242 5286 
3 15195 1779 16242 
3 12705 16243 5158 
3 8595 16105 16243 
3 9899 16244 11951 
3 8487 5102 16244 
3 12011 16245 4103 
3 2449 3938 16245 
3 13471 16246 3294 
3 16241 3457 16246 
3 12767 16247 2844 
3 7009 14473 16247 
3 14254 16248 4320 
3 14254 14096 16248 
3 9961 16249 1618 
3 11353 7759 16249 
3 2726 16250 2534 
3 2726 2994 16250 
3 1849 16251 11810 
3 6143 6734 16251 
3 4102 16252 14677 
3 9962 13158 16252 
3 1910 16253 14721 
3 6922 6102 16253 
3 4175 16254 15328 
3 4175 9967 16254 
3 2581 16255 13281 
3 12880 13107 16255 
3 11944 16256 10457 
3 7335 12586 16256 
3 12306 16257 14869 
3 1656 5945 16257 
3 14022 16258 14657 
3 14022 5122 16258 
3 10225 16259 6138 
3 6028 11232 16259 
3 5847 16260 7890 
3 5847 4839 16260 
3 4766 16261 5079 
3 12742 11041 16261 
3 8824 16262 6564 
3 3920 5180 16262 
3 13635 16263 13479 
3 9413 10578 16263 
3 6930 16264 4480 
3 5240 10230 16264 
3 12341 16265 15122 
3 12341 7000 16265 
3 1154 16266 1153 
3 8302 1933 16266 
3 10699 16267 12336 
3 5863 9719 16267 
3 2020 16268 5589 
3 2020 1291 16268 
3 10480 16269 6170 
3 10031 10724 16269 
3 11168 16270 9584 
3 6362 2142 16270 
3 4312 16271 15739 
3 9637 9815 16271 
3 9516 16272 12691 
3 5633 12340 16272 
3 8397 16273 3925 
3 6216 16567 16273 
3 10829 16274 13020 
3 15430 12681 16274 
3 10144 16275 16214 
3 10144 11510 16275 
3 11705 16412 12149 
3 11705 12299 16412 
3 14798 16277 5947 
3 2768 14420 16277 
3 13693 16278 13161 
3 12911 3017 16278 
3 11812 16279 3631 
3 5802 9057 16279 
3 16195 16280 10182 
3 3723 2102 16280 
3 2331 16281 8571 
3 2331 12345 16281 
3 15758 16282 12987 
3 15758 13312 16282 
3 11616 16283 5993 
3 11616 2652 16283 
3 10902 16284 7512 
3 8540 12043 16284 
3 14282 16285 4498 
3 4762 3444 16285 
3 4232 16286 7978 
3 8748 15792 16286 
3 3157 16287 8624 
3 12121 14779 16287 
3 12202 16288 7918 
3 7862 7109 16288 
3 8707 16289 16153 
3 12526 2934 16289 
3 8182 16290 2077 
3 8182 14489 16290 
3 14380 16291 2340 
3 15619 13845 16291 
3 11473 16292 15208 
3 11473 1654 16292 
3 8175 16293 6066 
3 8175 9027 16293 
3 5851 16294 9724 
3 5851 10588 16294 
3 3169 16295 11979 
3 4977 5697 16295 
3 16009 16296 14739 
3 8329 1051 16296 
3 2470 16297 3558 
3 2470 10328 16297 
3 8223 16298 9013 
3 8223 11500 16298 
3 4411 16299 13113 
3 4411 9527 16299 
3 9517 16300 14062 
3 9517 3675 16300 
3 5188 16301 2055 
3 5188 6398 16301 
3 2671 16302 10557 
3 2671 3686 16302 
3 7693 16303 3572 
3 15606 8762 16303 
3 13808 16304 9828 
3 11073 5699 16304 
3 7066 16305 6618 
3 5414 10170 16305 
3 9681 16306 15206 
3 8844 13973 16306 
3 4352 16366 2046 
3 14010 3088 16307 
3 12440 16308 15855 
3 239 240 16308 
3 1092 16309 1091 
3 11002 6300 16309 
3 6838 16310 16087 
3 6838 11889 16310 
3 10742 16311 13775 
3 2081 13777 16311 
3 13703 16312 15189 
3 9586 8995 16312 
3 12443 16313 11867 
3 4894 8410 16313 
3 9724 16314 12572 
3 14007 14416 16314 
3 2575 16315 6437 
3 6432 7890 16315 
3 13460 16316 16145 
3 8841 3145 16316 
3 1311 16317 1312 
3 11135 7538 16317 
3 4522 16318 2107 
3 14462 13302 16318 
3 12264 16319 4780 
3 12264 4914 16319 
3 16108 16320 9754 
3 16108 2061 16320 
3 5232 16321 7710 
3 10688 1553 16321 
3 8623 16322 13491 
3 14049 8847 16322 
3 10920 16323 6031 
3 9327 15098 16323 
3 14670 16324 11496 
3 14670 3649 16324 
3 5063 16325 3543 
3 5063 4002 16325 
3 12953 16326 5215 
3 6255 14696 16326 
3 16161 16327 9974 
3 10406 13658 16327 
3 8957 16328 13014 
3 8957 9022 16328 
3 5922 16329 11031 
3 3096 2427 16329 
3 4335 16330 15302 
3 11209 11108 16330 
3 6979 16331 13134 
3 9260 15163 16331 
3 2478 16332 14813 
3 15041 7224 16332 
3 2662 16333 15896 
3 16204 2705 16333 
3 15833 16334 7326 
3 15833 9716 16334 
3 15869 16335 5729 
3 5741 2140 16335 
3 9882 16336 7403 
3 8390 2664 16336 
3 16271 16337 15739 
3 14102 3816 16337 
3 8693 16338 12157 
3 10536 7194 16338 
3 11549 16339 10828 
3 4217 2047 16339 
3 10594 16340 10432 
3 9143 9913 16340 
3 10931 16341 8598 
3 14770 3729 16341 
3 6764 16342 7248 
3 6764 15800 16342 
3 10849 16343 3545 
3 10849 3131 16343 
3 5029 16344 7961 
3 12621 10527 16344 
3 711 16345 1686 
3 10155 15523 16345 
3 3705 16346 8738 
3 3705 6481 16346 
3 4095 16347 10345 
3 4095 3027 16347 
3 6673 16348 9345 
3 6673 3984 16348 
3 4209 16349 2329 
3 10600 13955 16349 
3 12424 16350 12577 
3 8609 4810 16350 
3 15194 16351 8575 
3 9160 11606 16351 
3 13813 16352 9457 
3 3751 13745 16352 
3 2201 16353 8746 
3 2201 9179 16353 
3 15376 16354 6829 
3 7181 15134 16354 
3 16591 16355 2759 
3 10316 8046 16355 
3 12878 16356 6002 
3 9769 13601 16356 
3 2550 16357 3424 
3 2550 8689 16357 
3 2864 16358 8700 
3 10473 8178 16358 
3 4285 16359 14797 
3 10604 6712 16359 
3 10320 16360 11114 
3 15266 9971 16360 
3 16069 16361 11855 
3 7127 1849 16361 
3 14128 16362 2989 
3 8339 5981 16362 
3 13537 16363 9709 
3 13537 1768 16363 
3 12972 16364 9155 
3 12972 10452 16364 
3 6555 16365 15079 
3 1760 15332 16365 
3 13123 16366 10229 
3 13123 6797 16366 
3 3771 16367 11356 
3 7656 15559 16367 
3 16009 16368 14065 
3 2497 5401 16368 
3 2166 16369 12308 
3 7779 14963 16369 
3 14244 16370 11250 
3 10915 4998 16370 
3 6942 16371 8964 
3 6942 9244 16371 
3 12112 16372 7310 
3 12112 1906 16372 
3 5276 16373 4690 
3 5276 2212 16373 
3 5660 16374 2723 
3 13048 8574 16374 
3 12033 16375 7284 
3 12033 7113 16375 
3 6938 16376 5468 
3 14261 2419 16376 
3 14990 16377 3272 
3 11613 14599 16377 
3 16399 16378 11588 
3 7208 9357 16378 
3 15776 16379 4321 
3 8210 2714 16379 
3 8537 16380 6638 
3 13698 2707 16380 
3 10940 16381 9865 
3 10940 15891 16381 
3 10356 16382 10813 
3 11244 11420 16382 
3 14936 16383 10305 
3 4040 14902 16383 
3 8152 16384 4617 
3 3005 15987 16384 
3 1998 16385 8494 
3 2723 4211 16385 
3 11101 16386 9628 
3 9356 90 16386 
3 2487 16387 12573 
3 2487 5095 16387 
3 5546 16388 8738 
3 3898 8605 16388 
3 4965 16389 9832 
3 3626 4520 16389 
3 10296 16390 1680 
3 7338 16488 16390 
3 5094 16391 13314 
3 5094 15403 16391 
3 9183 16392 4750 
3 9183 5114 16392 
3 3405 16393 6567 
3 6977 15102 16393 
3 7781 16394 7382 
3 7781 11256 16394 
3 2652 16395 9132 
3 2652 7382 16395 
3 15109 16396 7513 
3 15109 15331 16396 
3 14588 16397 3718 
3 7746 15836 16397 
3 4490 16398 3501 
3 4490 10829 16398 
3 6365 16399 11588 
3 14212 7108 16399 
3 424 16400 15190 
3 425 426 16400 
3 14586 16401 8106 
3 14586 5008 16401 
3 15042 16402 11624 
3 9197 3324 16402 
3 3061 16403 3725 
3 11542 1937 16403 
3 10165 16404 16110 
3 3513 2811 16404 
3 14069 16405 9395 
3 14069 2481 16405 
3 10395 16406 3750 
3 14492 14668 16406 
3 2316 16407 12062 
3 2942 10654 16407 
3 14818 16408 10125 
3 8429 3471 16408 
3 9972 16409 2113 
3 8134 14998 16409 
3 5609 16410 5318 
3 15710 9902 16410 
3 4156 16411 2795 
3 12923 1845 16411 
3 2820 16412 12299 
3 11314 7319 16593 
3 14651 16413 11048 
3 14651 9627 16413 
3 4118 16414 9159 
3 12472 13133 16414 
3 4468 16415 8157 
3 9969 5129 16415 
3 6656 16416 7379 
3 6573 9621 16416 
3 13604 16417 12316 
3 2673 11762 16417 
3 11195 16418 10212 
3 16282 9984 16418 
3 15976 16419 10469 
3 3095 7209 16419 
3 4182 16420 9182 
3 6416 10076 16420 
3 4999 16421 10364 
3 8707 8349 16421 
3 12874 16422 4298 
3 3905 4384 16422 
3 4352 16423 8017 
3 4352 2380 16423 
3 6676 16424 15324 
3 5297 14072 16424 
3 2095 16425 7841 
3 7334 8906 16425 
3 10415 16426 6305 
3 7333 3510 16426 
3 8213 16427 7728 
3 9342 13291 16427 
3 9118 16428 14277 
3 9118 4476 16428 
3 12127 16429 4293 
3 12127 7873 16429 
3 6667 16430 3635 
3 3395 2126 16430 
3 15338 16431 14542 
3 13403 2313 16431 
3 3847 16432 14787 
3 10072 12758 16432 
3 2165 16433 15440 
3 2541 12901 16433 
3 6538 16434 15125 
3 6538 14603 16434 
3 10488 16435 8702 
3 10488 8882 16435 
3 6437 16436 5480 
3 2796 7497 16436 
3 6332 16437 10914 
3 10712 12556 16437 
3 3427 16438 7636 
3 12880 7069 16438 
3 3352 16439 6825 
3 3352 15889 16439 
3 15664 16440 4755 
3 6305 7116 16440 
3 4020 16441 6685 
3 14471 10259 16441 
3 6586 16442 2919 
3 6586 14407 16442 
3 2659 16443 5185 
3 6921 8241 16443 
3 12654 16444 16188 
3 9424 6825 16444 
3 5495 16445 11257 
3 6509 8091 16445 
3 13809 16446 14243 
3 14629 16410 16446 
3 5236 16447 15027 
3 7185 4094 16447 
3 11468 16448 15786 
3 3629 6273 16448 
3 3154 16449 10053 
3 12500 5512 16449 
3 4574 16450 7871 
3 4005 5363 16450 
3 7850 16451 13866 
3 14082 13301 16451 
3 10721 16452 12090 
3 12166 11006 16452 
3 9790 16453 15980 
3 9229 5893 16453 
3 2705 16454 7487 
3 2705 2769 16454 
3 15835 16455 14353 
3 13713 11586 16455 
3 10447 16456 5417 
3 2177 15908 16456 
3 4603 16457 4742 
3 4603 11312 16457 
3 6254 16458 13201 
3 3103 9034 16458 
3 5007 16459 5794 
3 10981 14589 16459 
3 15114 16460 11695 
3 3111 14997 16460 
3 14233 16461 7889 
3 6720 8946 16461 
3 7265 16462 14775 
3 7502 12203 16462 
3 11932 16463 7162 
3 15240 7103 16463 
3 8943 16464 8694 
3 8943 3670 16464 
3 14145 16465 3690 
3 14145 7315 16465 
3 13325 16466 16130 
3 4529 11139 16466 
3 14336 16467 12491 
3 14336 14275 16467 
3 10931 16468 8686 
3 7193 4712 16468 
3 12344 16469 11327 
3 16446 10141 16469 
3 7395 16470 10568 
3 11742 7301 16470 
3 4127 16471 6411 
3 1715 14308 16471 
3 5734 16472 3575 
3 5734 4707 16472 
3 3279 16473 13755 
3 2182 4765 16473 
3 3982 16474 3961 
3 13827 9002 16474 
3 2546 16475 10920 
3 4370 13813 16475 
3 12106 16476 16222 
3 16139 1794 16476 
3 16196 16477 5141 
3 16196 4237 16477 
3 13677 16478 11266 
3 13677 3029 16478 
3 4429 16479 15682 
3 6145 6604 16479 
3 8337 16480 14667 
3 8337 4738 16480 
3 447 16481 446 
3 5981 3176 16481 
3 2701 16482 6788 
3 14123 9233 16482 
3 4273 16483 16181 
3 10014 12870 16483 
3 11950 16484 14528 
3 3765 16071 16484 
3 4352 16485 10229 
3 15459 5237 16485 
3 2570 16486 8971 
3 2570 8552 16486 
3 7612 16487 8526 
3 7962 6311 16487 
3 9244 16488 4083 
3 9244 16390 16488 
3 11387 16489 2891 
3 13898 8518 16489 
3 15708 16490 8387 
3 15621 13117 16490 
3 3963 16491 15369 
3 10535 14375 16491 
3 12018 16492 16175 
3 14351 7391 16492 
3 5225 16493 3594 
3 5225 4206 16493 
3 4232 16494 8510 
3 16512 16306 13973 
3 14105 16495 15328 
3 14105 7750 16495 
3 5514 16496 9324 
3 5514 10811 16496 
3 5536 16497 10383 
3 15858 7732 16497 
3 16562 16498 10177 
3 16562 13975 16498 
3 6801 16499 10288 
3 6801 6683 16499 
3 1776 16500 12694 
3 1776 13952 16500 
3 9873 16501 9241 
3 9873 2207 16501 
3 2012 16502 12314 
3 7807 13474 16502 
3 12287 16503 4803 
3 12287 9755 16503 
3 14891 16504 8934 
3 4461 3066 16504 
3 6042 16505 15522 
3 15007 10853 16505 
3 16594 16506 5111 
3 11611 4034 16506 
3 8395 16507 5350 
3 13720 14616 16507 
3 6205 16508 9340 
3 16555 4730 16508 
3 13140 16509 10983 
3 9341 3965 16509 
3 15512 16510 12595 
3 8987 6344 16510 
3 14779 16511 8831 
3 14779 8403 16511 
3 4232 16512 16494 
3 4232 9432 16512 
3 8855 16513 15175 
3 11373 5220 16513 
3 11715 16514 15508 
3 11715 10656 16514 
3 14204 16515 4823 
3 14204 10588 16515 
3 8957 16516 1916 
3 7760 14320 16516 
3 4396 16517 7175 
3 4396 9049 16517 
3 15096 16518 4417 
3 15096 10657 16518 
3 10149 16519 2937 
3 10149 6532 16519 
3 14876 16520 8820 
3 16055 11818 16520 
3 6672 16521 3274 
3 5108 5883 16521 
3 6162 16522 6911 
3 6162 7825 16522 
3 13424 16523 13851 
3 3738 6775 16523 
3 15947 16524 7314 
3 4239 2835 16524 
3 14033 16525 4476 
3 4889 9942 16525 
3 10734 16526 5439 
3 10734 8978 16526 
3 26 16527 25 
3 26 27 16527 
3 8104 16528 3468 
3 12470 15750 16528 
3 15555 16529 3072 
3 10862 8095 16529 
3 14857 16530 14156 
3 14857 10598 16530 
3 12389 16531 9643 
3 12218 9563 16531 
3 3479 16532 6991 
3 15959 8143 16532 
3 9399 16533 9303 
3 2351 3438 16533 
3 3720 16534 4172 
3 3720 11486 16534 
3 3305 16535 15684 
3 11776 9025 16535 
3 2137 16536 8229 
3 10645 14981 16536 
3 2406 16537 3730 
3 15267 9293 16537 
3 12868 16538 6039 
3 3502 5260 16538 
3 11278 16539 12559 
3 11278 10748 16539 
3 9112 16540 10985 
3 8745 16313 16540 
3 13307 16541 2150 
3 3092 13273 16541 
3 14526 16542 5176 
3 14526 5758 16542 
3 13547 16543 5597 
3 6460 9518 16543 
3 15687 16544 7452 
3 5932 14319 16544 
3 3711 16545 14229 
3 1843 2256 16545 
3 13037 16546 13779 
3 13037 12420 16546 
3 12503 16547 14841 
3 12503 11924 16547 
3 4155 16548 11693 
3 6662 7132 16548 
3 14814 16549 13322 
3 14814 13168 16549 
3 3489 16550 5465 
3 3489 3595 16550 
3 7379 16551 14956 
3 11548 6729 16551 
3 15303 16552 5517 
3 9678 6839 16552 
3 1761 16553 15084 
3 3843 4333 16553 
3 16324 16554 11496 
3 11433 7934 16554 
3 6205 16555 16508 
3 6205 4346 16555 
3 2466 16556 13359 
3 5267 13995 16556 
3 16131 16557 14831 
3 16131 15280 16557 
3 6989 16558 15050 
3 15948 15236 16558 
3 15767 16559 12655 
3 4163 3234 16559 
3 9879 16560 11263 
3 3192 15308 16560 
3 2115 16561 5816 
3 2115 13709 16561 
3 14544 16562 10177 
3 14544 13975 16562 
3 9737 16563 10793 
3 9737 11534 16563 
3 3465 16564 8363 
3 2886 9845 16564 
3 9173 16565 15313 
3 8051 7449 16565 
3 8417 16566 6932 
3 7584 7546 16566 
3 7871 16567 6216 
3 16450 5363 16567 
3 3859 16568 1751 
3 3859 10501 16568 
3 6592 16569 3222 
3 8077 15546 16569 
3 1766 16570 11866 
3 13391 3029 16570 
3 13230 16571 13141 
3 13230 7146 16571 
3 16133 16572 10815 
3 16133 10785 16572 
3 8059 16573 15721 
3 10009 12302 16573 
3 13313 16574 9626 
3 2472 2873 16574 
3 10655 16575 8491 
3 10655 11528 16575 
3 7896 16576 13512 
3 12023 12164 16576 
3 11595 16577 10587 
3 13450 8110 16577 
3 4353 16578 11811 
3 11790 6377 16578 
3 3203 16579 16031 
3 5874 8082 16579 
3 13852 16580 6760 
3 13852 6542 16580 
3 13018 16581 12661 
3 4027 13420 16581 
3 12384 16582 11614 
3 1835 14318 16582 
3 10617 16583 7316 
3 4085 3811 16583 
3 12019 16584 7972 
3 12019 13606 16584 
3 15338 16585 11157 
3 7424 7476 16585 
3 14838 16586 3272 
3 5799 15393 16586 
3 3814 16587 6153 
3 2868 12997 16587 
3 7729 16588 14947 
3 7729 3185 16588 
3 3757 16589 15928 
3 3757 5839 16589 
3 11016 16590 13263 
3 13083 11834 16590 
3 5356 16591 2430 
3 5356 16355 16591 
3 11210 16592 5424 
3 11817 8209 16592 
3 16412 16593 16276 
3 16412 11314 16593 
3 2234 16594 4171 
3 2234 1627 16594 
3 5469 16595 15994 
3 9259 14273 16595 
3 7172 16596 12365 
3 7172 10848 16596 
3 6174 16597 13009 
3 7619 3464 16597 
3 4491 16598 8848 
3 4491 16244 16598 
3 12962 16599 10783 
3 15209 15653 16599 
