5994 2 0 0
0 4.59905e+06 28895.6
1 4.60713e+06 -28946.5
2 4.9998e+06 -31415.2
3 5e+06 0
4 4.9998e+06 31415.1
5 4.9998e+06 31415.1
6 4.9996e+06 62830.2
7 4.99901e+06 94240.3
8 4.58634e+06 86462.6
9 4.59905e+06 28895.6
10 4.99901e+06 94240.3
11 4.99842e+06 125650
12 4.99743e+06 157051
13 4.59403e+06 144374
14 4.57835e+06 122177
15 4.57707e+06 117173
16 4.58634e+06 86462.6
17 4.62941e+06 203744
18 4.59403e+06 144374
19 4.99743e+06 157051
20 4.99645e+06 188451
21 4.99507e+06 219836
22 4.65851e+06 263712
23 4.62941e+06 203744
24 4.99507e+06 219836
25 4.99368e+06 251222
26 4.99191e+06 282587
27 4.68108e+06 324050
28 4.65851e+06 263712
29 4.99191e+06 282587
30 4.99013e+06 313953
31 4.98796e+06 345293
32 4.69692e+06 384506
33 4.68108e+06 324050
34 4.98796e+06 345293
35 4.98579e+06 376634
36 4.98323e+06 407945
37 4.70587e+06 444835
38 4.69692e+06 384506
39 4.98323e+06 407945
40 4.98067e+06 439256
41 4.97771e+06 470532
42 4.70783e+06 504784
43 4.70587e+06 444835
44 4.97771e+06 470532
45 4.97476e+06 501809
46 4.97141e+06 533045
47 4.70276e+06 564101
48 4.70783e+06 504784
49 4.97141e+06 533045
50 4.96806e+06 564282
51 4.96432e+06 595474
52 4.69068e+06 622537
53 4.70276e+06 564101
54 4.96432e+06 595474
55 4.96057e+06 626666
56 4.95644e+06 657809
57 4.67164e+06 679856
58 4.69068e+06 622537
59 4.95644e+06 657809
60 4.95231e+06 688951
61 4.94778e+06 720040
62 4.6458e+06 735819
63 4.67164e+06 679856
64 4.94778e+06 720040
65 4.94326e+06 751128
66 4.93834e+06 782157
67 4.6133e+06 790227
68 4.6458e+06 735819
69 4.93834e+06 782157
70 4.93343e+06 813186
71 4.92813e+06 844151
72 4.57441e+06 842859
73 4.6133e+06 790227
74 4.92813e+06 844151
75 4.92282e+06 875115
76 4.91713e+06 906011
77 4.53881e+06 895419
78 4.54972e+06 870653
79 4.57441e+06 842859
80 4.91713e+06 906011
81 4.91144e+06 936907
82 4.90536e+06 967728
83 4.50977e+06 948712
84 4.53881e+06 895419
85 4.90536e+06 967728
86 4.89928e+06 998550
87 4.89281e+06 1.02929e+06
88 4.47593e+06 1.00049e+06
89 4.50977e+06 948712
90 4.89281e+06 1.02929e+06
91 4.88634e+06 1.06004e+06
92 4.87949e+06 1.09069e+06
93 4.43746e+06 1.0506e+06
94 4.47593e+06 1.00049e+06
95 4.87949e+06 1.09069e+06
96 4.87263e+06 1.12135e+06
97 4.8654e+06 1.15192e+06
98 4.39454e+06 1.09894e+06
99 4.43746e+06 1.0506e+06
100 4.8654e+06 1.15192e+06
101 4.85816e+06 1.1825e+06
102 4.85054e+06 1.21297e+06
103 4.34811e+06 1.14557e+06
104 4.34939e+06 1.14343e+06
105 4.39454e+06 1.09894e+06
106 4.85054e+06 1.21297e+06
107 4.84292e+06 1.24345e+06
108 4.83491e+06 1.27383e+06
109 4.31449e+06 1.1949e+06
110 4.34811e+06 1.14557e+06
111 4.83491e+06 1.27383e+06
112 4.82691e+06 1.30421e+06
113 4.81852e+06 1.33448e+06
114 4.2775e+06 1.24273e+06
115 4.31449e+06 1.1949e+06
116 4.81852e+06 1.33448e+06
117 4.81014e+06 1.36476e+06
118 4.80137e+06 1.39493e+06
119 4.23726e+06 1.289e+06
120 4.2775e+06 1.24273e+06
121 4.80137e+06 1.39493e+06
122 4.79261e+06 1.4251e+06
123 4.78347e+06 1.45515e+06
124 4.19393e+06 1.33361e+06
125 4.23726e+06 1.289e+06
126 4.78347e+06 1.45515e+06
127 4.77432e+06 1.48521e+06
128 4.7648e+06 1.51515e+06
129 4.14765e+06 1.37652e+06
130 4.19393e+06 1.33361e+06
131 4.7648e+06 1.51515e+06
132 4.75528e+06 1.54508e+06
133 4.74539e+06 1.5749e+06
134 4.09859e+06 1.41766e+06
135 4.14765e+06 1.37652e+06
136 4.74539e+06 1.5749e+06
137 4.73549e+06 1.60472e+06
138 4.72522e+06 1.63441e+06
139 4.07555e+06 1.46729e+06
140 4.08064e+06 1.43132e+06
141 4.09859e+06 1.41766e+06
142 4.72522e+06 1.63441e+06
143 4.71495e+06 1.6641e+06
144 4.70431e+06 1.69366e+06
145 4.06525e+06 1.52155e+06
146 4.07555e+06 1.46729e+06
147 4.70431e+06 1.69366e+06
148 4.69367e+06 1.72321e+06
149 4.68266e+06 1.75264e+06
150 4.05242e+06 1.57509e+06
151 4.06525e+06 1.52155e+06
152 4.68266e+06 1.75264e+06
153 4.67164e+06 1.78206e+06
154 4.66026e+06 1.81134e+06
155 4.05982e+06 1.63698e+06
156 4.04486e+06 1.60108e+06
157 4.05242e+06 1.57509e+06
158 4.66026e+06 1.81134e+06
159 4.64888e+06 1.84062e+06
160 4.63713e+06 1.86976e+06
161 4.08497e+06 1.7071e+06
162 4.05982e+06 1.63698e+06
163 4.63713e+06 1.86976e+06
164 4.62539e+06 1.8989e+06
165 4.61327e+06 1.92788e+06
166 4.10571e+06 1.7767e+06
167 4.08497e+06 1.7071e+06
168 4.61327e+06 1.92788e+06
169 4.60116e+06 1.95687e+06
170 4.58868e+06 1.9857e+06
171 4.12182e+06 1.8455e+06
172 4.10571e+06 1.7767e+06
173 4.58868e+06 1.9857e+06
174 4.57621e+06 2.01453e+06
175 4.56337e+06 2.04321e+06
176 4.13311e+06 1.91327e+06
177 4.12182e+06 1.8455e+06
178 4.56337e+06 2.04321e+06
179 4.55053e+06 2.07188e+06
180 4.53733e+06 2.10039e+06
181 4.13943e+06 1.97973e+06
182 4.13311e+06 1.91327e+06
183 4.53733e+06 2.10039e+06
184 4.52414e+06 2.1289e+06
185 4.51058e+06 2.15724e+06
186 4.14063e+06 2.04463e+06
187 4.13943e+06 1.97973e+06
188 4.51058e+06 2.15724e+06
189 4.49703e+06 2.18558e+06
190 4.48312e+06 2.21375e+06
191 4.13662e+06 2.10771e+06
192 4.14063e+06 2.04463e+06
193 4.48312e+06 2.21375e+06
194 4.46921e+06 2.24192e+06
195 4.45494e+06 2.26991e+06
196 4.12732e+06 2.16873e+06
197 4.13662e+06 2.10771e+06
198 4.45494e+06 2.26991e+06
199 4.44068e+06 2.2979e+06
200 4.42607e+06 2.32571e+06
201 4.1127e+06 2.22744e+06
202 4.12732e+06 2.16873e+06
203 4.42607e+06 2.32571e+06
204 4.41146e+06 2.35352e+06
205 4.39649e+06 2.38114e+06
206 4.09275e+06 2.28362e+06
207 4.1127e+06 2.22744e+06
208 4.39649e+06 2.38114e+06
209 4.38153e+06 2.40877e+06
210 4.36623e+06 2.4362e+06
211 4.06753e+06 2.33704e+06
212 4.09275e+06 2.28362e+06
213 4.36623e+06 2.4362e+06
214 4.35092e+06 2.46364e+06
215 4.33527e+06 2.49088e+06
216 4.0371e+06 2.38753e+06
217 4.06753e+06 2.33704e+06
218 4.33527e+06 2.49088e+06
219 4.31962e+06 2.51812e+06
220 4.30363e+06 2.54516e+06
221 4.00156e+06 2.4349e+06
222 4.0371e+06 2.38753e+06
223 4.30363e+06 2.54516e+06
224 4.28763e+06 2.5722e+06
225 4.2713e+06 2.59904e+06
226 3.96107e+06 2.479e+06
227 4.00156e+06 2.4349e+06
228 4.2713e+06 2.59904e+06
229 4.25497e+06 2.62587e+06
230 4.23831e+06 2.6525e+06
231 3.9158e+06 2.5197e+06
232 3.96107e+06 2.479e+06
233 4.23831e+06 2.6525e+06
234 4.22164e+06 2.67913e+06
235 4.20464e+06 2.70555e+06
236 3.87797e+06 2.56482e+06
237 3.89032e+06 2.53871e+06
238 3.9158e+06 2.5197e+06
239 4.20464e+06 2.70555e+06
240 4.18764e+06 2.73197e+06
241 4.17031e+06 2.75818e+06
242 3.84831e+06 2.6153e+06
243 3.87797e+06 2.56482e+06
244 4.17031e+06 2.75818e+06
245 4.15298e+06 2.78438e+06
246 4.13532e+06 2.81036e+06
247 3.81426e+06 2.66284e+06
248 3.84831e+06 2.6153e+06
249 4.13532e+06 2.81036e+06
250 4.11766e+06 2.83634e+06
251 4.09968e+06 2.8621e+06
252 3.77593e+06 2.70729e+06
253 3.81426e+06 2.66284e+06
254 4.09968e+06 2.8621e+06
255 4.0817e+06 2.88786e+06
256 4.06339e+06 2.91339e+06
257 3.73347e+06 2.74853e+06
258 3.77593e+06 2.70729e+06
259 4.06339e+06 2.91339e+06
260 4.04508e+06 2.93893e+06
261 4.02646e+06 2.96423e+06
262 3.68701e+06 2.78645e+06
263 3.73347e+06 2.74853e+06
264 4.02646e+06 2.96423e+06
265 4.00783e+06 2.98953e+06
266 3.98889e+06 3.01459e+06
267 3.63676e+06 2.82096e+06
268 3.68701e+06 2.78645e+06
269 3.98889e+06 3.01459e+06
270 3.96995e+06 3.03965e+06
271 3.9507e+06 3.06447e+06
272 3.58289e+06 2.852e+06
273 3.63676e+06 2.82096e+06
274 3.9507e+06 3.06447e+06
275 3.93144e+06 3.0893e+06
276 3.91188e+06 3.11388e+06
277 3.52563e+06 2.87954e+06
278 3.58289e+06 2.852e+06
279 3.91188e+06 3.11388e+06
280 3.89231e+06 3.13846e+06
281 3.87244e+06 3.16279e+06
282 3.46521e+06 2.90354e+06
283 3.52563e+06 2.87954e+06
284 3.87244e+06 3.16279e+06
285 3.85257e+06 3.18712e+06
286 3.83239e+06 3.2112e+06
287 3.40189e+06 2.92401e+06
288 3.46521e+06 2.90354e+06
289 3.83239e+06 3.2112e+06
290 3.81221e+06 3.23528e+06
291 3.79173e+06 3.2591e+06
292 3.33589e+06 2.94098e+06
293 3.40189e+06 2.92401e+06
294 3.79173e+06 3.2591e+06
295 3.77126e+06 3.28293e+06
296 3.75048e+06 3.30649e+06
297 3.28408e+06 2.96948e+06
298 3.32388e+06 2.94335e+06
299 3.33589e+06 2.94098e+06
300 3.75048e+06 3.30649e+06
301 3.72971e+06 3.33006e+06
302 3.70864e+06 3.35336e+06
303 3.23376e+06 2.9987e+06
304 3.28408e+06 2.96948e+06
305 3.70864e+06 3.35336e+06
306 3.68757e+06 3.37666e+06
307 3.6662e+06 3.3997e+06
308 3.20972e+06 3.0523e+06
309 3.21765e+06 3.00694e+06
310 3.23376e+06 2.9987e+06
311 3.6662e+06 3.3997e+06
312 3.64484e+06 3.42274e+06
313 3.62319e+06 3.4455e+06
314 3.19501e+06 3.1157e+06
315 3.20972e+06 3.0523e+06
316 3.62319e+06 3.4455e+06
317 3.60154e+06 3.46827e+06
318 3.57961e+06 3.49076e+06
319 3.17696e+06 3.17696e+06
320 3.19501e+06 3.1157e+06
321 3.57961e+06 3.49076e+06
322 3.55768e+06 3.51325e+06
323 3.53546e+06 3.53546e+06
324 3.15557e+06 3.23589e+06
325 3.17696e+06 3.17696e+06
326 3.53546e+06 3.53546e+06
327 3.51325e+06 3.55768e+06
328 3.49076e+06 3.57961e+06
329 3.13081e+06 3.29228e+06
330 3.15557e+06 3.23589e+06
331 3.49076e+06 3.57961e+06
332 3.46827e+06 3.60154e+06
333 3.4455e+06 3.62319e+06
334 3.10271e+06 3.34594e+06
335 3.13081e+06 3.29228e+06
336 3.4455e+06 3.62319e+06
337 3.42274e+06 3.64484e+06
338 3.3997e+06 3.6662e+06
339 3.0713e+06 3.39669e+06
340 3.10271e+06 3.34594e+06
341 3.3997e+06 3.6662e+06
342 3.37666e+06 3.68757e+06
343 3.35336e+06 3.70864e+06
344 3.03663e+06 3.44438e+06
345 3.0713e+06 3.39669e+06
346 3.35336e+06 3.70864e+06
347 3.33006e+06 3.72971e+06
348 3.30649e+06 3.75048e+06
349 3.00652e+06 3.49786e+06
350 3.01899e+06 3.46508e+06
351 3.03663e+06 3.44438e+06
352 3.30649e+06 3.75048e+06
353 3.28293e+06 3.77126e+06
354 3.2591e+06 3.79173e+06
355 2.97911e+06 3.5554e+06
356 3.00652e+06 3.49786e+06
357 3.2591e+06 3.79173e+06
358 3.23528e+06 3.81221e+06
359 3.2112e+06 3.83239e+06
360 2.94762e+06 3.60899e+06
361 2.97911e+06 3.5554e+06
362 3.2112e+06 3.83239e+06
363 3.18712e+06 3.85257e+06
364 3.16279e+06 3.87244e+06
365 2.9121e+06 3.65839e+06
366 2.94762e+06 3.60899e+06
367 3.16279e+06 3.87244e+06
368 3.13846e+06 3.89231e+06
369 3.11388e+06 3.91188e+06
370 2.87263e+06 3.70338e+06
371 2.9121e+06 3.65839e+06
372 3.11388e+06 3.91188e+06
373 3.0893e+06 3.93144e+06
374 3.06447e+06 3.9507e+06
375 2.82934e+06 3.74377e+06
376 2.87263e+06 3.70338e+06
377 3.06447e+06 3.9507e+06
378 3.03965e+06 3.96995e+06
379 3.01459e+06 3.98889e+06
380 2.78235e+06 3.77941e+06
381 2.82934e+06 3.74377e+06
382 3.01459e+06 3.98889e+06
383 2.98952e+06 4.00784e+06
384 2.96423e+06 4.02646e+06
385 2.73237e+06 3.81091e+06
386 2.73329e+06 3.80927e+06
387 2.78235e+06 3.77941e+06
388 2.96423e+06 4.02646e+06
389 2.93893e+06 4.04508e+06
390 2.91339e+06 4.06339e+06
391 2.69634e+06 3.86224e+06
392 2.73237e+06 3.81091e+06
393 2.91339e+06 4.06339e+06
394 2.88786e+06 4.0817e+06
395 2.8621e+06 4.09968e+06
396 2.65601e+06 3.9082e+06
397 2.69634e+06 3.86224e+06
398 2.8621e+06 4.09968e+06
399 2.83634e+06 4.11766e+06
400 2.81036e+06 4.13532e+06
401 2.61152e+06 3.94857e+06
402 2.65601e+06 3.9082e+06
403 2.81036e+06 4.13532e+06
404 2.78438e+06 4.15298e+06
405 2.75817e+06 4.17031e+06
406 2.56302e+06 3.98313e+06
407 2.61152e+06 3.94857e+06
408 2.75817e+06 4.17031e+06
409 2.73197e+06 4.18764e+06
410 2.70555e+06 4.20464e+06
411 2.51071e+06 4.01174e+06
412 2.56302e+06 3.98313e+06
413 2.70555e+06 4.20464e+06
414 2.67913e+06 4.22164e+06
415 2.6525e+06 4.23831e+06
416 2.45481e+06 4.03429e+06
417 2.51071e+06 4.01174e+06
418 2.6525e+06 4.23831e+06
419 2.62587e+06 4.25497e+06
420 2.59904e+06 4.2713e+06
421 2.39559e+06 4.05072e+06
422 2.45481e+06 4.03429e+06
423 2.59904e+06 4.2713e+06
424 2.5722e+06 4.28763e+06
425 2.54516e+06 4.30363e+06
426 2.33331e+06 4.06104e+06
427 2.39559e+06 4.05072e+06
428 2.54516e+06 4.30363e+06
429 2.51812e+06 4.31962e+06
430 2.49088e+06 4.33527e+06
431 2.26829e+06 4.06528e+06
432 2.33331e+06 4.06104e+06
433 2.49088e+06 4.33527e+06
434 2.46364e+06 4.35092e+06
435 2.4362e+06 4.36623e+06
436 2.20082e+06 4.06355e+06
437 2.26829e+06 4.06528e+06
438 2.4362e+06 4.36623e+06
439 2.40877e+06 4.38153e+06
440 2.38114e+06 4.3965e+06
441 2.13124e+06 4.05597e+06
442 2.20082e+06 4.06355e+06
443 2.38114e+06 4.3965e+06
444 2.35352e+06 4.41146e+06
445 2.32571e+06 4.42607e+06
446 2.05987e+06 4.04272e+06
447 2.13124e+06 4.05597e+06
448 2.32571e+06 4.42607e+06
449 2.2979e+06 4.44068e+06
450 2.26991e+06 4.45494e+06
451 1.98705e+06 4.02402e+06
452 2.05987e+06 4.04272e+06
453 2.26991e+06 4.45494e+06
454 2.24192e+06 4.46921e+06
455 2.21375e+06 4.48312e+06
456 1.92697e+06 4.02913e+06
457 1.96711e+06 4.01758e+06
458 1.98705e+06 4.02402e+06
459 2.21375e+06 4.48312e+06
460 2.18558e+06 4.49703e+06
461 2.15724e+06 4.51058e+06
462 1.87097e+06 4.04174e+06
463 1.92697e+06 4.02913e+06
464 2.15724e+06 4.51058e+06
465 2.1289e+06 4.52414e+06
466 2.10039e+06 4.53733e+06
467 1.83399e+06 4.0961e+06
468 1.85387e+06 4.04457e+06
469 1.87097e+06 4.04174e+06
470 2.10039e+06 4.53733e+06
471 2.07188e+06 4.55053e+06
472 2.0432e+06 4.56337e+06
473 1.8024e+06 4.16509e+06
474 1.83399e+06 4.0961e+06
475 2.0432e+06 4.56337e+06
476 2.01453e+06 4.57621e+06
477 1.9857e+06 4.58868e+06
478 1.76747e+06 4.22943e+06
479 1.8024e+06 4.16509e+06
480 1.9857e+06 4.58868e+06
481 1.95687e+06 4.60116e+06
482 1.92788e+06 4.61327e+06
483 1.72926e+06 4.28868e+06
484 1.76747e+06 4.22943e+06
485 1.92788e+06 4.61327e+06
486 1.8989e+06 4.62539e+06
487 1.86976e+06 4.63713e+06
488 1.68783e+06 4.34249e+06
489 1.72926e+06 4.28868e+06
490 1.86976e+06 4.63713e+06
491 1.84062e+06 4.64888e+06
492 1.81134e+06 4.66026e+06
493 1.64328e+06 4.39049e+06
494 1.68783e+06 4.34249e+06
495 1.81134e+06 4.66026e+06
496 1.78206e+06 4.67164e+06
497 1.75264e+06 4.68266e+06
498 1.59575e+06 4.43238e+06
499 1.64328e+06 4.39049e+06
500 1.75264e+06 4.68266e+06
501 1.72321e+06 4.69367e+06
502 1.69366e+06 4.70431e+06
503 1.5454e+06 4.46788e+06
504 1.59575e+06 4.43238e+06
505 1.69366e+06 4.70431e+06
506 1.6641e+06 4.71495e+06
507 1.63441e+06 4.72522e+06
508 1.49239e+06 4.49678e+06
509 1.5454e+06 4.46788e+06
510 1.63441e+06 4.72522e+06
511 1.60472e+06 4.73549e+06
512 1.5749e+06 4.74539e+06
513 1.43696e+06 4.51892e+06
514 1.49239e+06 4.49678e+06
515 1.5749e+06 4.74539e+06
516 1.54508e+06 4.75528e+06
517 1.51515e+06 4.7648e+06
518 1.37932e+06 4.53417e+06
519 1.43696e+06 4.51892e+06
520 1.51515e+06 4.7648e+06
521 1.48521e+06 4.77432e+06
522 1.45515e+06 4.78347e+06
523 1.31971e+06 4.54249e+06
524 1.37932e+06 4.53417e+06
525 1.45515e+06 4.78347e+06
526 1.4251e+06 4.79261e+06
527 1.39493e+06 4.80137e+06
528 1.25842e+06 4.54388e+06
529 1.31971e+06 4.54249e+06
530 1.39493e+06 4.80137e+06
531 1.36476e+06 4.81014e+06
532 1.33448e+06 4.81852e+06
533 1.19571e+06 4.53841e+06
534 1.25842e+06 4.54388e+06
535 1.33448e+06 4.81852e+06
536 1.30421e+06 4.82691e+06
537 1.27383e+06 4.83491e+06
538 1.13186e+06 4.52618e+06
539 1.19571e+06 4.53841e+06
540 1.27383e+06 4.83491e+06
541 1.24345e+06 4.84292e+06
542 1.21297e+06 4.85054e+06
543 1.07132e+06 4.52495e+06
544 1.09585e+06 4.51571e+06
545 1.13186e+06 4.52618e+06
546 1.21297e+06 4.85054e+06
547 1.18249e+06 4.85816e+06
548 1.15192e+06 4.8654e+06
549 1.01494e+06 4.54059e+06
550 1.07132e+06 4.52495e+06
551 1.15192e+06 4.8654e+06
552 1.12135e+06 4.87263e+06
553 1.09069e+06 4.87949e+06
554 957404 4.55108e+06
555 1.01494e+06 4.54059e+06
556 1.09069e+06 4.87949e+06
557 1.06004e+06 4.88634e+06
558 1.02929e+06 4.89281e+06
559 898886 4.5564e+06
560 957404 4.55108e+06
561 1.02929e+06 4.89281e+06
562 998550 4.89928e+06
563 967728 4.90536e+06
564 839571 4.55655e+06
565 898886 4.5564e+06
566 967728 4.90536e+06
567 936906 4.91144e+06
568 906011 4.91713e+06
569 779652 4.55157e+06
570 839571 4.55655e+06
571 906011 4.91713e+06
572 875115 4.92282e+06
573 844150 4.92813e+06
574 719303 4.54152e+06
575 779652 4.55157e+06
576 844150 4.92813e+06
577 813186 4.93343e+06
578 782157 4.93834e+06
579 658734 4.5265e+06
580 719303 4.54152e+06
581 782157 4.93834e+06
582 751128 4.94326e+06
583 720039 4.94778e+06
584 598111 4.50664e+06
585 658734 4.5265e+06
586 720039 4.94778e+06
587 688951 4.95231e+06
588 657809 4.95644e+06
589 542004 4.51855e+06
590 591293 4.50387e+06
591 598111 4.50664e+06
592 657809 4.95644e+06
593 626666 4.96057e+06
594 595474 4.96432e+06
595 485833 4.53109e+06
596 542004 4.51855e+06
597 595474 4.96432e+06
598 564282 4.96806e+06
599 533045 4.97141e+06
600 429117 4.53959e+06
601 485833 4.53109e+06
602 533045 4.97141e+06
603 501808 4.97476e+06
604 470532 4.97771e+06
605 371990 4.54403e+06
606 429117 4.53959e+06
607 470532 4.97771e+06
608 439256 4.98067e+06
609 407945 4.98323e+06
610 314588 4.54439e+06
611 371990 4.54403e+06
612 407945 4.98323e+06
613 376634 4.98579e+06
614 345293 4.98796e+06
615 257042 4.5407e+06
616 314588 4.54439e+06
617 345293 4.98796e+06
618 313952 4.99013e+06
619 282587 4.99191e+06
620 199499 4.53296e+06
621 257042 4.5407e+06
622 282587 4.99191e+06
623 251222 4.99368e+06
624 219836 4.99507e+06
625 142086 4.52124e+06
626 199499 4.53296e+06
627 219836 4.99507e+06
628 188451 4.99645e+06
629 157051 4.99743e+06
630 84940.5 4.5056e+06
631 142086 4.52124e+06
632 157051 4.99743e+06
633 125650 4.99842e+06
634 94240.1 4.99901e+06
635 28261.6 4.49824e+06
636 37945.7 4.48946e+06
637 84940.5 4.5056e+06
638 94240.1 4.99901e+06
639 62829.8 4.9996e+06
640 31414.8 4.9998e+06
641 -28547.4 4.54363e+06
642 28261.6 4.49824e+06
643 31414.8 4.9998e+06
644 -0.218557 5e+06
645 -31415.2 4.9998e+06
646 -86412.6 4.58368e+06
647 -28547.4 4.54363e+06
648 -31415.2 4.9998e+06
649 -62830.2 4.9996e+06
650 -94240.5 4.99901e+06
651 -145130 4.61807e+06
652 -86412.6 4.58368e+06
653 -94240.5 4.99901e+06
654 -125651 4.99842e+06
655 -157051 4.99743e+06
656 -204499 4.64656e+06
657 -145130 4.61807e+06
658 -157051 4.99743e+06
659 -188451 4.99645e+06
660 -219836 4.99507e+06
661 -264300 4.66889e+06
662 -204499 4.64656e+06
663 -219836 4.99507e+06
664 -251222 4.99368e+06
665 -282587 4.99191e+06
666 -324315 4.68491e+06
667 -264300 4.66889e+06
668 -282587 4.99191e+06
669 -313953 4.99013e+06
670 -345294 4.98796e+06
671 -384303 4.69444e+06
672 -324315 4.68491e+06
673 -345294 4.98796e+06
674 -376634 4.98579e+06
675 -407945 4.98323e+06
676 -444036 4.69741e+06
677 -384303 4.69444e+06
678 -407945 4.98323e+06
679 -439256 4.98067e+06
680 -470532 4.97771e+06
681 -503276 4.69376e+06
682 -444036 4.69741e+06
683 -470532 4.97771e+06
684 -501809 4.97476e+06
685 -533045 4.97141e+06
686 -561792 4.68351e+06
687 -503276 4.69376e+06
688 -533045 4.97141e+06
689 -564282 4.96806e+06
690 -595474 4.96432e+06
691 -619354 4.6667e+06
692 -561792 4.68351e+06
693 -595474 4.96432e+06
694 -626667 4.96057e+06
695 -657809 4.95644e+06
696 -675751 4.64344e+06
697 -619354 4.6667e+06
698 -657809 4.95644e+06
699 -688952 4.95231e+06
700 -720040 4.94778e+06
701 -730765 4.61388e+06
702 -675751 4.64344e+06
703 -720040 4.94778e+06
704 -751128 4.94326e+06
705 -782157 4.93834e+06
706 -784215 4.57822e+06
707 -730765 4.61388e+06
708 -782157 4.93834e+06
709 -813186 4.93343e+06
710 -844151 4.92813e+06
711 -835915 4.5367e+06
712 -784215 4.57822e+06
713 -844151 4.92813e+06
714 -875116 4.92282e+06
715 -906011 4.91713e+06
716 -885711 4.4896e+06
717 -835915 4.5367e+06
718 -906011 4.91713e+06
719 -936907 4.91144e+06
720 -967728 4.90536e+06
721 -933995 4.43982e+06
722 -928049 4.44315e+06
723 -885711 4.4896e+06
724 -967728 4.90536e+06
725 -998550 4.89928e+06
726 -1.02929e+06 4.89281e+06
727 -984973 4.40651e+06
728 -933995 4.43982e+06
729 -1.02929e+06 4.89281e+06
730 -1.06004e+06 4.88634e+06
731 -1.09069e+06 4.87949e+06
732 -1.03597e+06 4.37564e+06
733 -1.01922e+06 4.38083e+06
734 -984973 4.40651e+06
735 -1.09069e+06 4.87949e+06
736 -1.12135e+06 4.87263e+06
737 -1.15192e+06 4.8654e+06
738 -1.08918e+06 4.35548e+06
739 -1.03597e+06 4.37564e+06
740 -1.15192e+06 4.8654e+06
741 -1.1825e+06 4.85816e+06
742 -1.21297e+06 4.85054e+06
743 -1.14132e+06 4.33196e+06
744 -1.08918e+06 4.35548e+06
745 -1.21297e+06 4.85054e+06
746 -1.24345e+06 4.84292e+06
747 -1.27383e+06 4.83491e+06
748 -1.19231e+06 4.30515e+06
749 -1.14132e+06 4.33196e+06
750 -1.27383e+06 4.83491e+06
751 -1.30421e+06 4.82691e+06
752 -1.33448e+06 4.81852e+06
753 -1.24204e+06 4.27514e+06
754 -1.19231e+06 4.30515e+06
755 -1.33448e+06 4.81852e+06
756 -1.36476e+06 4.81014e+06
757 -1.39493e+06 4.80137e+06
758 -1.29044e+06 4.24201e+06
759 -1.24204e+06 4.27514e+06
760 -1.39493e+06 4.80137e+06
761 -1.4251e+06 4.79261e+06
762 -1.45515e+06 4.78347e+06
763 -1.34005e+06 4.21416e+06
764 -1.32877e+06 4.21253e+06
765 -1.29044e+06 4.24201e+06
766 -1.45515e+06 4.78347e+06
767 -1.48521e+06 4.77432e+06
768 -1.51515e+06 4.7648e+06
769 -1.40039e+06 4.21957e+06
770 -1.34005e+06 4.21416e+06
771 -1.51515e+06 4.7648e+06
772 -1.54509e+06 4.75528e+06
773 -1.5749e+06 4.74539e+06
774 -1.46019e+06 4.22154e+06
775 -1.40039e+06 4.21957e+06
776 -1.5749e+06 4.74539e+06
777 -1.60472e+06 4.73549e+06
778 -1.63441e+06 4.72522e+06
779 -1.51929e+06 4.22e+06
780 -1.46019e+06 4.22154e+06
781 -1.63441e+06 4.72522e+06
782 -1.6641e+06 4.71495e+06
783 -1.69366e+06 4.70431e+06
784 -1.57757e+06 4.21492e+06
785 -1.51929e+06 4.22e+06
786 -1.69366e+06 4.70431e+06
787 -1.72321e+06 4.69367e+06
788 -1.75264e+06 4.68266e+06
789 -1.63488e+06 4.20626e+06
790 -1.57757e+06 4.21492e+06
791 -1.75264e+06 4.68266e+06
792 -1.78206e+06 4.67164e+06
793 -1.81134e+06 4.66026e+06
794 -1.6911e+06 4.19403e+06
795 -1.63488e+06 4.20626e+06
796 -1.81134e+06 4.66026e+06
797 -1.84062e+06 4.64888e+06
798 -1.86976e+06 4.63713e+06
799 -1.74608e+06 4.17823e+06
800 -1.6911e+06 4.19403e+06
801 -1.86976e+06 4.63713e+06
802 -1.8989e+06 4.62539e+06
803 -1.92788e+06 4.61327e+06
804 -1.7997e+06 4.15887e+06
805 -1.74608e+06 4.17823e+06
806 -1.92788e+06 4.61327e+06
807 -1.95687e+06 4.60116e+06
808 -1.9857e+06 4.58868e+06
809 -1.85185e+06 4.136e+06
810 -1.7997e+06 4.15887e+06
811 -1.9857e+06 4.58868e+06
812 -2.01453e+06 4.57621e+06
813 -2.04321e+06 4.56337e+06
814 -1.90241e+06 4.10965e+06
815 -1.85185e+06 4.136e+06
816 -2.04321e+06 4.56337e+06
817 -2.07188e+06 4.55053e+06
818 -2.10039e+06 4.53733e+06
819 -1.95126e+06 4.0799e+06
820 -1.90241e+06 4.10965e+06
821 -2.10039e+06 4.53733e+06
822 -2.1289e+06 4.52414e+06
823 -2.15724e+06 4.51058e+06
824 -1.99831e+06 4.04683e+06
825 -1.95126e+06 4.0799e+06
826 -2.15724e+06 4.51058e+06
827 -2.18558e+06 4.49703e+06
828 -2.21375e+06 4.48312e+06
829 -2.04347e+06 4.01053e+06
830 -1.99831e+06 4.04683e+06
831 -2.21375e+06 4.48312e+06
832 -2.24192e+06 4.46921e+06
833 -2.26991e+06 4.45494e+06
834 -2.08665e+06 3.9711e+06
835 -2.04347e+06 4.01053e+06
836 -2.26991e+06 4.45494e+06
837 -2.2979e+06 4.44068e+06
838 -2.32571e+06 4.42607e+06
839 -2.12777e+06 3.92867e+06
840 -2.08665e+06 3.9711e+06
841 -2.32571e+06 4.42607e+06
842 -2.35352e+06 4.41146e+06
843 -2.38114e+06 4.39649e+06
844 -2.16678e+06 3.88335e+06
845 -2.12777e+06 3.92867e+06
846 -2.38114e+06 4.39649e+06
847 -2.40877e+06 4.38153e+06
848 -2.4362e+06 4.36623e+06
849 -2.20361e+06 3.83529e+06
850 -2.16678e+06 3.88335e+06
851 -2.4362e+06 4.36623e+06
852 -2.46364e+06 4.35092e+06
853 -2.49088e+06 4.33527e+06
854 -2.25722e+06 3.81676e+06
855 -2.21882e+06 3.81305e+06
856 -2.20361e+06 3.83529e+06
857 -2.49088e+06 4.33527e+06
858 -2.51812e+06 4.31962e+06
859 -2.54516e+06 4.30363e+06
860 -2.32411e+06 3.81949e+06
861 -2.25722e+06 3.81676e+06
862 -2.54516e+06 4.30363e+06
863 -2.5722e+06 4.28763e+06
864 -2.59904e+06 4.2713e+06
865 -2.38963e+06 3.81827e+06
866 -2.32411e+06 3.81949e+06
867 -2.59904e+06 4.2713e+06
868 -2.62587e+06 4.25497e+06
869 -2.6525e+06 4.23831e+06
870 -2.45356e+06 3.81302e+06
871 -2.38963e+06 3.81827e+06
872 -2.6525e+06 4.23831e+06
873 -2.67913e+06 4.22164e+06
874 -2.70555e+06 4.20464e+06
875 -2.51569e+06 3.80368e+06
876 -2.45356e+06 3.81302e+06
877 -2.70555e+06 4.20464e+06
878 -2.73197e+06 4.18764e+06
879 -2.75818e+06 4.17031e+06
880 -2.57582e+06 3.7902e+06
881 -2.51569e+06 3.80368e+06
882 -2.75818e+06 4.17031e+06
883 -2.78438e+06 4.15298e+06
884 -2.81036e+06 4.13532e+06
885 -2.63373e+06 3.77256e+06
886 -2.57582e+06 3.7902e+06
887 -2.81036e+06 4.13532e+06
888 -2.83634e+06 4.11766e+06
889 -2.8621e+06 4.09968e+06
890 -2.68924e+06 3.75075e+06
891 -2.63373e+06 3.77256e+06
892 -2.8621e+06 4.09968e+06
893 -2.88786e+06 4.0817e+06
894 -2.91339e+06 4.06339e+06
895 -2.74216e+06 3.72481e+06
896 -2.68924e+06 3.75075e+06
897 -2.91339e+06 4.06339e+06
898 -2.93893e+06 4.04508e+06
899 -2.96423e+06 4.02646e+06
900 -2.79231e+06 3.69478e+06
901 -2.74216e+06 3.72481e+06
902 -2.96423e+06 4.02646e+06
903 -2.98953e+06 4.00783e+06
904 -3.01459e+06 3.98889e+06
905 -2.83956e+06 3.66073e+06
906 -2.79231e+06 3.69478e+06
907 -3.01459e+06 3.98889e+06
908 -3.03965e+06 3.96995e+06
909 -3.06448e+06 3.9507e+06
910 -2.88374e+06 3.62276e+06
911 -2.83956e+06 3.66073e+06
912 -3.06448e+06 3.9507e+06
913 -3.0893e+06 3.93144e+06
914 -3.11388e+06 3.91188e+06
915 -2.92475e+06 3.58099e+06
916 -2.88374e+06 3.62276e+06
917 -3.11388e+06 3.91188e+06
918 -3.13846e+06 3.89231e+06
919 -3.16279e+06 3.87244e+06
920 -2.96247e+06 3.53554e+06
921 -2.92475e+06 3.58099e+06
922 -3.16279e+06 3.87244e+06
923 -3.18712e+06 3.85257e+06
924 -3.2112e+06 3.83239e+06
925 -2.99682e+06 3.48659e+06
926 -2.96247e+06 3.53554e+06
927 -3.2112e+06 3.83239e+06
928 -3.23528e+06 3.81221e+06
929 -3.2591e+06 3.79173e+06
930 -3.02774e+06 3.4343e+06
931 -2.99682e+06 3.48659e+06
932 -3.2591e+06 3.79173e+06
933 -3.28293e+06 3.77126e+06
934 -3.30649e+06 3.75048e+06
935 -3.05518e+06 3.37886e+06
936 -3.02774e+06 3.4343e+06
937 -3.30649e+06 3.75048e+06
938 -3.33006e+06 3.72971e+06
939 -3.35336e+06 3.70864e+06
940 -3.07911e+06 3.32048e+06
941 -3.05518e+06 3.37886e+06
942 -3.35336e+06 3.70864e+06
943 -3.37666e+06 3.68757e+06
944 -3.3997e+06 3.6662e+06
945 -3.09952e+06 3.25937e+06
946 -3.07911e+06 3.32048e+06
947 -3.3997e+06 3.6662e+06
948 -3.42274e+06 3.64484e+06
949 -3.4455e+06 3.62319e+06
950 -3.13797e+06 3.21785e+06
951 -3.10188e+06 3.25051e+06
952 -3.09952e+06 3.25937e+06
953 -3.4455e+06 3.62319e+06
954 -3.46827e+06 3.60155e+06
955 -3.49076e+06 3.57961e+06
956 -3.17742e+06 3.17742e+06
957 -3.13797e+06 3.21785e+06
958 -3.49076e+06 3.57961e+06
959 -3.51325e+06 3.55768e+06
960 -3.53546e+06 3.53546e+06
961 -3.21435e+06 3.13456e+06
962 -3.17742e+06 3.17742e+06
963 -3.53546e+06 3.53546e+06
964 -3.55768e+06 3.51325e+06
965 -3.57961e+06 3.49076e+06
966 -3.24868e+06 3.08936e+06
967 -3.21435e+06 3.13456e+06
968 -3.57961e+06 3.49076e+06
969 -3.60155e+06 3.46827e+06
970 -3.62319e+06 3.4455e+06
971 -3.28038e+06 3.04191e+06
972 -3.24868e+06 3.08936e+06
973 -3.62319e+06 3.4455e+06
974 -3.64484e+06 3.42274e+06
975 -3.6662e+06 3.3997e+06
976 -3.32899e+06 3.01009e+06
977 -3.29765e+06 3.01238e+06
978 -3.28038e+06 3.04191e+06
979 -3.6662e+06 3.3997e+06
980 -3.68757e+06 3.37666e+06
981 -3.70864e+06 3.35336e+06
982 -3.40293e+06 3.00009e+06
983 -3.32899e+06 3.01009e+06
984 -3.70864e+06 3.35336e+06
985 -3.72971e+06 3.33006e+06
986 -3.75048e+06 3.30649e+06
987 -3.47355e+06 2.98562e+06
988 -3.40293e+06 3.00009e+06
989 -3.75048e+06 3.30649e+06
990 -3.77126e+06 3.28293e+06
991 -3.79174e+06 3.2591e+06
992 -3.54047e+06 2.9666e+06
993 -3.47355e+06 2.98562e+06
994 -3.79174e+06 3.2591e+06
995 -3.81221e+06 3.23528e+06
996 -3.83239e+06 3.2112e+06
997 -3.60334e+06 2.943e+06
998 -3.54047e+06 2.9666e+06
999 -3.83239e+06 3.2112e+06
1000 -3.85257e+06 3.18712e+06
1001 -3.87244e+06 3.16279e+06
1002 -3.66179e+06 2.91481e+06
1003 -3.60334e+06 2.943e+06
1004 -3.87244e+06 3.16279e+06
1005 -3.89231e+06 3.13846e+06
1006 -3.91188e+06 3.11388e+06
1007 -3.71553e+06 2.88206e+06
1008 -3.66179e+06 2.91481e+06
1009 -3.91188e+06 3.11388e+06
1010 -3.93144e+06 3.0893e+06
1011 -3.9507e+06 3.06447e+06
1012 -3.76427e+06 2.84483e+06
1013 -3.71553e+06 2.88206e+06
1014 -3.9507e+06 3.06447e+06
1015 -3.96995e+06 3.03965e+06
1016 -3.98889e+06 3.01459e+06
1017 -3.80774e+06 2.80321e+06
1018 -3.76427e+06 2.84483e+06
1019 -3.98889e+06 3.01459e+06
1020 -4.00784e+06 2.98952e+06
1021 -4.02646e+06 2.96423e+06
1022 -3.84575e+06 2.75735e+06
1023 -3.80774e+06 2.80321e+06
1024 -4.02646e+06 2.96423e+06
1025 -4.04509e+06 2.93893e+06
1026 -4.06339e+06 2.91339e+06
1027 -3.87812e+06 2.70743e+06
1028 -3.84575e+06 2.75735e+06
1029 -4.06339e+06 2.91339e+06
1030 -4.0817e+06 2.88786e+06
1031 -4.09968e+06 2.8621e+06
1032 -3.90473e+06 2.65365e+06
1033 -3.87812e+06 2.70743e+06
1034 -4.09968e+06 2.8621e+06
1035 -4.11766e+06 2.83634e+06
1036 -4.13532e+06 2.81036e+06
1037 -3.92551e+06 2.59626e+06
1038 -3.90473e+06 2.65365e+06
1039 -4.13532e+06 2.81036e+06
1040 -4.15298e+06 2.78438e+06
1041 -4.17031e+06 2.75817e+06
1042 -3.96192e+06 2.54937e+06
1043 -3.93191e+06 2.57016e+06
1044 -3.92551e+06 2.59626e+06
1045 -4.17031e+06 2.75817e+06
1046 -4.18764e+06 2.73197e+06
1047 -4.20464e+06 2.70555e+06
1048 -4.00869e+06 2.5088e+06
1049 -3.96192e+06 2.54937e+06
1050 -4.20464e+06 2.70555e+06
1051 -4.22164e+06 2.67913e+06
1052 -4.23831e+06 2.6525e+06
1053 -4.04957e+06 2.46411e+06
1054 -4.00869e+06 2.5088e+06
1055 -4.23831e+06 2.6525e+06
1056 -4.25497e+06 2.62587e+06
1057 -4.2713e+06 2.59904e+06
1058 -4.08434e+06 2.41547e+06
1059 -4.04957e+06 2.46411e+06
1060 -4.2713e+06 2.59904e+06
1061 -4.28763e+06 2.5722e+06
1062 -4.30363e+06 2.54516e+06
1063 -4.11281e+06 2.36306e+06
1064 -4.08434e+06 2.41547e+06
1065 -4.30363e+06 2.54516e+06
1066 -4.31962e+06 2.51812e+06
1067 -4.33527e+06 2.49088e+06
1068 -4.13489e+06 2.30713e+06
1069 -4.11281e+06 2.36306e+06
1070 -4.33527e+06 2.49088e+06
1071 -4.35092e+06 2.46364e+06
1072 -4.36623e+06 2.4362e+06
1073 -4.15051e+06 2.24792e+06
1074 -4.13489e+06 2.30713e+06
1075 -4.36623e+06 2.4362e+06
1076 -4.38153e+06 2.40877e+06
1077 -4.3965e+06 2.38114e+06
1078 -4.15966e+06 2.18572e+06
1079 -4.15051e+06 2.24792e+06
1080 -4.3965e+06 2.38114e+06
1081 -4.41146e+06 2.35352e+06
1082 -4.42607e+06 2.32571e+06
1083 -4.16239e+06 2.12084e+06
1084 -4.15966e+06 2.18572e+06
1085 -4.42607e+06 2.32571e+06
1086 -4.44068e+06 2.2979e+06
1087 -4.45494e+06 2.26991e+06
1088 -4.1588e+06 2.0536e+06
1089 -4.16239e+06 2.12084e+06
1090 -4.45494e+06 2.26991e+06
1091 -4.46921e+06 2.24192e+06
1092 -4.48312e+06 2.21375e+06
1093 -4.14903e+06 1.98432e+06
1094 -4.1588e+06 2.0536e+06
1095 -4.48312e+06 2.21375e+06
1096 -4.49703e+06 2.18558e+06
1097 -4.51058e+06 2.15724e+06
1098 -4.1333e+06 1.91335e+06
1099 -4.14903e+06 1.98432e+06
1100 -4.51058e+06 2.15724e+06
1101 -4.52414e+06 2.1289e+06
1102 -4.53733e+06 2.10039e+06
1103 -4.11182e+06 1.84103e+06
1104 -4.1333e+06 1.91335e+06
1105 -4.53733e+06 2.10039e+06
1106 -4.55053e+06 2.07188e+06
1107 -4.56337e+06 2.0432e+06
1108 -4.08487e+06 1.76768e+06
1109 -4.11182e+06 1.84103e+06
1110 -4.56337e+06 2.0432e+06
1111 -4.57621e+06 2.01453e+06
1112 -4.58868e+06 1.9857e+06
1113 -4.05276e+06 1.69365e+06
1114 -4.08487e+06 1.76768e+06
1115 -4.58868e+06 1.9857e+06
1116 -4.60116e+06 1.95687e+06
1117 -4.61327e+06 1.92788e+06
1118 -4.01581e+06 1.61924e+06
1119 -4.05276e+06 1.69365e+06
1120 -4.61327e+06 1.92788e+06
1121 -4.62539e+06 1.8989e+06
1122 -4.63713e+06 1.86976e+06
1123 -3.97436e+06 1.54474e+06
1124 -4.01581e+06 1.61924e+06
1125 -4.63713e+06 1.86976e+06
1126 -4.64888e+06 1.84062e+06
1127 -4.66026e+06 1.81134e+06
1128 -3.93771e+06 1.47382e+06
1129 -3.93318e+06 1.47764e+06
1130 -3.97436e+06 1.54474e+06
1131 -4.66026e+06 1.81134e+06
1132 -4.67164e+06 1.78206e+06
1133 -4.68266e+06 1.75264e+06
1134 -3.98173e+06 1.43351e+06
1135 -3.93771e+06 1.47382e+06
1136 -4.68266e+06 1.75264e+06
1137 -4.69367e+06 1.72321e+06
1138 -4.70431e+06 1.69366e+06
1139 -4.02374e+06 1.39177e+06
1140 -3.98173e+06 1.43351e+06
1141 -4.70431e+06 1.69366e+06
1142 -4.71495e+06 1.6641e+06
1143 -4.72522e+06 1.63441e+06
1144 -4.06362e+06 1.34864e+06
1145 -4.02374e+06 1.39177e+06
1146 -4.72522e+06 1.63441e+06
1147 -4.73549e+06 1.60472e+06
1148 -4.74539e+06 1.5749e+06
1149 -4.10128e+06 1.30415e+06
1150 -4.06362e+06 1.34864e+06
1151 -4.74539e+06 1.5749e+06
1152 -4.75528e+06 1.54509e+06
1153 -4.7648e+06 1.51515e+06
1154 -4.13662e+06 1.25838e+06
1155 -4.10128e+06 1.30415e+06
1156 -4.7648e+06 1.51515e+06
1157 -4.77432e+06 1.48521e+06
1158 -4.78347e+06 1.45515e+06
1159 -4.16955e+06 1.21136e+06
1160 -4.13662e+06 1.25838e+06
1161 -4.78347e+06 1.45515e+06
1162 -4.79261e+06 1.4251e+06
1163 -4.80137e+06 1.39493e+06
1164 -4.19998e+06 1.16318e+06
1165 -4.16955e+06 1.21136e+06
1166 -4.80137e+06 1.39493e+06
1167 -4.81014e+06 1.36476e+06
1168 -4.81852e+06 1.33448e+06
1169 -4.22785e+06 1.11388e+06
1170 -4.19998e+06 1.16318e+06
1171 -4.81852e+06 1.33448e+06
1172 -4.82691e+06 1.30421e+06
1173 -4.83491e+06 1.27383e+06
1174 -4.25305e+06 1.06356e+06
1175 -4.22785e+06 1.11388e+06
1176 -4.83491e+06 1.27383e+06
1177 -4.84292e+06 1.24345e+06
1178 -4.85054e+06 1.21297e+06
1179 -4.27556e+06 1.01228e+06
1180 -4.25305e+06 1.06356e+06
1181 -4.85054e+06 1.21297e+06
1182 -4.85816e+06 1.18249e+06
1183 -4.8654e+06 1.15192e+06
1184 -4.31132e+06 963691
1185 -4.28696e+06 982134
1186 -4.27556e+06 1.01228e+06
1187 -4.8654e+06 1.15192e+06
1188 -4.87263e+06 1.12135e+06
1189 -4.87949e+06 1.09069e+06
1190 -4.36504e+06 918268
1191 -4.31132e+06 963691
1192 -4.87949e+06 1.09069e+06
1193 -4.88634e+06 1.06004e+06
1194 -4.89281e+06 1.02929e+06
1195 -4.41481e+06 870957
1196 -4.36504e+06 918268
1197 -4.89281e+06 1.02929e+06
1198 -4.89928e+06 998550
1199 -4.90536e+06 967728
1200 -4.46038e+06 821851
1201 -4.41481e+06 870957
1202 -4.90536e+06 967728
1203 -4.91144e+06 936906
1204 -4.91713e+06 906011
1205 -4.50148e+06 771067
1206 -4.46038e+06 821851
1207 -4.91713e+06 906011
1208 -4.92282e+06 875116
1209 -4.92813e+06 844150
1210 -4.5379e+06 718732
1211 -4.50148e+06 771067
1212 -4.92813e+06 844150
1213 -4.93343e+06 813185
1214 -4.93834e+06 782156
1215 -4.56944e+06 664982
1216 -4.5379e+06 718732
1217 -4.93834e+06 782156
1218 -4.94326e+06 751127
1219 -4.94778e+06 720039
1220 -4.59593e+06 609961
1221 -4.56944e+06 664982
1222 -4.94778e+06 720039
1223 -4.95231e+06 688951
1224 -4.95644e+06 657809
1225 -4.61721e+06 553839
1226 -4.59593e+06 609961
1227 -4.95644e+06 657809
1228 -4.96057e+06 626666
1229 -4.96432e+06 595474
1230 -4.63318e+06 496780
1231 -4.61721e+06 553839
1232 -4.96432e+06 595474
1233 -4.96806e+06 564282
1234 -4.97141e+06 533045
1235 -4.64375e+06 438964
1236 -4.63318e+06 496780
1237 -4.97141e+06 533045
1238 -4.97476e+06 501809
1239 -4.97771e+06 470532
1240 -4.64887e+06 380572
1241 -4.64375e+06 438964
1242 -4.97771e+06 470532
1243 -4.98067e+06 439255
1244 -4.98323e+06 407944
1245 -4.64852e+06 321795
1246 -4.64887e+06 380572
1247 -4.98323e+06 407944
1248 -4.98579e+06 376634
1249 -4.98796e+06 345293
1250 -4.65019e+06 263241
1251 -4.64629e+06 299131
1252 -4.64852e+06 321795
1253 -4.98796e+06 345293
1254 -4.99013e+06 313952
1255 -4.99191e+06 282587
1256 -4.65118e+06 204702
1257 -4.65019e+06 263241
1258 -4.99191e+06 282587
1259 -4.99368e+06 251221
1260 -4.99507e+06 219836
1261 -4.64682e+06 146032
1262 -4.65118e+06 204702
1263 -4.99507e+06 219836
1264 -4.99645e+06 188451
1265 -4.99743e+06 157050
1266 -4.63715e+06 87419.4
1267 -4.64682e+06 146032
1268 -4.99743e+06 157050
1269 -4.99842e+06 125650
1270 -4.99901e+06 94239.6
1271 -4.62224e+06 29040.9
1272 -4.63715e+06 87419.4
1273 -4.99901e+06 94239.6
1274 -4.9996e+06 62829.6
1275 -4.9998e+06 31414.6
1276 -4.60219e+06 -28915.7
1277 -4.62224e+06 29040.9
1278 -4.9998e+06 31414.6
1279 -5e+06 -0.437114
1280 -4.9998e+06 -31415.4
1281 -4.57712e+06 -86288.8
1282 -4.60219e+06 -28915.7
1283 -4.9998e+06 -31415.4
1284 -4.9996e+06 -62830.4
1285 -4.99901e+06 -94240.5
1286 -4.55389e+06 -143112
1287 -4.54987e+06 -137837
1288 -4.57712e+06 -86288.8
1289 -4.99901e+06 -94240.5
1290 -4.99842e+06 -125650
1291 -4.99743e+06 -157051
1292 -4.59254e+06 -202122
1293 -4.55389e+06 -143112
1294 -4.99743e+06 -157051
1295 -4.99645e+06 -188451
1296 -4.99507e+06 -219837
1297 -4.62531e+06 -261833
1298 -4.59254e+06 -202122
1299 -4.99507e+06 -219837
1300 -4.99368e+06 -251222
1301 -4.99191e+06 -282588
1302 -4.65196e+06 -322034
1303 -4.62531e+06 -261833
1304 -4.99191e+06 -282588
1305 -4.99013e+06 -313953
1306 -4.98796e+06 -345294
1307 -4.67224e+06 -382486
1308 -4.65196e+06 -322034
1309 -4.98796e+06 -345294
1310 -4.98579e+06 -376634
1311 -4.98323e+06 -407945
1312 -4.68597e+06 -442954
1313 -4.67224e+06 -382486
1314 -4.98323e+06 -407945
1315 -4.98067e+06 -439256
1316 -4.97771e+06 -470532
1317 -4.69302e+06 -503197
1318 -4.68597e+06 -442954
1319 -4.97771e+06 -470532
1320 -4.97476e+06 -501808
1321 -4.97141e+06 -533046
1322 -4.69331e+06 -562967
1323 -4.69302e+06 -503197
1324 -4.97141e+06 -533046
1325 -4.96806e+06 -564283
1326 -4.96432e+06 -595475
1327 -4.6868e+06 -622022
1328 -4.69331e+06 -562967
1329 -4.96432e+06 -595475
1330 -4.96057e+06 -626667
1331 -4.95644e+06 -657809
1332 -4.67351e+06 -680127
1333 -4.6868e+06 -622022
1334 -4.95644e+06 -657809
1335 -4.95231e+06 -688952
1336 -4.94778e+06 -720040
1337 -4.65353e+06 -737044
1338 -4.67351e+06 -680127
1339 -4.94778e+06 -720040
1340 -4.94326e+06 -751128
1341 -4.93834e+06 -782157
1342 -4.62697e+06 -792567
1343 -4.65353e+06 -737044
1344 -4.93834e+06 -782157
1345 -4.93343e+06 -813186
1346 -4.92813e+06 -844151
1347 -4.59402e+06 -846474
1348 -4.62697e+06 -792567
1349 -4.92813e+06 -844151
1350 -4.92282e+06 -875115
1351 -4.91713e+06 -906011
1352 -4.55489e+06 -898590
1353 -4.59402e+06 -846474
1354 -4.91713e+06 -906011
1355 -4.91144e+06 -936907
1356 -4.90536e+06 -967729
1357 -4.50987e+06 -948735
1358 -4.55489e+06 -898590
1359 -4.90536e+06 -967729
1360 -4.89928e+06 -998550
1361 -4.89281e+06 -1.02929e+06
1362 -4.45924e+06 -996759
1363 -4.50987e+06 -948735
1364 -4.89281e+06 -1.02929e+06
1365 -4.88634e+06 -1.06004e+06
1366 -4.87949e+06 -1.09069e+06
1367 -4.41344e+06 -1.04492e+06
1368 -4.41685e+06 -1.03148e+06
1369 -4.45924e+06 -996759
1370 -4.87949e+06 -1.09069e+06
1371 -4.87263e+06 -1.12135e+06
1372 -4.8654e+06 -1.15192e+06
1373 -4.3957e+06 -1.09923e+06
1374 -4.41344e+06 -1.04492e+06
1375 -4.8654e+06 -1.15192e+06
1376 -4.85816e+06 -1.1825e+06
1377 -4.85054e+06 -1.21297e+06
1378 -4.37427e+06 -1.15247e+06
1379 -4.3957e+06 -1.09923e+06
1380 -4.85054e+06 -1.21297e+06
1381 -4.84292e+06 -1.24345e+06
1382 -4.83491e+06 -1.27383e+06
1383 -4.34922e+06 -1.20451e+06
1384 -4.37427e+06 -1.15247e+06
1385 -4.83491e+06 -1.27383e+06
1386 -4.82691e+06 -1.30421e+06
1387 -4.81852e+06 -1.33448e+06
1388 -4.33167e+06 -1.25846e+06
1389 -4.32927e+06 -1.23995e+06
1390 -4.34922e+06 -1.20451e+06
1391 -4.81852e+06 -1.33448e+06
1392 -4.81014e+06 -1.36476e+06
1393 -4.80137e+06 -1.39493e+06
1394 -4.33558e+06 -1.31891e+06
1395 -4.33167e+06 -1.25846e+06
1396 -4.80137e+06 -1.39493e+06
1397 -4.79261e+06 -1.4251e+06
1398 -4.78347e+06 -1.45515e+06
1399 -4.33545e+06 -1.37861e+06
1400 -4.33558e+06 -1.31891e+06
1401 -4.78347e+06 -1.45515e+06
1402 -4.77432e+06 -1.48521e+06
1403 -4.7648e+06 -1.51515e+06
1404 -4.33121e+06 -1.43745e+06
1405 -4.33545e+06 -1.37861e+06
1406 -4.7648e+06 -1.51515e+06
1407 -4.75528e+06 -1.54508e+06
1408 -4.74539e+06 -1.5749e+06
1409 -4.32285e+06 -1.49523e+06
1410 -4.33121e+06 -1.43745e+06
1411 -4.74539e+06 -1.5749e+06
1412 -4.73549e+06 -1.60472e+06
1413 -4.72522e+06 -1.63441e+06
1414 -4.31035e+06 -1.55182e+06
1415 -4.32285e+06 -1.49523e+06
1416 -4.72522e+06 -1.63441e+06
1417 -4.71495e+06 -1.6641e+06
1418 -4.70431e+06 -1.69366e+06
1419 -4.29372e+06 -1.60707e+06
1420 -4.31035e+06 -1.55182e+06
1421 -4.70431e+06 -1.69366e+06
1422 -4.69367e+06 -1.72322e+06
1423 -4.68266e+06 -1.75264e+06
1424 -4.27301e+06 -1.66082e+06
1425 -4.29372e+06 -1.60707e+06
1426 -4.68266e+06 -1.75264e+06
1427 -4.67164e+06 -1.78206e+06
1428 -4.66026e+06 -1.81134e+06
1429 -4.24825e+06 -1.71296e+06
1430 -4.27301e+06 -1.66082e+06
1431 -4.66026e+06 -1.81134e+06
1432 -4.64888e+06 -1.84062e+06
1433 -4.63713e+06 -1.86976e+06
1434 -4.21954e+06 -1.76334e+06
1435 -4.24825e+06 -1.71296e+06
1436 -4.63713e+06 -1.86976e+06
1437 -4.62539e+06 -1.8989e+06
1438 -4.61327e+06 -1.92788e+06
1439 -4.18695e+06 -1.81185e+06
1440 -4.21954e+06 -1.76334e+06
1441 -4.61327e+06 -1.92788e+06
1442 -4.60116e+06 -1.95687e+06
1443 -4.58868e+06 -1.9857e+06
1444 -4.15059e+06 -1.85839e+06
1445 -4.18695e+06 -1.81185e+06
1446 -4.58868e+06 -1.9857e+06
1447 -4.57621e+06 -2.01453e+06
1448 -4.56337e+06 -2.04321e+06
1449 -4.1106e+06 -1.90285e+06
1450 -4.15059e+06 -1.85839e+06
1451 -4.56337e+06 -2.04321e+06
1452 -4.55053e+06 -2.07188e+06
1453 -4.53733e+06 -2.10039e+06
1454 -4.06712e+06 -1.94514e+06
1455 -4.1106e+06 -1.90285e+06
1456 -4.53733e+06 -2.10039e+06
1457 -4.52414e+06 -2.1289e+06
1458 -4.51058e+06 -2.15724e+06
1459 -4.02029e+06 -1.98521e+06
1460 -4.06712e+06 -1.94514e+06
1461 -4.51058e+06 -2.15724e+06
1462 -4.49703e+06 -2.18558e+06
1463 -4.48312e+06 -2.21375e+06
1464 -3.9703e+06 -2.02297e+06
1465 -4.02029e+06 -1.98521e+06
1466 -4.48312e+06 -2.21375e+06
1467 -4.46921e+06 -2.24192e+06
1468 -4.45494e+06 -2.26991e+06
1469 -3.97282e+06 -2.08755e+06
1470 -3.96201e+06 -2.02851e+06
1471 -3.9703e+06 -2.02297e+06
1472 -4.45494e+06 -2.26991e+06
1473 -4.44068e+06 -2.2979e+06
1474 -4.42607e+06 -2.32571e+06
1475 -3.98108e+06 -2.15616e+06
1476 -3.97282e+06 -2.08755e+06
1477 -4.42607e+06 -2.32571e+06
1478 -4.41146e+06 -2.35352e+06
1479 -4.39649e+06 -2.38114e+06
1480 -3.98467e+06 -2.22331e+06
1481 -3.98108e+06 -2.15616e+06
1482 -4.39649e+06 -2.38114e+06
1483 -4.38153e+06 -2.40877e+06
1484 -4.36623e+06 -2.4362e+06
1485 -3.98346e+06 -2.28874e+06
1486 -3.98467e+06 -2.22331e+06
1487 -4.36623e+06 -2.4362e+06
1488 -4.35092e+06 -2.46364e+06
1489 -4.33527e+06 -2.49088e+06
1490 -3.97737e+06 -2.35221e+06
1491 -3.98346e+06 -2.28874e+06
1492 -4.33527e+06 -2.49088e+06
1493 -4.31962e+06 -2.51812e+06
1494 -4.30362e+06 -2.54516e+06
1495 -3.96633e+06 -2.41346e+06
1496 -3.97737e+06 -2.35221e+06
1497 -4.30362e+06 -2.54516e+06
1498 -4.28763e+06 -2.5722e+06
1499 -4.2713e+06 -2.59904e+06
1500 -3.9503e+06 -2.47226e+06
1501 -3.96633e+06 -2.41346e+06
1502 -4.2713e+06 -2.59904e+06
1503 -4.25497e+06 -2.62587e+06
1504 -4.23831e+06 -2.6525e+06
1505 -3.92929e+06 -2.52837e+06
1506 -3.9503e+06 -2.47226e+06
1507 -4.23831e+06 -2.6525e+06
1508 -4.22164e+06 -2.67913e+06
1509 -4.20464e+06 -2.70555e+06
1510 -3.90332e+06 -2.58159e+06
1511 -3.92929e+06 -2.52837e+06
1512 -4.20464e+06 -2.70555e+06
1513 -4.18764e+06 -2.73197e+06
1514 -4.17031e+06 -2.75817e+06
1515 -3.87246e+06 -2.63172e+06
1516 -3.90332e+06 -2.58159e+06
1517 -4.17031e+06 -2.75817e+06
1518 -4.15298e+06 -2.78438e+06
1519 -4.13532e+06 -2.81036e+06
1520 -3.8368e+06 -2.67858e+06
1521 -3.87246e+06 -2.63172e+06
1522 -4.13532e+06 -2.81036e+06
1523 -4.11766e+06 -2.83635e+06
1524 -4.09968e+06 -2.8621e+06
1525 -3.8368e+06 -2.67858e+06
1526 -4.09968e+06 -2.8621e+06
1527 -4.0817e+06 -2.88786e+06
1528 -4.06339e+06 -2.9134e+06
1529 -3.79649e+06 -2.72203e+06
1530 -3.75167e+06 -2.76193e+06
1531 -3.79649e+06 -2.72203e+06
1532 -4.06339e+06 -2.9134e+06
1533 -4.04508e+06 -2.93893e+06
1534 -4.02646e+06 -2.96423e+06
1535 -3.70254e+06 -2.79817e+06
1536 -3.75167e+06 -2.76193e+06
1537 -4.02646e+06 -2.96423e+06
1538 -4.00783e+06 -2.98953e+06
1539 -3.98889e+06 -3.01459e+06
1540 -3.6493e+06 -2.83069e+06
1541 -3.70254e+06 -2.79817e+06
1542 -3.98889e+06 -3.01459e+06
1543 -3.96995e+06 -3.03965e+06
1544 -3.9507e+06 -3.06447e+06
1545 -3.5922e+06 -2.85941e+06
1546 -3.6493e+06 -2.83069e+06
1547 -3.9507e+06 -3.06447e+06
1548 -3.93144e+06 -3.0893e+06
1549 -3.91188e+06 -3.11388e+06
1550 -3.53149e+06 -2.88432e+06
1551 -3.5922e+06 -2.85941e+06
1552 -3.91188e+06 -3.11388e+06
1553 -3.89231e+06 -3.13846e+06
1554 -3.87244e+06 -3.16279e+06
1555 -3.46745e+06 -2.90541e+06
1556 -3.53149e+06 -2.88432e+06
1557 -3.87244e+06 -3.16279e+06
1558 -3.85257e+06 -3.18712e+06
1559 -3.83239e+06 -3.2112e+06
1560 -3.40036e+06 -2.92271e+06
1561 -3.46745e+06 -2.90541e+06
1562 -3.83239e+06 -3.2112e+06
1563 -3.81221e+06 -3.23528e+06
1564 -3.79173e+06 -3.2591e+06
1565 -3.33051e+06 -2.93624e+06
1566 -3.40036e+06 -2.92271e+06
1567 -3.79173e+06 -3.2591e+06
1568 -3.77126e+06 -3.28293e+06
1569 -3.75048e+06 -3.30649e+06
1570 -3.27258e+06 -2.95908e+06
1571 -3.27791e+06 -2.9507e+06
1572 -3.2876e+06 -2.94209e+06
1573 -3.33051e+06 -2.93624e+06
1574 -3.75048e+06 -3.30649e+06
1575 -3.72971e+06 -3.33006e+06
1576 -3.70864e+06 -3.35336e+06
1577 -3.24012e+06 -3.00459e+06
1578 -3.27258e+06 -2.95908e+06
1579 -3.70864e+06 -3.35336e+06
1580 -3.68756e+06 -3.37666e+06
1581 -3.6662e+06 -3.3997e+06
1582 -3.20536e+06 -3.04816e+06
1583 -3.24012e+06 -3.00459e+06
1584 -3.6662e+06 -3.3997e+06
1585 -3.64484e+06 -3.42274e+06
1586 -3.62319e+06 -3.4455e+06
1587 -3.18804e+06 -3.10891e+06
1588 -3.19277e+06 -3.06228e+06
1589 -3.20536e+06 -3.04816e+06
1590 -3.62319e+06 -3.4455e+06
1591 -3.60154e+06 -3.46827e+06
1592 -3.57961e+06 -3.49076e+06
1593 -3.17714e+06 -3.17714e+06
1594 -3.18804e+06 -3.10891e+06
1595 -3.57961e+06 -3.49076e+06
1596 -3.55768e+06 -3.51325e+06
1597 -3.53546e+06 -3.53546e+06
1598 -3.16241e+06 -3.2429e+06
1599 -3.17714e+06 -3.17714e+06
1600 -3.53546e+06 -3.53546e+06
1601 -3.51325e+06 -3.55768e+06
1602 -3.49076e+06 -3.57961e+06
1603 -3.1438e+06 -3.30593e+06
1604 -3.16241e+06 -3.2429e+06
1605 -3.49076e+06 -3.57961e+06
1606 -3.46827e+06 -3.60154e+06
1607 -3.4455e+06 -3.62319e+06
1608 -3.12129e+06 -3.36597e+06
1609 -3.1438e+06 -3.30593e+06
1610 -3.4455e+06 -3.62319e+06
1611 -3.42273e+06 -3.64484e+06
1612 -3.3997e+06 -3.6662e+06
1613 -3.09488e+06 -3.42276e+06
1614 -3.12129e+06 -3.36597e+06
1615 -3.3997e+06 -3.6662e+06
1616 -3.37666e+06 -3.68757e+06
1617 -3.35336e+06 -3.70864e+06
1618 -3.06458e+06 -3.47609e+06
1619 -3.09488e+06 -3.42276e+06
1620 -3.35336e+06 -3.70864e+06
1621 -3.33006e+06 -3.72971e+06
1622 -3.30649e+06 -3.75048e+06
1623 -3.03046e+06 -3.52572e+06
1624 -3.06458e+06 -3.47609e+06
1625 -3.30649e+06 -3.75048e+06
1626 -3.28293e+06 -3.77126e+06
1627 -3.2591e+06 -3.79173e+06
1628 -2.99258e+06 -3.57147e+06
1629 -3.03046e+06 -3.52572e+06
1630 -3.2591e+06 -3.79173e+06
1631 -3.23528e+06 -3.81221e+06
1632 -3.2112e+06 -3.83239e+06
1633 -2.95103e+06 -3.61317e+06
1634 -2.99258e+06 -3.57147e+06
1635 -3.2112e+06 -3.83239e+06
1636 -3.18712e+06 -3.85257e+06
1637 -3.16279e+06 -3.87244e+06
1638 -2.90594e+06 -3.65065e+06
1639 -2.95103e+06 -3.61317e+06
1640 -3.16279e+06 -3.87244e+06
1641 -3.13846e+06 -3.89231e+06
1642 -3.11388e+06 -3.91188e+06
1643 -2.85745e+06 -3.68381e+06
1644 -2.90594e+06 -3.65065e+06
1645 -3.11388e+06 -3.91188e+06
1646 -3.0893e+06 -3.93144e+06
1647 -3.06447e+06 -3.9507e+06
1648 -2.80573e+06 -3.71254e+06
1649 -2.85745e+06 -3.68381e+06
1650 -3.06447e+06 -3.9507e+06
1651 -3.03965e+06 -3.96995e+06
1652 -3.01459e+06 -3.98889e+06
1653 -2.75096e+06 -3.73677e+06
1654 -2.80573e+06 -3.71254e+06
1655 -3.01459e+06 -3.98889e+06
1656 -2.98952e+06 -4.00784e+06
1657 -2.96423e+06 -4.02646e+06
1658 -2.69334e+06 -3.75647e+06
1659 -2.75096e+06 -3.73677e+06
1660 -2.96423e+06 -4.02646e+06
1661 -2.93893e+06 -4.04509e+06
1662 -2.91339e+06 -4.06339e+06
1663 -2.65559e+06 -3.80388e+06
1664 -2.69266e+06 -3.75664e+06
1665 -2.69334e+06 -3.75647e+06
1666 -2.91339e+06 -4.06339e+06
1667 -2.88786e+06 -4.0817e+06
1668 -2.8621e+06 -4.09968e+06
1669 -2.61477e+06 -3.84751e+06
1670 -2.65559e+06 -3.80388e+06
1671 -2.8621e+06 -4.09968e+06
1672 -2.83634e+06 -4.11766e+06
1673 -2.81036e+06 -4.13532e+06
1674 -2.57069e+06 -3.88684e+06
1675 -2.61477e+06 -3.84751e+06
1676 -2.81036e+06 -4.13532e+06
1677 -2.78438e+06 -4.15298e+06
1678 -2.75818e+06 -4.17031e+06
1679 -2.5235e+06 -3.92171e+06
1680 -2.57069e+06 -3.88684e+06
1681 -2.75818e+06 -4.17031e+06
1682 -2.73197e+06 -4.18764e+06
1683 -2.70555e+06 -4.20464e+06
1684 -2.47332e+06 -3.95201e+06
1685 -2.5235e+06 -3.92171e+06
1686 -2.70555e+06 -4.20464e+06
1687 -2.67913e+06 -4.22164e+06
1688 -2.6525e+06 -4.23831e+06
1689 -2.42034e+06 -3.97763e+06
1690 -2.47332e+06 -3.95201e+06
1691 -2.6525e+06 -4.23831e+06
1692 -2.62587e+06 -4.25497e+06
1693 -2.59904e+06 -4.2713e+06
1694 -2.36472e+06 -3.99853e+06
1695 -2.42034e+06 -3.97763e+06
1696 -2.59904e+06 -4.2713e+06
1697 -2.5722e+06 -4.28763e+06
1698 -2.54516e+06 -4.30363e+06
1699 -2.30667e+06 -4.01466e+06
1700 -2.36472e+06 -3.99853e+06
1701 -2.54516e+06 -4.30363e+06
1702 -2.51812e+06 -4.31962e+06
1703 -2.49088e+06 -4.33527e+06
1704 -2.24638e+06 -4.02602e+06
1705 -2.30667e+06 -4.01466e+06
1706 -2.49088e+06 -4.33527e+06
1707 -2.46364e+06 -4.35092e+06
1708 -2.4362e+06 -4.36623e+06
1709 -2.18407e+06 -4.03263e+06
1710 -2.24638e+06 -4.02602e+06
1711 -2.4362e+06 -4.36623e+06
1712 -2.40877e+06 -4.38153e+06
1713 -2.38114e+06 -4.3965e+06
1714 -2.11999e+06 -4.03455e+06
1715 -2.18407e+06 -4.03263e+06
1716 -2.38114e+06 -4.3965e+06
1717 -2.35352e+06 -4.41146e+06
1718 -2.32571e+06 -4.42607e+06
1719 -2.05434e+06 -4.03187e+06
1720 -2.11999e+06 -4.03455e+06
1721 -2.32571e+06 -4.42607e+06
1722 -2.2979e+06 -4.44068e+06
1723 -2.26991e+06 -4.45494e+06
1724 -1.98737e+06 -4.02467e+06
1725 -2.05434e+06 -4.03187e+06
1726 -2.26991e+06 -4.45494e+06
1727 -2.24192e+06 -4.46921e+06
1728 -2.21375e+06 -4.48312e+06
1729 -1.93342e+06 -4.04259e+06
1730 -1.96165e+06 -4.0203e+06
1731 -1.98737e+06 -4.02467e+06
1732 -2.21375e+06 -4.48312e+06
1733 -2.18558e+06 -4.49703e+06
1734 -2.15724e+06 -4.51058e+06
1735 -1.88988e+06 -4.0826e+06
1736 -1.90557e+06 -4.06196e+06
1737 -1.93342e+06 -4.04259e+06
1738 -2.15724e+06 -4.51058e+06
1739 -2.1289e+06 -4.52414e+06
1740 -2.10039e+06 -4.53733e+06
1741 -1.84908e+06 -4.12981e+06
1742 -1.88988e+06 -4.0826e+06
1743 -2.10039e+06 -4.53733e+06
1744 -2.07188e+06 -4.55053e+06
1745 -2.0432e+06 -4.56337e+06
1746 -1.80602e+06 -4.17346e+06
1747 -1.84908e+06 -4.12981e+06
1748 -2.0432e+06 -4.56337e+06
1749 -2.01453e+06 -4.57621e+06
1750 -1.9857e+06 -4.58868e+06
1751 -1.76076e+06 -4.21337e+06
1752 -1.80602e+06 -4.17346e+06
1753 -1.9857e+06 -4.58868e+06
1754 -1.95687e+06 -4.60116e+06
1755 -1.92788e+06 -4.61327e+06
1756 -1.71342e+06 -4.24939e+06
1757 -1.76076e+06 -4.21337e+06
1758 -1.92788e+06 -4.61327e+06
1759 -1.89889e+06 -4.62539e+06
1760 -1.86976e+06 -4.63713e+06
1761 -1.66408e+06 -4.2814e+06
1762 -1.71342e+06 -4.24939e+06
1763 -1.86976e+06 -4.63713e+06
1764 -1.84062e+06 -4.64888e+06
1765 -1.81134e+06 -4.66026e+06
1766 -1.61288e+06 -4.30925e+06
1767 -1.66408e+06 -4.2814e+06
1768 -1.81134e+06 -4.66026e+06
1769 -1.78206e+06 -4.67164e+06
1770 -1.75264e+06 -4.68266e+06
1771 -1.55993e+06 -4.33288e+06
1772 -1.61288e+06 -4.30925e+06
1773 -1.75264e+06 -4.68266e+06
1774 -1.72321e+06 -4.69367e+06
1775 -1.69366e+06 -4.70431e+06
1776 -1.50538e+06 -4.35219e+06
1777 -1.55993e+06 -4.33288e+06
1778 -1.69366e+06 -4.70431e+06
1779 -1.6641e+06 -4.71495e+06
1780 -1.63441e+06 -4.72522e+06
1781 -1.45112e+06 -4.37241e+06
1782 -1.46468e+06 -4.36305e+06
1783 -1.50538e+06 -4.35219e+06
1784 -1.63441e+06 -4.72522e+06
1785 -1.60472e+06 -4.73549e+06
1786 -1.5749e+06 -4.74539e+06
1787 -1.39981e+06 -4.40209e+06
1788 -1.45112e+06 -4.37241e+06
1789 -1.5749e+06 -4.74539e+06
1790 -1.54509e+06 -4.75528e+06
1791 -1.51515e+06 -4.7648e+06
1792 -1.34731e+06 -4.42895e+06
1793 -1.36847e+06 -4.41691e+06
1794 -1.39981e+06 -4.40209e+06
1795 -1.51515e+06 -4.7648e+06
1796 -1.48521e+06 -4.77432e+06
1797 -1.45515e+06 -4.78347e+06
1798 -1.2939e+06 -4.45363e+06
1799 -1.34731e+06 -4.42895e+06
1800 -1.45515e+06 -4.78347e+06
1801 -1.4251e+06 -4.79261e+06
1802 -1.39493e+06 -4.80137e+06
1803 -1.23945e+06 -4.47539e+06
1804 -1.24248e+06 -4.47218e+06
1805 -1.2939e+06 -4.45363e+06
1806 -1.39493e+06 -4.80137e+06
1807 -1.36476e+06 -4.81014e+06
1808 -1.33448e+06 -4.81852e+06
1809 -1.19058e+06 -4.51893e+06
1810 -1.23945e+06 -4.47539e+06
1811 -1.33448e+06 -4.81852e+06
1812 -1.30421e+06 -4.82691e+06
1813 -1.27383e+06 -4.83491e+06
1814 -1.13941e+06 -4.55637e+06
1815 -1.19058e+06 -4.51893e+06
1816 -1.27383e+06 -4.83491e+06
1817 -1.24345e+06 -4.84292e+06
1818 -1.21297e+06 -4.85054e+06
1819 -1.08613e+06 -4.58749e+06
1820 -1.13941e+06 -4.55637e+06
1821 -1.21297e+06 -4.85054e+06
1822 -1.18249e+06 -4.85816e+06
1823 -1.15192e+06 -4.8654e+06
1824 -1.03092e+06 -4.61208e+06
1825 -1.08613e+06 -4.58749e+06
1826 -1.15192e+06 -4.8654e+06
1827 -1.12135e+06 -4.87263e+06
1828 -1.09069e+06 -4.87949e+06
1829 -974003 -4.62999e+06
1830 -1.03092e+06 -4.61208e+06
1831 -1.09069e+06 -4.87949e+06
1832 -1.06004e+06 -4.88634e+06
1833 -1.02929e+06 -4.89281e+06
1834 -915602 -4.64113e+06
1835 -974003 -4.62999e+06
1836 -1.02929e+06 -4.89281e+06
1837 -998549 -4.89928e+06
1838 -967728 -4.90536e+06
1839 -855950 -4.64545e+06
1840 -915602 -4.64113e+06
1841 -967728 -4.90536e+06
1842 -936907 -4.91144e+06
1843 -906011 -4.91713e+06
1844 -795304 -4.64296e+06
1845 -855950 -4.64545e+06
1846 -906011 -4.91713e+06
1847 -875115 -4.92282e+06
1848 -844149 -4.92813e+06
1849 -733911 -4.63374e+06
1850 -795304 -4.64296e+06
1851 -844149 -4.92813e+06
1852 -813184 -4.93343e+06
1853 -782156 -4.93834e+06
1854 -672032 -4.6179e+06
1855 -733911 -4.63374e+06
1856 -782156 -4.93834e+06
1857 -751128 -4.94326e+06
1858 -720039 -4.94778e+06
1859 -609921 -4.59561e+06
1860 -672032 -4.6179e+06
1861 -720039 -4.94778e+06
1862 -688950 -4.95231e+06
1863 -657808 -4.95644e+06
1864 -549903 -4.5844e+06
1865 -568464 -4.57656e+06
1866 -609921 -4.59561e+06
1867 -657808 -4.95644e+06
1868 -626666 -4.96057e+06
1869 -595474 -4.96432e+06
1870 -493534 -4.60292e+06
1871 -549903 -4.5844e+06
1872 -595474 -4.96432e+06
1873 -564281 -4.96806e+06
1874 -533045 -4.97141e+06
1875 -436386 -4.61647e+06
1876 -493534 -4.60292e+06
1877 -533045 -4.97141e+06
1878 -501809 -4.97476e+06
1879 -470532 -4.97771e+06
1880 -378618 -4.625e+06
1881 -436386 -4.61647e+06
1882 -470532 -4.97771e+06
1883 -439256 -4.98067e+06
1884 -407944 -4.98323e+06
1885 -320406 -4.62846e+06
1886 -378618 -4.625e+06
1887 -407944 -4.98323e+06
1888 -376633 -4.98579e+06
1889 -345293 -4.98796e+06
1890 -262307 -4.6337e+06
1891 -271164 -4.6271e+06
1892 -320406 -4.62846e+06
1893 -345293 -4.98796e+06
1894 -313953 -4.99013e+06
1895 -282587 -4.99191e+06
1896 -205477 -4.66881e+06
1897 -262307 -4.6337e+06
1898 -282587 -4.99191e+06
1899 -251221 -4.99368e+06
1900 -219836 -4.99507e+06
1901 -147619 -4.6973e+06
1902 -205477 -4.66881e+06
1903 -219836 -4.99507e+06
1904 -188451 -4.99645e+06
1905 -157051 -4.99743e+06
1906 -88960.5 -4.71893e+06
1907 -147619 -4.6973e+06
1908 -157051 -4.99743e+06
1909 -125650 -4.99842e+06
1910 -94239.4 -4.99901e+06
1911 -29740.2 -4.73352e+06
1912 -88960.5 -4.71893e+06
1913 -94239.4 -4.99901e+06
1914 -62828.7 -4.9996e+06
1915 -31414.3 -4.9998e+06
1916 29788.3 -4.74094e+06
1917 -29740.2 -4.73352e+06
1918 -31414.3 -4.9998e+06
1919 0.0596244 -5e+06
1920 31415.6 -4.9998e+06
1921 89380.4 -4.74114e+06
1922 29788.3 -4.74094e+06
1923 31415.6 -4.9998e+06
1924 62831.2 -4.9996e+06
1925 94240.7 -4.99901e+06
1926 148776 -4.73411e+06
1927 89380.4 -4.74114e+06
1928 94240.7 -4.99901e+06
1929 125650 -4.99842e+06
1930 157051 -4.99743e+06
1931 207726 -4.7199e+06
1932 148776 -4.73411e+06
1933 157051 -4.99743e+06
1934 188452 -4.99645e+06
1935 219837 -4.99507e+06
1936 265986 -4.69863e+06
1937 207726 -4.7199e+06
1938 219837 -4.99507e+06
1939 251223 -4.99368e+06
1940 282588 -4.99191e+06
1941 323316 -4.67047e+06
1942 265986 -4.69863e+06
1943 282588 -4.99191e+06
1944 313953 -4.99013e+06
1945 345294 -4.98796e+06
1946 379489 -4.63564e+06
1947 323316 -4.67047e+06
1948 345294 -4.98796e+06
1949 376635 -4.98579e+06
1950 407945 -4.98323e+06
1951 434300 -4.59441e+06
1952 379489 -4.63564e+06
1953 407945 -4.98323e+06
1954 439256 -4.98067e+06
1955 470533 -4.97771e+06
1956 487551 -4.54711e+06
1957 434300 -4.59441e+06
1958 470533 -4.97771e+06
1959 501809 -4.97476e+06
1960 533045 -4.97141e+06
1961 539071 -4.49409e+06
1962 487551 -4.54711e+06
1963 533045 -4.97141e+06
1964 564281 -4.96806e+06
1965 595474 -4.96432e+06
1966 588702 -4.43573e+06
1967 539071 -4.49409e+06
1968 595474 -4.96432e+06
1969 626666 -4.96057e+06
1970 657810 -4.95644e+06
1971 637936 -4.38359e+06
1972 627641 -4.38398e+06
1973 588702 -4.43573e+06
1974 657810 -4.95644e+06
1975 688953 -4.95231e+06
1976 720040 -4.94778e+06
1977 693469 -4.37841e+06
1978 637936 -4.38359e+06
1979 720040 -4.94778e+06
1980 751128 -4.94326e+06
1981 782157 -4.93834e+06
1982 748579 -4.37017e+06
1983 693469 -4.37841e+06
1984 782157 -4.93834e+06
1985 813187 -4.93343e+06
1986 844151 -4.92813e+06
1987 803147 -4.35889e+06
1988 748579 -4.37017e+06
1989 844151 -4.92813e+06
1990 875115 -4.92282e+06
1991 906011 -4.91713e+06
1992 857101 -4.34458e+06
1993 803147 -4.35889e+06
1994 906011 -4.91713e+06
1995 936907 -4.91144e+06
1996 967729 -4.90536e+06
1997 910326 -4.32729e+06
1998 857101 -4.34458e+06
1999 967729 -4.90536e+06
2000 998551 -4.89928e+06
2001 1.02929e+06 -4.89281e+06
2002 962743 -4.30706e+06
2003 910326 -4.32729e+06
2004 1.02929e+06 -4.89281e+06
2005 1.06004e+06 -4.88634e+06
2006 1.0907e+06 -4.87949e+06
2007 1.01426e+06 -4.28394e+06
2008 962743 -4.30706e+06
2009 1.0907e+06 -4.87949e+06
2010 1.12135e+06 -4.87263e+06
2011 1.15192e+06 -4.8654e+06
2012 1.07375e+06 -4.29383e+06
2013 1.03467e+06 -4.27346e+06
2014 1.01426e+06 -4.28394e+06
2015 1.15192e+06 -4.8654e+06
2016 1.18249e+06 -4.85816e+06
2017 1.21297e+06 -4.85054e+06
2018 1.13908e+06 -4.32345e+06
2019 1.07375e+06 -4.29383e+06
2020 1.21297e+06 -4.85054e+06
2021 1.24345e+06 -4.84292e+06
2022 1.27383e+06 -4.83491e+06
2023 1.2043e+06 -4.34847e+06
2024 1.13908e+06 -4.32345e+06
2025 1.27383e+06 -4.83491e+06
2026 1.30421e+06 -4.82691e+06
2027 1.33448e+06 -4.81852e+06
2028 1.26922e+06 -4.3687e+06
2029 1.2043e+06 -4.34847e+06
2030 1.33448e+06 -4.81852e+06
2031 1.36476e+06 -4.81014e+06
2032 1.39493e+06 -4.80137e+06
2033 1.33362e+06 -4.38394e+06
2034 1.26922e+06 -4.3687e+06
2035 1.39493e+06 -4.80137e+06
2036 1.4251e+06 -4.79261e+06
2037 1.45515e+06 -4.78347e+06
2038 1.39725e+06 -4.39403e+06
2039 1.33362e+06 -4.38394e+06
2040 1.45515e+06 -4.78347e+06
2041 1.48521e+06 -4.77432e+06
2042 1.51515e+06 -4.7648e+06
2043 1.45989e+06 -4.39885e+06
2044 1.39725e+06 -4.39403e+06
2045 1.51515e+06 -4.7648e+06
2046 1.54509e+06 -4.75528e+06
2047 1.5749e+06 -4.74539e+06
2048 1.52133e+06 -4.39829e+06
2049 1.45989e+06 -4.39885e+06
2050 1.5749e+06 -4.74539e+06
2051 1.60472e+06 -4.73549e+06
2052 1.63441e+06 -4.72522e+06
2053 1.58133e+06 -4.3923e+06
2054 1.52133e+06 -4.39829e+06
2055 1.63441e+06 -4.72522e+06
2056 1.6641e+06 -4.71495e+06
2057 1.69366e+06 -4.70431e+06
2058 1.63967e+06 -4.38083e+06
2059 1.58133e+06 -4.3923e+06
2060 1.69366e+06 -4.70431e+06
2061 1.72322e+06 -4.69367e+06
2062 1.75264e+06 -4.68266e+06
2063 1.69615e+06 -4.3639e+06
2064 1.63967e+06 -4.38083e+06
2065 1.75264e+06 -4.68266e+06
2066 1.78206e+06 -4.67164e+06
2067 1.81134e+06 -4.66026e+06
2068 1.75057e+06 -4.34154e+06
2069 1.69615e+06 -4.3639e+06
2070 1.81134e+06 -4.66026e+06
2071 1.84062e+06 -4.64888e+06
2072 1.86976e+06 -4.63713e+06
2073 1.80275e+06 -4.31384e+06
2074 1.75057e+06 -4.34154e+06
2075 1.86976e+06 -4.63713e+06
2076 1.89889e+06 -4.62539e+06
2077 1.92788e+06 -4.61327e+06
2078 1.85252e+06 -4.28092e+06
2079 1.80275e+06 -4.31384e+06
2080 1.92788e+06 -4.61327e+06
2081 1.95687e+06 -4.60116e+06
2082 1.9857e+06 -4.58868e+06
2083 1.904e+06 -4.25247e+06
2084 1.8879e+06 -4.25242e+06
2085 1.85252e+06 -4.28092e+06
2086 1.9857e+06 -4.58868e+06
2087 2.01453e+06 -4.57621e+06
2088 2.04321e+06 -4.56337e+06
2089 1.96597e+06 -4.24694e+06
2090 1.904e+06 -4.25247e+06
2091 2.04321e+06 -4.56337e+06
2092 2.07188e+06 -4.55053e+06
2093 2.10039e+06 -4.53733e+06
2094 2.02575e+06 -4.23564e+06
2095 1.96597e+06 -4.24694e+06
2096 2.10039e+06 -4.53733e+06
2097 2.1289e+06 -4.52414e+06
2098 2.15724e+06 -4.51058e+06
2099 2.08311e+06 -4.21855e+06
2100 2.02575e+06 -4.23564e+06
2101 2.15724e+06 -4.51058e+06
2102 2.18558e+06 -4.49703e+06
2103 2.21375e+06 -4.48312e+06
2104 2.13782e+06 -4.1957e+06
2105 2.08311e+06 -4.21855e+06
2106 2.21375e+06 -4.48312e+06
2107 2.24192e+06 -4.46921e+06
2108 2.26991e+06 -4.45494e+06
2109 2.18967e+06 -4.16716e+06
2110 2.13782e+06 -4.1957e+06
2111 2.26991e+06 -4.45494e+06
2112 2.2979e+06 -4.44068e+06
2113 2.32571e+06 -4.42607e+06
2114 2.18967e+06 -4.16716e+06
2115 2.32571e+06 -4.42607e+06
2116 2.35352e+06 -4.41146e+06
2117 2.38114e+06 -4.39649e+06
2118 2.23846e+06 -4.13304e+06
2119 2.28403e+06 -4.0935e+06
2120 2.23846e+06 -4.13304e+06
2121 2.38114e+06 -4.39649e+06
2122 2.40877e+06 -4.38153e+06
2123 2.4362e+06 -4.36623e+06
2124 2.32624e+06 -4.04872e+06
2125 2.28403e+06 -4.0935e+06
2126 2.4362e+06 -4.36623e+06
2127 2.46364e+06 -4.35092e+06
2128 2.49088e+06 -4.33527e+06
2129 2.36497e+06 -3.99894e+06
2130 2.32624e+06 -4.04872e+06
2131 2.49088e+06 -4.33527e+06
2132 2.51812e+06 -4.31962e+06
2133 2.54516e+06 -4.30362e+06
2134 2.40012e+06 -3.9444e+06
2135 2.36497e+06 -3.99894e+06
2136 2.54516e+06 -4.30362e+06
2137 2.5722e+06 -4.28763e+06
2138 2.59904e+06 -4.2713e+06
2139 2.44253e+06 -3.9028e+06
2140 2.41835e+06 -3.91028e+06
2141 2.40012e+06 -3.9444e+06
2142 2.59904e+06 -4.2713e+06
2143 2.62587e+06 -4.25497e+06
2144 2.6525e+06 -4.23831e+06
2145 2.4973e+06 -3.88099e+06
2146 2.44253e+06 -3.9028e+06
2147 2.6525e+06 -4.23831e+06
2148 2.67914e+06 -4.22164e+06
2149 2.70555e+06 -4.20464e+06
2150 2.54965e+06 -3.85503e+06
2151 2.4973e+06 -3.88099e+06
2152 2.70555e+06 -4.20464e+06
2153 2.73197e+06 -4.18764e+06
2154 2.75818e+06 -4.17031e+06
2155 2.59944e+06 -3.82495e+06
2156 2.54965e+06 -3.85503e+06
2157 2.75818e+06 -4.17031e+06
2158 2.78438e+06 -4.15298e+06
2159 2.81036e+06 -4.13532e+06
2160 2.64651e+06 -3.79086e+06
2161 2.59944e+06 -3.82495e+06
2162 2.81036e+06 -4.13532e+06
2163 2.83635e+06 -4.11766e+06
2164 2.8621e+06 -4.09968e+06
2165 2.69073e+06 -3.75284e+06
2166 2.64651e+06 -3.79086e+06
2167 2.8621e+06 -4.09968e+06
2168 2.88786e+06 -4.0817e+06
2169 2.9134e+06 -4.06339e+06
2170 2.732e+06 -3.71101e+06
2171 2.69073e+06 -3.75284e+06
2172 2.9134e+06 -4.06339e+06
2173 2.93893e+06 -4.04508e+06
2174 2.96423e+06 -4.02646e+06
2175 2.7702e+06 -3.66553e+06
2176 2.732e+06 -3.71101e+06
2177 2.96423e+06 -4.02646e+06
2178 2.98952e+06 -4.00784e+06
2179 3.01459e+06 -3.98889e+06
2180 2.80527e+06 -3.61654e+06
2181 2.7702e+06 -3.66553e+06
2182 3.01459e+06 -3.98889e+06
2183 3.03965e+06 -3.96995e+06
2184 3.06447e+06 -3.9507e+06
2185 2.84107e+06 -3.56916e+06
2186 2.83382e+06 -3.56967e+06
2187 2.80527e+06 -3.61654e+06
2188 3.06447e+06 -3.9507e+06
2189 3.0893e+06 -3.93144e+06
2190 3.11388e+06 -3.91188e+06
2191 2.90735e+06 -3.55968e+06
2192 2.84107e+06 -3.56916e+06
2193 3.11388e+06 -3.91188e+06
2194 3.13846e+06 -3.89231e+06
2195 3.16279e+06 -3.87244e+06
2196 2.97082e+06 -3.54551e+06
2197 2.90735e+06 -3.55968e+06
2198 3.16279e+06 -3.87244e+06
2199 3.18712e+06 -3.85257e+06
2200 3.2112e+06 -3.83239e+06
2201 3.03121e+06 -3.52659e+06
2202 2.97082e+06 -3.54551e+06
2203 3.2112e+06 -3.83239e+06
2204 3.23528e+06 -3.81221e+06
2205 3.2591e+06 -3.79173e+06
2206 3.08825e+06 -3.50294e+06
2207 3.03121e+06 -3.52659e+06
2208 3.2591e+06 -3.79173e+06
2209 3.28293e+06 -3.77126e+06
2210 3.30649e+06 -3.75048e+06
2211 3.14171e+06 -3.47456e+06
2212 3.08825e+06 -3.50294e+06
2213 3.30649e+06 -3.75048e+06
2214 3.33006e+06 -3.72971e+06
2215 3.35336e+06 -3.70864e+06
2216 3.19135e+06 -3.44152e+06
2217 3.14171e+06 -3.47456e+06
2218 3.35336e+06 -3.70864e+06
2219 3.37666e+06 -3.68756e+06
2220 3.3997e+06 -3.6662e+06
2221 3.23698e+06 -3.40391e+06
2222 3.19135e+06 -3.44152e+06
2223 3.3997e+06 -3.6662e+06
2224 3.42274e+06 -3.64484e+06
2225 3.4455e+06 -3.62319e+06
2226 3.27841e+06 -3.36186e+06
2227 3.23698e+06 -3.40391e+06
2228 3.4455e+06 -3.62319e+06
2229 3.46827e+06 -3.60154e+06
2230 3.49076e+06 -3.57961e+06
2231 3.31551e+06 -3.31551e+06
2232 3.27841e+06 -3.36186e+06
2233 3.49076e+06 -3.57961e+06
2234 3.51325e+06 -3.55768e+06
2235 3.53546e+06 -3.53546e+06
2236 3.34816e+06 -3.26505e+06
2237 3.31551e+06 -3.31551e+06
2238 3.53546e+06 -3.53546e+06
2239 3.55768e+06 -3.51325e+06
2240 3.57961e+06 -3.49076e+06
2241 3.37629e+06 -3.2107e+06
2242 3.34816e+06 -3.26505e+06
2243 3.57961e+06 -3.49076e+06
2244 3.60155e+06 -3.46827e+06
2245 3.6232e+06 -3.4455e+06
2246 3.39983e+06 -3.15269e+06
2247 3.37629e+06 -3.2107e+06
2248 3.6232e+06 -3.4455e+06
2249 3.64484e+06 -3.42273e+06
2250 3.66621e+06 -3.3997e+06
2251 3.41878e+06 -3.09128e+06
2252 3.39983e+06 -3.15269e+06
2253 3.66621e+06 -3.3997e+06
2254 3.68757e+06 -3.37666e+06
2255 3.70864e+06 -3.35336e+06
2256 3.47572e+06 -3.06426e+06
2257 3.42085e+06 -3.08201e+06
2258 3.41878e+06 -3.09128e+06
2259 3.70864e+06 -3.35336e+06
2260 3.72971e+06 -3.33006e+06
2261 3.75048e+06 -3.30649e+06
2262 3.53568e+06 -3.03902e+06
2263 3.47572e+06 -3.06426e+06
2264 3.75048e+06 -3.30649e+06
2265 3.77126e+06 -3.28293e+06
2266 3.79174e+06 -3.2591e+06
2267 3.59136e+06 -3.00924e+06
2268 3.53568e+06 -3.03902e+06
2269 3.79174e+06 -3.2591e+06
2270 3.81221e+06 -3.23528e+06
2271 3.83239e+06 -3.2112e+06
2272 3.64246e+06 -2.97496e+06
2273 3.59136e+06 -3.00924e+06
2274 3.83239e+06 -3.2112e+06
2275 3.85257e+06 -3.18712e+06
2276 3.87244e+06 -3.16279e+06
2277 3.68875e+06 -2.93627e+06
2278 3.64246e+06 -2.97496e+06
2279 3.87244e+06 -3.16279e+06
2280 3.89231e+06 -3.13846e+06
2281 3.91188e+06 -3.11388e+06
2282 3.73001e+06 -2.89329e+06
2283 3.68875e+06 -2.93627e+06
2284 3.91188e+06 -3.11388e+06
2285 3.93144e+06 -3.0893e+06
2286 3.9507e+06 -3.06447e+06
2287 3.76604e+06 -2.84617e+06
2288 3.73001e+06 -2.89329e+06
2289 3.9507e+06 -3.06447e+06
2290 3.96995e+06 -3.03965e+06
2291 3.98889e+06 -3.01459e+06
2292 3.79672e+06 -2.79509e+06
2293 3.76604e+06 -2.84617e+06
2294 3.98889e+06 -3.01459e+06
2295 4.00784e+06 -2.98952e+06
2296 4.02646e+06 -2.96423e+06
2297 3.82194e+06 -2.74028e+06
2298 3.79672e+06 -2.79509e+06
2299 4.02646e+06 -2.96423e+06
2300 4.04508e+06 -2.93893e+06
2301 4.06339e+06 -2.91339e+06
2302 3.84164e+06 -2.68196e+06
2303 3.82194e+06 -2.74028e+06
2304 4.06339e+06 -2.91339e+06
2305 4.0817e+06 -2.88786e+06
2306 4.09968e+06 -2.8621e+06
2307 3.85582e+06 -2.62041e+06
2308 3.84164e+06 -2.68196e+06
2309 4.09968e+06 -2.8621e+06
2310 4.11766e+06 -2.83634e+06
2311 4.13532e+06 -2.81036e+06
2312 3.86449e+06 -2.55591e+06
2313 3.85582e+06 -2.62041e+06
2314 4.13532e+06 -2.81036e+06
2315 4.15298e+06 -2.78438e+06
2316 4.17031e+06 -2.75817e+06
2317 3.90683e+06 -2.51392e+06
2318 3.86544e+06 -2.53629e+06
2319 3.86449e+06 -2.55591e+06
2320 4.17031e+06 -2.75817e+06
2321 4.18764e+06 -2.73197e+06
2322 4.20464e+06 -2.70555e+06
2323 3.96037e+06 -2.47856e+06
2324 3.90683e+06 -2.51392e+06
2325 4.20464e+06 -2.70555e+06
2326 4.22164e+06 -2.67913e+06
2327 4.23831e+06 -2.6525e+06
2328 4.00891e+06 -2.43937e+06
2329 3.96037e+06 -2.47856e+06
2330 4.23831e+06 -2.6525e+06
2331 4.25497e+06 -2.62587e+06
2332 4.2713e+06 -2.59903e+06
2333 4.05218e+06 -2.39645e+06
2334 4.00891e+06 -2.43937e+06
2335 4.2713e+06 -2.59903e+06
2336 4.28763e+06 -2.5722e+06
2337 4.30363e+06 -2.54516e+06
2338 4.08998e+06 -2.34994e+06
2339 4.05218e+06 -2.39645e+06
2340 4.30363e+06 -2.54516e+06
2341 4.31962e+06 -2.51812e+06
2342 4.33527e+06 -2.49088e+06
2343 4.12212e+06 -2.3e+06
2344 4.08998e+06 -2.34994e+06
2345 4.33527e+06 -2.49088e+06
2346 4.35092e+06 -2.46364e+06
2347 4.36623e+06 -2.4362e+06
2348 4.14847e+06 -2.24681e+06
2349 4.12212e+06 -2.3e+06
2350 4.36623e+06 -2.4362e+06
2351 4.38153e+06 -2.40877e+06
2352 4.3965e+06 -2.38114e+06
2353 4.16893e+06 -2.19059e+06
2354 4.14847e+06 -2.24681e+06
2355 4.3965e+06 -2.38114e+06
2356 4.41146e+06 -2.35352e+06
2357 4.42607e+06 -2.32571e+06
2358 4.18345e+06 -2.13158e+06
2359 4.16893e+06 -2.19059e+06
2360 4.42607e+06 -2.32571e+06
2361 4.44068e+06 -2.2979e+06
2362 4.45494e+06 -2.26991e+06
2363 4.19204e+06 -2.07001e+06
2364 4.18345e+06 -2.13158e+06
2365 4.45494e+06 -2.26991e+06
2366 4.46921e+06 -2.24192e+06
2367 4.48312e+06 -2.21375e+06
2368 4.19473e+06 -2.00617e+06
2369 4.19204e+06 -2.07001e+06
2370 4.48312e+06 -2.21375e+06
2371 4.49703e+06 -2.18558e+06
2372 4.51058e+06 -2.15724e+06
2373 4.1916e+06 -1.94034e+06
2374 4.19473e+06 -2.00617e+06
2375 4.51058e+06 -2.15724e+06
2376 4.52414e+06 -2.1289e+06
2377 4.53733e+06 -2.10039e+06
2378 4.18279e+06 -1.87281e+06
2379 4.1916e+06 -1.94034e+06
2380 4.53733e+06 -2.10039e+06
2381 4.55053e+06 -2.07188e+06
2382 4.56337e+06 -2.0432e+06
2383 4.16846e+06 -1.80385e+06
2384 4.18279e+06 -1.87281e+06
2385 4.56337e+06 -2.0432e+06
2386 4.57621e+06 -2.01453e+06
2387 4.58868e+06 -1.9857e+06
2388 4.18971e+06 -1.75088e+06
2389 4.16486e+06 -1.79101e+06
2390 4.16846e+06 -1.80385e+06
2391 4.58868e+06 -1.9857e+06
2392 4.60116e+06 -1.95687e+06
2393 4.61327e+06 -1.92788e+06
2394 4.23132e+06 -1.70613e+06
2395 4.20429e+06 -1.72327e+06
2396 4.18971e+06 -1.75088e+06
2397 4.61327e+06 -1.92788e+06
2398 4.62539e+06 -1.89889e+06
2399 4.63713e+06 -1.86976e+06
2400 4.28584e+06 -1.66581e+06
2401 4.23132e+06 -1.70613e+06
2402 4.63713e+06 -1.86976e+06
2403 4.64888e+06 -1.84062e+06
2404 4.66026e+06 -1.81134e+06
2405 4.3355e+06 -1.6227e+06
2406 4.28584e+06 -1.66581e+06
2407 4.66026e+06 -1.81134e+06
2408 4.67164e+06 -1.78206e+06
2409 4.68266e+06 -1.75264e+06
2410 4.38003e+06 -1.57691e+06
2411 4.3355e+06 -1.6227e+06
2412 4.68266e+06 -1.75264e+06
2413 4.69367e+06 -1.72322e+06
2414 4.70431e+06 -1.69366e+06
2415 4.41917e+06 -1.52855e+06
2416 4.38003e+06 -1.57691e+06
2417 4.70431e+06 -1.69366e+06
2418 4.71495e+06 -1.6641e+06
2419 4.72522e+06 -1.63441e+06
2420 4.45271e+06 -1.47777e+06
2421 4.41917e+06 -1.52855e+06
2422 4.72522e+06 -1.63441e+06
2423 4.73549e+06 -1.60472e+06
2424 4.74539e+06 -1.5749e+06
2425 4.48048e+06 -1.42473e+06
2426 4.45271e+06 -1.47777e+06
2427 4.74539e+06 -1.5749e+06
2428 4.75528e+06 -1.54508e+06
2429 4.7648e+06 -1.51515e+06
2430 4.50232e+06 -1.36962e+06
2431 4.48048e+06 -1.42473e+06
2432 4.7648e+06 -1.51515e+06
2433 4.77432e+06 -1.48521e+06
2434 4.78347e+06 -1.45515e+06
2435 4.51814e+06 -1.31264e+06
2436 4.50232e+06 -1.36962e+06
2437 4.78347e+06 -1.45515e+06
2438 4.79261e+06 -1.4251e+06
2439 4.80137e+06 -1.39493e+06
2440 4.52789e+06 -1.25399e+06
2441 4.51814e+06 -1.31264e+06
2442 4.80137e+06 -1.39493e+06
2443 4.81014e+06 -1.36476e+06
2444 4.81852e+06 -1.33448e+06
2445 4.53155e+06 -1.1939e+06
2446 4.52789e+06 -1.25399e+06
2447 4.81852e+06 -1.33448e+06
2448 4.82691e+06 -1.30421e+06
2449 4.83491e+06 -1.27383e+06
2450 4.52917e+06 -1.13261e+06
2451 4.53155e+06 -1.1939e+06
2452 4.83491e+06 -1.27383e+06
2453 4.84292e+06 -1.24345e+06
2454 4.85054e+06 -1.21297e+06
2455 4.52081e+06 -1.07034e+06
2456 4.52917e+06 -1.13261e+06
2457 4.85054e+06 -1.21297e+06
2458 4.85816e+06 -1.18249e+06
2459 4.8654e+06 -1.15192e+06
2460 4.5066e+06 -1.00734e+06
2461 4.52081e+06 -1.07034e+06
2462 4.8654e+06 -1.15192e+06
2463 4.87263e+06 -1.12135e+06
2464 4.87949e+06 -1.09069e+06
2465 4.48668e+06 -943855
2466 4.5066e+06 -1.00734e+06
2467 4.87949e+06 -1.09069e+06
2468 4.88634e+06 -1.06003e+06
2469 4.89281e+06 -1.02929e+06
2470 4.47626e+06 -883077
2471 4.46627e+06 -892686
2472 4.48668e+06 -943855
2473 4.89281e+06 -1.02929e+06
2474 4.89928e+06 -998550
2475 4.90536e+06 -967728
2476 4.52127e+06 -833072
2477 4.47626e+06 -883077
2478 4.90536e+06 -967728
2479 4.91144e+06 -936906
2480 4.91713e+06 -906010
2481 4.56106e+06 -781277
2482 4.52127e+06 -833072
2483 4.91713e+06 -906010
2484 4.92282e+06 -875114
2485 4.92813e+06 -844150
2486 4.59539e+06 -727835
2487 4.56106e+06 -781277
2488 4.92813e+06 -844150
2489 4.93343e+06 -813186
2490 4.93834e+06 -782156
2491 4.62402e+06 -672924
2492 4.59539e+06 -727835
2493 4.93834e+06 -782156
2494 4.94326e+06 -751127
2495 4.94778e+06 -720039
2496 4.6468e+06 -616713
2497 4.62402e+06 -672924
2498 4.94778e+06 -720039
2499 4.95231e+06 -688952
2500 4.95644e+06 -657809
2501 4.66357e+06 -559399
2502 4.6468e+06 -616713
2503 4.95644e+06 -657809
2504 4.96057e+06 -626666
2505 4.96432e+06 -595473
2506 4.67425e+06 -501182
2507 4.66357e+06 -559399
2508 4.96432e+06 -595473
2509 4.96806e+06 -564280
2510 4.97141e+06 -533044
2511 4.67877e+06 -442273
2512 4.67425e+06 -501182
2513 4.97141e+06 -533044
2514 4.97476e+06 -501808
2515 4.97771e+06 -470532
2516 4.67713e+06 -382885
2517 4.67877e+06 -442273
2518 4.97771e+06 -470532
2519 4.98067e+06 -439255
2520 4.98323e+06 -407945
2521 4.66936e+06 -323238
2522 4.67713e+06 -382885
2523 4.98323e+06 -407945
2524 4.98579e+06 -376634
2525 4.98796e+06 -345293
2526 4.65553e+06 -263542
2527 4.66936e+06 -323238
2528 4.98796e+06 -345293
2529 4.99013e+06 -313952
2530 4.99191e+06 -282586
2531 4.63577e+06 -204022
2532 4.65553e+06 -263542
2533 4.99191e+06 -282586
2534 4.99368e+06 -251220
2535 4.99507e+06 -219835
2536 4.61022e+06 -144882
2537 4.63577e+06 -204022
2538 4.99507e+06 -219835
2539 4.99645e+06 -188451
2540 4.99743e+06 -157050
2541 4.61056e+06 -86918.3
2542 4.60935e+06 -143232
2543 4.61022e+06 -144882
2544 4.99743e+06 -157050
2545 4.99842e+06 -125649
2546 4.99901e+06 -94239.7
2547 4.60713e+06 -28946.5
2548 4.61056e+06 -86918.3
2549 4.99901e+06 -94239.7
2550 4.9996e+06 -62830.3
2551 4.9998e+06 -31415.2
2552 668279 50428.7
2553 672783 48513.5
2554 971583 233966
2555 968882 255369
2556 884316 356736
2557 664882 235890
2558 1.07844e+06 2.79901e+06
2559 888224 2.8311e+06
2560 893925 2.39336e+06
2561 926114 2.36596e+06
2562 1.06071e+06 2.43705e+06
2563 1.12768e+06 2.48819e+06
2564 1.1445e+06 2.50598e+06
2565 1.1293e+06 2.66352e+06
2566 562814 410019
2567 501322 475703
2568 468429 469035
2569 440894 405391
2570 377900 224662
2571 437324 186953
2572 598879 292991
2573 880061 -50168.1
2574 882572 -80537.8
2575 1.07264e+06 -269708
2576 1.08764e+06 -270727
2577 1.08212e+06 42053.9
2578 1.06987e+06 48265.8
2579 -1.62065e+06 1.49193e+06
2580 -1.76151e+06 1.4625e+06
2581 -1.77221e+06 1.29664e+06
2582 -1.60954e+06 1.13587e+06
2583 -1.1371e+06 1.21354e+06
2584 -1.4857e+06 1.46573e+06
2585 1.48261e+06 2.15482e+06
2586 1.76188e+06 2.18971e+06
2587 1.61472e+06 2.44028e+06
2588 1.53317e+06 2.49909e+06
2589 1.48539e+06 2.34817e+06
2590 1.47134e+06 2.16783e+06
2591 18304.8 94383.4
2592 11744.8 137998
2593 -21045.4 135166
2594 -25802.6 86754.2
2595 -1.9447e+06 -2.23491e+06
2596 -1.988e+06 -2.25133e+06
2597 -2.15066e+06 -2.40801e+06
2598 -2.0108e+06 -2.92808e+06
2599 -1.8588e+06 -2.77903e+06
2600 1.85387e+06 4.04457e+06
2601 1.79708e+06 4.0048e+06
2602 1.75787e+06 3.1054e+06
2603 2.00402e+06 3.05072e+06
2604 2.20588e+06 3.53549e+06
2605 1.96711e+06 4.01758e+06
2606 1.92697e+06 4.02913e+06
2607 1.87097e+06 4.04174e+06
2608 -1.4383e+06 -2.31395e+06
2609 -1.27425e+06 -2.57014e+06
2610 -1.18654e+06 -2.62013e+06
2611 -1.15447e+06 -2.61347e+06
2612 -979521 -2.34336e+06
2613 -1.11832e+06 -1.96687e+06
2614 -1.17445e+06 -1.94794e+06
2615 1.1293e+06 2.66352e+06
2616 1.51819e+06 2.91639e+06
2617 1.52074e+06 2.92856e+06
2618 1.19694e+06 2.98507e+06
2619 1.07844e+06 2.79901e+06
2620 -26282 -3949.14
2621 -734.894 -10328.7
2622 14079.1 14705.4
2623 14149.8 19406.3
2624 -3631.82 24970.1
2625 2.8291e+06 -30814.3
2626 2.76528e+06 -503783
2627 2.79949e+06 -557304
2628 3.18614e+06 -589506
2629 3.25944e+06 -478895
2630 3.37336e+06 19451
2631 3.36905e+06 56704
2632 3.25901e+06 90034.1
2633 -523634 -1.0536e+06
2634 -595438 -1.14244e+06
2635 -581024 -1.16505e+06
2636 -195827 -1.22488e+06
2637 -263799 -964721
2638 -263912 -964662
2639 1.09585e+06 4.51571e+06
2640 1.12213e+06 4.36314e+06
2641 1.63755e+06 3.94232e+06
2642 1.79708e+06 4.0048e+06
2643 1.85387e+06 4.04457e+06
2644 1.83399e+06 4.0961e+06
2645 1.8024e+06 4.16509e+06
2646 1.76747e+06 4.22943e+06
2647 1.72926e+06 4.28868e+06
2648 1.68783e+06 4.34249e+06
2649 1.64328e+06 4.39049e+06
2650 1.59575e+06 4.43238e+06
2651 1.5454e+06 4.46788e+06
2652 1.49239e+06 4.49678e+06
2653 1.43696e+06 4.51892e+06
2654 1.37932e+06 4.53417e+06
2655 1.31971e+06 4.54249e+06
2656 1.25842e+06 4.54388e+06
2657 1.19571e+06 4.53841e+06
2658 1.13186e+06 4.52618e+06
2659 -1.01099e+06 3.13273e+06
2660 -1.22552e+06 3.47481e+06
2661 -1.31386e+06 3.49882e+06
2662 -1.41122e+06 3.40635e+06
2663 -1.27726e+06 2.87095e+06
2664 1.95464e+06 1.24011e+06
2665 1.91817e+06 1.26655e+06
2666 1.84668e+06 1.25999e+06
2667 1.62906e+06 953598
2668 1.70337e+06 875616
2669 1.87362e+06 855299
2670 2.41835e+06 -3.91028e+06
2671 1.79916e+06 -3.35303e+06
2672 1.76984e+06 -3.3703e+06
2673 1.68067e+06 -3.58751e+06
2674 1.8879e+06 -4.25242e+06
2675 1.904e+06 -4.25247e+06
2676 1.96597e+06 -4.24694e+06
2677 2.02575e+06 -4.23564e+06
2678 2.08311e+06 -4.21855e+06
2679 2.13782e+06 -4.1957e+06
2680 2.18967e+06 -4.16716e+06
2681 2.23846e+06 -4.13304e+06
2682 2.28403e+06 -4.0935e+06
2683 2.32624e+06 -4.04872e+06
2684 2.36497e+06 -3.99894e+06
2685 2.40012e+06 -3.9444e+06
2686 2.15357e+06 207667
2687 2.21599e+06 -42152.1
2688 2.33836e+06 -111604
2689 2.41135e+06 -31978.8
2690 2.43999e+06 61484.1
2691 2.32422e+06 195465
2692 920404 542111
2693 925716 655319
2694 852415 755731
2695 592399 653084
2696 581127 607448
2697 859766 422517
2698 870979 419801
2699 -4.57712e+06 -86288.8
2700 -4.54987e+06 -137837
2701 -4.23848e+06 -180800
2702 -4.21537e+06 -170791
2703 -4.12663e+06 316148
2704 -4.64629e+06 299131
2705 -4.65019e+06 263241
2706 -4.65118e+06 204702
2707 -4.64682e+06 146032
2708 -4.63715e+06 87419.4
2709 -4.62224e+06 29040.9
2710 -4.60219e+06 -28915.7
2711 3.18614e+06 -589506
2712 3.20133e+06 -623102
2713 3.49511e+06 -761996
2714 4.00083e+06 -499810
2715 3.99653e+06 -481135
2716 3.25944e+06 -478895
2717 -2.38808e+06 -1.75245e+06
2718 -2.21776e+06 -1.72521e+06
2719 -2.18058e+06 -1.68841e+06
2720 -2.00473e+06 -1.26492e+06
2721 -2.41545e+06 -1.07845e+06
2722 -2.54402e+06 -1.19782e+06
2723 -30479.3 -1.19737e+06
2724 241510 -1.23673e+06
2725 266833 -1.03952e+06
2726 267259 -1.01956e+06
2727 249623 -1.00966e+06
2728 153962 -982435
2729 145001 -983142
2730 -1.06005e+06 1.18288e+06
2731 -1.20555e+06 904372
2732 -1.14686e+06 816461
2733 -1.12058e+06 806765
2734 -816756 812144
2735 -842048 1.06238e+06
2736 -911278 1.1252e+06
2737 -184525 -26422.3
2738 -243664 -116480
2739 -84873.9 -164568
2740 -81067 -48139.4
2741 -95883.1 -32100
2742 3.02649e+06 -2.67567e+06
2743 3.42085e+06 -3.08201e+06
2744 3.47572e+06 -3.06426e+06
2745 3.53568e+06 -3.03902e+06
2746 3.59136e+06 -3.00924e+06
2747 3.64246e+06 -2.97496e+06
2748 3.68875e+06 -2.93627e+06
2749 3.73001e+06 -2.89329e+06
2750 3.76604e+06 -2.84617e+06
2751 3.79672e+06 -2.79509e+06
2752 3.82194e+06 -2.74028e+06
2753 3.84164e+06 -2.68196e+06
2754 3.85582e+06 -2.62041e+06
2755 3.86449e+06 -2.55591e+06
2756 3.86544e+06 -2.53629e+06
2757 3.85175e+06 -2.52736e+06
2758 3.05839e+06 2.92012e+06
2759 2.76216e+06 2.0771e+06
2760 3.1374e+06 1.9095e+06
2761 3.34861e+06 1.97167e+06
2762 3.35592e+06 1.99373e+06
2763 3.32388e+06 2.94335e+06
2764 3.28408e+06 2.96948e+06
2765 3.23376e+06 2.9987e+06
2766 3.21765e+06 3.00694e+06
2767 1.76984e+06 -3.3703e+06
2768 1.17286e+06 -3.20338e+06
2769 896273 -3.43716e+06
2770 891344 -3.44858e+06
2771 924849 -3.70703e+06
2772 1.07929e+06 -4.10129e+06
2773 1.68067e+06 -3.58751e+06
2774 232832 43136.6
2775 324963 14953.9
2776 319862 184408
2777 247126 148797
2778 217037 130687
2779 -1.28718e+06 4.0428e+06
2780 -1.31386e+06 3.49882e+06
2781 -1.22552e+06 3.47481e+06
2782 -819620 3.45181e+06
2783 -648430 3.59317e+06
2784 -818362 3.75204e+06
2785 -2.30667e+06 -4.01466e+06
2786 -2.24638e+06 -4.02602e+06
2787 -2.18407e+06 -4.03263e+06
2788 -2.11999e+06 -4.03455e+06
2789 -2.05434e+06 -4.03187e+06
2790 -1.98737e+06 -4.02467e+06
2791 -1.96165e+06 -4.0203e+06
2792 -1.93428e+06 -3.57024e+06
2793 -1.95753e+06 -3.26694e+06
2794 -2.05332e+06 -3.17658e+06
2795 -2.58781e+06 -3.60698e+06
2796 -2.69266e+06 -3.75664e+06
2797 -2.65559e+06 -3.80388e+06
2798 -2.61477e+06 -3.84751e+06
2799 -2.57069e+06 -3.88684e+06
2800 -2.5235e+06 -3.92171e+06
2801 -2.47332e+06 -3.95201e+06
2802 -2.42034e+06 -3.97763e+06
2803 -2.36472e+06 -3.99853e+06
2804 1.69357e+06 -32432.6
2805 1.58721e+06 73200.4
2806 1.46378e+06 142524
2807 1.4698e+06 2194.14
2808 1.56729e+06 -267812
2809 43451 -598570
2810 -4466.12 -598417
2811 -73800.7 -724775
2812 -8106.26 -778642
2813 44395.1 -732307
2814 1.6262e+06 1.67378e+06
2815 1.62084e+06 1.73719e+06
2816 1.37248e+06 1.85982e+06
2817 1.11441e+06 1.82863e+06
2818 1.11079e+06 1.82427e+06
2819 1.39611e+06 1.32251e+06
2820 1.55733e+06 1.42189e+06
2821 -444784 3.85051e+06
2822 -168904 4.00641e+06
2823 -103946 4.08803e+06
2824 -102856 4.11212e+06
2825 -928049 4.44315e+06
2826 -933995 4.43982e+06
2827 -984973 4.40651e+06
2828 -1.01922e+06 4.38083e+06
2829 -765154 4.10182e+06
2830 -2.6751e+06 2.67012e+06
2831 -2.6985e+06 3.06058e+06
2832 -2.73158e+06 3.12317e+06
2833 -3.10188e+06 3.25051e+06
2834 -3.13797e+06 3.21785e+06
2835 -3.17742e+06 3.17742e+06
2836 -3.21435e+06 3.13456e+06
2837 -3.24868e+06 3.08936e+06
2838 -3.28038e+06 3.04191e+06
2839 -3.29765e+06 3.01238e+06
2840 -3.20697e+06 2.71417e+06
2841 -2.82711e+06 2.56455e+06
2842 -2.80057e+06 2.57465e+06
2843 -2.7509e+06 2.5988e+06
2844 1.18687e+06 -372869
2845 1.12647e+06 -311919
2846 851304 -423731
2847 1.03683e+06 -626563
2848 1.14171e+06 -602651
2849 1.19121e+06 -537207
2850 1.36797e+06 1.01016e+06
2851 1.31242e+06 829005
2852 1.29594e+06 694901
2853 1.40446e+06 456292
2854 1.46329e+06 412472
2855 1.66224e+06 676519
2856 1.70337e+06 875616
2857 1.62906e+06 953598
2858 67841.6 -182042
2859 -12132.6 -191241
2860 -35398.4 -202875
2861 -51846.8 -265620
2862 -29147 -370068
2863 101595 -419654
2864 153023 -352064
2865 154770 -256838
2866 3.89032e+06 2.53871e+06
2867 3.87797e+06 2.56482e+06
2868 3.84831e+06 2.6153e+06
2869 3.81426e+06 2.66284e+06
2870 3.77593e+06 2.70729e+06
2871 3.73347e+06 2.74853e+06
2872 3.68701e+06 2.78645e+06
2873 3.63676e+06 2.82096e+06
2874 3.58289e+06 2.852e+06
2875 3.52563e+06 2.87954e+06
2876 3.46521e+06 2.90354e+06
2877 3.40189e+06 2.92401e+06
2878 3.33589e+06 2.94098e+06
2879 3.32388e+06 2.94335e+06
2880 3.35592e+06 1.99373e+06
2881 2.58889e+06 -393919
2882 2.57115e+06 -226834
2883 2.44988e+06 -60462.3
2884 2.41135e+06 -31978.8
2885 2.33836e+06 -111604
2886 2.32717e+06 -243813
2887 2.34815e+06 -320055
2888 2.39401e+06 -349354
2889 1.94652e+06 -1.8459e+06
2890 2.18122e+06 -1.79274e+06
2891 2.21268e+06 -1.76838e+06
2892 2.16466e+06 -1.33527e+06
2893 2.09783e+06 -1.22405e+06
2894 1.99554e+06 -1.20435e+06
2895 1.72084e+06 -1.49004e+06
2896 -162185 370468
2897 -94010.7 375244
2898 -65642.6 429274
2899 -63231.9 449527
2900 -196059 552281
2901 -226617 527174
2902 -968001 -3.77793e+06
2903 -659125 -3.97568e+06
2904 -463592 -3.52161e+06
2905 -629175 -3.33469e+06
2906 -735550 -3.34706e+06
2907 -839488 -3.43833e+06
2908 -934808 -3.6236e+06
2909 884316 356736
2910 870979 419801
2911 859766 422517
2912 562814 410019
2913 598879 292991
2914 664882 235890
2915 441018 -757886
2916 283323 -647129
2917 239545 -692030
2918 270541 -758764
2919 154770 -256838
2920 251863 -208564
2921 207613 -95398.7
2922 119950 -112489
2923 112651 -116966
2924 67841.6 -182042
2925 1.26962e+06 58673.9
2926 1.29044e+06 -276250
2927 1.36839e+06 -258213
2928 1.4698e+06 2194.14
2929 1.46378e+06 142524
2930 1.45498e+06 153839
2931 -2.80057e+06 2.57465e+06
2932 -2.38819e+06 2.21799e+06
2933 -2.35989e+06 2.26472e+06
2934 -2.5273e+06 2.47273e+06
2935 -2.7509e+06 2.5988e+06
2936 217037 130687
2937 132618 159781
2938 122515 149507
2939 103421 77944.2
2940 209738 26578.4
2941 232832 43136.6
2942 -56758.5 -572321
2943 -215389 -626482
2944 -211858 -639840
2945 -116241 -727240
2946 -73800.7 -724775
2947 -4466.12 -598417
2948 -2.89273e+06 -1.22098e+06
2949 -2.99439e+06 -1.4675e+06
2950 -2.55159e+06 -1.92507e+06
2951 -2.5127e+06 -1.89893e+06
2952 -2.38808e+06 -1.75245e+06
2953 -2.54402e+06 -1.19782e+06
2954 2.58067e+06 -938958
2955 2.65136e+06 -753652
2956 2.29207e+06 -623213
2957 2.19773e+06 -743831
2958 2.29759e+06 -1.03887e+06
2959 -1.39771e+06 2.07934e+06
2960 -1.6473e+06 2.03234e+06
2961 -1.61686e+06 1.88742e+06
2962 -1.20618e+06 1.97164e+06
2963 -1.20111e+06 1.97486e+06
2964 -1.19124e+06 1.98987e+06
2965 -1.34781e+06 2.07875e+06
2966 -1.44522e+06 -3.65374e+06
2967 -1.40691e+06 -3.79444e+06
2968 -1.17488e+06 -3.83911e+06
2969 -1.06458e+06 -3.79904e+06
2970 -1.40577e+06 -3.50051e+06
2971 4.65553e+06 -263542
2972 4.63577e+06 -204022
2973 4.61022e+06 -144882
2974 4.60935e+06 -143232
2975 4.00771e+06 -413263
2976 3.99653e+06 -481135
2977 4.00083e+06 -499810
2978 4.12787e+06 -829230
2979 4.46627e+06 -892686
2980 4.47626e+06 -883077
2981 4.52127e+06 -833072
2982 4.56106e+06 -781277
2983 4.59539e+06 -727835
2984 4.62402e+06 -672924
2985 4.6468e+06 -616713
2986 4.66357e+06 -559399
2987 4.67425e+06 -501182
2988 4.67877e+06 -442273
2989 4.67713e+06 -382885
2990 4.66936e+06 -323238
2991 -688795 1.57288e+06
2992 -536389 1.50256e+06
2993 -451543 1.48995e+06
2994 -287034 1.78121e+06
2995 -660283 1.77823e+06
2996 437324 186953
2997 468171 125877
2998 644035 43824.1
2999 668279 50428.7
3000 664882 235890
3001 598879 292991
3002 2.32422e+06 195465
3003 2.55326e+06 473955
3004 2.52924e+06 595425
3005 2.12905e+06 619900
3006 2.12041e+06 549711
3007 2.15106e+06 208829
3008 2.15357e+06 207667
3009 832862 2.86868e+06
3010 884241 3.18506e+06
3011 317650 3.2595e+06
3012 316859 3.25872e+06
3013 387264 2.69051e+06
3014 -633865 -525206
3015 -819615 -505560
3016 -834131 -576034
3017 -812808 -586484
3018 -707964 2.99949e+06
3019 -800478 3.14648e+06
3020 -1.01099e+06 3.13273e+06
3021 -1.27726e+06 2.87095e+06
3022 -1.28233e+06 2.71932e+06
3023 -1.16553e+06 2.65374e+06
3024 -858353 2.69293e+06
3025 2.12905e+06 619900
3026 2.10388e+06 646099
3027 1.92183e+06 581624
3028 1.92084e+06 580750
3029 1.81167e+06 306331
3030 1.83381e+06 293812
3031 2.12041e+06 549711
3032 -1.12993e+06 -730010
3033 -1.24729e+06 -685961
3034 -1.40532e+06 -855485
3035 -1.4407e+06 -917997
3036 -1.46074e+06 -1.08129e+06
3037 -1.00119e+06 -962695
3038 -1.28582e+06 -2.9382e+06
3039 -1.39614e+06 -3.13666e+06
3040 -839488 -3.43833e+06
3041 -735550 -3.34706e+06
3042 -757855 -3.30383e+06
3043 -631481 -2.21538e+06
3044 -484156 -1.92008e+06
3045 -506988 -1.87877e+06
3046 -836213 -1.8836e+06
3047 -761011 -2.19914e+06
3048 -95883.1 -32100
3049 -81333.6 24058.8
3050 -178432 24370.6
3051 -184525 -26422.3
3052 577625 -553372
3053 656321 -415313
3054 431163 -189021
3055 379207 -238431
3056 354521 -361121
3057 390670 -485748
3058 3.0085e+06 1.04169e+06
3059 3.49538e+06 929090
3060 4.08064e+06 1.43132e+06
3061 4.07555e+06 1.46729e+06
3062 4.06525e+06 1.52155e+06
3063 4.05242e+06 1.57509e+06
3064 4.04486e+06 1.60108e+06
3065 3.34861e+06 1.97167e+06
3066 3.1374e+06 1.9095e+06
3067 -661286 3.01007e+06
3068 -707964 2.99949e+06
3069 -858353 2.69293e+06
3070 -608911 2.49188e+06
3071 -322801 2.51315e+06
3072 -331165 2.9331e+06
3073 1.02473e+06 3.2435e+06
3074 1.19694e+06 2.98507e+06
3075 1.52074e+06 2.92856e+06
3076 1.71306e+06 3.10176e+06
3077 1.65481e+06 3.15838e+06
3078 -1.16553e+06 2.65374e+06
3079 -1.28233e+06 2.71932e+06
3080 -1.41514e+06 2.68947e+06
3081 -1.66265e+06 2.44946e+06
3082 -1.34781e+06 2.07875e+06
3083 -1.19124e+06 1.98987e+06
3084 -1.12299e+06 2.02808e+06
3085 207613 -95398.7
3086 207669 -95315.8
3087 192432 -4533.56
3088 147205 -7265.36
3089 124916 -31529.8
3090 119950 -112489
3091 1.06987e+06 48265.8
3092 971583 233966
3093 672783 48513.5
3094 745542 -25475.9
3095 880061 -50168.1
3096 1.77537e+06 2.18417e+06
3097 1.76437e+06 1.85268e+06
3098 1.92613e+06 1.8206e+06
3099 2.40224e+06 2.10267e+06
3100 2.19693e+06 2.22238e+06
3101 1.83578e+06 2.21157e+06
3102 -1.4857e+06 1.46573e+06
3103 -1.30543e+06 1.54034e+06
3104 -1.19222e+06 1.83639e+06
3105 -1.20111e+06 1.97486e+06
3106 -1.20618e+06 1.97164e+06
3107 -1.62065e+06 1.49193e+06
3108 -1.41122e+06 3.40635e+06
3109 -1.52539e+06 3.39321e+06
3110 -1.79166e+06 3.07031e+06
3111 -1.75496e+06 2.94122e+06
3112 -1.41514e+06 2.68947e+06
3113 -1.28233e+06 2.71932e+06
3114 -1.27726e+06 2.87095e+06
3115 -3.2809e+06 -2.3507e+06
3116 -3.68884e+06 -1.94762e+06
3117 -3.96201e+06 -2.02851e+06
3118 -3.97282e+06 -2.08755e+06
3119 -3.98108e+06 -2.15616e+06
3120 -3.98467e+06 -2.22331e+06
3121 -3.98346e+06 -2.28874e+06
3122 -3.97737e+06 -2.35221e+06
3123 -3.96633e+06 -2.41346e+06
3124 -3.9503e+06 -2.47226e+06
3125 -3.92929e+06 -2.52837e+06
3126 -3.90332e+06 -2.58159e+06
3127 -3.87246e+06 -2.63172e+06
3128 -3.8368e+06 -2.67858e+06
3129 -3.79649e+06 -2.72203e+06
3130 -3.75167e+06 -2.76193e+06
3131 -3.70254e+06 -2.79817e+06
3132 -3.6493e+06 -2.83069e+06
3133 -3.5922e+06 -2.85941e+06
3134 -3.53149e+06 -2.88432e+06
3135 -3.46745e+06 -2.90541e+06
3136 -3.40036e+06 -2.92271e+06
3137 -3.33051e+06 -2.93624e+06
3138 -3.2876e+06 -2.94209e+06
3139 280661 2.12249e+06
3140 551360 1.99337e+06
3141 692372 2.13115e+06
3142 427268 2.63435e+06
3143 378684 2.66011e+06
3144 355851 2.63853e+06
3145 -71668.3 1.87296e+06
3146 -51943.2 1.92586e+06
3147 -178796 2.13811e+06
3148 -721929 2.13969e+06
3149 -731350 2.12405e+06
3150 -188036 1.83764e+06
3151 -2.55159e+06 -1.92507e+06
3152 -2.57901e+06 -1.96758e+06
3153 -2.45168e+06 -2.39765e+06
3154 -2.15066e+06 -2.40801e+06
3155 -1.988e+06 -2.25133e+06
3156 -2.5127e+06 -1.89893e+06
3157 267259 -1.01956e+06
3158 272769 -1.01812e+06
3159 497163 -779607
3160 441018 -757886
3161 270541 -758764
3162 249623 -1.00966e+06
3163 -264124 -122735
3164 -418078 5988.86
3165 -480044 -253164
3166 -305207 -274320
3167 468429 469035
3168 235622 545042
3169 219178 543238
3170 187061 449379
3171 278002 328601
3172 440894 405391
3173 4.00771e+06 -413263
3174 3.99822e+06 -389063
3175 3.37336e+06 19451
3176 3.25944e+06 -478895
3177 3.99653e+06 -481135
3178 -2.41545e+06 -1.07845e+06
3179 -2.34489e+06 -671173
3180 -2.4293e+06 -631384
3181 -3.11251e+06 -700894
3182 -3.13925e+06 -717471
3183 -3.16836e+06 -769279
3184 -3.13385e+06 -935334
3185 -2.89273e+06 -1.22098e+06
3186 -2.54402e+06 -1.19782e+06
3187 870979 419801
3188 884316 356736
3189 968882 255369
3190 1.26567e+06 424603
3191 920404 542111
3192 -298164 -890618
3193 -439948 -759245
3194 -565854 -891663
3195 -523634 -1.0536e+06
3196 -263912 -964662
3197 -1.19231e+06 4.30515e+06
3198 -1.24204e+06 4.27514e+06
3199 -1.29044e+06 4.24201e+06
3200 -1.32877e+06 4.21253e+06
3201 -1.28718e+06 4.0428e+06
3202 -818362 3.75204e+06
3203 -765154 4.10182e+06
3204 -1.01922e+06 4.38083e+06
3205 -1.03597e+06 4.37564e+06
3206 -1.08918e+06 4.35548e+06
3207 -1.14132e+06 4.33196e+06
3208 -1.7346e+06 2.4183e+06
3209 -1.77828e+06 2.18279e+06
3210 -1.77419e+06 2.17938e+06
3211 -1.39771e+06 2.07934e+06
3212 -1.34781e+06 2.07875e+06
3213 -1.66265e+06 2.44946e+06
3214 -1.66265e+06 2.44946e+06
3215 -1.41514e+06 2.68947e+06
3216 -1.75496e+06 2.94122e+06
3217 -2.10306e+06 2.65171e+06
3218 -2.09466e+06 2.55784e+06
3219 -1.7346e+06 2.4183e+06
3220 1.12647e+06 -311919
3221 1.08764e+06 -270727
3222 1.07264e+06 -269708
3223 917122 -272531
3224 826874 -399147
3225 851304 -423731
3226 589993 -3.12204e+06
3227 573208 -3.12391e+06
3228 271291 -3.46797e+06
3229 271439 -3.55001e+06
3230 891344 -3.44858e+06
3231 896273 -3.43716e+06
3232 -1.0771e+06 -299403
3233 -1.30933e+06 -167379
3234 -1.44144e+06 -363490
3235 -1.25619e+06 -535529
3236 -1.10307e+06 -419418
3237 -1.07133e+06 -350438
3238 -816756 812144
3239 -762171 721005
3240 -481718 821586
3241 -474173 831656
3242 -467043 854495
3243 -799453 1.05712e+06
3244 -842048 1.06238e+06
3245 551360 1.99337e+06
3246 744034 1.66261e+06
3247 875111 1.68678e+06
3248 1.11079e+06 1.82427e+06
3249 1.11441e+06 1.82863e+06
3250 1.09238e+06 1.97682e+06
3251 923692 2.34597e+06
3252 692372 2.13115e+06
3253 3.51499e+06 -2.11376e+06
3254 3.62748e+06 -1.83539e+06
3255 3.51018e+06 -1.66769e+06
3256 3.3926e+06 -1.56405e+06
3257 2.8523e+06 -1.75541e+06
3258 3.28885e+06 -2.21601e+06
3259 226821 1.52204e+06
3260 196934 1.52729e+06
3261 70009.5 1.23378e+06
3262 157671 1.08517e+06
3263 318509 1.13794e+06
3264 374035 1.2084e+06
3265 -51846.8 -265620
3266 -289322 -305829
3267 -281248 -431160
3268 -275757 -442521
3269 -91811.1 -427756
3270 -29147 -370068
3271 -3.22045e+06 164021
3272 -3.28556e+06 318652
3273 -3.30884e+06 330267
3274 -3.56634e+06 419919
3275 -3.71077e+06 369447
3276 -3.82833e+06 -167628
3277 -3.76245e+06 -215535
3278 -3.38634e+06 -172161
3279 -3.38592e+06 -171514
3280 897559 -1.02529e+06
3281 926340 -864386
3282 925363 -859949
3283 646864 -873001
3284 647002 -875358
3285 742939 -980906
3286 1.46304e+06 -1.46951e+06
3287 1.4069e+06 -1.26264e+06
3288 1.13392e+06 -1.26698e+06
3289 1.09454e+06 -1.34791e+06
3290 1.16747e+06 -1.56497e+06
3291 1.2835e+06 -1.53254e+06
3292 2.83382e+06 -3.56967e+06
3293 2.84107e+06 -3.56916e+06
3294 2.90735e+06 -3.55968e+06
3295 2.97082e+06 -3.54551e+06
3296 3.03121e+06 -3.52659e+06
3297 3.08825e+06 -3.50294e+06
3298 3.14171e+06 -3.47456e+06
3299 3.19135e+06 -3.44152e+06
3300 3.23698e+06 -3.40391e+06
3301 3.27841e+06 -3.36186e+06
3302 3.31551e+06 -3.31551e+06
3303 3.34816e+06 -3.26505e+06
3304 3.37629e+06 -3.2107e+06
3305 3.39983e+06 -3.15269e+06
3306 3.41878e+06 -3.09128e+06
3307 3.42085e+06 -3.08201e+06
3308 3.02649e+06 -2.67567e+06
3309 3.0232e+06 -2.67355e+06
3310 2.65653e+06 -3.22854e+06
3311 4.16893e+06 -2.19059e+06
3312 4.18345e+06 -2.13158e+06
3313 4.19204e+06 -2.07001e+06
3314 4.19473e+06 -2.00617e+06
3315 4.1916e+06 -1.94034e+06
3316 4.18279e+06 -1.87281e+06
3317 4.16846e+06 -1.80385e+06
3318 4.16486e+06 -1.79101e+06
3319 3.62748e+06 -1.83539e+06
3320 3.51499e+06 -2.11376e+06
3321 3.85175e+06 -2.52736e+06
3322 3.86544e+06 -2.53629e+06
3323 3.90683e+06 -2.51392e+06
3324 3.96037e+06 -2.47856e+06
3325 4.00891e+06 -2.43937e+06
3326 4.05218e+06 -2.39645e+06
3327 4.08998e+06 -2.34994e+06
3328 4.12212e+06 -2.3e+06
3329 4.14847e+06 -2.24681e+06
3330 -1.03092e+06 -4.61208e+06
3331 -974003 -4.62999e+06
3332 -915602 -4.64113e+06
3333 -855950 -4.64545e+06
3334 -795304 -4.64296e+06
3335 -733911 -4.63374e+06
3336 -672032 -4.6179e+06
3337 -609921 -4.59561e+06
3338 -568464 -4.57656e+06
3339 -625983 -4.2635e+06
3340 -1.01084e+06 -4.25373e+06
3341 -1.24248e+06 -4.47218e+06
3342 -1.23945e+06 -4.47539e+06
3343 -1.19058e+06 -4.51893e+06
3344 -1.13941e+06 -4.55637e+06
3345 -1.08613e+06 -4.58749e+06
3346 -665796 1.33151e+06
3347 -536389 1.50256e+06
3348 -688795 1.57288e+06
3349 -781570 1.50135e+06
3350 119950 -112489
3351 124916 -31529.8
3352 73337.1 -6578.51
3353 55938.4 -35947.7
3354 112651 -116966
3355 270541 -758764
3356 239545 -692030
3357 184677 -696624
3358 139516 -765652
3359 153962 -982435
3360 249623 -1.00966e+06
3361 263121 896017
3362 398352 908479
3363 398954 1.06169e+06
3364 318509 1.13794e+06
3365 157671 1.08517e+06
3366 149905 1.00129e+06
3367 193063 911247
3368 -1.78686e+06 -1.22919e+06
3369 -2.00473e+06 -1.26492e+06
3370 -2.18058e+06 -1.68841e+06
3371 -1.83355e+06 -1.61975e+06
3372 1.75787e+06 3.1054e+06
3373 1.71306e+06 3.10176e+06
3374 1.52074e+06 2.92856e+06
3375 1.51819e+06 2.91639e+06
3376 1.5022e+06 2.62977e+06
3377 1.87819e+06 2.61111e+06
3378 2.03202e+06 3.00175e+06
3379 2.03335e+06 3.01741e+06
3380 2.00402e+06 3.05072e+06
3381 -226617 527174
3382 -319524 528079
3383 -378604 499872
3384 -382029 494806
3385 -349677 293629
3386 -282631 285151
3387 -162185 370468
3388 1.13392e+06 -1.26698e+06
3389 1.12058e+06 -1.22276e+06
3390 1.07444e+06 -1.11819e+06
3391 919028 -1.09609e+06
3392 892108 -1.12581e+06
3393 884147 -1.35242e+06
3394 1.09454e+06 -1.34791e+06
3395 101595 -419654
3396 126375 -498016
3397 313848 -530644
3398 390670 -485748
3399 354521 -361121
3400 153023 -352064
3401 -2.23414e+06 3.31214e+06
3402 -2.18958e+06 3.73076e+06
3403 -2.21882e+06 3.81305e+06
3404 -2.25722e+06 3.81676e+06
3405 -2.32411e+06 3.81949e+06
3406 -2.38963e+06 3.81827e+06
3407 -2.45356e+06 3.81302e+06
3408 -2.51569e+06 3.80368e+06
3409 -2.57582e+06 3.7902e+06
3410 -2.63373e+06 3.77256e+06
3411 -2.68924e+06 3.75075e+06
3412 -2.74216e+06 3.72481e+06
3413 -2.79231e+06 3.69478e+06
3414 -2.83956e+06 3.66073e+06
3415 -2.88374e+06 3.62276e+06
3416 -2.92475e+06 3.58099e+06
3417 -2.96247e+06 3.53554e+06
3418 -2.99682e+06 3.48659e+06
3419 -3.02774e+06 3.4343e+06
3420 -3.05518e+06 3.37886e+06
3421 -3.07911e+06 3.32048e+06
3422 -3.09952e+06 3.25937e+06
3423 -3.10188e+06 3.25051e+06
3424 -2.73158e+06 3.12317e+06
3425 27587.2 153322
3426 122515 149507
3427 132618 159781
3428 130486 212217
3429 12057 192140
3430 -642148 1.29677e+06
3431 -577681 1.13509e+06
3432 -324022 1.05739e+06
3433 -284000 1.1782e+06
3434 -415065 1.33654e+06
3435 597281 -1.36181e+06
3436 613946 -1.2037e+06
3437 552178 -1.10038e+06
3438 272769 -1.01812e+06
3439 267259 -1.01956e+06
3440 266833 -1.03952e+06
3441 555518 -1.38108e+06
3442 868814 -1.71484e+06
3443 1.00972e+06 -1.75495e+06
3444 1.04911e+06 -1.7506e+06
3445 1.16747e+06 -1.56497e+06
3446 1.09454e+06 -1.34791e+06
3447 884147 -1.35242e+06
3448 769001 -1.4471e+06
3449 319862 184408
3450 348553 220841
3451 325208 239348
3452 196365 253721
3453 247126 148797
3454 1.5022e+06 2.62977e+06
3455 1.48153e+06 2.57944e+06
3456 1.53317e+06 2.49909e+06
3457 1.61472e+06 2.44028e+06
3458 1.85778e+06 2.54591e+06
3459 1.87936e+06 2.58826e+06
3460 1.87819e+06 2.61111e+06
3461 -418078 5988.86
3462 -419356 8158.35
3463 -506301 78881.3
3464 -531635 65657.1
3465 -649514 -289693
3466 -622974 -312598
3467 -480044 -253164
3468 55938.4 -35947.7
3469 36421.4 -38434.6
3470 10747.8 -51395.1
3471 1097.77 -60320.3
3472 -12132.6 -191241
3473 67841.6 -182042
3474 112651 -116966
3475 2.32422e+06 195465
3476 2.43999e+06 61484.1
3477 2.67895e+06 104428
3478 2.69828e+06 296629
3479 2.55326e+06 473955
3480 -2.38819e+06 2.21799e+06
3481 -2.40905e+06 2.17524e+06
3482 -2.45557e+06 1.88162e+06
3483 -2.01711e+06 1.82508e+06
3484 -1.93749e+06 2.01823e+06
3485 -2.20951e+06 2.40042e+06
3486 -2.35989e+06 2.26472e+06
3487 492144 874874
3488 509889 753647
3489 592399 653084
3490 852415 755731
3491 855902 824381
3492 662981 1.03142e+06
3493 2.50659e+06 1.95035e+06
3494 2.31805e+06 1.59465e+06
3495 2.40152e+06 1.19534e+06
3496 2.86064e+06 1.02829e+06
3497 2.8647e+06 1.02925e+06
3498 -841408 -1.12245e+06
3499 -863580 -1.17341e+06
3500 -782617 -1.56697e+06
3501 -498724 -1.54939e+06
3502 -473983 -1.47619e+06
3503 -581024 -1.16505e+06
3504 -595438 -1.14244e+06
3505 1.99554e+06 -1.20435e+06
3506 1.83514e+06 -1.0347e+06
3507 1.8234e+06 -1.02757e+06
3508 1.64026e+06 -949749
3509 1.49613e+06 -1.00057e+06
3510 1.4069e+06 -1.26264e+06
3511 1.46304e+06 -1.46951e+06
3512 1.57211e+06 -1.53428e+06
3513 1.72084e+06 -1.49004e+06
3514 -2.57901e+06 -1.96758e+06
3515 -2.88201e+06 -2.0747e+06
3516 -2.95225e+06 -2.17672e+06
3517 -2.83602e+06 -2.40351e+06
3518 -2.62522e+06 -2.5266e+06
3519 -2.53111e+06 -2.53163e+06
3520 -2.45168e+06 -2.39765e+06
3521 -155310 -3.35477e+06
3522 -10559.9 -3.81005e+06
3523 41741.5 -3.86777e+06
3524 82080.5 -3.88078e+06
3525 140994 -3.79926e+06
3526 271439 -3.55001e+06
3527 271291 -3.46797e+06
3528 19839 -2.87972e+06
3529 -41655.9 -2.88416e+06
3530 -178432 24370.6
3531 -195705 106255
3532 -419356 8158.35
3533 -418078 5988.86
3534 -264124 -122735
3535 -243664 -116480
3536 -184525 -26422.3
3537 -2.26921e+06 243142
3538 -2.39933e+06 402605
3539 -2.72759e+06 253365
3540 -2.86832e+06 53070.3
3541 -2.78043e+06 -149854
3542 -2.72748e+06 -169876
3543 -2.63036e+06 -129014
3544 -2.09466e+06 2.55784e+06
3545 -2.14974e+06 2.50428e+06
3546 -2.20951e+06 2.40042e+06
3547 -1.93749e+06 2.01823e+06
3548 -1.77828e+06 2.18279e+06
3549 -1.7346e+06 2.4183e+06
3550 369554 -1.71662e+06
3551 200816 -1.67427e+06
3552 138787 -1.68447e+06
3553 -16171.8 -1.99676e+06
3554 264066 -2.09983e+06
3555 419476 -2.06193e+06
3556 500761 -2.02989e+06
3557 514219 -1.91162e+06
3558 4.60935e+06 -143232
3559 4.61056e+06 -86918.3
3560 4.60713e+06 -28946.5
3561 4.59905e+06 28895.6
3562 4.58634e+06 86462.6
3563 4.57707e+06 117173
3564 4.19902e+06 108356
3565 4.0207e+06 23296.5
3566 3.99822e+06 -389063
3567 4.00771e+06 -413263
3568 -81333.6 24058.8
3569 -69898.1 34744.8
3570 -62733.9 56039.5
3571 -86802.9 87961
3572 -184023 131119
3573 -195705 106255
3574 -178432 24370.6
3575 1.93123e+06 -420986
3576 2.03813e+06 -439799
3577 2.34815e+06 -320055
3578 2.32717e+06 -243813
3579 2.04129e+06 -141643
3580 1.92281e+06 -155029
3581 1.88555e+06 -389481
3582 -33120.5 1.78569e+06
3583 -159054 1.47349e+06
3584 -233434 1.21053e+06
3585 70009.5 1.23378e+06
3586 196934 1.52729e+06
3587 -1.988e+06 -2.25133e+06
3588 -1.9447e+06 -2.23491e+06
3589 -1.91807e+06 -2.21937e+06
3590 -2.18239e+06 -1.75391e+06
3591 -2.21776e+06 -1.72521e+06
3592 -2.38808e+06 -1.75245e+06
3593 -2.5127e+06 -1.89893e+06
3594 -617084 -629613
3595 -631655 -525342
3596 -633865 -525206
3597 -812808 -586484
3598 -687129 -699678
3599 -233434 1.21053e+06
3600 -284000 1.1782e+06
3601 -324022 1.05739e+06
3602 -323287 1.0366e+06
3603 -196245 946179
3604 -94079.8 944308
3605 149905 1.00129e+06
3606 157671 1.08517e+06
3607 70009.5 1.23378e+06
3608 139516 -765652
3609 44395.1 -732307
3610 -8106.26 -778642
3611 -4337.38 -923001
3612 145001 -983142
3613 153962 -982435
3614 -1.62376e+06 -1.867e+06
3615 -1.65725e+06 -1.93684e+06
3616 -1.68152e+06 -2.12245e+06
3617 -1.4383e+06 -2.31395e+06
3618 -1.17445e+06 -1.94794e+06
3619 -1.38249e+06 -1.67856e+06
3620 926114 2.36596e+06
3621 923692 2.34597e+06
3622 1.09238e+06 1.97682e+06
3623 1.28618e+06 2.1918e+06
3624 1.06071e+06 2.43705e+06
3625 -3.6952e+06 -709696
3626 -3.70651e+06 -666062
3627 -4.20622e+06 -474382
3628 -4.22543e+06 -770411
3629 140994 -3.79926e+06
3630 924849 -3.70703e+06
3631 891344 -3.44858e+06
3632 271439 -3.55001e+06
3633 -883554 -420586
3634 -680279 -280393
3635 -898822 -84925.9
3636 -1.0771e+06 -299403
3637 -1.07133e+06 -350438
3638 -836213 -1.8836e+06
3639 -856820 -1.85969e+06
3640 -1.11832e+06 -1.96687e+06
3641 -979521 -2.34336e+06
3642 -761011 -2.19914e+06
3643 -2.80573e+06 2.38793e+06
3644 -2.95124e+06 1.93455e+06
3645 -2.93333e+06 1.81423e+06
3646 -2.65155e+06 1.74352e+06
3647 -2.45557e+06 1.88162e+06
3648 -2.40905e+06 2.17524e+06
3649 -712610 425913
3650 -485563 197945
3651 -349677 293629
3652 -382029 494806
3653 -572383 498437
3654 2.76528e+06 -503783
3655 2.58889e+06 -393919
3656 2.39401e+06 -349354
3657 2.28829e+06 -610231
3658 2.29207e+06 -623213
3659 2.65136e+06 -753652
3660 2.79949e+06 -557304
3661 1.1445e+06 2.50598e+06
3662 1.12768e+06 2.48819e+06
3663 1.37158e+06 2.22745e+06
3664 1.3774e+06 2.33554e+06
3665 1.31832e+06 2.52371e+06
3666 -972009 -629258
3667 -1.10307e+06 -419418
3668 -1.25619e+06 -535529
3669 -1.2606e+06 -556552
3670 -1.24729e+06 -685961
3671 -1.12993e+06 -730010
3672 -1.36847e+06 -4.41691e+06
3673 -1.34731e+06 -4.42895e+06
3674 -1.2939e+06 -4.45363e+06
3675 -1.24248e+06 -4.47218e+06
3676 -1.01084e+06 -4.25373e+06
3677 -998120 -3.92318e+06
3678 -62733.9 56039.5
3679 -48189.5 57875.9
3680 -25802.6 86754.2
3681 -21045.4 135166
3682 -37498 140546
3683 -86802.9 87961
3684 -1.76151e+06 1.4625e+06
3685 -1.80147e+06 1.51173e+06
3686 -2.33122e+06 1.38329e+06
3687 -2.14947e+06 1.12149e+06
3688 -1.84686e+06 1.21017e+06
3689 -1.77221e+06 1.29664e+06
3690 1.26969e+06 -1.98111e+06
3691 973592 -2.52696e+06
3692 991468 -2.56175e+06
3693 1.49261e+06 -2.35304e+06
3694 1.48467e+06 -2.20403e+06
3695 -2.36474e+06 582729
3696 -2.51725e+06 1.01746e+06
3697 -2.72219e+06 1.03607e+06
3698 -2.78785e+06 696575
3699 -2.40439e+06 508769
3700 1.79916e+06 -3.35303e+06
3701 1.85178e+06 -3.2693e+06
3702 1.70926e+06 -2.89365e+06
3703 1.18015e+06 -2.65305e+06
3704 993825 -2.60058e+06
3705 974456 -2.6698e+06
3706 1.17286e+06 -3.20338e+06
3707 1.76984e+06 -3.3703e+06
3708 1.48539e+06 2.34817e+06
3709 1.3774e+06 2.33554e+06
3710 1.37158e+06 2.22745e+06
3711 1.37559e+06 2.21608e+06
3712 1.47134e+06 2.16783e+06
3713 -165767 -2.09972e+06
3714 -464616 -2.34341e+06
3715 -408740 -2.70099e+06
3716 -384357 -2.72012e+06
3717 -59780.1 -2.28527e+06
3718 -65384.7 -2.26588e+06
3719 2.74503e+06 -1.46608e+06
3720 2.8092e+06 -1.2386e+06
3721 2.58067e+06 -938958
3722 2.29759e+06 -1.03887e+06
3723 2.09783e+06 -1.22405e+06
3724 2.16466e+06 -1.33527e+06
3725 1.85178e+06 -3.2693e+06
3726 2.15011e+06 -3.10289e+06
3727 2.23823e+06 -2.79386e+06
3728 2.07384e+06 -2.42651e+06
3729 2.04465e+06 -2.38378e+06
3730 1.90644e+06 -2.35938e+06
3731 1.75403e+06 -2.45175e+06
3732 1.71862e+06 -2.59536e+06
3733 1.70926e+06 -2.89365e+06
3734 2.40152e+06 1.19534e+06
3735 2.24872e+06 1.13615e+06
3736 2.07475e+06 746416
3737 2.10388e+06 646099
3738 2.12905e+06 619900
3739 2.52924e+06 595425
3740 2.86064e+06 1.02829e+06
3741 -1.06458e+06 -3.79904e+06
3742 -976269 -3.78315e+06
3743 -968001 -3.77793e+06
3744 -934808 -3.6236e+06
3745 -1.42042e+06 -3.37325e+06
3746 -1.40577e+06 -3.50051e+06
3747 1.69011e+06 -453346
3748 1.88555e+06 -389481
3749 1.92281e+06 -155029
3750 1.9145e+06 -130689
3751 1.69357e+06 -32432.6
3752 1.56729e+06 -267812
3753 1.5674e+06 -298022
3754 644035 43824.1
3755 490432 -129612
3756 699895 -228695
3757 711936 -214638
3758 745542 -25475.9
3759 672783 48513.5
3760 668279 50428.7
3761 3.49511e+06 -761996
3762 3.81313e+06 -1.0354e+06
3763 3.91693e+06 -1.03438e+06
3764 4.12787e+06 -829230
3765 4.00083e+06 -499810
3766 2.00402e+06 3.05072e+06
3767 2.03335e+06 3.01741e+06
3768 2.36118e+06 2.96317e+06
3769 2.54204e+06 3.32876e+06
3770 2.5465e+06 3.36443e+06
3771 2.38195e+06 3.5242e+06
3772 2.20588e+06 3.53549e+06
3773 -1.01084e+06 -4.25373e+06
3774 -625983 -4.2635e+06
3775 -579622 -4.05519e+06
3776 -659125 -3.97568e+06
3777 -968001 -3.77793e+06
3778 -976269 -3.78315e+06
3779 -998120 -3.92318e+06
3780 -3.92551e+06 2.59626e+06
3781 -3.93191e+06 2.57016e+06
3782 -3.56063e+06 2.29295e+06
3783 -3.30268e+06 2.48551e+06
3784 -3.20697e+06 2.71417e+06
3785 -3.29765e+06 3.01238e+06
3786 -3.32899e+06 3.01009e+06
3787 -3.40293e+06 3.00009e+06
3788 -3.47355e+06 2.98562e+06
3789 -3.54047e+06 2.9666e+06
3790 -3.60334e+06 2.943e+06
3791 -3.66179e+06 2.91481e+06
3792 -3.71553e+06 2.88206e+06
3793 -3.76427e+06 2.84483e+06
3794 -3.80774e+06 2.80321e+06
3795 -3.84575e+06 2.75735e+06
3796 -3.87812e+06 2.70743e+06
3797 -3.90473e+06 2.65365e+06
3798 -1.30989e+06 209915
3799 -1.52222e+06 381454
3800 -1.9196e+06 234067
3801 -1.9816e+06 175033
3802 -1.80026e+06 -39355.2
3803 -1.36926e+06 46465.3
3804 -2.86832e+06 53070.3
3805 -3.22045e+06 164021
3806 -3.38592e+06 -171514
3807 -2.81217e+06 -180360
3808 -2.78043e+06 -149854
3809 888122 3.46382e+06
3810 659678 3.87828e+06
3811 431720 3.70707e+06
3812 416063 3.56276e+06
3813 3.91693e+06 -1.03438e+06
3814 3.94771e+06 -1.22353e+06
3815 4.20429e+06 -1.72327e+06
3816 4.23132e+06 -1.70613e+06
3817 4.28584e+06 -1.66581e+06
3818 4.3355e+06 -1.6227e+06
3819 4.38003e+06 -1.57691e+06
3820 4.41917e+06 -1.52855e+06
3821 4.45271e+06 -1.47777e+06
3822 4.48048e+06 -1.42473e+06
3823 4.50232e+06 -1.36962e+06
3824 4.51814e+06 -1.31264e+06
3825 4.52789e+06 -1.25399e+06
3826 4.53155e+06 -1.1939e+06
3827 4.52917e+06 -1.13261e+06
3828 4.52081e+06 -1.07034e+06
3829 4.5066e+06 -1.00734e+06
3830 4.48668e+06 -943855
3831 4.46627e+06 -892686
3832 4.12787e+06 -829230
3833 1.49613e+06 -1.00057e+06
3834 1.46745e+06 -990513
3835 1.12058e+06 -1.22276e+06
3836 1.13392e+06 -1.26698e+06
3837 1.4069e+06 -1.26264e+06
3838 -1.80147e+06 1.51173e+06
3839 -1.8436e+06 1.62474e+06
3840 -2.01711e+06 1.82508e+06
3841 -2.45557e+06 1.88162e+06
3842 -2.65155e+06 1.74352e+06
3843 -2.63289e+06 1.68244e+06
3844 -2.38681e+06 1.39974e+06
3845 -2.33122e+06 1.38329e+06
3846 124916 -31529.8
3847 147205 -7265.36
3848 86566.4 56550.3
3849 77003.4 50784.4
3850 73337.1 -6578.51
3851 676808 1.56778e+06
3852 226821 1.52204e+06
3853 374035 1.2084e+06
3854 657715 1.23859e+06
3855 689411 1.34181e+06
3856 -2.39933e+06 402605
3857 -2.40439e+06 508769
3858 -2.78785e+06 696575
3859 -2.9898e+06 610242
3860 -2.99504e+06 596248
3861 -2.72759e+06 253365
3862 1.57211e+06 -1.53428e+06
3863 1.46304e+06 -1.46951e+06
3864 1.2835e+06 -1.53254e+06
3865 1.42771e+06 -1.86486e+06
3866 1.52698e+06 -1.83053e+06
3867 -866756 -464669
3868 -883554 -420586
3869 -1.07133e+06 -350438
3870 -1.10307e+06 -419418
3871 -972009 -629258
3872 -967608 -630226
3873 974456 -2.6698e+06
3874 845671 -2.74845e+06
3875 589993 -3.12204e+06
3876 896273 -3.43716e+06
3877 1.17286e+06 -3.20338e+06
3878 -264300 4.66889e+06
3879 -324315 4.68491e+06
3880 -384303 4.69444e+06
3881 -444036 4.69741e+06
3882 -503276 4.69376e+06
3883 -561792 4.68351e+06
3884 -619354 4.6667e+06
3885 -675751 4.64344e+06
3886 -730765 4.61388e+06
3887 -784215 4.57822e+06
3888 -835915 4.5367e+06
3889 -885711 4.4896e+06
3890 -928049 4.44315e+06
3891 -102856 4.11212e+06
3892 37945.7 4.48946e+06
3893 28261.6 4.49824e+06
3894 -28547.4 4.54363e+06
3895 -86412.6 4.58368e+06
3896 -145130 4.61807e+06
3897 -204499 4.64656e+06
3898 -2.62522e+06 -2.5266e+06
3899 -3.07927e+06 -2.77928e+06
3900 -3.27791e+06 -2.9507e+06
3901 -3.27258e+06 -2.95908e+06
3902 -3.24012e+06 -3.00459e+06
3903 -3.20536e+06 -3.04816e+06
3904 -3.19277e+06 -3.06228e+06
3905 -2.70936e+06 -3.03951e+06
3906 -2.44334e+06 -2.96808e+06
3907 -2.53111e+06 -2.53163e+06
3908 -2.42722e+06 2.58652e+06
3909 -2.57632e+06 2.69564e+06
3910 -2.6751e+06 2.67012e+06
3911 -2.7509e+06 2.5988e+06
3912 -2.5273e+06 2.47273e+06
3913 -45312.4 -1.5852e+06
3914 -71704.7 -1.36107e+06
3915 -132544 -1.28232e+06
3916 -173938 -1.26674e+06
3917 -473983 -1.47619e+06
3918 -498724 -1.54939e+06
3919 -478493 -1.57838e+06
3920 -222827 -1.67458e+06
3921 -1.52531e+06 -1.18383e+06
3922 -1.70112e+06 -1.17798e+06
3923 -1.78686e+06 -1.22919e+06
3924 -1.83355e+06 -1.61975e+06
3925 -1.62376e+06 -1.867e+06
3926 -1.38249e+06 -1.67856e+06
3927 -1.3504e+06 -1.59112e+06
3928 -1.49419e+06 -1.22795e+06
3929 245257 -1.29815e+06
3930 207335 -1.33662e+06
3931 200816 -1.67427e+06
3932 369554 -1.71662e+06
3933 514793 -1.40538e+06
3934 3.3657e+06 -1.28286e+06
3935 3.81313e+06 -1.0354e+06
3936 3.49511e+06 -761996
3937 3.20133e+06 -623102
3938 3.19504e+06 -1.11994e+06
3939 497163 -779607
3940 578204 -745442
3941 608199 -654308
3942 577625 -553372
3943 390670 -485748
3944 313848 -530644
3945 283323 -647129
3946 441018 -757886
3947 -319524 528079
3948 -288798 687185
3949 -474173 831656
3950 -481718 821586
3951 -481704 821201
3952 -378604 499872
3953 -2.23194e+06 -611010
3954 -2.34839e+06 -164701
3955 -2.63036e+06 -129014
3956 -2.72748e+06 -169876
3957 -2.4293e+06 -631384
3958 -2.34489e+06 -671173
3959 -2.21373e+06 1.03658e+06
3960 -2.1968e+06 975845
3961 -1.92575e+06 917588
3962 -1.88537e+06 950733
3963 -1.84686e+06 1.21017e+06
3964 -2.14947e+06 1.12149e+06
3965 -881312 1.99456e+06
3966 -931269 1.98867e+06
3967 -918167 1.48246e+06
3968 -781570 1.50135e+06
3969 -688795 1.57288e+06
3970 -660283 1.77823e+06
3971 -1.75811e+06 -252184
3972 -1.68846e+06 -292376
3973 -1.36924e+06 37471.7
3974 -1.36926e+06 46465.3
3975 -1.80026e+06 -39355.2
3976 -84873.9 -164568
3977 -35398.4 -202875
3978 -12132.6 -191241
3979 1097.77 -60320.3
3980 -38543.2 -34103.9
3981 -81067 -48139.4
3982 -2.9898e+06 610242
3983 -3.12541e+06 826581
3984 -3.28763e+06 825312
3985 -3.30884e+06 330267
3986 -3.28556e+06 318652
3987 -2.99504e+06 596248
3988 2.14257e+06 2.37922e+06
3989 2.16622e+06 2.61299e+06
3990 2.03202e+06 3.00175e+06
3991 1.87819e+06 2.61111e+06
3992 1.87936e+06 2.58826e+06
3993 2.05655e+06 1.58241e+06
3994 2.01417e+06 1.53973e+06
3995 1.94491e+06 1.38385e+06
3996 1.91817e+06 1.26655e+06
3997 1.95464e+06 1.24011e+06
3998 2.24872e+06 1.13615e+06
3999 2.40152e+06 1.19534e+06
4000 2.31805e+06 1.59465e+06
4001 -782617 -1.56697e+06
4002 -863430 -1.63351e+06
4003 -856820 -1.85969e+06
4004 -836213 -1.8836e+06
4005 -506988 -1.87877e+06
4006 -478493 -1.57838e+06
4007 -498724 -1.54939e+06
4008 -758146 -790685
4009 -687129 -699678
4010 -812808 -586484
4011 -834131 -576034
4012 -917272 -662813
4013 -805920 -814955
4014 -1.30543e+06 1.54034e+06
4015 -1.088e+06 1.49583e+06
4016 -1.19222e+06 1.83639e+06
4017 -648430 3.59317e+06
4018 -819620 3.45181e+06
4019 -800478 3.14648e+06
4020 -707964 2.99949e+06
4021 -661286 3.01007e+06
4022 -398111 3.37804e+06
4023 -602904 3.60326e+06
4024 1.19121e+06 -537207
4025 1.14171e+06 -602651
4026 1.28913e+06 -915134
4027 1.46745e+06 -990513
4028 1.49613e+06 -1.00057e+06
4029 1.64026e+06 -949749
4030 1.61305e+06 -557545
4031 -1.48453e+06 -591627
4032 -1.62719e+06 -505255
4033 -1.69602e+06 -604073
4034 -1.4407e+06 -917997
4035 -1.40532e+06 -855485
4036 4.05118e+06 513225
4037 4.27722e+06 481328
4038 4.54972e+06 870653
4039 4.53881e+06 895419
4040 4.50977e+06 948712
4041 4.47593e+06 1.00049e+06
4042 4.43746e+06 1.0506e+06
4043 4.39454e+06 1.09894e+06
4044 4.34939e+06 1.14343e+06
4045 -1.06005e+06 1.18288e+06
4046 -1.06179e+06 1.18728e+06
4047 -1.1371e+06 1.21354e+06
4048 -1.60954e+06 1.13587e+06
4049 -1.51885e+06 951171
4050 -1.41828e+06 853591
4051 -1.20555e+06 904372
4052 12057 192140
4053 4500.56 208623
4054 2054.3 209764
4055 -57742.1 175555
4056 -37498 140546
4057 -21045.4 135166
4058 11744.8 137998
4059 27587.2 153322
4060 154770 -256838
4061 153023 -352064
4062 354521 -361121
4063 379207 -238431
4064 251863 -208564
4065 1.933e+06 167975
4066 1.98236e+06 133985
4067 2.15106e+06 208829
4068 2.12041e+06 549711
4069 1.83381e+06 293812
4070 1.47134e+06 2.16783e+06
4071 1.37559e+06 2.21608e+06
4072 1.28618e+06 2.1918e+06
4073 1.09238e+06 1.97682e+06
4074 1.11441e+06 1.82863e+06
4075 1.37248e+06 1.85982e+06
4076 1.48261e+06 2.15482e+06
4077 4.57707e+06 117173
4078 4.57835e+06 122177
4079 4.27722e+06 481328
4080 4.05118e+06 513225
4081 4.04498e+06 510557
4082 4.19902e+06 108356
4083 -4.32927e+06 -1.23995e+06
4084 -3.81162e+06 -1.17222e+06
4085 -3.67523e+06 -732313
4086 -3.6952e+06 -709696
4087 -4.22543e+06 -770411
4088 -4.41685e+06 -1.03148e+06
4089 -4.41344e+06 -1.04492e+06
4090 -4.3957e+06 -1.09923e+06
4091 -4.37427e+06 -1.15247e+06
4092 -4.34922e+06 -1.20451e+06
4093 126375 -498016
4094 80728.8 -579703
4095 184677 -696624
4096 239545 -692030
4097 283323 -647129
4098 313848 -530644
4099 3.35592e+06 1.99373e+06
4100 3.34861e+06 1.97167e+06
4101 4.04486e+06 1.60108e+06
4102 4.05982e+06 1.63698e+06
4103 4.08497e+06 1.7071e+06
4104 4.10571e+06 1.7767e+06
4105 4.12182e+06 1.8455e+06
4106 4.13311e+06 1.91327e+06
4107 4.13943e+06 1.97973e+06
4108 4.14063e+06 2.04463e+06
4109 4.13662e+06 2.10771e+06
4110 4.12732e+06 2.16873e+06
4111 4.1127e+06 2.22744e+06
4112 4.09275e+06 2.28362e+06
4113 4.06753e+06 2.33704e+06
4114 4.0371e+06 2.38753e+06
4115 4.00156e+06 2.4349e+06
4116 3.96107e+06 2.479e+06
4117 3.9158e+06 2.5197e+06
4118 3.89032e+06 2.53871e+06
4119 -4337.38 -923001
4120 -35141.2 -927067
4121 -82888.8 -1.23829e+06
4122 -30479.3 -1.19737e+06
4123 145001 -983142
4124 968882 255369
4125 971583 233966
4126 1.06987e+06 48265.8
4127 1.08212e+06 42053.9
4128 1.26962e+06 58673.9
4129 1.45498e+06 153839
4130 1.48224e+06 378561
4131 1.46329e+06 412472
4132 1.40446e+06 456292
4133 1.26567e+06 424603
4134 -1.80147e+06 1.51173e+06
4135 -1.76151e+06 1.4625e+06
4136 -1.62065e+06 1.49193e+06
4137 -1.20618e+06 1.97164e+06
4138 -1.61686e+06 1.88742e+06
4139 -1.8436e+06 1.62474e+06
4140 -35141.2 -927067
4141 -185761 -935392
4142 -263799 -964721
4143 -195827 -1.22488e+06
4144 -173938 -1.26674e+06
4145 -132544 -1.28232e+06
4146 -82888.8 -1.23829e+06
4147 369554 -1.71662e+06
4148 514219 -1.91162e+06
4149 868814 -1.71484e+06
4150 769001 -1.4471e+06
4151 597281 -1.36181e+06
4152 555518 -1.38108e+06
4153 514793 -1.40538e+06
4154 -94079.8 944308
4155 99512.9 699041
4156 193063 911247
4157 149905 1.00129e+06
4158 1.61472e+06 2.44028e+06
4159 1.76188e+06 2.18971e+06
4160 1.77537e+06 2.18417e+06
4161 1.83578e+06 2.21157e+06
4162 1.85778e+06 2.54591e+06
4163 -757855 -3.30383e+06
4164 -924474 -2.71782e+06
4165 -1.15447e+06 -2.61347e+06
4166 -1.18654e+06 -2.62013e+06
4167 -1.28582e+06 -2.9382e+06
4168 3.62748e+06 -1.83539e+06
4169 4.16486e+06 -1.79101e+06
4170 4.18971e+06 -1.75088e+06
4171 4.20429e+06 -1.72327e+06
4172 3.94771e+06 -1.22353e+06
4173 3.51018e+06 -1.66769e+06
4174 325208 239348
4175 278002 328601
4176 187061 449379
4177 171759 430644
4178 117383 320241
4179 117599 316898
4180 126155 274706
4181 129362 268203
4182 196365 253721
4183 1.39611e+06 1.32251e+06
4184 1.28999e+06 1.15659e+06
4185 1.36797e+06 1.01016e+06
4186 1.62906e+06 953598
4187 1.84668e+06 1.25999e+06
4188 1.55733e+06 1.42189e+06
4189 490432 -129612
4190 446842 -148494
4191 431163 -189021
4192 656321 -415313
4193 678614 -397956
4194 699895 -228695
4195 709147 3.92677e+06
4196 1.05384e+06 3.88381e+06
4197 1.12213e+06 4.36314e+06
4198 1.09585e+06 4.51571e+06
4199 1.07132e+06 4.52495e+06
4200 1.01494e+06 4.54059e+06
4201 957404 4.55108e+06
4202 898886 4.5564e+06
4203 839571 4.55655e+06
4204 779652 4.55157e+06
4205 719303 4.54152e+06
4206 658734 4.5265e+06
4207 598111 4.50664e+06
4208 591293 4.50387e+06
4209 616473 4.3603e+06
4210 4.05118e+06 513225
4211 4.34939e+06 1.14343e+06
4212 4.34811e+06 1.14557e+06
4213 4.31449e+06 1.1949e+06
4214 4.2775e+06 1.24273e+06
4215 4.23726e+06 1.289e+06
4216 4.19393e+06 1.33361e+06
4217 4.14765e+06 1.37652e+06
4218 4.09859e+06 1.41766e+06
4219 4.08064e+06 1.43132e+06
4220 3.49538e+06 929090
4221 3.64011e+06 495161
4222 4.04498e+06 510557
4223 -2.10306e+06 2.65171e+06
4224 -2.24199e+06 2.88035e+06
4225 -2.40277e+06 2.85081e+06
4226 -2.57632e+06 2.69564e+06
4227 -2.42722e+06 2.58652e+06
4228 -2.14974e+06 2.50428e+06
4229 -2.09466e+06 2.55784e+06
4230 659598 1.12183e+06
4231 398954 1.06169e+06
4232 398352 908479
4233 492144 874874
4234 662981 1.03142e+06
4235 193063 911247
4236 99512.9 699041
4237 90344.2 662481
4238 219178 543238
4239 235622 545042
4240 354993 699256
4241 263121 896017
4242 -2.14859e+06 166470
4243 -2.26921e+06 243142
4244 -2.63036e+06 -129014
4245 -2.34839e+06 -164701
4246 -565854 -891663
4247 -758146 -790685
4248 -805920 -814955
4249 -901046 -990641
4250 -841408 -1.12245e+06
4251 -595438 -1.14244e+06
4252 -523634 -1.0536e+06
4253 925716 655319
4254 920404 542111
4255 1.26567e+06 424603
4256 1.40446e+06 456292
4257 1.29594e+06 694901
4258 1.48467e+06 -2.20403e+06
4259 1.70214e+06 -1.96517e+06
4260 1.52698e+06 -1.83053e+06
4261 1.42771e+06 -1.86486e+06
4262 1.27049e+06 -1.92889e+06
4263 1.26969e+06 -1.98111e+06
4264 -1.83355e+06 -1.61975e+06
4265 -2.18058e+06 -1.68841e+06
4266 -2.21776e+06 -1.72521e+06
4267 -2.18239e+06 -1.75391e+06
4268 -1.65725e+06 -1.93684e+06
4269 -1.62376e+06 -1.867e+06
4270 832862 2.86868e+06
4271 888224 2.8311e+06
4272 1.07844e+06 2.79901e+06
4273 1.19694e+06 2.98507e+06
4274 1.02473e+06 3.2435e+06
4275 1.01423e+06 3.25428e+06
4276 884241 3.18506e+06
4277 217037 130687
4278 247126 148797
4279 196365 253721
4280 129362 268203
4281 130486 212217
4282 132618 159781
4283 -464616 -2.34341e+06
4284 -631481 -2.21538e+06
4285 -761011 -2.19914e+06
4286 -979521 -2.34336e+06
4287 -1.15447e+06 -2.61347e+06
4288 -924474 -2.71782e+06
4289 -408740 -2.70099e+06
4290 -3.59059e+06 -1.35688e+06
4291 -3.49919e+06 -1.69687e+06
4292 -3.26993e+06 -1.6718e+06
4293 -2.99439e+06 -1.4675e+06
4294 -2.89273e+06 -1.22098e+06
4295 -3.13385e+06 -935334
4296 -2.83602e+06 -2.40351e+06
4297 -3.07927e+06 -2.77928e+06
4298 -2.62522e+06 -2.5266e+06
4299 1.27049e+06 -1.92889e+06
4300 1.42771e+06 -1.86486e+06
4301 1.2835e+06 -1.53254e+06
4302 1.16747e+06 -1.56497e+06
4303 1.04911e+06 -1.7506e+06
4304 1.18015e+06 -2.65305e+06
4305 1.71862e+06 -2.59536e+06
4306 1.75403e+06 -2.45175e+06
4307 1.49261e+06 -2.35304e+06
4308 991468 -2.56175e+06
4309 993825 -2.60058e+06
4310 -2.0108e+06 -2.92808e+06
4311 -2.08436e+06 -3.11338e+06
4312 -2.05332e+06 -3.17658e+06
4313 -1.95753e+06 -3.26694e+06
4314 -1.50217e+06 -3.22137e+06
4315 -1.39614e+06 -3.13666e+06
4316 -1.28582e+06 -2.9382e+06
4317 -1.18654e+06 -2.62013e+06
4318 -1.27425e+06 -2.57014e+06
4319 -1.73345e+06 -2.69297e+06
4320 -1.8588e+06 -2.77903e+06
4321 15312.2 649066
4322 -105693 679082
4323 -196059 552281
4324 -63231.9 449527
4325 -834131 -576034
4326 -819615 -505560
4327 -866756 -464669
4328 -967608 -630226
4329 -917272 -662813
4330 3.64011e+06 495161
4331 3.59574e+06 312665
4332 4.0207e+06 23296.5
4333 4.19902e+06 108356
4334 4.04498e+06 510557
4335 -1.60637e+06 -396681
4336 -1.62719e+06 -505255
4337 -1.48453e+06 -591627
4338 -1.2606e+06 -556552
4339 -1.25619e+06 -535529
4340 -1.44144e+06 -363490
4341 2.67895e+06 104428
4342 2.71825e+06 49676.6
4343 2.8291e+06 -30814.3
4344 3.25901e+06 90034.1
4345 3.07394e+06 275079
4346 2.776e+06 310951
4347 2.69828e+06 296629
4348 -193352 -2.00929e+06
4349 -222827 -1.67458e+06
4350 -478493 -1.57838e+06
4351 -506988 -1.87877e+06
4352 -484156 -1.92008e+06
4353 -898822 -84925.9
4354 -901362 16555.9
4355 -1.2615e+06 219803
4356 -1.30989e+06 209915
4357 -1.36926e+06 46465.3
4358 -1.36924e+06 37471.7
4359 -1.30933e+06 -167379
4360 -1.0771e+06 -299403
4361 2.52924e+06 595425
4362 2.55326e+06 473955
4363 2.69828e+06 296629
4364 2.776e+06 310951
4365 2.99685e+06 658234
4366 2.99631e+06 1.03705e+06
4367 2.8647e+06 1.02925e+06
4368 2.86064e+06 1.02829e+06
4369 2.82934e+06 3.74377e+06
4370 2.78235e+06 3.77941e+06
4371 2.73329e+06 3.80927e+06
4372 2.38195e+06 3.5242e+06
4373 2.5465e+06 3.36443e+06
4374 3.01899e+06 3.46508e+06
4375 3.00652e+06 3.49786e+06
4376 2.97911e+06 3.5554e+06
4377 2.94762e+06 3.60899e+06
4378 2.9121e+06 3.65839e+06
4379 2.87263e+06 3.70338e+06
4380 1.46329e+06 412472
4381 1.48224e+06 378561
4382 1.54581e+06 377781
4383 1.92084e+06 580750
4384 1.92183e+06 581624
4385 1.66224e+06 676519
4386 2.04129e+06 -141643
4387 2.32717e+06 -243813
4388 2.33836e+06 -111604
4389 2.21599e+06 -42152.1
4390 105357 -3.93096e+06
4391 -271164 -4.6271e+06
4392 -262307 -4.6337e+06
4393 -205477 -4.66881e+06
4394 -147619 -4.6973e+06
4395 -88960.5 -4.71893e+06
4396 -29740.2 -4.73352e+06
4397 29788.3 -4.74094e+06
4398 89380.4 -4.74114e+06
4399 148776 -4.73411e+06
4400 207726 -4.7199e+06
4401 265986 -4.69863e+06
4402 323316 -4.67047e+06
4403 379489 -4.63564e+06
4404 434300 -4.59441e+06
4405 487551 -4.54711e+06
4406 539071 -4.49409e+06
4407 588702 -4.43573e+06
4408 627641 -4.38398e+06
4409 -2.20951e+06 2.40042e+06
4410 -2.14974e+06 2.50428e+06
4411 -2.42722e+06 2.58652e+06
4412 -2.5273e+06 2.47273e+06
4413 -2.35989e+06 2.26472e+06
4414 592399 653084
4415 509889 753647
4416 354993 699256
4417 235622 545042
4418 468429 469035
4419 501322 475703
4420 581127 607448
4421 -4.69302e+06 -503197
4422 -4.69331e+06 -562967
4423 -4.6868e+06 -622022
4424 -4.67351e+06 -680127
4425 -4.65353e+06 -737044
4426 -4.62697e+06 -792567
4427 -4.59402e+06 -846474
4428 -4.55489e+06 -898590
4429 -4.50987e+06 -948735
4430 -4.45924e+06 -996759
4431 -4.41685e+06 -1.03148e+06
4432 -4.22543e+06 -770411
4433 -4.20622e+06 -474382
4434 -4.23848e+06 -180800
4435 -4.54987e+06 -137837
4436 -4.55389e+06 -143112
4437 -4.59254e+06 -202122
4438 -4.62531e+06 -261833
4439 -4.65196e+06 -322034
4440 -4.67224e+06 -382486
4441 -4.68597e+06 -442954
4442 1.45518e+06 3.83098e+06
4443 1.08603e+06 3.86066e+06
4444 1.0022e+06 3.39852e+06
4445 1.02826e+06 3.30506e+06
4446 1.42525e+06 3.46529e+06
4447 -439948 -759245
4448 -460521 -693910
4449 -617084 -629613
4450 -687129 -699678
4451 -758146 -790685
4452 -565854 -891663
4453 1.28913e+06 -915134
4454 1.14171e+06 -602651
4455 1.03683e+06 -626563
4456 984668 -665686
4457 925363 -859949
4458 926340 -864386
4459 1.16659e+06 -992606
4460 -441059 1.45648e+06
4461 -415065 1.33654e+06
4462 -284000 1.1782e+06
4463 -233434 1.21053e+06
4464 -159054 1.47349e+06
4465 130486 212217
4466 129362 268203
4467 126155 274706
4468 4500.56 208623
4469 12057 192140
4470 859766 422517
4471 581127 607448
4472 501322 475703
4473 562814 410019
4474 -3.16836e+06 -769279
4475 -3.67523e+06 -732313
4476 -3.81162e+06 -1.17222e+06
4477 -3.59059e+06 -1.35688e+06
4478 -3.13385e+06 -935334
4479 -165767 -2.09972e+06
4480 -156632 -2.05346e+06
4481 -193352 -2.00929e+06
4482 -484156 -1.92008e+06
4483 -631481 -2.21538e+06
4484 -464616 -2.34341e+06
4485 -576704 -3.28349e+06
4486 -155310 -3.35477e+06
4487 -41655.9 -2.88416e+06
4488 -278580 -2.8383e+06
4489 -2.95225e+06 -2.17672e+06
4490 -3.2809e+06 -2.3507e+06
4491 -3.2876e+06 -2.94209e+06
4492 -3.27791e+06 -2.9507e+06
4493 -3.07927e+06 -2.77928e+06
4494 -2.83602e+06 -2.40351e+06
4495 -1.76332e+06 679173
4496 -1.77806e+06 823951
4497 -1.88537e+06 950733
4498 -1.92575e+06 917588
4499 -2.08049e+06 712528
4500 -1.93247e+06 625344
4501 -863580 -1.17341e+06
4502 -990873 -1.24464e+06
4503 -1.13035e+06 -1.56867e+06
4504 -863430 -1.63351e+06
4505 -782617 -1.56697e+06
4506 925363 -859949
4507 984668 -665686
4508 608199 -654308
4509 578204 -745442
4510 646864 -873001
4511 -323287 1.0366e+06
4512 -467043 854495
4513 -474173 831656
4514 -288798 687185
4515 -113043 686529
4516 -196245 946179
4517 207669 -95315.8
4518 364317 -38980.6
4519 360652 -20341.7
4520 324963 14953.9
4521 232832 43136.6
4522 209738 26578.4
4523 192432 -4533.56
4524 1.76437e+06 1.85268e+06
4525 1.62084e+06 1.73719e+06
4526 1.6262e+06 1.67378e+06
4527 1.69685e+06 1.63721e+06
4528 2.01417e+06 1.53973e+06
4529 2.05655e+06 1.58241e+06
4530 1.92613e+06 1.8206e+06
4531 1.70926e+06 -2.89365e+06
4532 1.71862e+06 -2.59536e+06
4533 1.18015e+06 -2.65305e+06
4534 875111 1.68678e+06
4535 1.24067e+06 1.16422e+06
4536 1.28999e+06 1.15659e+06
4537 1.39611e+06 1.32251e+06
4538 1.11079e+06 1.82427e+06
4539 919028 -1.09609e+06
4540 897559 -1.02529e+06
4541 742939 -980906
4542 712343 -1.15195e+06
4543 892108 -1.12581e+06
4544 -901362 16555.9
4545 -863879 42768.2
4546 -742788 432129
4547 -823289 504235
4548 -1.03753e+06 439763
4549 -1.21615e+06 272628
4550 -1.2615e+06 219803
4551 -633865 -525206
4552 -631655 -525342
4553 -603841 -432421
4554 -601000 -398930
4555 -622974 -312598
4556 -649514 -289693
4557 -680279 -280393
4558 -883554 -420586
4559 -866756 -464669
4560 -819615 -505560
4561 207335 -1.33662e+06
4562 -71704.7 -1.36107e+06
4563 -45312.4 -1.5852e+06
4564 138787 -1.68447e+06
4565 200816 -1.67427e+06
4566 387264 2.69051e+06
4567 378684 2.66011e+06
4568 427268 2.63435e+06
4569 893925 2.39336e+06
4570 888224 2.8311e+06
4571 832862 2.86868e+06
4572 -2.40277e+06 2.85081e+06
4573 -2.6985e+06 3.06058e+06
4574 -2.6751e+06 2.67012e+06
4575 -2.57632e+06 2.69564e+06
4576 1.46745e+06 -990513
4577 1.28913e+06 -915134
4578 1.16659e+06 -992606
4579 1.07444e+06 -1.11819e+06
4580 1.12058e+06 -1.22276e+06
4581 1.81167e+06 306331
4582 1.54581e+06 377781
4583 1.48224e+06 378561
4584 1.45498e+06 153839
4585 1.46378e+06 142524
4586 1.58721e+06 73200.4
4587 1.933e+06 167975
4588 1.83381e+06 293812
4589 -1.93428e+06 -3.57024e+06
4590 -1.44522e+06 -3.65374e+06
4591 -1.40577e+06 -3.50051e+06
4592 -1.42042e+06 -3.37325e+06
4593 -1.50217e+06 -3.22137e+06
4594 -1.95753e+06 -3.26694e+06
4595 693469 -4.37841e+06
4596 748579 -4.37017e+06
4597 803147 -4.35889e+06
4598 857101 -4.34458e+06
4599 910326 -4.32729e+06
4600 962743 -4.30706e+06
4601 1.01426e+06 -4.28394e+06
4602 1.03467e+06 -4.27346e+06
4603 1.07929e+06 -4.10129e+06
4604 924849 -3.70703e+06
4605 140994 -3.79926e+06
4606 82080.5 -3.88078e+06
4607 105357 -3.93096e+06
4608 627641 -4.38398e+06
4609 637936 -4.38359e+06
4610 3.51499e+06 -2.11376e+06
4611 3.28885e+06 -2.21601e+06
4612 3.00708e+06 -2.6341e+06
4613 3.0232e+06 -2.67355e+06
4614 3.02649e+06 -2.67567e+06
4615 3.85175e+06 -2.52736e+06
4616 -2.33122e+06 1.38329e+06
4617 -2.38681e+06 1.39974e+06
4618 -2.47841e+06 1.04448e+06
4619 -2.21373e+06 1.03658e+06
4620 -2.14947e+06 1.12149e+06
4621 2.63027e+06 -2.17408e+06
4622 2.75034e+06 -2.45881e+06
4623 2.77574e+06 -2.50213e+06
4624 3.00708e+06 -2.6341e+06
4625 3.28885e+06 -2.21601e+06
4626 2.8523e+06 -1.75541e+06
4627 2.80804e+06 -1.75041e+06
4628 2.6544e+06 -1.88919e+06
4629 -211858 -639840
4630 -298164 -890618
4631 -263912 -964662
4632 -263799 -964721
4633 -185761 -935392
4634 -116241 -727240
4635 14149.8 19406.3
4636 72792.8 51147.4
4637 29194.1 76228.3
4638 -25969.5 50479.8
4639 -3631.82 24970.1
4640 -805920 -814955
4641 -917272 -662813
4642 -967608 -630226
4643 -972009 -629258
4644 -1.12993e+06 -730010
4645 -1.00119e+06 -962695
4646 -901046 -990641
4647 117383 320241
4648 171759 430644
4649 -65642.6 429274
4650 -94010.7 375244
4651 -71855 350190
4652 1.31242e+06 829005
4653 891709 854146
4654 855902 824381
4655 852415 755731
4656 925716 655319
4657 1.29594e+06 694901
4658 -2.82711e+06 2.56455e+06
4659 -2.80573e+06 2.38793e+06
4660 -2.40905e+06 2.17524e+06
4661 -2.38819e+06 2.21799e+06
4662 -2.80057e+06 2.57465e+06
4663 -1.12058e+06 806765
4664 -820839 555046
4665 -762171 721005
4666 -816756 812144
4667 -2.24199e+06 2.88035e+06
4668 -2.18673e+06 3.20541e+06
4669 -2.23414e+06 3.31214e+06
4670 -2.73158e+06 3.12317e+06
4671 -2.6985e+06 3.06058e+06
4672 -2.40277e+06 2.85081e+06
4673 1097.77 -60320.3
4674 10747.8 -51395.1
4675 -734.894 -10328.7
4676 -26282 -3949.14
4677 -35835.1 -8809.46
4678 -38543.2 -34103.9
4679 1.95464e+06 1.24011e+06
4680 1.87362e+06 855299
4681 2.07475e+06 746416
4682 2.24872e+06 1.13615e+06
4683 4500.56 208623
4684 126155 274706
4685 117599 316898
4686 -19314.8 246684
4687 2054.3 209764
4688 -69898.1 34744.8
4689 -35835.1 -8809.46
4690 -26282 -3949.14
4691 -3631.82 24970.1
4692 -25969.5 50479.8
4693 -48189.5 57875.9
4694 -62733.9 56039.5
4695 -1.19124e+06 1.98987e+06
4696 -1.20111e+06 1.97486e+06
4697 -1.19222e+06 1.83639e+06
4698 -1.088e+06 1.49583e+06
4699 -1.00824e+06 1.40781e+06
4700 -918167 1.48246e+06
4701 -931269 1.98867e+06
4702 -1.12299e+06 2.02808e+06
4703 1.8234e+06 -1.02757e+06
4704 1.83514e+06 -1.0347e+06
4705 2.02961e+06 -740174
4706 1.93947e+06 -487212
4707 1.37559e+06 2.21608e+06
4708 1.37158e+06 2.22745e+06
4709 1.12768e+06 2.48819e+06
4710 1.06071e+06 2.43705e+06
4711 1.28618e+06 2.1918e+06
4712 1.77537e+06 2.18417e+06
4713 1.76188e+06 2.18971e+06
4714 1.48261e+06 2.15482e+06
4715 1.37248e+06 1.85982e+06
4716 1.62084e+06 1.73719e+06
4717 1.76437e+06 1.85268e+06
4718 -1.21615e+06 272628
4719 -1.03753e+06 439763
4720 -1.15183e+06 684679
4721 -1.23369e+06 614291
4722 -2.72748e+06 -169876
4723 -2.78043e+06 -149854
4724 -2.81217e+06 -180360
4725 -2.88875e+06 -276508
4726 -3.11251e+06 -700894
4727 -2.4293e+06 -631384
4728 -2.9898e+06 610242
4729 -2.78785e+06 696575
4730 -2.72219e+06 1.03607e+06
4731 -2.78339e+06 1.09652e+06
4732 -3.02641e+06 1.10287e+06
4733 -3.12541e+06 826581
4734 -3.4829e+06 1.55703e+06
4735 -3.02641e+06 1.10287e+06
4736 -2.78339e+06 1.09652e+06
4737 -2.63289e+06 1.68244e+06
4738 -2.65155e+06 1.74352e+06
4739 -2.93333e+06 1.81423e+06
4740 110784 -2.81912e+06
4741 19839 -2.87972e+06
4742 271291 -3.46797e+06
4743 573208 -3.12391e+06
4744 130103 -2.8182e+06
4745 -661286 3.01007e+06
4746 -331165 2.9331e+06
4747 -194936 3.05862e+06
4748 -96665 3.25993e+06
4749 -398111 3.37804e+06
4750 3.3926e+06 -1.56405e+06
4751 3.3657e+06 -1.28286e+06
4752 3.19504e+06 -1.11994e+06
4753 2.8092e+06 -1.2386e+06
4754 2.74503e+06 -1.46608e+06
4755 2.80804e+06 -1.75041e+06
4756 2.8523e+06 -1.75541e+06
4757 2.51559e+06 2.07809e+06
4758 2.47853e+06 2.55634e+06
4759 2.16622e+06 2.61299e+06
4760 2.14257e+06 2.37922e+06
4761 2.19693e+06 2.22238e+06
4762 2.40224e+06 2.10267e+06
4763 -1.52222e+06 381454
4764 -1.53709e+06 561824
4765 -1.76332e+06 679173
4766 -1.93247e+06 625344
4767 -1.9196e+06 234067
4768 -781570 1.50135e+06
4769 -918167 1.48246e+06
4770 -1.00824e+06 1.40781e+06
4771 -1.06179e+06 1.18728e+06
4772 -1.06005e+06 1.18288e+06
4773 -911278 1.1252e+06
4774 -658373 1.30347e+06
4775 -665796 1.33151e+06
4776 1.19131e+06 1.15251e+06
4777 689411 1.34181e+06
4778 657715 1.23859e+06
4779 665074 1.15308e+06
4780 1.04898e+06 1.06073e+06
4781 4.27722e+06 481328
4782 4.57835e+06 122177
4783 4.59403e+06 144374
4784 4.62941e+06 203744
4785 4.65851e+06 263712
4786 4.68108e+06 324050
4787 4.69692e+06 384506
4788 4.70587e+06 444835
4789 4.70783e+06 504784
4790 4.70276e+06 564101
4791 4.69068e+06 622537
4792 4.67164e+06 679856
4793 4.6458e+06 735819
4794 4.6133e+06 790227
4795 4.57441e+06 842859
4796 4.54972e+06 870653
4797 -188036 1.83764e+06
4798 -287034 1.78121e+06
4799 -451543 1.48995e+06
4800 -441059 1.45648e+06
4801 -159054 1.47349e+06
4802 -33120.5 1.78569e+06
4803 -71668.3 1.87296e+06
4804 1.92084e+06 580750
4805 1.54581e+06 377781
4806 1.81167e+06 306331
4807 1.87936e+06 2.58826e+06
4808 1.85778e+06 2.54591e+06
4809 1.83578e+06 2.21157e+06
4810 2.19693e+06 2.22238e+06
4811 2.14257e+06 2.37922e+06
4812 -48189.5 57875.9
4813 -25969.5 50479.8
4814 29194.1 76228.3
4815 18304.8 94383.4
4816 -25802.6 86754.2
4817 -4.28696e+06 982134
4818 -4.31132e+06 963691
4819 -4.36504e+06 918268
4820 -4.41481e+06 870957
4821 -4.46038e+06 821851
4822 -4.50148e+06 771067
4823 -4.5379e+06 718732
4824 -4.56944e+06 664982
4825 -4.59593e+06 609961
4826 -4.61721e+06 553839
4827 -4.63318e+06 496780
4828 -4.64375e+06 438964
4829 -4.64887e+06 380572
4830 -4.64852e+06 321795
4831 -4.64629e+06 299131
4832 -4.12663e+06 316148
4833 -4.0127e+06 502794
4834 1.68067e+06 -3.58751e+06
4835 1.07929e+06 -4.10129e+06
4836 1.03467e+06 -4.27346e+06
4837 1.07375e+06 -4.29383e+06
4838 1.13908e+06 -4.32345e+06
4839 1.2043e+06 -4.34847e+06
4840 1.26922e+06 -4.3687e+06
4841 1.33362e+06 -4.38394e+06
4842 1.39725e+06 -4.39403e+06
4843 1.45989e+06 -4.39885e+06
4844 1.52133e+06 -4.39829e+06
4845 1.58133e+06 -4.3923e+06
4846 1.63967e+06 -4.38083e+06
4847 1.69615e+06 -4.3639e+06
4848 1.75057e+06 -4.34154e+06
4849 1.80275e+06 -4.31384e+06
4850 1.85252e+06 -4.28092e+06
4851 1.8879e+06 -4.25242e+06
4852 -2.81217e+06 -180360
4853 -3.38592e+06 -171514
4854 -3.38634e+06 -172161
4855 -3.35543e+06 -221487
4856 -2.88875e+06 -276508
4857 2.16526e+06 -2.26407e+06
4858 2.63027e+06 -2.17408e+06
4859 2.6544e+06 -1.88919e+06
4860 2.21268e+06 -1.76838e+06
4861 2.18122e+06 -1.79274e+06
4862 712343 -1.15195e+06
4863 613946 -1.2037e+06
4864 597281 -1.36181e+06
4865 769001 -1.4471e+06
4866 884147 -1.35242e+06
4867 892108 -1.12581e+06
4868 -3.70651e+06 -666062
4869 -3.76245e+06 -215535
4870 -3.82833e+06 -167628
4871 -4.21537e+06 -170791
4872 -4.23848e+06 -180800
4873 -4.20622e+06 -474382
4874 -820839 555046
4875 -823289 504235
4876 -742788 432129
4877 -712610 425913
4878 -572383 498437
4879 -481704 821201
4880 -481718 821586
4881 -762171 721005
4882 138787 -1.68447e+06
4883 -45312.4 -1.5852e+06
4884 -222827 -1.67458e+06
4885 -193352 -2.00929e+06
4886 -156632 -2.05346e+06
4887 -16171.8 -1.99676e+06
4888 -71855 350190
4889 -62797.8 278112
4890 -19314.8 246684
4891 117599 316898
4892 117383 320241
4893 -211858 -639840
4894 -215389 -626482
4895 -294141 -555388
4896 -323622 -570889
4897 -460521 -693910
4898 -439948 -759245
4899 -298164 -890618
4900 -863879 42768.2
4901 -531635 65657.1
4902 -506301 78881.3
4903 -485563 197945
4904 -712610 425913
4905 -742788 432129
4906 -1.53709e+06 561824
4907 -1.52463e+06 582268
4908 -1.41828e+06 853591
4909 -1.51885e+06 951171
4910 -1.77806e+06 823951
4911 -1.76332e+06 679173
4912 -243664 -116480
4913 -264124 -122735
4914 -305207 -274320
4915 -289322 -305829
4916 -51846.8 -265620
4917 -35398.4 -202875
4918 -84873.9 -164568
4919 -95883.1 -32100
4920 -81067 -48139.4
4921 -38543.2 -34103.9
4922 -35835.1 -8809.46
4923 -69898.1 34744.8
4924 -81333.6 24058.8
4925 437324 186953
4926 377900 224662
4927 348553 220841
4928 319862 184408
4929 324963 14953.9
4930 360652 -20341.7
4931 468171 125877
4932 3.3926e+06 -1.56405e+06
4933 3.51018e+06 -1.66769e+06
4934 3.94771e+06 -1.22353e+06
4935 3.91693e+06 -1.03438e+06
4936 3.81313e+06 -1.0354e+06
4937 3.3657e+06 -1.28286e+06
4938 2.15011e+06 -3.10289e+06
4939 2.65653e+06 -3.22854e+06
4940 3.0232e+06 -2.67355e+06
4941 3.00708e+06 -2.6341e+06
4942 2.77574e+06 -2.50213e+06
4943 2.23823e+06 -2.79386e+06
4944 659678 3.87828e+06
4945 709147 3.92677e+06
4946 616473 4.3603e+06
4947 195966 3.88414e+06
4948 431720 3.70707e+06
4949 -194936 3.05862e+06
4950 80245 2.63914e+06
4951 355851 2.63853e+06
4952 378684 2.66011e+06
4953 387264 2.69051e+06
4954 316859 3.25872e+06
4955 -43886.8 3.2812e+06
4956 -96665 3.25993e+06
4957 -278580 -2.8383e+06
4958 -384357 -2.72012e+06
4959 -408740 -2.70099e+06
4960 -924474 -2.71782e+06
4961 -757855 -3.30383e+06
4962 -735550 -3.34706e+06
4963 -629175 -3.33469e+06
4964 -576704 -3.28349e+06
4965 -29147 -370068
4966 -91811.1 -427756
4967 -56758.5 -572321
4968 -4466.12 -598417
4969 43451 -598570
4970 80728.8 -579703
4971 126375 -498016
4972 101595 -419654
4973 -1.75496e+06 2.94122e+06
4974 -1.79166e+06 3.07031e+06
4975 -2.18673e+06 3.20541e+06
4976 -2.24199e+06 2.88035e+06
4977 -2.10306e+06 2.65171e+06
4978 -721929 2.13969e+06
4979 -608911 2.49188e+06
4980 -858353 2.69293e+06
4981 -1.16553e+06 2.65374e+06
4982 -1.12299e+06 2.02808e+06
4983 -931269 1.98867e+06
4984 -881312 1.99456e+06
4985 -731350 2.12405e+06
4986 -3.59059e+06 -1.35688e+06
4987 -3.81162e+06 -1.17222e+06
4988 -4.32927e+06 -1.23995e+06
4989 -4.33167e+06 -1.25846e+06
4990 -4.33558e+06 -1.31891e+06
4991 -4.33545e+06 -1.37861e+06
4992 -4.33121e+06 -1.43745e+06
4993 -4.32285e+06 -1.49523e+06
4994 -4.31035e+06 -1.55182e+06
4995 -4.29372e+06 -1.60707e+06
4996 -4.27301e+06 -1.66082e+06
4997 -4.24825e+06 -1.71296e+06
4998 -4.21954e+06 -1.76334e+06
4999 -4.18695e+06 -1.81185e+06
5000 -4.15059e+06 -1.85839e+06
5001 -4.1106e+06 -1.90285e+06
5002 -4.06712e+06 -1.94514e+06
5003 -4.02029e+06 -1.98521e+06
5004 -3.9703e+06 -2.02297e+06
5005 -3.96201e+06 -2.02851e+06
5006 -3.68884e+06 -1.94762e+06
5007 -3.49919e+06 -1.69687e+06
5008 -2.00473e+06 -1.26492e+06
5009 -1.78686e+06 -1.22919e+06
5010 -1.70112e+06 -1.17798e+06
5011 -1.95436e+06 -713480
5012 -2.21062e+06 -605993
5013 -2.23194e+06 -611010
5014 -2.34489e+06 -671173
5015 -2.41545e+06 -1.07845e+06
5016 -2.15066e+06 -2.40801e+06
5017 -2.45168e+06 -2.39765e+06
5018 -2.53111e+06 -2.53163e+06
5019 -2.44334e+06 -2.96808e+06
5020 -2.08436e+06 -3.11338e+06
5021 -2.0108e+06 -2.92808e+06
5022 -1.52463e+06 582268
5023 -1.23369e+06 614291
5024 -1.15183e+06 684679
5025 -1.14686e+06 816461
5026 -1.20555e+06 904372
5027 -1.41828e+06 853591
5028 147205 -7265.36
5029 192432 -4533.56
5030 209738 26578.4
5031 103421 77944.2
5032 86566.4 56550.3
5033 -3.28763e+06 825312
5034 -3.53127e+06 889009
5035 -3.56634e+06 419919
5036 -3.30884e+06 330267
5037 1.87362e+06 855299
5038 1.70337e+06 875616
5039 1.66224e+06 676519
5040 1.92183e+06 581624
5041 2.10388e+06 646099
5042 2.07475e+06 746416
5043 -441059 1.45648e+06
5044 -451543 1.48995e+06
5045 -536389 1.50256e+06
5046 -665796 1.33151e+06
5047 -658373 1.30347e+06
5048 -642148 1.29677e+06
5049 -415065 1.33654e+06
5050 2.54204e+06 3.32876e+06
5051 2.36118e+06 2.96317e+06
5052 2.53392e+06 2.86421e+06
5053 2.90158e+06 2.91717e+06
5054 -3.38634e+06 -172161
5055 -3.76245e+06 -215535
5056 -3.70651e+06 -666062
5057 -3.6952e+06 -709696
5058 -3.67523e+06 -732313
5059 -3.16836e+06 -769279
5060 -3.13925e+06 -717471
5061 -3.35543e+06 -221487
5062 893925 2.39336e+06
5063 427268 2.63435e+06
5064 692372 2.13115e+06
5065 923692 2.34597e+06
5066 926114 2.36596e+06
5067 613946 -1.2037e+06
5068 712343 -1.15195e+06
5069 742939 -980906
5070 647002 -875358
5071 552178 -1.10038e+06
5072 -1.77419e+06 2.17938e+06
5073 -1.6473e+06 2.03234e+06
5074 -1.39771e+06 2.07934e+06
5075 1.92613e+06 1.8206e+06
5076 2.05655e+06 1.58241e+06
5077 2.31805e+06 1.59465e+06
5078 2.50659e+06 1.95035e+06
5079 2.53787e+06 2.06201e+06
5080 2.51559e+06 2.07809e+06
5081 2.40224e+06 2.10267e+06
5082 374035 1.2084e+06
5083 318509 1.13794e+06
5084 398954 1.06169e+06
5085 659598 1.12183e+06
5086 665074 1.15308e+06
5087 657715 1.23859e+06
5088 416063 3.56276e+06
5089 317650 3.2595e+06
5090 884241 3.18506e+06
5091 1.01423e+06 3.25428e+06
5092 1.02826e+06 3.30506e+06
5093 1.0022e+06 3.39852e+06
5094 888122 3.46382e+06
5095 1.79708e+06 4.0048e+06
5096 1.63755e+06 3.94232e+06
5097 1.45518e+06 3.83098e+06
5098 1.42525e+06 3.46529e+06
5099 1.65481e+06 3.15838e+06
5100 1.71306e+06 3.10176e+06
5101 1.75787e+06 3.1054e+06
5102 241510 -1.23673e+06
5103 245257 -1.29815e+06
5104 514793 -1.40538e+06
5105 555518 -1.38108e+06
5106 266833 -1.03952e+06
5107 845671 -2.74845e+06
5108 131728 -2.81756e+06
5109 130103 -2.8182e+06
5110 573208 -3.12391e+06
5111 589993 -3.12204e+06
5112 514219 -1.91162e+06
5113 500761 -2.02989e+06
5114 711069 -2.33473e+06
5115 841679 -2.40287e+06
5116 1.00972e+06 -1.75495e+06
5117 868814 -1.71484e+06
5118 -1.52531e+06 -1.18383e+06
5119 -1.46074e+06 -1.08129e+06
5120 -1.4407e+06 -917997
5121 -1.69602e+06 -604073
5122 -1.95436e+06 -713480
5123 -1.70112e+06 -1.17798e+06
5124 1.42525e+06 3.46529e+06
5125 1.02826e+06 3.30506e+06
5126 1.01423e+06 3.25428e+06
5127 1.02473e+06 3.2435e+06
5128 1.65481e+06 3.15838e+06
5129 -3.30268e+06 2.48551e+06
5130 -2.95124e+06 1.93455e+06
5131 -2.80573e+06 2.38793e+06
5132 -2.82711e+06 2.56455e+06
5133 -3.20697e+06 2.71417e+06
5134 1.28999e+06 1.15659e+06
5135 1.24067e+06 1.16422e+06
5136 1.19131e+06 1.15251e+06
5137 1.04898e+06 1.06073e+06
5138 891709 854146
5139 1.31242e+06 829005
5140 1.36797e+06 1.01016e+06
5141 355851 2.63853e+06
5142 80245 2.63914e+06
5143 -307591 2.50501e+06
5144 -178796 2.13811e+06
5145 -51943.2 1.92586e+06
5146 280661 2.12249e+06
5147 -2.18446e+06 708799
5148 -2.08049e+06 712528
5149 -1.92575e+06 917588
5150 -2.1968e+06 975845
5151 2.6544e+06 -1.88919e+06
5152 2.80804e+06 -1.75041e+06
5153 2.74503e+06 -1.46608e+06
5154 2.16466e+06 -1.33527e+06
5155 2.21268e+06 -1.76838e+06
5156 -63231.9 449527
5157 -65642.6 429274
5158 171759 430644
5159 187061 449379
5160 219178 543238
5161 90344.2 662481
5162 15312.2 649066
5163 -2.26921e+06 243142
5164 -2.14859e+06 166470
5165 -2.11054e+06 156617
5166 -1.9816e+06 175033
5167 -1.9196e+06 234067
5168 -1.93247e+06 625344
5169 -2.08049e+06 712528
5170 -2.18446e+06 708799
5171 -2.36474e+06 582729
5172 -2.40439e+06 508769
5173 -2.39933e+06 402605
5174 -56758.5 -572321
5175 -91811.1 -427756
5176 -275757 -442521
5177 -294141 -555388
5178 -215389 -626482
5179 1.79674e+06 -1.986e+06
5180 1.90644e+06 -2.35938e+06
5181 2.04465e+06 -2.38378e+06
5182 2.16526e+06 -2.26407e+06
5183 2.18122e+06 -1.79274e+06
5184 1.94652e+06 -1.8459e+06
5185 -1.00824e+06 1.40781e+06
5186 -1.088e+06 1.49583e+06
5187 -1.30543e+06 1.54034e+06
5188 -1.4857e+06 1.46573e+06
5189 -1.1371e+06 1.21354e+06
5190 -1.06179e+06 1.18728e+06
5191 80245 2.63914e+06
5192 -194936 3.05862e+06
5193 -331165 2.9331e+06
5194 -322801 2.51315e+06
5195 -307591 2.50501e+06
5196 -631655 -525342
5197 -617084 -629613
5198 -460521 -693910
5199 -323622 -570889
5200 -603841 -432421
5201 -1.90241e+06 4.10965e+06
5202 -1.95126e+06 4.0799e+06
5203 -1.99831e+06 4.04683e+06
5204 -2.04347e+06 4.01053e+06
5205 -2.08665e+06 3.9711e+06
5206 -2.12777e+06 3.92867e+06
5207 -2.16678e+06 3.88335e+06
5208 -2.20361e+06 3.83529e+06
5209 -2.21882e+06 3.81305e+06
5210 -2.18958e+06 3.73076e+06
5211 -1.52539e+06 3.39321e+06
5212 -1.41122e+06 3.40635e+06
5213 -1.31386e+06 3.49882e+06
5214 -1.28718e+06 4.0428e+06
5215 -1.32877e+06 4.21253e+06
5216 -1.34005e+06 4.21416e+06
5217 -1.40039e+06 4.21957e+06
5218 -1.46019e+06 4.22154e+06
5219 -1.51929e+06 4.22e+06
5220 -1.57757e+06 4.21492e+06
5221 -1.63488e+06 4.20626e+06
5222 -1.6911e+06 4.19403e+06
5223 -1.74608e+06 4.17823e+06
5224 -1.7997e+06 4.15887e+06
5225 -1.85185e+06 4.136e+06
5226 -43886.8 3.2812e+06
5227 316859 3.25872e+06
5228 317650 3.2595e+06
5229 416063 3.56276e+06
5230 431720 3.70707e+06
5231 195966 3.88414e+06
5232 -103946 4.08803e+06
5233 -168904 4.00641e+06
5234 2.02961e+06 -740174
5235 2.16737e+06 -729791
5236 2.05015e+06 -453258
5237 2.03813e+06 -439799
5238 1.93123e+06 -420986
5239 1.93947e+06 -487212
5240 468171 125877
5241 360652 -20341.7
5242 364317 -38980.6
5243 446842 -148494
5244 490432 -129612
5245 644035 43824.1
5246 -1.03753e+06 439763
5247 -823289 504235
5248 -820839 555046
5249 -1.12058e+06 806765
5250 -1.14686e+06 816461
5251 -1.15183e+06 684679
5252 1.48467e+06 -2.20403e+06
5253 1.49261e+06 -2.35304e+06
5254 1.75403e+06 -2.45175e+06
5255 1.90644e+06 -2.35938e+06
5256 1.79674e+06 -1.986e+06
5257 1.70214e+06 -1.96517e+06
5258 -1.79166e+06 3.07031e+06
5259 -1.52539e+06 3.39321e+06
5260 -2.18958e+06 3.73076e+06
5261 -2.23414e+06 3.31214e+06
5262 -2.18673e+06 3.20541e+06
5263 2.76216e+06 2.0771e+06
5264 2.53787e+06 2.06201e+06
5265 2.50659e+06 1.95035e+06
5266 2.8647e+06 1.02925e+06
5267 2.99631e+06 1.03705e+06
5268 3.0085e+06 1.04169e+06
5269 3.1374e+06 1.9095e+06
5270 -579622 -4.05519e+06
5271 -625983 -4.2635e+06
5272 -568464 -4.57656e+06
5273 -549903 -4.5844e+06
5274 -493534 -4.60292e+06
5275 -436386 -4.61647e+06
5276 -378618 -4.625e+06
5277 -320406 -4.62846e+06
5278 -271164 -4.6271e+06
5279 105357 -3.93096e+06
5280 82080.5 -3.88078e+06
5281 41741.5 -3.86777e+06
5282 -1.48453e+06 -591627
5283 -1.40532e+06 -855485
5284 -1.24729e+06 -685961
5285 -1.2606e+06 -556552
5286 -2.07892e+06 -405377
5287 -1.75811e+06 -252184
5288 -1.80026e+06 -39355.2
5289 -1.9816e+06 175033
5290 -2.11054e+06 156617
5291 1.64026e+06 -949749
5292 1.8234e+06 -1.02757e+06
5293 1.93947e+06 -487212
5294 1.93123e+06 -420986
5295 1.88555e+06 -389481
5296 1.69011e+06 -453346
5297 1.61305e+06 -557545
5298 552178 -1.10038e+06
5299 647002 -875358
5300 646864 -873001
5301 578204 -745442
5302 497163 -779607
5303 272769 -1.01812e+06
5304 -819620 3.45181e+06
5305 -1.22552e+06 3.47481e+06
5306 -1.01099e+06 3.13273e+06
5307 -800478 3.14648e+06
5308 -1.65725e+06 -1.93684e+06
5309 -2.18239e+06 -1.75391e+06
5310 -1.91807e+06 -2.21937e+06
5311 -1.84935e+06 -2.20489e+06
5312 -1.68152e+06 -2.12245e+06
5313 440894 405391
5314 278002 328601
5315 325208 239348
5316 348553 220841
5317 377900 224662
5318 3.49538e+06 929090
5319 3.0085e+06 1.04169e+06
5320 2.99631e+06 1.03705e+06
5321 2.99685e+06 658234
5322 3.07394e+06 275079
5323 3.25901e+06 90034.1
5324 3.36905e+06 56704
5325 3.59574e+06 312665
5326 3.64011e+06 495161
5327 -2.11054e+06 156617
5328 -2.14859e+06 166470
5329 -2.34839e+06 -164701
5330 -2.23194e+06 -611010
5331 -2.21062e+06 -605993
5332 -2.07892e+06 -405377
5333 577770 -2.40164e+06
5334 277640 -2.39366e+06
5335 170746 -2.43556e+06
5336 123288 -2.49508e+06
5337 110784 -2.81912e+06
5338 130103 -2.8182e+06
5339 131728 -2.81756e+06
5340 -1.68846e+06 -292376
5341 -1.60637e+06 -396681
5342 -1.44144e+06 -363490
5343 -1.30933e+06 -167379
5344 -1.36924e+06 37471.7
5345 2.16737e+06 -729791
5346 2.19773e+06 -743831
5347 2.29207e+06 -623213
5348 2.28829e+06 -610231
5349 2.05015e+06 -453258
5350 -106143 196905
5351 -62797.8 278112
5352 -71855 350190
5353 -94010.7 375244
5354 -162185 370468
5355 -282631 285151
5356 -185112 162138
5357 -2.1968e+06 975845
5358 -2.21373e+06 1.03658e+06
5359 -2.47841e+06 1.04448e+06
5360 -2.51725e+06 1.01746e+06
5361 -2.36474e+06 582729
5362 -2.18446e+06 708799
5363 1.04911e+06 -1.7506e+06
5364 1.00972e+06 -1.75495e+06
5365 841679 -2.40287e+06
5366 973592 -2.52696e+06
5367 1.26969e+06 -1.98111e+06
5368 1.27049e+06 -1.92889e+06
5369 -3.26993e+06 -1.6718e+06
5370 -2.88201e+06 -2.0747e+06
5371 -2.57901e+06 -1.96758e+06
5372 -2.55159e+06 -1.92507e+06
5373 -2.99439e+06 -1.4675e+06
5374 -3.56063e+06 2.29295e+06
5375 -3.73224e+06 1.54908e+06
5376 -3.4829e+06 1.55703e+06
5377 -2.93333e+06 1.81423e+06
5378 -2.95124e+06 1.93455e+06
5379 -3.30268e+06 2.48551e+06
5380 18304.8 94383.4
5381 29194.1 76228.3
5382 72792.8 51147.4
5383 77003.4 50784.4
5384 86566.4 56550.3
5385 103421 77944.2
5386 122515 149507
5387 27587.2 153322
5388 11744.8 137998
5389 -856820 -1.85969e+06
5390 -863430 -1.63351e+06
5391 -1.13035e+06 -1.56867e+06
5392 -1.3504e+06 -1.59112e+06
5393 -1.38249e+06 -1.67856e+06
5394 -1.17445e+06 -1.94794e+06
5395 -1.11832e+06 -1.96687e+06
5396 -1.90557e+06 -4.06196e+06
5397 -1.40691e+06 -3.79444e+06
5398 -1.44522e+06 -3.65374e+06
5399 -1.93428e+06 -3.57024e+06
5400 -1.96165e+06 -4.0203e+06
5401 -1.93342e+06 -4.04259e+06
5402 36421.4 -38434.6
5403 14079.1 14705.4
5404 -734.894 -10328.7
5405 10747.8 -51395.1
5406 699895 -228695
5407 678614 -397956
5408 826874 -399147
5409 917122 -272531
5410 876444 -217689
5411 711936 -214638
5412 -3.53127e+06 889009
5413 -3.87214e+06 1.48208e+06
5414 -3.93318e+06 1.47764e+06
5415 -3.93771e+06 1.47382e+06
5416 -3.98173e+06 1.43351e+06
5417 -4.02374e+06 1.39177e+06
5418 -4.06362e+06 1.34864e+06
5419 -4.10128e+06 1.30415e+06
5420 -4.13662e+06 1.25838e+06
5421 -4.16955e+06 1.21136e+06
5422 -4.19998e+06 1.16318e+06
5423 -4.22785e+06 1.11388e+06
5424 -4.25305e+06 1.06356e+06
5425 -4.27556e+06 1.01228e+06
5426 -4.28696e+06 982134
5427 -4.0127e+06 502794
5428 -3.71077e+06 369447
5429 -3.56634e+06 419919
5430 1.9145e+06 -130689
5431 1.98236e+06 133985
5432 1.933e+06 167975
5433 1.58721e+06 73200.4
5434 1.69357e+06 -32432.6
5435 -102856 4.11212e+06
5436 -103946 4.08803e+06
5437 195966 3.88414e+06
5438 616473 4.3603e+06
5439 591293 4.50387e+06
5440 542004 4.51855e+06
5441 485833 4.53109e+06
5442 429117 4.53959e+06
5443 371990 4.54403e+06
5444 314588 4.54439e+06
5445 257042 4.5407e+06
5446 199499 4.53296e+06
5447 142086 4.52124e+06
5448 84940.5 4.5056e+06
5449 37945.7 4.48946e+06
5450 -16171.8 -1.99676e+06
5451 -156632 -2.05346e+06
5452 -165767 -2.09972e+06
5453 -65384.7 -2.26588e+06
5454 202328 -2.20733e+06
5455 264066 -2.09983e+06
5456 -1.69602e+06 -604073
5457 -1.62719e+06 -505255
5458 -1.60637e+06 -396681
5459 -1.68846e+06 -292376
5460 -1.75811e+06 -252184
5461 -2.07892e+06 -405377
5462 -2.21062e+06 -605993
5463 -1.95436e+06 -713480
5464 1.9145e+06 -130689
5465 1.92281e+06 -155029
5466 2.04129e+06 -141643
5467 2.21599e+06 -42152.1
5468 2.15357e+06 207667
5469 2.15106e+06 208829
5470 1.98236e+06 133985
5471 -2.01711e+06 1.82508e+06
5472 -1.8436e+06 1.62474e+06
5473 -1.61686e+06 1.88742e+06
5474 -1.6473e+06 2.03234e+06
5475 -1.77419e+06 2.17938e+06
5476 -1.77828e+06 2.18279e+06
5477 -1.93749e+06 2.01823e+06
5478 -2.70936e+06 -3.03951e+06
5479 -2.58781e+06 -3.60698e+06
5480 -2.05332e+06 -3.17658e+06
5481 -2.08436e+06 -3.11338e+06
5482 -2.44334e+06 -2.96808e+06
5483 -572383 498437
5484 -382029 494806
5485 -378604 499872
5486 -481704 821201
5487 2.99685e+06 658234
5488 2.776e+06 310951
5489 3.07394e+06 275079
5490 -4.0127e+06 502794
5491 -4.12663e+06 316148
5492 -4.21537e+06 -170791
5493 -3.82833e+06 -167628
5494 -3.71077e+06 369447
5495 15312.2 649066
5496 90344.2 662481
5497 99512.9 699041
5498 -94079.8 944308
5499 -196245 946179
5500 -113043 686529
5501 -105693 679082
5502 -660283 1.77823e+06
5503 -287034 1.78121e+06
5504 -188036 1.83764e+06
5505 -731350 2.12405e+06
5506 -881312 1.99456e+06
5507 -911278 1.1252e+06
5508 -842048 1.06238e+06
5509 -799453 1.05712e+06
5510 -577681 1.13509e+06
5511 -642148 1.29677e+06
5512 -658373 1.30347e+06
5513 -659125 -3.97568e+06
5514 -579622 -4.05519e+06
5515 41741.5 -3.86777e+06
5516 -10559.9 -3.81005e+06
5517 -463592 -3.52161e+06
5518 -2.78339e+06 1.09652e+06
5519 -2.72219e+06 1.03607e+06
5520 -2.51725e+06 1.01746e+06
5521 -2.47841e+06 1.04448e+06
5522 -2.38681e+06 1.39974e+06
5523 -2.63289e+06 1.68244e+06
5524 2.73329e+06 3.80927e+06
5525 2.73237e+06 3.81091e+06
5526 2.69634e+06 3.86224e+06
5527 2.65601e+06 3.9082e+06
5528 2.61152e+06 3.94857e+06
5529 2.56302e+06 3.98313e+06
5530 2.51071e+06 4.01174e+06
5531 2.45481e+06 4.03429e+06
5532 2.39559e+06 4.05072e+06
5533 2.33331e+06 4.06104e+06
5534 2.26829e+06 4.06528e+06
5535 2.20082e+06 4.06355e+06
5536 2.13124e+06 4.05597e+06
5537 2.05987e+06 4.04272e+06
5538 1.98705e+06 4.02402e+06
5539 1.96711e+06 4.01758e+06
5540 2.20588e+06 3.53549e+06
5541 2.38195e+06 3.5242e+06
5542 264066 -2.09983e+06
5543 202328 -2.20733e+06
5544 170746 -2.43556e+06
5545 277640 -2.39366e+06
5546 419476 -2.06193e+06
5547 1.29044e+06 -276250
5548 1.18687e+06 -372869
5549 1.19121e+06 -537207
5550 1.61305e+06 -557545
5551 1.69011e+06 -453346
5552 1.5674e+06 -298022
5553 1.36839e+06 -258213
5554 875111 1.68678e+06
5555 744034 1.66261e+06
5556 676808 1.56778e+06
5557 689411 1.34181e+06
5558 1.19131e+06 1.15251e+06
5559 1.24067e+06 1.16422e+06
5560 -2.88875e+06 -276508
5561 -3.35543e+06 -221487
5562 -3.13925e+06 -717471
5563 -3.11251e+06 -700894
5564 -323622 -570889
5565 -294141 -555388
5566 -275757 -442521
5567 -281248 -431160
5568 -601000 -398930
5569 -603841 -432421
5570 500761 -2.02989e+06
5571 419476 -2.06193e+06
5572 277640 -2.39366e+06
5573 577770 -2.40164e+06
5574 711069 -2.33473e+06
5575 -3.26993e+06 -1.6718e+06
5576 -3.49919e+06 -1.69687e+06
5577 -3.68884e+06 -1.94762e+06
5578 -3.2809e+06 -2.3507e+06
5579 -2.95225e+06 -2.17672e+06
5580 -2.88201e+06 -2.0747e+06
5581 1.94491e+06 1.38385e+06
5582 2.01417e+06 1.53973e+06
5583 1.69685e+06 1.63721e+06
5584 -2.99504e+06 596248
5585 -3.28556e+06 318652
5586 -3.22045e+06 164021
5587 -2.86832e+06 53070.3
5588 -2.72759e+06 253365
5589 -195705 106255
5590 -184023 131119
5591 -185112 162138
5592 -282631 285151
5593 -349677 293629
5594 -485563 197945
5595 -506301 78881.3
5596 -419356 8158.35
5597 -680279 -280393
5598 -649514 -289693
5599 -531635 65657.1
5600 -863879 42768.2
5601 -901362 16555.9
5602 -898822 -84925.9
5603 80728.8 -579703
5604 43451 -598570
5605 44395.1 -732307
5606 139516 -765652
5607 184677 -696624
5608 -863580 -1.17341e+06
5609 -841408 -1.12245e+06
5610 -901046 -990641
5611 -1.00119e+06 -962695
5612 -1.46074e+06 -1.08129e+06
5613 -1.52531e+06 -1.18383e+06
5614 -1.49419e+06 -1.22795e+06
5615 -990873 -1.24464e+06
5616 984668 -665686
5617 1.03683e+06 -626563
5618 851304 -423731
5619 826874 -399147
5620 678614 -397956
5621 656321 -415313
5622 577625 -553372
5623 608199 -654308
5624 1.08764e+06 -270727
5625 1.12647e+06 -311919
5626 1.18687e+06 -372869
5627 1.29044e+06 -276250
5628 1.26962e+06 58673.9
5629 1.08212e+06 42053.9
5630 1.5022e+06 2.62977e+06
5631 1.51819e+06 2.91639e+06
5632 1.1293e+06 2.66352e+06
5633 1.1445e+06 2.50598e+06
5634 1.31832e+06 2.52371e+06
5635 1.48153e+06 2.57944e+06
5636 2.41835e+06 -3.91028e+06
5637 2.44253e+06 -3.9028e+06
5638 2.4973e+06 -3.88099e+06
5639 2.54965e+06 -3.85503e+06
5640 2.59944e+06 -3.82495e+06
5641 2.64651e+06 -3.79086e+06
5642 2.69073e+06 -3.75284e+06
5643 2.732e+06 -3.71101e+06
5644 2.7702e+06 -3.66553e+06
5645 2.80527e+06 -3.61654e+06
5646 2.83382e+06 -3.56967e+06
5647 2.65653e+06 -3.22854e+06
5648 2.15011e+06 -3.10289e+06
5649 1.85178e+06 -3.2693e+06
5650 1.79916e+06 -3.35303e+06
5651 -307591 2.50501e+06
5652 -322801 2.51315e+06
5653 -608911 2.49188e+06
5654 -721929 2.13969e+06
5655 -178796 2.13811e+06
5656 -622974 -312598
5657 -601000 -398930
5658 -281248 -431160
5659 -289322 -305829
5660 -305207 -274320
5661 -480044 -253164
5662 1.36839e+06 -258213
5663 1.5674e+06 -298022
5664 1.56729e+06 -267812
5665 1.4698e+06 2194.14
5666 -3.28763e+06 825312
5667 -3.12541e+06 826581
5668 -3.02641e+06 1.10287e+06
5669 -3.4829e+06 1.55703e+06
5670 -3.73224e+06 1.54908e+06
5671 -3.87214e+06 1.48208e+06
5672 -3.53127e+06 889009
5673 2.28829e+06 -610231
5674 2.39401e+06 -349354
5675 2.34815e+06 -320055
5676 2.03813e+06 -439799
5677 2.05015e+06 -453258
5678 -444784 3.85051e+06
5679 -765154 4.10182e+06
5680 -818362 3.75204e+06
5681 -648430 3.59317e+06
5682 -602904 3.60326e+06
5683 -1.46468e+06 -4.36305e+06
5684 -1.45112e+06 -4.37241e+06
5685 -1.39981e+06 -4.40209e+06
5686 -1.36847e+06 -4.41691e+06
5687 -998120 -3.92318e+06
5688 -976269 -3.78315e+06
5689 -1.06458e+06 -3.79904e+06
5690 -1.17488e+06 -3.83911e+06
5691 36421.4 -38434.6
5692 55938.4 -35947.7
5693 73337.1 -6578.51
5694 77003.4 50784.4
5695 72792.8 51147.4
5696 14149.8 19406.3
5697 14079.1 14705.4
5698 1.69685e+06 1.63721e+06
5699 1.6262e+06 1.67378e+06
5700 1.55733e+06 1.42189e+06
5701 1.84668e+06 1.25999e+06
5702 1.91817e+06 1.26655e+06
5703 1.94491e+06 1.38385e+06
5704 882572 -80537.8
5705 876444 -217689
5706 917122 -272531
5707 1.07264e+06 -269708
5708 1.48153e+06 2.57944e+06
5709 1.31832e+06 2.52371e+06
5710 1.3774e+06 2.33554e+06
5711 1.48539e+06 2.34817e+06
5712 1.53317e+06 2.49909e+06
5713 -323287 1.0366e+06
5714 -324022 1.05739e+06
5715 -577681 1.13509e+06
5716 -799453 1.05712e+06
5717 -467043 854495
5718 841679 -2.40287e+06
5719 711069 -2.33473e+06
5720 577770 -2.40164e+06
5721 131728 -2.81756e+06
5722 845671 -2.74845e+06
5723 974456 -2.6698e+06
5724 993825 -2.60058e+06
5725 991468 -2.56175e+06
5726 973592 -2.52696e+06
5727 1.12213e+06 4.36314e+06
5728 1.05384e+06 3.88381e+06
5729 1.08603e+06 3.86066e+06
5730 1.45518e+06 3.83098e+06
5731 1.63755e+06 3.94232e+06
5732 -1.30989e+06 209915
5733 -1.2615e+06 219803
5734 -1.21615e+06 272628
5735 -1.23369e+06 614291
5736 -1.52463e+06 582268
5737 -1.53709e+06 561824
5738 -1.52222e+06 381454
5739 -1.66408e+06 -4.2814e+06
5740 -1.61288e+06 -4.30925e+06
5741 -1.55993e+06 -4.33288e+06
5742 -1.50538e+06 -4.35219e+06
5743 -1.46468e+06 -4.36305e+06
5744 -1.17488e+06 -3.83911e+06
5745 -1.40691e+06 -3.79444e+06
5746 -1.90557e+06 -4.06196e+06
5747 -1.88988e+06 -4.0826e+06
5748 -1.84908e+06 -4.12981e+06
5749 -1.80602e+06 -4.17346e+06
5750 -1.76076e+06 -4.21337e+06
5751 -1.71342e+06 -4.24939e+06
5752 -288798 687185
5753 -319524 528079
5754 -226617 527174
5755 -196059 552281
5756 -105693 679082
5757 -113043 686529
5758 2.36118e+06 2.96317e+06
5759 2.03335e+06 3.01741e+06
5760 2.03202e+06 3.00175e+06
5761 2.16622e+06 2.61299e+06
5762 2.47853e+06 2.55634e+06
5763 2.53392e+06 2.86421e+06
5764 2.07384e+06 -2.42651e+06
5765 2.75034e+06 -2.45881e+06
5766 2.63027e+06 -2.17408e+06
5767 2.16526e+06 -2.26407e+06
5768 2.04465e+06 -2.38378e+06
5769 398352 908479
5770 263121 896017
5771 354993 699256
5772 509889 753647
5773 492144 874874
5774 -576704 -3.28349e+06
5775 -629175 -3.33469e+06
5776 -463592 -3.52161e+06
5777 -10559.9 -3.81005e+06
5778 -155310 -3.35477e+06
5779 280661 2.12249e+06
5780 -51943.2 1.92586e+06
5781 -71668.3 1.87296e+06
5782 -33120.5 1.78569e+06
5783 196934 1.52729e+06
5784 226821 1.52204e+06
5785 676808 1.56778e+06
5786 744034 1.66261e+06
5787 551360 1.99337e+06
5788 1.04898e+06 1.06073e+06
5789 665074 1.15308e+06
5790 659598 1.12183e+06
5791 662981 1.03142e+06
5792 855902 824381
5793 891709 854146
5794 3.59574e+06 312665
5795 3.36905e+06 56704
5796 3.37336e+06 19451
5797 3.99822e+06 -389063
5798 4.0207e+06 23296.5
5799 -990873 -1.24464e+06
5800 -1.49419e+06 -1.22795e+06
5801 -1.3504e+06 -1.59112e+06
5802 -1.13035e+06 -1.56867e+06
5803 123288 -2.49508e+06
5804 -59780.1 -2.28527e+06
5805 -384357 -2.72012e+06
5806 -278580 -2.8383e+06
5807 -41655.9 -2.88416e+06
5808 19839 -2.87972e+06
5809 110784 -2.81912e+06
5810 -8106.26 -778642
5811 -73800.7 -724775
5812 -116241 -727240
5813 -185761 -935392
5814 -35141.2 -927067
5815 -4337.38 -923001
5816 -3.19277e+06 -3.06228e+06
5817 -3.18804e+06 -3.10891e+06
5818 -3.17714e+06 -3.17714e+06
5819 -3.16241e+06 -3.2429e+06
5820 -3.1438e+06 -3.30593e+06
5821 -3.12129e+06 -3.36597e+06
5822 -3.09488e+06 -3.42276e+06
5823 -3.06458e+06 -3.47609e+06
5824 -3.03046e+06 -3.52572e+06
5825 -2.99258e+06 -3.57147e+06
5826 -2.95103e+06 -3.61317e+06
5827 -2.90594e+06 -3.65065e+06
5828 -2.85745e+06 -3.68381e+06
5829 -2.80573e+06 -3.71254e+06
5830 -2.75096e+06 -3.73677e+06
5831 -2.69334e+06 -3.75647e+06
5832 -2.69266e+06 -3.75664e+06
5833 -2.58781e+06 -3.60698e+06
5834 -2.70936e+06 -3.03951e+06
5835 -173938 -1.26674e+06
5836 -195827 -1.22488e+06
5837 -581024 -1.16505e+06
5838 -473983 -1.47619e+06
5839 888122 3.46382e+06
5840 1.0022e+06 3.39852e+06
5841 1.08603e+06 3.86066e+06
5842 1.05384e+06 3.88381e+06
5843 709147 3.92677e+06
5844 659678 3.87828e+06
5845 -602904 3.60326e+06
5846 -398111 3.37804e+06
5847 -96665 3.25993e+06
5848 -43886.8 3.2812e+06
5849 -168904 4.00641e+06
5850 -444784 3.85051e+06
5851 1.07444e+06 -1.11819e+06
5852 1.16659e+06 -992606
5853 926340 -864386
5854 897559 -1.02529e+06
5855 919028 -1.09609e+06
5856 2.29759e+06 -1.03887e+06
5857 2.19773e+06 -743831
5858 2.16737e+06 -729791
5859 2.02961e+06 -740174
5860 1.83514e+06 -1.0347e+06
5861 1.99554e+06 -1.20435e+06
5862 2.09783e+06 -1.22405e+06
5863 876444 -217689
5864 882572 -80537.8
5865 880061 -50168.1
5866 745542 -25475.9
5867 711936 -214638
5868 -1.8588e+06 -2.77903e+06
5869 -1.73345e+06 -2.69297e+06
5870 -1.84935e+06 -2.20489e+06
5871 -1.91807e+06 -2.21937e+06
5872 -1.9447e+06 -2.23491e+06
5873 202328 -2.20733e+06
5874 -65384.7 -2.26588e+06
5875 -59780.1 -2.28527e+06
5876 123288 -2.49508e+06
5877 170746 -2.43556e+06
5878 2.8291e+06 -30814.3
5879 2.71825e+06 49676.6
5880 2.59474e+06 -103391
5881 2.57115e+06 -226834
5882 2.58889e+06 -393919
5883 2.76528e+06 -503783
5884 2.43999e+06 61484.1
5885 2.41135e+06 -31978.8
5886 2.44988e+06 -60462.3
5887 2.59474e+06 -103391
5888 2.71825e+06 49676.6
5889 2.67895e+06 104428
5890 -30479.3 -1.19737e+06
5891 -82888.8 -1.23829e+06
5892 -132544 -1.28232e+06
5893 -71704.7 -1.36107e+06
5894 207335 -1.33662e+06
5895 245257 -1.29815e+06
5896 241510 -1.23673e+06
5897 2.90158e+06 2.91717e+06
5898 3.05839e+06 2.92012e+06
5899 3.21765e+06 3.00694e+06
5900 3.20972e+06 3.0523e+06
5901 3.19501e+06 3.1157e+06
5902 3.17696e+06 3.17696e+06
5903 3.15557e+06 3.23589e+06
5904 3.13081e+06 3.29228e+06
5905 3.10271e+06 3.34594e+06
5906 3.0713e+06 3.39669e+06
5907 3.03663e+06 3.44438e+06
5908 3.01899e+06 3.46508e+06
5909 2.5465e+06 3.36443e+06
5910 2.54204e+06 3.32876e+06
5911 379207 -238431
5912 431163 -189021
5913 446842 -148494
5914 364317 -38980.6
5915 207669 -95315.8
5916 207613 -95398.7
5917 251863 -208564
5918 -37498 140546
5919 -57742.1 175555
5920 -106143 196905
5921 -185112 162138
5922 -184023 131119
5923 -86802.9 87961
5924 -934808 -3.6236e+06
5925 -839488 -3.43833e+06
5926 -1.39614e+06 -3.13666e+06
5927 -1.50217e+06 -3.22137e+06
5928 -1.42042e+06 -3.37325e+06
5929 3.05839e+06 2.92012e+06
5930 2.90158e+06 2.91717e+06
5931 2.53392e+06 2.86421e+06
5932 2.47853e+06 2.55634e+06
5933 2.51559e+06 2.07809e+06
5934 2.53787e+06 2.06201e+06
5935 2.76216e+06 2.0771e+06
5936 1.52698e+06 -1.83053e+06
5937 1.70214e+06 -1.96517e+06
5938 1.79674e+06 -1.986e+06
5939 1.94652e+06 -1.8459e+06
5940 1.72084e+06 -1.49004e+06
5941 1.57211e+06 -1.53428e+06
5942 -3.93191e+06 2.57016e+06
5943 -3.96192e+06 2.54937e+06
5944 -4.00869e+06 2.5088e+06
5945 -4.04957e+06 2.46411e+06
5946 -4.08434e+06 2.41547e+06
5947 -4.11281e+06 2.36306e+06
5948 -4.13489e+06 2.30713e+06
5949 -4.15051e+06 2.24792e+06
5950 -4.15966e+06 2.18572e+06
5951 -4.16239e+06 2.12084e+06
5952 -4.1588e+06 2.0536e+06
5953 -4.14903e+06 1.98432e+06
5954 -4.1333e+06 1.91335e+06
5955 -4.11182e+06 1.84103e+06
5956 -4.08487e+06 1.76768e+06
5957 -4.05276e+06 1.69365e+06
5958 -4.01581e+06 1.61924e+06
5959 -3.97436e+06 1.54474e+06
5960 -3.93318e+06 1.47764e+06
5961 -3.87214e+06 1.48208e+06
5962 -3.73224e+06 1.54908e+06
5963 -3.56063e+06 2.29295e+06
5964 2.44988e+06 -60462.3
5965 2.57115e+06 -226834
5966 2.59474e+06 -103391
5967 -1.51885e+06 951171
5968 -1.60954e+06 1.13587e+06
5969 -1.77221e+06 1.29664e+06
5970 -1.84686e+06 1.21017e+06
5971 -1.88537e+06 950733
5972 -1.77806e+06 823951
5973 -1.73345e+06 -2.69297e+06
5974 -1.27425e+06 -2.57014e+06
5975 -1.4383e+06 -2.31395e+06
5976 -1.68152e+06 -2.12245e+06
5977 -1.84935e+06 -2.20489e+06
5978 2.8092e+06 -1.2386e+06
5979 3.19504e+06 -1.11994e+06
5980 3.20133e+06 -623102
5981 3.18614e+06 -589506
5982 2.79949e+06 -557304
5983 2.65136e+06 -753652
5984 2.58067e+06 -938958
5985 2054.3 209764
5986 -19314.8 246684
5987 -62797.8 278112
5988 -106143 196905
5989 -57742.1 175555
5990 2.23823e+06 -2.79386e+06
5991 2.77574e+06 -2.50213e+06
5992 2.75034e+06 -2.45881e+06
5993 2.07384e+06 -2.42651e+06
